unifm_prod_nm,pri_spcl_desc,pat_age_nbr,copay_amt,model_typ_nm
"NEOMYCIN-POLYMYXIN-HC (OTIC)","FAMILY MEDICINE",66,3.35,"MEDICARE D UNSPECIFIED"
AZITHROMYCIN,"FAMILY MEDICINE",51,0.60,"FEDERAL EMPLOYEE"
CEPHALEXIN,"EMERGENCY MEDICINE",2,20.20,"PHARMACY BENEFIT MANAGER"
AZITHROMYCIN,"INTERNAL MEDICINE",25,18.00,"UNKNOWN THIRD PARTY"
"SULFACETAMIDE SODIUM (OPHTH)","FAMILY MEDICINE",73,5.00,"GENERAL MEDICARE D ADVANTAGE"
"AMOXICILLIN & POT CLAVULANATE","NURSE PRACTITIONER",55,7.67,"UNSPECIFIED PLAN"
CEPHALEXIN,"INTERNAL MEDICINE",38,6.58,"STATE EMPLOYEES"
LEVOFLOXACIN,"INTERNAL MEDICINE",53,1.00,"MANAGED MEDICAID/MEDICARE SUPPLEMENT/MEDIGAP/STATE ASSISTANCE"
AZITHROMYCIN,HEMATOLOGY/ONCOLOGY,77,3.35,"MEDICARE D UNSPECIFIED"
"CEFUROXIME AXETIL","INTERNAL MEDICINE",81,4.00,"MEDICARE D UNSPECIFIED"
"DOXYCYCLINE (MONOHYDRATE)","FAMILY MEDICINE",65,10.00,"STATE EMPLOYEES"
SULFAMETHOXAZOLE-TRIMETHOPRIM,"INTERNAL MEDICINE",82,5.10,"GENERAL MEDICARE D ADVANTAGE"
CEFDINIR,"FAMILY MEDICINE",13,5.95,"PBM BOOK OF BUSINESS - UNIDENTIFIED PLANS"
AMOXICILLIN,"NURSE PRACTITIONER",50,0.01,CASH
LEVOFLOXACIN,"PHYSICIAN ASSISTANT",62,25.86,"PHARMACY BENEFIT MANAGER"
"CLINDAMYCIN HCL",,26,5.33,"UNKNOWN THIRD PARTY"
"AMOXICILLIN & POT CLAVULANATE",PODIATRIST,71,3.00,"MEDICARE D UNSPECIFIED"
"CIPROFLOXACIN HCL","NURSE PRACTITIONER",64,4.65,"HMO - INDEPENDENT PRACTICE ASSOCIATION MODEL"
"CEFUROXIME AXETIL","EMERGENCY MEDICINE",72,47.00,"GENERAL MEDICARE D PRESCRIPTION DRUG PROGRAM"
SULFAMETHOXAZOLE-TRIMETHOPRIM,"DIAGNOSTIC RADIOLOGY",80,2.70,"GENERAL MEDICARE D PRESCRIPTION DRUG PROGRAM"
CEPHALEXIN,DENTIST,81,1.70,"FEDERAL EMPLOYEE"
"CEFUROXIME AXETIL","FAMILY MEDICINE",62,5.00,"UNSPECIFIED PLAN"
AZITHROMYCIN,DENTIST,64,5.00,"UNSPECIFIED PLAN"
CEPHALEXIN,"PHYSICIAN ASSISTANT",43,4.00,CASH
"AMOXICILLIN & POT CLAVULANATE","NURSE PRACTITIONER",25,3.00,"UNSPECIFIED PLAN"
AZITHROMYCIN,"INTERNAL MEDICINE",71,3.35,"MEDICARE D UNSPECIFIED"
CEFDINIR,"FAMILY MEDICINE",61,3.07,"PREFERRED PROVIDER ORGANIZATION"
AZITHROMYCIN,"FAMILY MEDICINE",49,4.00,"HEALTH INSURANCE EXCHANGE PPO GENERAL"
"DOXYCYCLINE HYCLATE","FAMILY MEDICINE",72,15.00,"GENERAL MEDICARE D ADVANTAGE"
"AMOXICILLIN & POT CLAVULANATE",HOSPITALIST,61,26.66,CASH
AMOXICILLIN,"PHYSICIAN ASSISTANT",1,4.00,"PBM BOOK OF BUSINESS - UNIDENTIFIED PLANS"
AMOXICILLIN,"PHYSICIAN ASSISTANT",72,3.60,"GENERAL MEDICARE D PRESCRIPTION DRUG PROGRAM"
AZITHROMYCIN,"NURSE PRACTITIONER",1,10.00,"UNSPECIFIED PLAN"
AMOXICILLIN,PEDIATRICS,15,10.00,"PBM BOOK OF BUSINESS - UNIDENTIFIED PLANS"
"TOBRAMYCIN (OPHTH)","FAMILY MEDICINE",75,1.00,"MEDICARE D UNSPECIFIED"
AMOXICILLIN,"NURSE PRACTITIONER",3,4.00,"PHARMACY BENEFIT MANAGER"
"DOXYCYCLINE HYCLATE","FAMILY MEDICINE",74,9.00,EMPLOYER
"MINOCYCLINE HCL","FAMILY MEDICINE",22,15.00,"UNSPECIFIED PLAN"
AZITHROMYCIN,"INTERNAL MEDICINE",73,6.75,"GENERAL MEDICARE D PRESCRIPTION DRUG PROGRAM"
"CIPROFLOXACIN HCL (OPHTH)",OTOLARYNGOLOGY,2,4.57,"PHARMACY BENEFIT MANAGER"
"DOXYCYCLINE HYCLATE",PODIATRIST,61,5.50,"MEDICARE D UNSPECIFIED"
CEPHALEXIN,"FAMILY MEDICINE",47,13.44,"FEE FOR SERVICE MEDICAID"
"CEFUROXIME AXETIL","INTERNAL MEDICINE",68,16.92,"GENERAL MEDICARE D PRESCRIPTION DRUG PROGRAM"
AZITHROMYCIN,"NURSE PRACTITIONER",23,10.00,EMPLOYER
"CIPROFLOXACIN HCL","FAMILY MEDICINE",49,4.21,"PBM BOOK OF BUSINESS - UNIDENTIFIED PLANS"
AMOXICILLIN,DENTIST,36,4.00,CASH
AMOXICILLIN,PEDIATRICS,0,4.00,CASH
CEPHALEXIN,"PHYSICIAN ASSISTANT",58,5.68,"PREFERRED PROVIDER ORGANIZATION"
CEPHALEXIN,"PLASTIC SURGERY",39,4.00,CASH
"POLYMYXIN B-TRIMETHOPRIM",OPHTHALMOLOGY,77,11.29,"MEDICARE D UNSPECIFIED"
"DOXYCYCLINE HYCLATE","EMERGENCY MEDICINE",25,10.00,EMPLOYER
"GENTAMICIN SULFATE (OPHTH)","FAMILY MEDICINE",25,18.58,CASH
"AMOXICILLIN & POT CLAVULANATE",DENTIST,50,1.00,"MANAGED MEDICAID/MEDICARE SUPPLEMENT/MEDIGAP/STATE ASSISTANCE"
AMOXICILLIN,"PHYSICIAN ASSISTANT",6,4.00,CASH
CEPHALEXIN,"VASCULAR SURGERY",69,4.99,"DISCOUNT CARD PROGRAM"
"CIPROFLOXACIN HCL","OBSTETRICS & GYNECOLOGY",40,4.00,"FEDERAL EMPLOYEE"
"GATIFLOXACIN (OPHTH)",OPHTHALMOLOGY,76,28.00,"MEDICARE D UNSPECIFIED"
CEPHALEXIN,"NURSE PRACTITIONER",42,3.19,"UNSPECIFIED PLAN"
"OFLOXACIN (OPHTH)",OTOLARYNGOLOGY,7,8.78,"PREFERRED PROVIDER ORGANIZATION"
AMOXICILLIN,"NURSE PRACTITIONER",5,4.02,"PHARMACY BENEFIT MANAGER"
CEPHALEXIN,PODIATRIST,62,2.68,"MEDICARE D UNSPECIFIED"
"POLYMYXIN B-TRIMETHOPRIM",OPHTHALMOLOGY,75,9.00,"EMPLOYER-SPONSORED PBM RETIREE PRESCRIPTION DRUG PROGRAM"
AMOXICILLIN,DENTIST,30,23.42,CASH
AZITHROMYCIN,"FAMILY MEDICINE",71,4.59,"GENERAL MEDICARE D ADVANTAGE"
"DOXYCYCLINE HYCLATE","INTERNAL MEDICINE",39,38.52,CASH
"CIPROFLOXACIN HCL","EMERGENCY MEDICINE",85,0.50,"MANAGED MEDICAID/MEDICARE SUPPLEMENT/MEDIGAP/STATE ASSISTANCE"
"CIPROFLOXACIN HCL",OTOLARYNGOLOGY,52,1.00,"MANAGED MEDICAID/MEDICARE SUPPLEMENT/MEDIGAP/STATE ASSISTANCE"
CEPHALEXIN,"FAMILY MEDICINE",85,7.66,"DISCOUNT CARD PROGRAM"
"OFLOXACIN (OPHTH)",OPHTHALMOLOGY,78,10.00,"GENERAL MEDICARE D ADVANTAGE"
"DOXYCYCLINE HYCLATE","FAMILY MEDICINE",85,11.00,"FEDERAL EMPLOYEE"
AZITHROMYCIN,"INTERNAL MEDICINE",80,10.00,"UNSPECIFIED PLAN"
"DOXYCYCLINE (MONOHYDRATE)","FAMILY MEDICINE",74,8.80,"GENERAL MEDICARE D ADVANTAGE"
"AMOXICILLIN & POT CLAVULANATE","PHYSICIAN ASSISTANT",37,10.86,"UNSPECIFIED PLAN"
"DOXYCYCLINE (MONOHYDRATE)","PHYSICIAN ASSISTANT",63,4.00,"FEE FOR SERVICE MEDICAID"
AMOXICILLIN,"FAMILY MEDICINE",30,0.91,"UNSPECIFIED PLAN"
AMOXICILLIN,DENTIST,65,2.64,"UNSPECIFIED PLAN"
"DOXYCYCLINE HYCLATE","PHYSICIAN ASSISTANT",70,22.13,"GENERAL MEDICARE D PRESCRIPTION DRUG PROGRAM"
"DOXYCYCLINE HYCLATE",HOSPITALIST,46,30.06,"DISCOUNT CARD PROGRAM"
"ERYTHROMYCIN (OPHTH)","PHYSICIAN ASSISTANT",7,6.85,"PBM BOOK OF BUSINESS - UNIDENTIFIED PLANS"
CEPHALEXIN,"PEDIATRIC UROLOGY",2,23.19,CASH
LEVOFLOXACIN,"INTERNAL MEDICINE",35,7.06,"HMO - INDEPENDENT PRACTICE ASSOCIATION MODEL"
SULFAMETHOXAZOLE-TRIMETHOPRIM,UROLOGY,27,11.99,"PBM BOOK OF BUSINESS - UNIDENTIFIED PLANS"
AZITHROMYCIN,"INTERNAL MEDICINE",18,3.37,"HMO - COMBINATION MODEL"
AMOXICILLIN,"NURSE PRACTITIONER",11,0.01,CASH
CIPROFLOXACIN-DEXAMETHASONE,"FAMILY MEDICINE",51,220.50,"PREFERRED PROVIDER ORGANIZATION"
CEPHALEXIN,GYNECOLOGY,55,1.77,"PBM BOOK OF BUSINESS - UNIDENTIFIED PLANS"
AZITHROMYCIN,"FAMILY MEDICINE",48,5.00,"PHARMACY BENEFIT MANAGER"
SULFAMETHOXAZOLE-TRIMETHOPRIM,"INTERNAL MEDICINE",60,1.00,"MANAGED MEDICAID/MEDICARE SUPPLEMENT/MEDIGAP/STATE ASSISTANCE"
AMOXICILLIN,DENTIST,53,2.56,"MANAGED MEDICAID"
"OFLOXACIN (OPHTH)",OPHTHALMOLOGY,74,16.75,"MEDICARE D UNSPECIFIED"
CLARITHROMYCIN,"FAMILY MEDICINE",46,15.00,"STATE EMPLOYEES"
AMOXICILLIN,"FAMILY MEDICINE",51,4.00,"PBM BOOK OF BUSINESS - UNIDENTIFIED PLANS"
SULFAMETHOXAZOLE-TRIMETHOPRIM,"PHYSICIAN ASSISTANT",44,0.01,CASH
"NEOMYCIN-POLYMYXIN-HC (OTIC)","NURSE PRACTITIONER",13,10.00,"FEDERAL EMPLOYEE"
AZITHROMYCIN,"INTERNAL MEDICINE",69,3.68,"MEDICARE D UNSPECIFIED"
LEVOFLOXACIN,"PHYSICIAN ASSISTANT",73,3.68,"GENERAL MEDICARE D ADVANTAGE"
"MOXIFLOXACIN HCL (OPHTH)",OPHTHALMOLOGY,39,15.00,"HEALTH INSURANCE EXCHANGE PPO GENERAL"
AZITHROMYCIN,"FAMILY MEDICINE",35,1.41,EMPLOYER
"GENTAMICIN SULFATE (OPHTH)","NURSE PRACTITIONER",34,6.08,"PREFERRED PROVIDER ORGANIZATION"
"CIPROFLOXACIN HCL","INTERNAL MEDICINE",64,2.60,"HMO - INDEPENDENT PRACTICE ASSOCIATION MODEL"
"CLINDAMYCIN HCL",DENTIST,69,4.00,"MEDICARE D UNSPECIFIED"
"CEFTRIAXONE SODIUM","NURSE PRACTITIONER",82,10.00,"GENERAL MEDICARE D ADVANTAGE"
AZITHROMYCIN,"NURSE PRACTITIONER",44,5.50,"PHARMACY BENEFIT MANAGER"
AMOXICILLIN,GASTROENTEROLOGY,58,1.00,"MANAGED MEDICAID/MEDICARE SUPPLEMENT/MEDIGAP/STATE ASSISTANCE"
AZITHROMYCIN,OTOLARYNGOLOGY,44,4.85,"PHARMACY BENEFIT MANAGER"
"DOXYCYCLINE HYCLATE","INTERNAL MEDICINE",67,12.62,"PBM BOOK OF BUSINESS - UNIDENTIFIED PLANS"
"DOXYCYCLINE (ROSACEA)",DERMATOLOGY,64,75.00,"COUPON/VOUCHER PROGRAM"
AZITHROMYCIN,"FAMILY MEDICINE",46,3.00,"FEE FOR SERVICE MEDICAID"
AMOXICILLIN,"FAMILY MEDICINE",57,4.00,CASH
"AMOXICILLIN & POT CLAVULANATE","PHYSICIAN ASSISTANT",49,8.97,"UNSPECIFIED PLAN"
AZITHROMYCIN,DENTIST,9,10.00,"MANAGED MEDICAID/MEDICARE SUPPLEMENT/MEDIGAP/STATE ASSISTANCE"
AMOXICILLIN,"PHYSICIAN ASSISTANT",10,5.00,"STATE EMPLOYEES"
AZITHROMYCIN,"FAMILY MEDICINE",85,6.26,"GENERAL MEDICARE D PRESCRIPTION DRUG PROGRAM"
SULFAMETHOXAZOLE-TRIMETHOPRIM,"PHYSICIAN ASSISTANT",61,2.66,"PHARMACY BENEFIT MANAGER"
"DOXYCYCLINE HYCLATE","FAMILY MEDICINE",58,55.04,CASH
CEFDINIR,"FAMILY MEDICINE",71,3.35,"PHARMACY BENEFIT MANAGER"
AMOXICILLIN,DENTIST,29,0.01,CASH
AMOXICILLIN,DENTIST,66,0.11,"FEDERAL EMPLOYEE"
SULFAMETHOXAZOLE-TRIMETHOPRIM,"FAMILY MEDICINE",55,0.50,"FEE FOR SERVICE MEDICAID"
AZITHROMYCIN,"PHYSICIAN ASSISTANT",55,6.18,"THIRD PARTY ADMINISTRATOR"
"CIPROFLOXACIN HCL","NURSE PRACTITIONER",42,1.13,EMPLOYER
"CLINDAMYCIN HCL","NURSE PRACTITIONER",34,1.00,"MANAGED MEDICAID/MEDICARE SUPPLEMENT/MEDIGAP/STATE ASSISTANCE"
AZITHROMYCIN,DERMATOLOGY,69,2.67,EMPLOYER
"CIPROFLOXACIN HCL","GENERAL PRACTICE",60,4.18,"PHARMACY BENEFIT MANAGER"
"MINOCYCLINE HCL","NURSE PRACTITIONER",65,10.00,"PHARMACY BENEFIT MANAGER"
AMOXICILLIN,DENTIST,36,1.00,"MANAGED MEDICAID/MEDICARE SUPPLEMENT/MEDIGAP/STATE ASSISTANCE"
"CLINDAMYCIN HCL",DENTIST,22,10.00,"PBM BOOK OF BUSINESS - UNIDENTIFIED PLANS"
AMOXICILLIN,DENTIST,62,2.53,"UNSPECIFIED PLAN"
AMOXICILLIN,"PHYSICIAN ASSISTANT",1,1.45,"PREFERRED PROVIDER ORGANIZATION"
"AMOXICILLIN & POT CLAVULANATE","NURSE PRACTITIONER",82,11.00,"FEDERAL EMPLOYEE"
AZITHROMYCIN,"GERIATRIC MEDICINE (FAMILY MEDICINE)",39,3.52,"UNSPECIFIED PLAN"
"AMOXICILLIN & POT CLAVULANATE","FAMILY MEDICINE",55,18.69,"HEALTH INSURANCE EXCHANGE GENERAL"
"CIPROFLOXACIN HCL","EMERGENCY MEDICINE",28,16.98,CASH
"DOXYCYCLINE (MONOHYDRATE)","EMERGENCY MEDICINE",41,44.38,CASH
"OFLOXACIN (OPHTH)",OTOLARYNGOLOGY,61,10.28,"PREFERRED PROVIDER ORGANIZATION"
AZITHROMYCIN,"INTERNAL MEDICINE",60,4.63,"FEDERAL EMPLOYEE"
LEVOFLOXACIN,GASTROENTEROLOGY,64,7.00,"PREFERRED PROVIDER ORGANIZATION"
"AMOXICILLIN & POT CLAVULANATE","FAMILY MEDICINE",68,9.97,"GENERAL MEDICARE D ADVANTAGE"
"DOXYCYCLINE HYCLATE","INTERNAL MEDICINE",28,1.00,"MANAGED MEDICAID/MEDICARE SUPPLEMENT/MEDIGAP/STATE ASSISTANCE"
AZITHROMYCIN,"FAMILY MEDICINE",39,2.70,"PHARMACY BENEFIT MANAGER"
"OFLOXACIN (OPHTH)",OPHTHALMOLOGY,66,16.00,"MEDICARE D UNSPECIFIED"
LEVOFLOXACIN,"PHYSICIAN ASSISTANT",57,3.35,"GENERAL MEDICARE D PRESCRIPTION DRUG PROGRAM"
AMOXICILLIN,DENTIST,67,3.61,"PHARMACY BENEFIT MANAGER"
CEPHALEXIN,"PHYSICIAN ASSISTANT",50,8.47,"DISCOUNT CARD PROGRAM"
CEPHALEXIN,"NURSE PRACTITIONER",25,3.20,"UNSPECIFIED PLAN"
CEPHALEXIN,"NURSE PRACTITIONER",72,4.00,"GENERAL MEDICARE D ADVANTAGE"
"CIPROFLOXACIN HCL","FAMILY MEDICINE",85,2.60,"GENERAL MEDICARE D ADVANTAGE"
"OFLOXACIN (OPHTH)",OPTOMETRIST,68,1.25,"GENERAL MEDICARE D ADVANTAGE"
AMOXICILLIN,DENTIST,5,3.79,"UNSPECIFIED PLAN"
AMOXICILLIN,"NURSE PRACTITIONER",13,1.74,"UNSPECIFIED PLAN"
AZITHROMYCIN,PEDIATRICS,9,4.00,EMPLOYER
LEVOFLOXACIN,"FAMILY MEDICINE",55,3.35,"MEDICARE D UNSPECIFIED"
AMOXICILLIN,"FAMILY MEDICINE",30,2.87,"UNSPECIFIED PLAN"
CEFDINIR,"NURSE PRACTITIONER",41,10.85,"UNSPECIFIED PLAN"
"AMOXICILLIN & POT CLAVULANATE",PEDIATRICS,6,0.50,"MANAGED MEDICAID/MEDICARE SUPPLEMENT/MEDIGAP/STATE ASSISTANCE"
"CIPROFLOXACIN HCL","ENDOCRINOLOGY, DIABETES & METABOLISM",73,3.00,"GENERAL MEDICARE D ADVANTAGE"
"MINOCYCLINE HCL",DERMATOLOGY,17,16.48,"STATE EMPLOYEES"
AZITHROMYCIN,HEMATOLOGY/ONCOLOGY,51,5.00,"PBM BOOK OF BUSINESS - UNIDENTIFIED PLANS"
"AMOXICILLIN & POT CLAVULANATE","NURSE PRACTITIONER",30,10.00,"PREFERRED PROVIDER ORGANIZATION"
AMOXICILLIN,DENTIST,31,0.01,CASH
"BESIFLOXACIN HCL",OPHTHALMOLOGY,65,3.00,"MANAGED MEDICAID/MEDICARE SUPPLEMENT/MEDIGAP/STATE ASSISTANCE"
"CLINDAMYCIN HCL","OBSTETRICS & GYNECOLOGY",33,4.00,"HEALTH INSURANCE EXCHANGE PPO GENERAL"
"OFLOXACIN (OPHTH)",OTOLARYNGOLOGY,32,15.00,"UNSPECIFIED PLAN"
"CIPROFLOXACIN HCL","INTERNAL MEDICINE",72,5.00,"MEDICARE D UNSPECIFIED"
"AMOXICILLIN & POT CLAVULANATE","PHYSICIAN ASSISTANT",9,15.00,"UNSPECIFIED PLAN"
AMOXICILLIN,DENTIST,54,15.00,CASH
CEPHALEXIN,"INTERNAL MEDICINE",19,1.30,"FEE FOR SERVICE MEDICAID"
"AMOXICILLIN & POT CLAVULANATE","NURSE PRACTITIONER",5,30.42,"DISCOUNT CARD PROGRAM"
LEVOFLOXACIN,"PULMONARY DISEASE",55,4.04,"UNSPECIFIED PLAN"
AZITHROMYCIN,"EMERGENCY MEDICINE",14,7.20,"MEDICARE D UNSPECIFIED"
"DOXYCYCLINE HYCLATE","INTERNAL MEDICINE",65,12.00,"STATE EMPLOYEES"
AZITHROMYCIN,"FAMILY MEDICINE",68,5.00,"MEDICARE D UNSPECIFIED"
SULFAMETHOXAZOLE-TRIMETHOPRIM,UROLOGY,66,0.72,"MEDICARE D UNSPECIFIED"
AMOXICILLIN,"FAMILY MEDICINE",4,5.50,"PREFERRED PROVIDER ORGANIZATION"
AMOXICILLIN,"ORAL & MAXILLOFACIAL SURGERY",63,2.23,"STATE EMPLOYEES"
AMOXICILLIN,"NURSE PRACTITIONER",53,1.25,"GENERAL MEDICARE D PRESCRIPTION DRUG PROGRAM"
AZITHROMYCIN,"FAMILY MEDICINE",54,9.16,"PHARMACY BENEFIT MANAGER"
"MINOCYCLINE HCL",DERMATOLOGY,72,3.00,"MEDICARE D UNSPECIFIED"
"AMOXICILLIN & POT CLAVULANATE","NURSE PRACTITIONER",47,2.57,"PHARMACY BENEFIT MANAGER"
CLARITHROMYCIN,GASTROENTEROLOGY,34,20.00,"STATE EMPLOYEES"
CEFPROZIL,PEDIATRICS,3,62.06,"PREFERRED PROVIDER ORGANIZATION"
CEFDINIR,"NURSE PRACTITIONER",5,19.53,EMPLOYER
AZITHROMYCIN,"NURSE PRACTITIONER",23,32.20,CASH
"NEOMYCIN-POLYMYXIN-HC (OTIC)","NURSE PRACTITIONER",62,3.00,"FEE FOR SERVICE MEDICAID"
AMOXICILLIN,DENTIST,28,4.13,CASH
"ERYTHROMYCIN (OPHTH)",OPTOMETRIST,85,11.00,"FEDERAL EMPLOYEE"
AZITHROMYCIN,"NURSE PRACTITIONER",76,14.96,"DISCOUNT CARD PROGRAM"
LEVOFLOXACIN,"INTERNAL MEDICINE",62,0.50,"FEE FOR SERVICE MEDICAID"
"CLINDAMYCIN HCL","NURSE PRACTITIONER",48,10.00,"FEDERAL EMPLOYEE"
AMOXICILLIN,"PHYSICIAN ASSISTANT",20,5.33,CASH
AZITHROMYCIN,"INTERNAL MEDICINE",63,4.00,EMPLOYER
AMOXICILLIN,DENTIST,39,0.01,CASH
"CIPROFLOXACIN HCL","EMERGENCY MEDICINE",70,5.42,"UNSPECIFIED PLAN"
AMOXICILLIN,PEDIATRICS,5,8.00,"STATE EMPLOYEES"
SULFAMETHOXAZOLE-TRIMETHOPRIM,"FAMILY MEDICINE",85,3.00,"MEDICARE D UNSPECIFIED"
AMOXICILLIN,"NURSE PRACTITIONER",7,6.08,"EXCLUSIVE PROVIDER ORGANIZATION"
"CIPROFLOXACIN HCL","PHYSICIAN ASSISTANT",27,4.10,"UNSPECIFIED PLAN"
SULFAMETHOXAZOLE-TRIMETHOPRIM,"FAMILY MEDICINE",28,5.00,CASH
"NEOMYCIN-POLYMYXIN-HC (OTIC)","NURSE PRACTITIONER",70,10.00,"MEDICARE D UNSPECIFIED"
AZITHROMYCIN,"NURSE PRACTITIONER",22,10.00,"UNSPECIFIED PLAN"
"PENICILLIN V POTASSIUM",DENTIST,33,0.01,CASH
SULFAMETHOXAZOLE-TRIMETHOPRIM,"NURSE PRACTITIONER",22,4.18,"PREFERRED PROVIDER ORGANIZATION"
"CLINDAMYCIN HCL","FAMILY MEDICINE",43,1.25,"GENERAL MEDICARE D ADVANTAGE"
CEPHALEXIN,PEDIATRICS,2,6.00,"PREFERRED PROVIDER ORGANIZATION"
"CIPROFLOXACIN HCL","FAMILY MEDICINE",36,4.00,CASH
LEVOFLOXACIN,"FAMILY MEDICINE",71,11.00,"FEDERAL EMPLOYEE"
AMOXICILLIN,GASTROENTEROLOGY,53,3.91,EMPLOYER
"DOXYCYCLINE HYCLATE",DERMATOLOGY,45,13.69,"HMO - INDEPENDENT PRACTICE ASSOCIATION MODEL"
"DOXYCYCLINE HYCLATE","PHYSICIAN ASSISTANT",53,0.50,"FEE FOR SERVICE MEDICAID"
"CIPROFLOXACIN HCL",GASTROENTEROLOGY,82,10.60,"GENERAL MEDICARE D ADVANTAGE"
AZITHROMYCIN,"FAMILY MEDICINE",23,11.20,"UNSPECIFIED PLAN"
"MINOCYCLINE HCL","INTERNAL MEDICINE",85,1.66,"MEDICARE D UNSPECIFIED"
AMOXICILLIN,"PHYSICIAN ASSISTANT",18,2.70,"STATE EMPLOYEES"
AZITHROMYCIN,"PHYSICIAN ASSISTANT",48,3.06,"UNSPECIFIED PLAN"
"DOXYCYCLINE HYCLATE","FAMILY MEDICINE",47,15.00,"UNSPECIFIED PLAN"
"BESIFLOXACIN HCL",OPHTHALMOLOGY,60,3.70,"GENERAL MEDICARE D ADVANTAGE"
"AMOXICILLIN & POT CLAVULANATE","FAMILY MEDICINE",67,3.55,"STATE EMPLOYEES"
"CLINDAMYCIN HCL",DENTIST,80,2.22,"MEDICARE D UNSPECIFIED"
SULFAMETHOXAZOLE-TRIMETHOPRIM,"EMERGENCY MEDICINE",45,4.00,CASH
"TERCONAZOLE VAGINAL","FAMILY MEDICINE",48,17.00,"PHARMACY BENEFIT MANAGER"
"DOXYCYCLINE HYCLATE","FAMILY MEDICINE",64,88.10,CASH
AZITHROMYCIN,"PHYSICIAN ASSISTANT",76,7.00,"MEDICARE D UNSPECIFIED"
CEPHALEXIN,"EMERGENCY MEDICINE",58,0.50,"MANAGED MEDICAID/MEDICARE SUPPLEMENT/MEDIGAP/STATE ASSISTANCE"
"DOXYCYCLINE (MONOHYDRATE)","OBSTETRICS & GYNECOLOGY",32,5.00,EMPLOYER
"DOXYCYCLINE HYCLATE","FAMILY MEDICINE",85,40.49,"UNSPECIFIED PLAN"
"CLINDAMYCIN PHOSPHATE VAGINAL","CARDIOVASCULAR DISEASE",52,75.00,"UNSPECIFIED PLAN"
AZITHROMYCIN,"NURSE PRACTITIONER",27,39.08,CASH
CEFDINIR,"NURSE PRACTITIONER",17,20.00,"UNSPECIFIED PLAN"
"MOXIFLOXACIN HCL (OPHTH)","NURSE PRACTITIONER",21,10.00,"PHARMACY BENEFIT MANAGER"
AMOXICILLIN,"INTERNAL MEDICINE",85,5.10,"MEDICARE D UNSPECIFIED"
"AMOXICILLIN & POT CLAVULANATE","NURSE PRACTITIONER",24,12.08,"PREFERRED PROVIDER ORGANIZATION"
"PENICILLIN V POTASSIUM","CHILD NEUROLOGY",12,10.00,"UNSPECIFIED PLAN"
AMOXICILLIN,"FAMILY MEDICINE",40,1.67,"STATE EMPLOYEES"
"DOXYCYCLINE (ROSACEA)",DERMATOLOGY,39,629.22,"PBM BOOK OF BUSINESS - UNIDENTIFIED PLANS"
"DOXYCYCLINE HYCLATE","NEUROLOGICAL SURGERY",56,9.40,"UNSPECIFIED PLAN"
AMOXICILLIN,DENTIST,18,2.54,"PHARMACY BENEFIT MANAGER"
"METRONIDAZOLE VAGINAL","OBSTETRICS & GYNECOLOGY",45,12.00,"THIRD PARTY ADMINISTRATOR"
"PENICILLIN V POTASSIUM",DENTIST,68,12.99,"PHARMACY BENEFIT MANAGER"
"OFLOXACIN (OPHTH)",OPHTHALMOLOGY,85,6.76,"STATE EMPLOYEES"
"AMOXICILLIN & POT CLAVULANATE","FAMILY MEDICINE",85,3.35,"MEDICARE D UNSPECIFIED"
AMOXICILLIN,"PHYSICIAN ASSISTANT",23,2.84,"UNSPECIFIED PLAN"
"MINOCYCLINE HCL","PHYSICIAN ASSISTANT",33,10.00,"FEDERAL EMPLOYEE"
"CIPROFLOXACIN HCL","PHYSICIAN ASSISTANT",30,1.50,"FEE FOR SERVICE MEDICAID"
AZITHROMYCIN,"PHYSICIAN ASSISTANT",24,1.00,"MANAGED MEDICAID/MEDICARE SUPPLEMENT/MEDIGAP/STATE ASSISTANCE"
LEVOFLOXACIN,"INTERNAL MEDICINE",85,46.95,"MEDICARE D UNSPECIFIED"
AZITHROMYCIN,PEDIATRICS,30,4.13,"PHARMACY BENEFIT MANAGER"
"DOXYCYCLINE HYCLATE","NURSE PRACTITIONER",34,17.00,"PREFERRED PROVIDER ORGANIZATION"
SULFAMETHOXAZOLE-TRIMETHOPRIM,"FAMILY MEDICINE",38,1.58,"GENERAL MEDICARE D PRESCRIPTION DRUG PROGRAM"
SULFAMETHOXAZOLE-TRIMETHOPRIM,"EMERGENCY MEDICINE",49,3.15,"UNSPECIFIED PLAN"
"ERYTHROMYCIN (OPHTH)","NURSE PRACTITIONER",1,1.27,"FEDERAL EMPLOYEE"
AMPICILLIN,"FAMILY MEDICINE",60,19.99,"UNSPECIFIED PLAN"
"MINOCYCLINE HCL","FAMILY MEDICINE",26,10.00,"THIRD PARTY ADMINISTRATOR"
AMOXICILLIN,DENTIST,31,4.00,CASH
AZITHROMYCIN,"FAMILY MEDICINE",63,14.17,"DISCOUNT CARD PROGRAM"
"CIPROFLOXACIN HCL","NURSE PRACTITIONER",37,0.98,"STATE EMPLOYEES"
AZITHROMYCIN,"INTERNAL MEDICINE",85,2.00,"MEDICARE D UNSPECIFIED"
"AMOXICILLIN & POT CLAVULANATE","INFECTIOUS DISEASE",60,7.00,"PHARMACY BENEFIT MANAGER"
"CLINDAMYCIN HCL",DENTIST,82,11.00,"FEDERAL EMPLOYEE"
"AMOXICILLIN & POT CLAVULANATE",HOSPITALIST,75,1.25,"GENERAL MEDICARE D PRESCRIPTION DRUG PROGRAM"
"AMOXICILLIN & POT CLAVULANATE","FAMILY MEDICINE",18,9.43,"PHARMACY BENEFIT MANAGER"
CEPHALEXIN,"PHYSICIAN ASSISTANT",67,3.03,"GENERAL MEDICARE D PRESCRIPTION DRUG PROGRAM"
AMOXICILLIN,DENTIST,65,1.12,"UNSPECIFIED PLAN"
"CLINDAMYCIN HCL",DENTIST,62,2.77,"STATE EMPLOYEES"
"CIPROFLOXACIN HCL","NURSE PRACTITIONER",35,2.26,"PREFERRED PROVIDER ORGANIZATION"
"CLINDAMYCIN HCL","FAMILY MEDICINE",85,9.49,"GENERAL MEDICARE D ADVANTAGE"
"MINOCYCLINE HCL",PEDIATRICS,15,20.00,"STATE EMPLOYEES"
"AMOXICILLIN & POT CLAVULANATE","OBSTETRICS & GYNECOLOGY",21,26.44,CASH
CEFDINIR,"NURSE PRACTITIONER",68,7.00,"STATE EMPLOYEES"
AMOXICILLIN,DENTIST,48,2.89,"PBM BOOK OF BUSINESS - UNIDENTIFIED PLANS"
"PENICILLIN V POTASSIUM","NURSE PRACTITIONER",54,0.01,CASH
"PENICILLIN V POTASSIUM","GENERAL PRACTICE",36,39.93,CASH
SULFAMETHOXAZOLE-TRIMETHOPRIM,"ORTHOPEDIC SURGERY",71,4.86,"MEDICARE D UNSPECIFIED"
"OFLOXACIN (OTIC)","FAMILY MEDICINE",24,7.00,"UNSPECIFIED PLAN"
"DOXYCYCLINE (MONOHYDRATE)",DERMATOLOGY,15,10.00,"PHARMACY BENEFIT MANAGER"
"CIPROFLOXACIN HCL","NURSE PRACTITIONER",73,3.35,"MEDICARE D UNSPECIFIED"
AZITHROMYCIN,"PHYSICIAN ASSISTANT",37,3.96,"UNSPECIFIED PLAN"
CEFDINIR,"NURSE PRACTITIONER",25,10.00,EMPLOYER
"AMOXICILLIN & POT CLAVULANATE","PHYSICIAN ASSISTANT",8,11.00,"FEDERAL EMPLOYEE"
"DOXYCYCLINE HYCLATE",HOSPITALIST,62,10.00,"PHARMACY BENEFIT MANAGER"
CEFDINIR,"FAMILY MEDICINE",78,1.00,"MEDICARE D UNSPECIFIED"
CEPHALEXIN,"EMERGENCY MEDICINE",4,10.35,"STATE EMPLOYEES"
AMOXICILLIN,DERMATOLOGY,16,3.00,"HEALTH INSURANCE EXCHANGE HMO GENERAL"
"AMOXICILLIN & POT CLAVULANATE",OTOLARYNGOLOGY,60,12.00,"GENERAL MEDICARE D ADVANTAGE"
"DOXYCYCLINE HYCLATE",UROLOGY,65,1.25,"GENERAL MEDICARE D PRESCRIPTION DRUG PROGRAM"
"DOXYCYCLINE HYCLATE","PHYSICIAN ASSISTANT",17,10.00,"STATE EMPLOYEES"
AMOXICILLIN,PEDIATRICS,1,4.42,"EXCLUSIVE PROVIDER ORGANIZATION"
"AMOXICILLIN & POT CLAVULANATE","NURSE PRACTITIONER",17,12.22,"PHARMACY BENEFIT MANAGER"
SULFAMETHOXAZOLE-TRIMETHOPRIM,"EMERGENCY MEDICINE",85,4.00,"MEDICARE D UNSPECIFIED"
AZITHROMYCIN,DENTIST,76,4.11,"GENERAL MEDICARE D PRESCRIPTION DRUG PROGRAM"
"CEFUROXIME AXETIL","FAMILY MEDICINE",46,15.00,"UNSPECIFIED PLAN"
AZITHROMYCIN,"FAMILY MEDICINE",49,3.64,EMPLOYER
"AMOXICILLIN & POT CLAVULANATE","INTERNAL MEDICINE",74,40.77,CASH
CEPHALEXIN,"EMERGENCY MEDICINE",63,3.35,"GENERAL MEDICARE D PRESCRIPTION DRUG PROGRAM"
AMOXICILLIN,"FAMILY MEDICINE",59,5.23,"UNSPECIFIED PLAN"
CEFDINIR,"FAMILY MEDICINE",37,8.03,"UNSPECIFIED PLAN"
"AMOXICILLIN & POT CLAVULANATE","PHYSICIAN ASSISTANT",42,10.00,"HMO - INDEPENDENT PRACTICE ASSOCIATION MODEL"
"PENICILLIN V POTASSIUM","ORAL & MAXILLOFACIAL SURGERY",16,0.80,"UNSPECIFIED PLAN"
AZITHROMYCIN,"FAMILY MEDICINE",47,5.43,"UNSPECIFIED PLAN"
SULFAMETHOXAZOLE-TRIMETHOPRIM,"PULMONARY CRITICAL CARE MEDICINE",78,2.97,"MEDICARE D UNSPECIFIED"
"AMOXICILLIN & POT CLAVULANATE",PEDIATRICS,18,8.75,"PREFERRED PROVIDER ORGANIZATION"
CEPHALEXIN,"EMERGENCY MEDICINE",72,2.35,"FEDERAL EMPLOYEE"
AMOXICILLIN,"PHYSICIAN ASSISTANT",71,2.47,"GENERAL MEDICARE D ADVANTAGE"
CIPROFLOXACIN-DEXAMETHASONE,"PHYSICIAN ASSISTANT",54,25.00,CASH
SULFAMETHOXAZOLE-TRIMETHOPRIM,"PULMONARY CRITICAL CARE MEDICINE",85,15.09,"DISCOUNT CARD PROGRAM"
AMOXICILLIN,"FAMILY MEDICINE",52,3.35,"GENERAL MEDICARE D ADVANTAGE"
CEPHALEXIN,"NURSE PRACTITIONER",76,4.00,"GENERAL MEDICARE D ADVANTAGE"
"DOXYCYCLINE HYCLATE",DERMATOLOGY,67,9.94,"MEDICARE D UNSPECIFIED"
"DOXYCYCLINE HYCLATE","FAMILY MEDICINE",70,9.74,"GENERAL MEDICARE D PRESCRIPTION DRUG PROGRAM"
CEPHALEXIN,NEUROLOGY,66,2.00,"MEDICARE D UNSPECIFIED"
"AMOXICILLIN & POT CLAVULANATE",DENTIST,48,10.00,"HMO - INDEPENDENT PRACTICE ASSOCIATION MODEL"
"CLINDAMYCIN HCL",DENTIST,22,3.48,EMPLOYER
"SULFACETAMIDE SODIUM (OPHTH)","FAMILY MEDICINE",26,20.00,"HEALTH INSURANCE EXCHANGE EPO GENERAL"
"OFLOXACIN (OTIC)","INTERNAL MEDICINE",85,50.00,"UNSPECIFIED PLAN"
"CLINDAMYCIN HCL","NURSE PRACTITIONER",62,7.08,"FEDERAL EMPLOYEE"
AMOXICILLIN,"NURSE PRACTITIONER",4,4.00,"UNSPECIFIED PLAN"
SULFAMETHOXAZOLE-TRIMETHOPRIM,"FAMILY MEDICINE",85,0.61,"GENERAL MEDICARE D ADVANTAGE"
AZITHROMYCIN,"NURSE PRACTITIONER",31,0.14,EMPLOYER
AMOXICILLIN,DENTIST,81,2.00,"GENERAL MEDICARE D ADVANTAGE"
"CIPROFLOXACIN HCL","FAMILY MEDICINE",68,4.00,"GENERAL MEDICARE D PRESCRIPTION DRUG PROGRAM"
"DOXYCYCLINE (MONOHYDRATE)","NURSE PRACTITIONER",24,15.00,"THIRD PARTY ADMINISTRATOR"
SULFAMETHOXAZOLE-TRIMETHOPRIM,PEDIATRICS,7,10.00,"PREFERRED PROVIDER ORGANIZATION"
"AMOXICILLIN & POT CLAVULANATE","NURSE PRACTITIONER",54,2.15,EMPLOYER
AZITHROMYCIN,"INTERNAL MEDICINE",65,8.27,"PREFERRED PROVIDER ORGANIZATION"
AMOXICILLIN,"FAMILY MEDICINE",20,5.00,"HMO - COMBINATION MODEL"
SULFAMETHOXAZOLE-TRIMETHOPRIM,"NURSE PRACTITIONER",12,1.34,"STATE EMPLOYEES"
"PENICILLIN V POTASSIUM",DENTIST,25,5.72,"UNSPECIFIED PLAN"
CEPHALEXIN,OTOLARYNGOLOGY,40,1.30,"FEE FOR SERVICE MEDICAID"
AMOXICILLIN,"PHYSICIAN ASSISTANT",70,1.45,"GENERAL MEDICARE D PRESCRIPTION DRUG PROGRAM"
"DOXYCYCLINE HYCLATE","INTERNAL MEDICINE",72,30.00,"GENERAL MEDICARE D ADVANTAGE"
"NEOMYCIN SULFATE","GENERAL SURGERY",68,3.35,"MEDICARE D UNSPECIFIED"
"OFLOXACIN (OTIC)","NURSE PRACTITIONER",31,1.00,"MANAGED MEDICAID/MEDICARE SUPPLEMENT/MEDIGAP/STATE ASSISTANCE"
CEPHALEXIN,PEDIATRICS,9,45.20,"PREFERRED PROVIDER ORGANIZATION"
CEPHALEXIN,"PROCEDURAL DERMATOLOGY",21,1.18,"STATE EMPLOYEES"
AMOXICILLIN,DENTIST,69,1.80,"MEDICARE D UNSPECIFIED"
"CEFUROXIME AXETIL","INTERNAL MEDICINE",81,14.00,"GENERAL MEDICARE D ADVANTAGE"
AMPICILLIN,"INTERNAL MEDICINE",75,8.66,"GENERAL MEDICARE D PRESCRIPTION DRUG PROGRAM"
AMOXICILLIN,DENTIST,25,2.24,"PHARMACY BENEFIT MANAGER"
"MINOCYCLINE HCL","PHYSICIAN ASSISTANT",23,50.00,"COUPON/VOUCHER PROGRAM"
LEVOFLOXACIN,"INTERNAL MEDICINE",60,2.95,"GENERAL MEDICARE D PRESCRIPTION DRUG PROGRAM"
LEVOFLOXACIN,"INTERNAL MEDICINE",85,1.82,"MEDICARE D UNSPECIFIED"
CEFDINIR,"FAMILY MEDICINE",72,12.35,"GENERAL MEDICARE D ADVANTAGE"
SULFAMETHOXAZOLE-TRIMETHOPRIM,"FAMILY MEDICINE",58,0.72,"FEDERAL EMPLOYEE"
"DOXYCYCLINE HYCLATE",DERMATOLOGY,35,7.00,"MANAGED MEDICAID/MEDICARE SUPPLEMENT/MEDIGAP/STATE ASSISTANCE"
AMOXICILLIN,"PHYSICIAN ASSISTANT",47,0.01,CASH
AZITHROMYCIN,"NURSE PRACTITIONER",45,6.00,"STATE EMPLOYEES"
AMOXICILLIN,DENTIST,72,2.95,"GENERAL MEDICARE D PRESCRIPTION DRUG PROGRAM"
SULFAMETHOXAZOLE-TRIMETHOPRIM,"FAMILY MEDICINE",42,1.15,"PREFERRED PROVIDER ORGANIZATION"
AMOXICILLIN,DENTIST,33,4.00,EMPLOYER
"AMOXICILLIN & POT CLAVULANATE","FAMILY MEDICINE",51,7.66,"HEALTH INSURANCE EXCHANGE EPO GENERAL"
"AMOXICILLIN & POT CLAVULANATE","PLASTIC SURGERY",63,4.51,"STATE EMPLOYEES"
"CIPROFLOXACIN HCL","FAMILY MEDICINE",71,1.25,"GENERAL MEDICARE D ADVANTAGE"
AMOXICILLIN,HEMATOLOGY/ONCOLOGY,66,1.95,"FEDERAL EMPLOYEE"
"DOXYCYCLINE HYCLATE","INTERNAL MEDICINE",54,1.10,"MEDICARE D UNSPECIFIED"
AMOXICILLIN,"PHYSICIAN ASSISTANT",11,4.88,"PBM BOOK OF BUSINESS - UNIDENTIFIED PLANS"
AZITHROMYCIN,"NURSE PRACTITIONER",31,19.14,"PHARMACY BENEFIT MANAGER"
"AMOXICILLIN & POT CLAVULANATE","INTERNAL MEDICINE/PEDIATRICS",36,8.70,"HMO - COMBINATION MODEL"
"METRONIDAZOLE VAGINAL","OBSTETRICS & GYNECOLOGY",42,15.00,"PHARMACY BENEFIT MANAGER"
"CIPROFLOXACIN HCL","INFECTIOUS DISEASE",64,5.60,CASH
AZITHROMYCIN,"PHYSICIAN ASSISTANT",14,8.12,"PHARMACY BENEFIT MANAGER"
"POLYMYXIN B-TRIMETHOPRIM",OTOLARYNGOLOGY,4,4.00,"UNSPECIFIED PLAN"
"CEFUROXIME AXETIL",PODIATRIST,61,10.00,"PHARMACY BENEFIT MANAGER"
AMOXICILLIN,DENTIST,62,1.76,EMPLOYER
"AMOXICILLIN & POT CLAVULANATE","PHYSICIAN ASSISTANT",40,10.00,"HMO - INDEPENDENT PRACTICE ASSOCIATION MODEL"
AMOXICILLIN,DENTIST,29,4.00,EMPLOYER
"CEFUROXIME AXETIL","PULMONARY CRITICAL CARE MEDICINE",61,15.00,"UNSPECIFIED PLAN"
"CLINDAMYCIN HCL","FAMILY MEDICINE",74,82.08,CASH
SULFAMETHOXAZOLE-TRIMETHOPRIM,"NURSE PRACTITIONER",46,11.31,"HMO - INDEPENDENT PRACTICE ASSOCIATION MODEL"
CEPHALEXIN,"NURSE PRACTITIONER",61,1.00,"FEDERAL EMPLOYEE"
AMOXICILLIN,"PHYSICIAN ASSISTANT",37,24.42,CASH
"CIPROFLOXACIN HCL","FAMILY MEDICINE",75,0.01,"FEDERAL EMPLOYEE"
CEPHALEXIN,"OBSTETRICS & GYNECOLOGY",27,4.39,"UNSPECIFIED PLAN"
"ERYTHROMYCIN (OPHTH)",OPHTHALMOLOGY,74,11.55,"GENERAL MEDICARE D ADVANTAGE"
AMOXICILLIN,"FAMILY MEDICINE",45,5.00,"UNSPECIFIED PLAN"
"CIPROFLOXACIN HCL",UROLOGY,60,4.00,"DISCOUNT CARD PROGRAM"
"POLYMYXIN B-TRIMETHOPRIM","FAMILY MEDICINE",9,4.00,CASH
"MINOCYCLINE HCL","INTERNAL MEDICINE",36,1.00,"FEE FOR SERVICE MEDICAID"
AZITHROMYCIN,"NURSE PRACTITIONER",16,9.10,"HMO - NETWORK MODEL"
"AMOXICILLIN & POT CLAVULANATE",OTOLARYNGOLOGY,17,12.67,"UNSPECIFIED PLAN"
AZITHROMYCIN,"NURSE PRACTITIONER",57,5.00,"MEDICARE D UNSPECIFIED"
AMOXICILLIN,DENTIST,55,2.65,"PREFERRED PROVIDER ORGANIZATION"
CEPHALEXIN,OTOLARYNGOLOGY,74,4.30,"GENERAL MEDICARE D PRESCRIPTION DRUG PROGRAM"
AMOXICILLIN,"NURSE PRACTITIONER",59,3.33,"HEALTH INSURANCE EXCHANGE PPO GENERAL"
"CEFPODOXIME PROXETIL",UROLOGY,85,3.35,"MEDICARE D UNSPECIFIED"
"AMOXICILLIN & POT CLAVULANATE",PEDIATRICS,14,12.41,"UNSPECIFIED PLAN"
AMOXICILLIN,DENTIST,17,3.48,"MANAGED MEDICAID/MEDICARE SUPPLEMENT/MEDIGAP/STATE ASSISTANCE"
AMOXICILLIN,DENTIST,74,1.25,"MEDICARE D UNSPECIFIED"
AMOXICILLIN,DENTIST,35,5.44,"STATE EMPLOYEES"
"AMOXICILLIN & POT CLAVULANATE","FAMILY MEDICINE",72,7.00,"GENERAL MEDICARE D ADVANTAGE"
AMOXICILLIN,DENTIST,59,4.00,CASH
"DOXYCYCLINE HYCLATE","NURSE PRACTITIONER",57,5.00,"HMO - INDEPENDENT PRACTICE ASSOCIATION MODEL"
"MINOCYCLINE HCL","ORTHOPEDIC SURGERY",85,13.00,"GENERAL MEDICARE D PRESCRIPTION DRUG PROGRAM"
SULFAMETHOXAZOLE-TRIMETHOPRIM,"FAMILY MEDICINE",60,2.56,"PBM BOOK OF BUSINESS - UNIDENTIFIED PLANS"
AMOXICILLIN,"PHYSICIAN ASSISTANT",7,5.82,"FEDERAL EMPLOYEE"
CEFDINIR,"EMERGENCY MEDICINE",62,10.00,EMPLOYER
AZITHROMYCIN,"PHYSICIAN ASSISTANT",28,10.00,"HMO - COMBINATION MODEL"
"DOXYCYCLINE HYCLATE","FAMILY MEDICINE",43,7.00,"STATE EMPLOYEES"
AMOXICILLIN,DENTIST,63,0.83,"STATE EMPLOYEES"
AMOXICILLIN,"EMERGENCY MEDICINE",27,9.37,"DISCOUNT CARD PROGRAM"
AZITHROMYCIN,PSYCHIATRY,24,4.23,"UNSPECIFIED PLAN"
AZITHROMYCIN,"PHYSICIAN ASSISTANT",68,22.58,CASH
"AMOXICILLIN & POT CLAVULANATE","NURSE PRACTITIONER",63,5.82,"GENERAL MEDICARE D ADVANTAGE"
AMOXICILLIN,DENTIST,75,1.00,"MEDICARE D UNSPECIFIED"
"GATIFLOXACIN (OPHTH)",OPHTHALMOLOGY,52,10.00,"PREFERRED PROVIDER ORGANIZATION"
CEPHALEXIN,"INTERNAL MEDICINE",60,0.32,"PHARMACY BENEFIT MANAGER"
AZITHROMYCIN,"FAMILY MEDICINE",4,10.00,"FEDERAL EMPLOYEE"
"DOXYCYCLINE HYCLATE","ALLERGY & IMMUNOLOGY",-2,10.00,"UNSPECIFIED PLAN"
AMOXICILLIN,DENTIST,47,0.01,CASH
"DOXYCYCLINE HYCLATE",DERMATOLOGY,82,3.35,"MEDICARE D UNSPECIFIED"
AMOXICILLIN,"FAMILY MEDICINE",72,1.86,"GENERAL MEDICARE D PRESCRIPTION DRUG PROGRAM"
CEPHALEXIN,"NURSE PRACTITIONER",69,1.00,"MEDICARE D UNSPECIFIED"
AMOXICILLIN,"FAMILY MEDICINE",57,1.25,"GENERAL MEDICARE D PRESCRIPTION DRUG PROGRAM"
"DOXYCYCLINE HYCLATE","NURSE PRACTITIONER",35,5.57,"DISCOUNT CARD PROGRAM"
"DOXYCYCLINE HYCLATE",DERMATOLOGY,74,12.00,"MEDICARE D UNSPECIFIED"
"METRONIDAZOLE VAGINAL",GYNECOLOGY,18,6.00,"PBM BOOK OF BUSINESS - UNIDENTIFIED PLANS"
AMOXICILLIN,"FAMILY MEDICINE",46,1.00,"MANAGED MEDICAID"
AMOXICILLIN,DENTIST,56,2.94,"HMO - INDEPENDENT PRACTICE ASSOCIATION MODEL"
AMOXICILLIN,PEDIATRICS,13,6.33,EMPLOYER
AMOXICILLIN,"PHYSICIAN ASSISTANT",2,5.75,"UNSPECIFIED PLAN"
"DOXYCYCLINE HYCLATE","INTERNAL MEDICINE",66,3.35,"GENERAL MEDICARE D PRESCRIPTION DRUG PROGRAM"
LEVOFLOXACIN,"NURSE PRACTITIONER",54,1.25,"GENERAL MEDICARE D SPECIAL NEEDS PLAN"
CEPHALEXIN,"FAMILY MEDICINE",51,3.53,"UNSPECIFIED PLAN"
CEPHALEXIN,DERMATOLOGY,52,2.09,"UNSPECIFIED PLAN"
CIPROFLOXACIN-DEXAMETHASONE,OTOLARYNGOLOGY,79,30.00,"PHARMACY BENEFIT MANAGER"
SULFAMETHOXAZOLE-TRIMETHOPRIM,"EMERGENCY MEDICINE",68,2.27,"GENERAL MEDICARE D PRESCRIPTION DRUG PROGRAM"
"MINOCYCLINE HCL",PEDIATRICS,13,10.00,"MANAGED MEDICAID/MEDICARE SUPPLEMENT/MEDIGAP/STATE ASSISTANCE"
AZITHROMYCIN,"FAMILY MEDICINE",23,5.00,"UNSPECIFIED PLAN"
CEPHALEXIN,DENTIST,51,1.83,"UNSPECIFIED PLAN"
AZITHROMYCIN,"INTERNAL MEDICINE",59,1.25,"GENERAL MEDICARE D ADVANTAGE"
LEVOFLOXACIN,"NURSE PRACTITIONER",63,3.00,"HMO - COMBINATION MODEL"
"AMOXICILLIN & POT CLAVULANATE","FAMILY MEDICINE",47,20.00,"UNSPECIFIED PLAN"
CEPHALEXIN,"PHYSICIAN ASSISTANT",24,4.00,"PREFERRED PROVIDER ORGANIZATION"
SULFAMETHOXAZOLE-TRIMETHOPRIM,UROLOGY,72,0.48,"MEDICARE D UNSPECIFIED"
CEFDINIR,"GENERAL PRACTICE",55,10.00,"PREFERRED PROVIDER ORGANIZATION"
AMOXICILLIN,PEDIATRICS,7,3.98,EMPLOYER
"TOBRAMYCIN (OPHTH)","EMERGENCY MEDICINE",21,5.61,"UNSPECIFIED PLAN"
"AMOXICILLIN & POT CLAVULANATE","PHYSICIAN ASSISTANT",36,5.00,"MANAGED MEDICAID/MEDICARE SUPPLEMENT/MEDIGAP/STATE ASSISTANCE"
AZITHROMYCIN,PEDIATRICS,3,3.00,"HMO - GROUP PRACTICE MODEL"
AMOXICILLIN,"INTERNAL MEDICINE",35,4.00,"UNSPECIFIED PLAN"
AZITHROMYCIN,"NURSE PRACTITIONER",72,1.00,"MEDICARE D UNSPECIFIED"
"VANCOMYCIN HCL","INFECTIOUS DISEASE",85,109.71,"GENERAL MEDICARE D PRESCRIPTION DRUG PROGRAM"
AZITHROMYCIN,"FAMILY MEDICINE",43,29.03,CASH
"DOXYCYCLINE HYCLATE",DERMATOLOGY,25,20.00,"UNSPECIFIED PLAN"
CEPHALEXIN,"NURSE PRACTITIONER",68,1.25,"MEDICARE D UNSPECIFIED"
AZITHROMYCIN,"FAMILY MEDICINE",48,9.48,"THIRD PARTY ADMINISTRATOR"
"CIPROFLOXACIN HCL","FAMILY MEDICINE",66,2.69,"EMPLOYER-SPONSORED PBM RETIREE PRESCRIPTION DRUG PROGRAM"
"CIPROFLOXACIN HCL","NURSE PRACTITIONER",63,9.00,"DISCOUNT CARD PROGRAM"
"CIPROFLOXACIN HCL","FAMILY MEDICINE",68,3.83,"FEDERAL EMPLOYEE"
"CEFUROXIME AXETIL","FAMILY MEDICINE",63,30.00,"MEDICARE D UNSPECIFIED"
"DOXYCYCLINE (MONOHYDRATE)","INTERNAL MEDICINE",64,13.87,EMPLOYER
AZITHROMYCIN,"INTERNAL MEDICINE",80,4.00,"MEDICARE D UNSPECIFIED"
AMOXICILLIN,"ORAL & MAXILLOFACIAL SURGERY",64,11.16,"DISCOUNT CARD PROGRAM"
"DOXYCYCLINE HYCLATE","CARDIOVASCULAR DISEASE",68,11.00,"FEDERAL EMPLOYEE"
"AMOXICILLIN & POT CLAVULANATE","NURSE PRACTITIONER",50,10.00,"GENERAL MEDICARE D ADVANTAGE"
"TOBRAMYCIN (OPHTH)",OPTOMETRIST,20,2.48,EMPLOYER
LEVOFLOXACIN,HEMATOLOGY/ONCOLOGY,79,3.98,"GENERAL MEDICARE D PRESCRIPTION DRUG PROGRAM"
"DOXYCYCLINE HYCLATE","NURSE PRACTITIONER",21,5.00,"PHARMACY BENEFIT MANAGER"
"CIPROFLOXACIN HCL","FAMILY MEDICINE",70,5.38,"GENERAL MEDICARE D ADVANTAGE"
CEPHALEXIN,"PLASTIC SURGERY",20,6.00,"STATE EMPLOYEES"
"CIPROFLOXACIN HCL",ANESTHESIOLOGY,62,9.00,"MEDICARE D UNSPECIFIED"
"AMOXICILLIN & POT CLAVULANATE","FAMILY MEDICINE",46,10.00,"UNSPECIFIED PLAN"
"DOXYCYCLINE (ROSACEA)",DERMATOLOGY,36,85.00,"UNSPECIFIED PLAN"
"PENICILLIN V POTASSIUM",DENTIST,43,12.46,"UNSPECIFIED PLAN"
AMOXICILLIN,PEDIATRICS,3,11.15,EMPLOYER
AZITHROMYCIN,"NUCLEAR MEDICINE",10,4.55,EMPLOYER
CEPHALEXIN,HEMATOLOGY/ONCOLOGY,80,3.40,"MEDICARE D UNSPECIFIED"
CEPHALEXIN,"OBSTETRICS & GYNECOLOGY",32,4.74,"PHARMACY BENEFIT MANAGER"
AMOXICILLIN,DENTIST,61,0.47,"PHARMACY BENEFIT MANAGER"
AZITHROMYCIN,"EMERGENCY MEDICINE",85,14.56,"DISCOUNT CARD PROGRAM"
AMOXICILLIN,"EMERGENCY MEDICINE",39,7.33,"UNSPECIFIED PLAN"
SULFAMETHOXAZOLE-TRIMETHOPRIM,"FAMILY MEDICINE",79,4.00,EMPLOYER
AZITHROMYCIN,"PULMONARY DISEASE",55,1.00,"MANAGED MEDICAID/MEDICARE SUPPLEMENT/MEDIGAP/STATE ASSISTANCE"
"CLINDAMYCIN PALMITATE HYDROCHLORIDE",OTOLARYNGOLOGY,7,15.00,"UNSPECIFIED PLAN"
"MINOCYCLINE HCL",PEDIATRICS,17,5.00,"PBM BOOK OF BUSINESS - UNIDENTIFIED PLANS"
"ERYTHROMYCIN (OPHTH)","INTERNAL MEDICINE",59,4.24,"PHARMACY BENEFIT MANAGER"
"OFLOXACIN (OPHTH)","NURSE PRACTITIONER",4,4.00,EMPLOYER
AZITHROMYCIN,"PULMONARY DISEASE",79,15.00,"GENERAL MEDICARE D PRESCRIPTION DRUG PROGRAM"
CEFDINIR,"EMERGENCY MEDICINE",68,6.00,"GENERAL MEDICARE D ADVANTAGE"
AMOXICILLIN,DENTIST,74,2.81,"GENERAL MEDICARE D ADVANTAGE"
CEFDINIR,OTOLARYNGOLOGY,46,15.00,"PREFERRED PROVIDER ORGANIZATION"
"METRONIDAZOLE VAGINAL","PHYSICIAN ASSISTANT",48,16.71,"UNSPECIFIED PLAN"
"MOXIFLOXACIN HCL (OPHTH)",OPHTHALMOLOGY,65,10.00,"UNSPECIFIED PLAN"
AZITHROMYCIN,"PHYSICIAN ASSISTANT",59,7.30,"UNSPECIFIED PLAN"
SULFAMETHOXAZOLE-TRIMETHOPRIM,"INFECTIOUS DISEASE",39,10.00,"UNSPECIFIED PLAN"
CEPHALEXIN,"PHYSICIAN ASSISTANT",33,6.85,CASH
"DOXYCYCLINE (MONOHYDRATE)","PHYSICIAN ASSISTANT",12,8.52,"PHARMACY BENEFIT MANAGER"
SULFAMETHOXAZOLE-TRIMETHOPRIM,"EMERGENCY MEDICINE",65,2.32,"GENERAL MEDICARE D ADVANTAGE"
"CIPROFLOXACIN HCL (OPHTH)","PHYSICIAN ASSISTANT",34,15.00,EMPLOYER
"AMOXICILLIN & POT CLAVULANATE","FAMILY MEDICINE",26,50.69,CASH
"CIPROFLOXACIN HCL","FAMILY MEDICINE",51,3.84,"PHARMACY BENEFIT MANAGER"
AZITHROMYCIN,"FAMILY MEDICINE",70,6.00,"MEDICARE D PRESCRIPTION DRUG PROGRAM - PLAN SPECIFIC"
"CLINDAMYCIN HCL",DENTIST,85,4.02,"GENERAL MEDICARE D PRESCRIPTION DRUG PROGRAM"
"AMOXICILLIN & POT CLAVULANATE","PHYSICIAN ASSISTANT",57,3.37,"PREFERRED PROVIDER ORGANIZATION"
"AMOXICILLIN & POT CLAVULANATE","NURSE PRACTITIONER",57,5.82,"HMO - COMBINATION MODEL"
"DOXYCYCLINE HYCLATE",DERMATOLOGY,17,10.00,"PBM BOOK OF BUSINESS - UNIDENTIFIED PLANS"
AZITHROMYCIN,DENTIST,66,3.00,"HMO - INDEPENDENT PRACTICE ASSOCIATION MODEL"
"CEFUROXIME AXETIL","FAMILY MEDICINE",58,10.00,"STATE EMPLOYEES"
"POLYMYXIN B-TRIMETHOPRIM",PEDIATRICS,2,10.00,"FEDERAL EMPLOYEE"
SULFAMETHOXAZOLE-TRIMETHOPRIM,"NURSE PRACTITIONER",35,4.00,CASH
"AMOXICILLIN & POT CLAVULANATE","PAIN MEDICINE (ANESTHESIOLOGY)",60,6.67,"UNKNOWN THIRD PARTY"
AMOXICILLIN,"NURSE PRACTITIONER",13,6.94,"UNSPECIFIED PLAN"
AZITHROMYCIN,PEDIATRICS,17,3.13,"HEALTH INSURANCE EXCHANGE EPO GENERAL"
AMOXICILLIN,PEDIATRICS,6,4.85,"PBM BOOK OF BUSINESS - UNIDENTIFIED PLANS"
AMOXICILLIN,"ORAL & MAXILLOFACIAL SURGERY",24,3.95,"PREFERRED PROVIDER ORGANIZATION"
"AMOXICILLIN & POT CLAVULANATE","FAMILY MEDICINE",33,12.41,"PHARMACY BENEFIT MANAGER"
CEPHALEXIN,DERMATOLOGY,62,1.34,"FEDERAL EMPLOYEE"
AMOXICILLIN,DENTIST,85,0.01,"FEDERAL EMPLOYEE"
AZITHROMYCIN,"NURSE PRACTITIONER",21,0.56,"FEDERAL EMPLOYEE"
"NEOMYCIN-POLYMYXIN-HC (OTIC)","INTERNAL MEDICINE",66,1.25,"MEDICARE D UNSPECIFIED"
"DOXYCYCLINE HYCLATE",DENTIST,50,45.00,"UNSPECIFIED PLAN"
"CIPROFLOXACIN HCL","FAMILY MEDICINE",75,9.21,"GENERAL MEDICARE D ADVANTAGE"
"AMOXICILLIN & POT CLAVULANATE","EMERGENCY MEDICINE",19,3.70,"UNSPECIFIED PLAN"
AMOXICILLIN,DENTIST,58,4.00,CASH
AZITHROMYCIN,"PULMONARY CRITICAL CARE MEDICINE",63,4.15,"PHARMACY BENEFIT MANAGER"
"AMOXICILLIN & POT CLAVULANATE","PHYSICIAN ASSISTANT",59,7.43,"STATE EMPLOYEES"
"PENICILLIN G BENZATHINE","NURSE PRACTITIONER",64,30.04,CASH
AMOXICILLIN,"FAMILY MEDICINE",14,4.00,EMPLOYER
AMOXICILLIN,"NURSE PRACTITIONER",8,10.00,"FEDERAL EMPLOYEE"
CEFDINIR,"FAMILY MEDICINE",64,4.93,"STATE EMPLOYEES"
"DOXYCYCLINE HYCLATE","NURSE PRACTITIONER",17,45.00,"CLAIMS PROCESSOR"
AMOXICILLIN,DENTIST,58,0.01,CASH
CEPHALEXIN,"PLASTIC SURGERY",40,4.37,"HEALTH INSURANCE EXCHANGE EPO GENERAL"
AMOXICILLIN,DENTIST,85,1.00,"MEDICARE D UNSPECIFIED"
AMOXICILLIN,"INTERNAL MEDICINE",68,2.00,"GENERAL MEDICARE D ADVANTAGE"
"ACETIC ACID (OTIC)",OTOLARYNGOLOGY,62,32.78,"UNSPECIFIED PLAN"
AZITHROMYCIN,"NURSE PRACTITIONER",60,2.68,"STATE EMPLOYEES"
AMOXICILLIN,"PHYSICIAN ASSISTANT",3,5.00,"UNSPECIFIED PLAN"
AZITHROMYCIN,"NURSE PRACTITIONER",34,7.17,"UNSPECIFIED PLAN"
"AMOXICILLIN & POT CLAVULANATE","FAMILY MEDICINE",76,10.00,"GENERAL MEDICARE D ADVANTAGE"
AMOXICILLIN,"FAMILY MEDICINE",63,0.50,"MANAGED MEDICAID/MEDICARE SUPPLEMENT/MEDIGAP/STATE ASSISTANCE"
AMOXICILLIN,DENTIST,26,8.54,"DISCOUNT CARD PROGRAM"
CEPHALEXIN,"EMERGENCY MEDICINE",63,3.35,"MEDICARE D UNSPECIFIED"
AMOXICILLIN,"FAMILY MEDICINE",85,5.00,"MEDICARE D UNSPECIFIED"
ATOVAQUONE,"PHYSICIAN ASSISTANT",23,10.00,"UNSPECIFIED PLAN"
"ERYTHROMYCIN (OPHTH)",OPHTHALMOLOGY,85,13.76,"GENERAL MEDICARE D PRESCRIPTION DRUG PROGRAM"
"DOXYCYCLINE HYCLATE","EMERGENCY MEDICINE",40,55.04,CASH
"AMOXICILLIN & POT CLAVULANATE","PHYSICIAN ASSISTANT",45,8.42,EMPLOYER
"AMOXICILLIN & POT CLAVULANATE",DENTIST,75,8.91,"FEDERAL EMPLOYEE"
AZITHROMYCIN,"PHYSICIAN ASSISTANT",56,4.14,"STATE EMPLOYEES"
"MINOCYCLINE HCL","NURSE PRACTITIONER",14,6.00,"STATE EMPLOYEES"
AZITHROMYCIN,"FAMILY MEDICINE",20,7.06,"PREFERRED PROVIDER ORGANIZATION"
CEFDINIR,"NURSE PRACTITIONER",2,7.15,"FEDERAL EMPLOYEE"
AZITHROMYCIN,"NURSE PRACTITIONER",61,9.47,"UNSPECIFIED PLAN"
"DOXYCYCLINE HYCLATE","NURSE PRACTITIONER",85,5.50,"MEDICARE D UNSPECIFIED"
CEFDINIR,"PLASTIC SURGERY",22,29.93,CASH
AMOXICILLIN,"INTERNAL MEDICINE",30,31.00,CASH
AMOXICILLIN,DENTIST,57,4.00,EMPLOYER
AZITHROMYCIN,"FAMILY MEDICINE",43,1.00,"MANAGED MEDICAID/MEDICARE SUPPLEMENT/MEDIGAP/STATE ASSISTANCE"
CEFDINIR,PEDIATRICS,5,12.81,"PHARMACY BENEFIT MANAGER"
"CIPROFLOXACIN HCL","NURSE PRACTITIONER",65,3.35,"MEDICARE D UNSPECIFIED"
AMOXICILLIN,DENTIST,74,1.00,"GENERAL MEDICARE D ADVANTAGE"
"DOXYCYCLINE (MONOHYDRATE)","PHYSICIAN ASSISTANT",57,11.03,"PREFERRED PROVIDER ORGANIZATION"
SULFAMETHOXAZOLE-TRIMETHOPRIM,RHEUMATOLOGY,73,1.98,"GENERAL MEDICARE D ADVANTAGE"
CEPHALEXIN,DERMATOLOGY,50,3.04,"UNSPECIFIED PLAN"
"DOXYCYCLINE HYCLATE","FAMILY MEDICINE",55,8.00,"UNSPECIFIED PLAN"
AZITHROMYCIN,PEDIATRICS,27,3.60,"UNSPECIFIED PLAN"
SULFAMETHOXAZOLE-TRIMETHOPRIM,"FAMILY MEDICINE",27,4.00,CASH
SULFAMETHOXAZOLE-TRIMETHOPRIM,"FAMILY MEDICINE",62,1.58,EMPLOYER
AMOXICILLIN,DENTIST,52,2.15,"STATE EMPLOYEES"
AMOXICILLIN,DENTIST,85,0.79,"MEDICARE D UNSPECIFIED"
"DOXYCYCLINE HYCLATE","PHYSICIAN ASSISTANT",36,10.00,"PHARMACY BENEFIT MANAGER"
"MOXIFLOXACIN HCL (OPHTH)",OPHTHALMOLOGY,65,15.00,"PHARMACY BENEFIT MANAGER"
AMOXICILLIN,GASTROENTEROLOGY,59,3.55,"UNSPECIFIED PLAN"
"OFLOXACIN (OTIC)","FAMILY MEDICINE",36,1.00,"MANAGED MEDICAID/MEDICARE SUPPLEMENT/MEDIGAP/STATE ASSISTANCE"
"CLINDAMYCIN PALMITATE HYDROCHLORIDE","NURSE PRACTITIONER",7,1.00,"PREFERRED PROVIDER ORGANIZATION"
CEPHALEXIN,"INTERNAL MEDICINE",32,1.30,"PHARMACY BENEFIT MANAGER"
CEPHALEXIN,"EMERGENCY MEDICINE",39,2.97,"UNSPECIFIED PLAN"
AZITHROMYCIN,"PHYSICIAN ASSISTANT",60,1.97,"MEDICARE D UNSPECIFIED"
SULFAMETHOXAZOLE-TRIMETHOPRIM,"EMERGENCY MEDICINE",25,4.20,CASH
"DOXYCYCLINE HYCLATE",UROLOGY,74,14.72,"GENERAL MEDICARE D PRESCRIPTION DRUG PROGRAM"
CEFDINIR,"FAMILY MEDICINE",77,43.79,"GENERAL MEDICARE D PRESCRIPTION DRUG PROGRAM"
AMOXICILLIN,DENTIST,26,4.00,"UNSPECIFIED PLAN"
"AMOXICILLIN & POT CLAVULANATE","PHYSICIAN ASSISTANT",59,4.43,EMPLOYER
"AMOXICILLIN & POT CLAVULANATE","NURSE PRACTITIONER",29,1.00,EMPLOYER
AMOXICILLIN,DENTIST,49,7.14,"PBM BOOK OF BUSINESS - UNIDENTIFIED PLANS"
CEPHALEXIN,UROLOGY,77,3.00,"PHARMACY BENEFIT MANAGER"
AZITHROMYCIN,"OBSTETRICS & GYNECOLOGY",38,7.22,"UNSPECIFIED PLAN"
"DOXYCYCLINE HYCLATE","NURSE PRACTITIONER",61,15.89,"UNSPECIFIED PLAN"
SULFAMETHOXAZOLE-TRIMETHOPRIM,"PULMONARY DISEASE",66,0.42,"MEDICARE D UNSPECIFIED"
AMOXICILLIN,"FAMILY MEDICINE",64,2.16,"STATE EMPLOYEES"
SULFAMETHOXAZOLE-TRIMETHOPRIM,"EMERGENCY MEDICINE",7,35.59,"PHARMACY BENEFIT MANAGER"
AMOXICILLIN,DENTIST,61,4.00,"DISCOUNT CARD PROGRAM"
CEPHALEXIN,GASTROENTEROLOGY,8,25.00,"PHARMACY BENEFIT MANAGER"
LEVOFLOXACIN,"EMERGENCY MEDICINE",67,6.01,"GENERAL MEDICARE D PRESCRIPTION DRUG PROGRAM"
CEPHALEXIN,OPHTHALMOLOGY,67,19.53,"GENERAL MEDICARE D PRESCRIPTION DRUG PROGRAM"
CLARITHROMYCIN,"NURSE PRACTITIONER",36,10.00,"HMO - INDEPENDENT PRACTICE ASSOCIATION MODEL"
"ERYTHROMYCIN (OPHTH)",OPHTHALMOLOGY,62,5.00,"UNSPECIFIED PLAN"
AZITHROMYCIN,"NURSE PRACTITIONER",80,3.62,"GENERAL MEDICARE D PRESCRIPTION DRUG PROGRAM"
"AMOXICILLIN & POT CLAVULANATE","PHYSICIAN ASSISTANT",62,12.76,"UNSPECIFIED PLAN"
"MINOCYCLINE HCL","FAMILY MEDICINE",16,10.00,"UNSPECIFIED PLAN"
AMOXICILLIN,"NURSE PRACTITIONER",35,1.87,EMPLOYER
"AMOXICILLIN & POT CLAVULANATE","INTERNAL MEDICINE",81,3.35,"MEDICARE D UNSPECIFIED"
SULFAMETHOXAZOLE-TRIMETHOPRIM,"NURSE PRACTITIONER",43,0.01,"PREFERRED PROVIDER ORGANIZATION"
"PENICILLIN V POTASSIUM","PEDIATRIC CARDIOLOGY",26,0.01,CASH
"AMOXICILLIN & POT CLAVULANATE","PHYSICIAN ASSISTANT",23,10.00,"HMO - INDEPENDENT PRACTICE ASSOCIATION MODEL"
AMOXICILLIN,"FAMILY MEDICINE",5,3.01,"PHARMACY BENEFIT MANAGER"
"AMOXICILLIN & POT CLAVULANATE",DENTIST,59,10.00,"UNSPECIFIED PLAN"
AMOXICILLIN,DENTIST,80,0.01,"MEDICARE D UNSPECIFIED"
"CIPROFLOXACIN HCL (OPHTH)",PEDIATRICS,7,7.48,EMPLOYER
"ERYTHROMYCIN (OPHTH)",OPHTHALMOLOGY,58,9.05,"UNSPECIFIED PLAN"
AZITHROMYCIN,"FAMILY MEDICINE",48,2.65,"UNSPECIFIED PLAN"
LEVOFLOXACIN,"PULMONARY DISEASE",70,11.09,"HMO - INDEPENDENT PRACTICE ASSOCIATION MODEL"
AMOXICILLIN,DENTIST,59,2.48,"UNSPECIFIED PLAN"
"CIPROFLOXACIN HCL",UROLOGY,68,2.01,"GENERAL MEDICARE D PRESCRIPTION DRUG PROGRAM"
CEPHALEXIN,"FAMILY MEDICINE",62,1.25,"MEDICARE D UNSPECIFIED"
"DOXYCYCLINE HYCLATE","NURSE PRACTITIONER",73,14.49,"MEDICARE D UNSPECIFIED"
CEPHALEXIN,"NURSE PRACTITIONER",15,3.16,"PBM BOOK OF BUSINESS - UNIDENTIFIED PLANS"
AMOXICILLIN,DENTIST,85,4.88,"GENERAL MEDICARE D PRESCRIPTION DRUG PROGRAM"
AZITHROMYCIN,"INTERNAL MEDICINE/PEDIATRICS",57,27.29,CASH
AMOXICILLIN,DENTIST,58,2.76,EMPLOYER
CEFDINIR,"FAMILY MEDICINE",9,15.00,"UNSPECIFIED PLAN"
CEPHALEXIN,"PHYSICIAN ASSISTANT",85,2.24,"GENERAL MEDICARE D PRESCRIPTION DRUG PROGRAM"
AZITHROMYCIN,"NURSE PRACTITIONER",37,1.50,"FEE FOR SERVICE MEDICAID"
CEFDINIR,"NURSE PRACTITIONER",63,15.00,"PREFERRED PROVIDER ORGANIZATION"
"CEFUROXIME AXETIL","FAMILY MEDICINE",58,11.00,"PHARMACY BENEFIT MANAGER"
AMOXICILLIN,"INTERNAL MEDICINE",26,1.31,"STATE EMPLOYEES"
CEPHALEXIN,"NURSE PRACTITIONER",34,4.00,CASH
"CEFUROXIME AXETIL",,65,29.77,"DISCOUNT CARD PROGRAM"
"DOXYCYCLINE HYCLATE","INTERNAL MEDICINE",61,8.51,"HMO - INDEPENDENT PRACTICE ASSOCIATION MODEL"
AMOXICILLIN,"NURSE PRACTITIONER",21,4.80,"HMO - NETWORK MODEL"
"TERCONAZOLE VAGINAL","NURSE PRACTITIONER",17,2.00,"MANAGED MEDICAID/MEDICARE SUPPLEMENT/MEDIGAP/STATE ASSISTANCE"
AZITHROMYCIN,"FAMILY MEDICINE",59,14.17,"DISCOUNT CARD PROGRAM"
"DOXYCYCLINE HYCLATE","PHYSICIAN ASSISTANT",37,1.25,"GENERAL MEDICARE D ADVANTAGE"
LEVOFLOXACIN,"EMERGENCY MEDICINE",69,4.00,"MEDICARE D UNSPECIFIED"
"DICLOXACILLIN SODIUM","NURSE PRACTITIONER",65,50.41,"DISCOUNT CARD PROGRAM"
AMOXICILLIN,DENTIST,50,0.01,CASH
SULFAMETHOXAZOLE-TRIMETHOPRIM,"FAMILY MEDICINE",76,7.46,"GENERAL MEDICARE D PRESCRIPTION DRUG PROGRAM"
"AMOXICILLIN & POT CLAVULANATE","PHYSICIAN ASSISTANT",61,5.00,"HMO - INDEPENDENT PRACTICE ASSOCIATION MODEL"
AMOXICILLIN,DENTIST,63,3.40,"UNSPECIFIED PLAN"
CEPHALEXIN,"NURSE PRACTITIONER",71,4.00,"MEDICARE D UNSPECIFIED"
CEPHALEXIN,PEDIATRICS,11,4.00,EMPLOYER
"CIPROFLOXACIN HCL","GENERAL SURGERY",50,0.59,EMPLOYER
CEPHALEXIN,"FAMILY MEDICINE",74,1.99,"MEDICARE D UNSPECIFIED"
"CIPROFLOXACIN HCL","NURSE PRACTITIONER",71,2.00,"MEDICARE D UNSPECIFIED"
"AMOXICILLIN & POT CLAVULANATE","FAMILY MEDICINE",30,10.70,"UNSPECIFIED PLAN"
AMOXICILLIN,"PHYSICIAN ASSISTANT",53,1.00,"FEE FOR SERVICE MEDICAID"
"AMOXICILLIN & POT CLAVULANATE","INTERNAL MEDICINE",50,1.25,"MEDICARE D UNSPECIFIED"
"CIPROFLOXACIN HCL","PHYSICIAN ASSISTANT",27,4.00,CASH
CEPHALEXIN,"PHYSICIAN ASSISTANT",65,2.13,"PREFERRED PROVIDER ORGANIZATION"
LEVOFLOXACIN,"FAMILY MEDICINE",76,3.30,"PREFERRED PROVIDER ORGANIZATION"
AZITHROMYCIN,"PHYSICIAN ASSISTANT",28,11.00,"FEDERAL EMPLOYEE"
AZITHROMYCIN,"NURSE PRACTITIONER",7,10.00,"PBM BOOK OF BUSINESS - UNIDENTIFIED PLANS"
"CIPROFLOXACIN HCL","OBSTETRICS & GYNECOLOGY",21,1.00,"MANAGED MEDICAID/MEDICARE SUPPLEMENT/MEDIGAP/STATE ASSISTANCE"
"CLINDAMYCIN HCL","ORAL & MAXILLOFACIAL SURGERY",36,1.00,"HEALTH INSURANCE EXCHANGE EPO GENERAL"
"CIPROFLOXACIN HCL","PHYSICIAN ASSISTANT",74,3.00,"MEDICARE D UNSPECIFIED"
"AMOXICILLIN & POT CLAVULANATE","NURSE PRACTITIONER",32,1.50,"FEE FOR SERVICE MEDICAID"
AZITHROMYCIN,"NURSE PRACTITIONER",39,10.00,"PHARMACY BENEFIT MANAGER"
"AMOXICILLIN & POT CLAVULANATE","OBSTETRICS & GYNECOLOGY",27,5.00,EMPLOYER
AZITHROMYCIN,"NURSE PRACTITIONER",59,0.50,"MANAGED MEDICAID/MEDICARE SUPPLEMENT/MEDIGAP/STATE ASSISTANCE"
AZITHROMYCIN,DENTIST,59,5.00,EMPLOYER
AZITHROMYCIN,"INTERNAL MEDICINE",85,7.07,"MEDICARE D UNSPECIFIED"
LEVOFLOXACIN,"FAMILY MEDICINE",50,5.00,"UNSPECIFIED PLAN"
AMOXICILLIN,"PHYSICIAN ASSISTANT",1,3.89,"UNSPECIFIED PLAN"
"CIPROFLOXACIN HCL","INTERNAL MEDICINE",80,2.61,"GENERAL MEDICARE D PRESCRIPTION DRUG PROGRAM"
AMOXICILLIN,DENTIST,27,1.00,"MANAGED MEDICAID"
AMOXICILLIN,DENTIST,62,4.77,"EXCLUSIVE PROVIDER ORGANIZATION"
AZITHROMYCIN,"FAMILY MEDICINE",54,6.88,EMPLOYER
AMOXICILLIN,"NURSE PRACTITIONER",35,0.01,CASH
SULFAMETHOXAZOLE-TRIMETHOPRIM,"SPORTS MEDICINE (FAMILY MEDICINE)",82,2.58,"GENERAL MEDICARE D ADVANTAGE"
"PENICILLIN V POTASSIUM","PHYSICIAN ASSISTANT",40,1.00,"MANAGED MEDICAID/MEDICARE SUPPLEMENT/MEDIGAP/STATE ASSISTANCE"
AZITHROMYCIN,PEDIATRICS,10,7.00,"PHARMACY BENEFIT MANAGER"
"AMOXICILLIN & POT CLAVULANATE","INTERNAL MEDICINE",78,1.25,"MEDICARE D SPECIAL NEEDS PLAN"
"CIPROFLOXACIN HCL (OPHTH)","FAMILY MEDICINE",56,11.00,"FEDERAL EMPLOYEE"
"CIPROFLOXACIN HCL","ORTHOPEDIC SURGERY",32,5.84,"UNSPECIFIED PLAN"
"AMOXICILLIN & POT CLAVULANATE","NURSE PRACTITIONER",31,1.00,"FEE FOR SERVICE MEDICAID"
AZITHROMYCIN,"NURSE PRACTITIONER",43,17.49,"UNSPECIFIED PLAN"
"OFLOXACIN (OPHTH)",OPHTHALMOLOGY,72,15.00,"MEDICARE D UNSPECIFIED"
"CIPROFLOXACIN HCL","GENERAL SURGERY",82,8.26,"GENERAL MEDICARE D PRESCRIPTION DRUG PROGRAM"
"AMOXICILLIN & POT CLAVULANATE","PULMONARY DISEASE",72,5.27,"GENERAL MEDICARE D PRESCRIPTION DRUG PROGRAM"
AZITHROMYCIN,"INTERNAL MEDICINE",69,1.00,"GENERAL MEDICARE D PRESCRIPTION DRUG PROGRAM"
"CIPROFLOXACIN HCL",GASTROENTEROLOGY,47,2.36,EMPLOYER
CEFDINIR,"PHYSICIAN ASSISTANT",48,7.72,"STATE EMPLOYEES"
"AMOXICILLIN & POT CLAVULANATE",DENTIST,15,7.00,"PHARMACY BENEFIT MANAGER"
"CLINDAMYCIN HCL",DENTIST,76,14.00,"GENERAL MEDICARE D PRESCRIPTION DRUG PROGRAM"
AZITHROMYCIN,"NURSE PRACTITIONER",53,1.00,"FEE FOR SERVICE MEDICAID"
"MOXIFLOXACIN HCL (OPHTH)",OPHTHALMOLOGY,85,15.14,"MEDICARE D UNSPECIFIED"
AMOXICILLIN,"NURSE PRACTITIONER",7,8.00,"PHARMACY BENEFIT MANAGER"
AMOXICILLIN,HOSPITALIST,13,0.01,CASH
AMOXICILLIN,DENTIST,54,4.00,"PHARMACY BENEFIT MANAGER"
CEPHALEXIN,"FAMILY MEDICINE",85,1.00,"MEDICARE D UNSPECIFIED"
CEPHALEXIN,PEDIATRICS,12,2.08,"UNSPECIFIED PLAN"
"DOXYCYCLINE HYCLATE",DERMATOLOGY,25,10.00,"PHARMACY BENEFIT MANAGER"
"AMOXICILLIN & POT CLAVULANATE","FAMILY MEDICINE",37,7.00,"PHARMACY BENEFIT MANAGER"
CEPHALEXIN,"NURSE PRACTITIONER",33,6.77,"HMO - INDEPENDENT PRACTICE ASSOCIATION MODEL"
CEFDINIR,OTOLARYNGOLOGY,28,10.00,"UNSPECIFIED PLAN"
AZITHROMYCIN,"FAMILY MEDICINE",66,4.01,"GENERAL MEDICARE D PRESCRIPTION DRUG PROGRAM"
SULFAMETHOXAZOLE-TRIMETHOPRIM,"INTERNAL MEDICINE",59,2.00,"MEDICARE D UNSPECIFIED"
SULFAMETHOXAZOLE-TRIMETHOPRIM,"INFECTIOUS DISEASE",63,1.32,"UNKNOWN THIRD PARTY"
"CIPROFLOXACIN HCL (OPHTH)",OPHTHALMOLOGY,74,7.34,"GENERAL MEDICARE D ADVANTAGE"
AZITHROMYCIN,"PHYSICIAN ASSISTANT",66,3.07,"STATE EMPLOYEES"
AZITHROMYCIN,"FAMILY MEDICINE",49,9.97,"PHARMACY BENEFIT MANAGER"
LEVOFLOXACIN,"EMERGENCY MEDICINE",66,5.10,"MEDICARE D UNSPECIFIED"
AMOXICILLIN,OTOLARYNGOLOGY,3,13.26,"DISCOUNT CARD PROGRAM"
AZITHROMYCIN,"PHYSICIAN ASSISTANT",51,15.29,CASH
CEFDINIR,"GENERAL PRACTICE",7,53.77,EMPLOYER
AZITHROMYCIN,"OBSTETRICS & GYNECOLOGY",28,3.00,"FEE FOR SERVICE MEDICAID"
AZITHROMYCIN,"INTERNAL MEDICINE",71,5.00,"MEDICARE D SPECIAL NEEDS PLAN"
AMOXICILLIN,DENTIST,82,1.00,"MEDICARE D UNSPECIFIED"
AMOXICILLIN,DENTIST,75,4.00,"MEDICARE D UNSPECIFIED"
AZITHROMYCIN,"NURSE PRACTITIONER",79,6.25,"EMPLOYER-SPONSORED PBM RETIREE PRESCRIPTION DRUG PROGRAM"
AZITHROMYCIN,"INTERNAL MEDICINE",70,7.00,"MEDICARE D UNSPECIFIED"
"OFLOXACIN (OTIC)",PEDIATRICS,1,10.00,EMPLOYER
"DOXYCYCLINE HYCLATE","PHYSICIAN ASSISTANT",45,4.68,"UNSPECIFIED PLAN"
"CIPROFLOXACIN HCL (OPHTH)",PEDIATRICS,5,7.96,"UNSPECIFIED PLAN"
"AMOXICILLIN & POT CLAVULANATE","PHYSICIAN ASSISTANT",44,3.47,EMPLOYER
"DOXYCYCLINE HYCLATE","NURSE PRACTITIONER",49,1.25,"MEDICARE D UNSPECIFIED"
AMOXICILLIN,"NURSE PRACTITIONER",19,4.00,CASH
CEPHALEXIN,GASTROENTEROLOGY,44,1.00,"MANAGED MEDICAID/MEDICARE SUPPLEMENT/MEDIGAP/STATE ASSISTANCE"
"ERYTHROMYCIN (OPHTH)",OPHTHALMOLOGY,60,13.25,"GENERAL MEDICARE D PRESCRIPTION DRUG PROGRAM"
AMOXICILLIN,DENTIST,64,6.96,"PHARMACY BENEFIT MANAGER"
"CIPROFLOXACIN HCL (OPHTH)","FAMILY MEDICINE",57,7.97,"UNSPECIFIED PLAN"
AMOXICILLIN,DENTIST,26,0.01,CASH
"CEFUROXIME AXETIL","NURSE PRACTITIONER",78,5.00,"PREFERRED PROVIDER ORGANIZATION"
AMOXICILLIN,DENTIST,58,4.00,CASH
"MOXIFLOXACIN HCL (OPHTH)",OPHTHALMOLOGY,64,10.00,"THIRD PARTY ADMINISTRATOR"
"AMOXICILLIN & POT CLAVULANATE","FAMILY MEDICINE",56,7.00,EMPLOYER
"CEFUROXIME AXETIL",OTOLARYNGOLOGY,47,7.26,"STATE EMPLOYEES"
CEPHALEXIN,DENTIST,48,5.64,"HMO - COMBINATION MODEL"
"DOXYCYCLINE HYCLATE","INTERNAL MEDICINE",77,4.76,"GENERAL MEDICARE D ADVANTAGE"
"NEOMYCIN-POLYMYXIN-HC (OTIC)",OTOLARYNGOLOGY,82,42.41,"MEDICARE D UNSPECIFIED"
AZITHROMYCIN,"NURSE PRACTITIONER",32,32.69,CASH
AMOXICILLIN,DENTIST,65,6.13,"UNSPECIFIED PLAN"
"PENICILLIN V POTASSIUM",DENTIST,78,0.49,"FEDERAL EMPLOYEE"
AZITHROMYCIN,"NURSE PRACTITIONER",66,1.25,"GENERAL MEDICARE D PRESCRIPTION DRUG PROGRAM"
AZITHROMYCIN,"FAMILY MEDICINE",69,3.48,"EMPLOYER-SPONSORED PBM RETIREE PRESCRIPTION DRUG PROGRAM"
"DOXYCYCLINE (MONOHYDRATE)","NURSE PRACTITIONER",55,8.68,"UNSPECIFIED PLAN"
CEPHALEXIN,"FAMILY MEDICINE",53,2.35,"PREFERRED PROVIDER ORGANIZATION"
"CLINDAMYCIN HCL","ORAL & MAXILLOFACIAL SURGERY",17,14.77,EMPLOYER
AMOXICILLIN,OTOLARYNGOLOGY,62,0.38,"STATE EMPLOYEES"
CEPHALEXIN,"PHYSICIAN ASSISTANT",27,5.33,CASH
"CEFPODOXIME PROXETIL","INTERNAL MEDICINE",72,1.25,"GENERAL MEDICARE D PRESCRIPTION DRUG PROGRAM"
"AMOXICILLIN & POT CLAVULANATE",UROLOGY,85,8.38,"FEDERAL EMPLOYEE"
AZITHROMYCIN,"PHYSICIAN ASSISTANT",25,31.07,CASH
CEFDINIR,PEDIATRICS,1,10.00,"UNSPECIFIED PLAN"
AZITHROMYCIN,"NURSE PRACTITIONER",50,32.10,CASH
"CLINDAMYCIN HCL","NURSE PRACTITIONER",40,3.85,EMPLOYER
AZITHROMYCIN,"PHYSICIAN ASSISTANT",49,3.39,"PHARMACY BENEFIT MANAGER"
AMOXICILLIN,"NURSE PRACTITIONER",1,7.61,"UNSPECIFIED PLAN"
AZITHROMYCIN,"FAMILY MEDICINE",45,5.62,"HMO - COMBINATION MODEL"
AZITHROMYCIN,"EMERGENCY MEDICINE",24,13.38,"PHARMACY BENEFIT MANAGER"
AZITHROMYCIN,"PHYSICIAN ASSISTANT",53,10.00,"STATE EMPLOYEES"
AZITHROMYCIN,"FAMILY MEDICINE",71,5.84,"GENERAL MEDICARE D PRESCRIPTION DRUG PROGRAM"
"DICLOXACILLIN SODIUM","NURSE PRACTITIONER",29,21.44,"HMO - COMBINATION MODEL"
"GENTAMICIN SULFATE","PHYSICIAN ASSISTANT",82,1.03,"GENERAL MEDICARE D ADVANTAGE"
"CLINDAMYCIN HCL","FAMILY MEDICINE",75,4.00,"PHARMACY BENEFIT MANAGER"
AZITHROMYCIN,"PHYSICIAN ASSISTANT",60,0.81,"FEDERAL EMPLOYEE"
"DOXYCYCLINE HYCLATE",,69,1.25,"MEDICARE D UNSPECIFIED"
"CIPROFLOXACIN HCL",OTOLARYNGOLOGY,78,17.00,"MEDICARE D UNSPECIFIED"
"OFLOXACIN (OTIC)","INTERNAL MEDICINE",44,35.00,"HMO - INDEPENDENT PRACTICE ASSOCIATION MODEL"
"CLINDAMYCIN HCL","FAMILY MEDICINE",59,13.98,"HMO - INDEPENDENT PRACTICE ASSOCIATION MODEL"
SULFAMETHOXAZOLE-TRIMETHOPRIM,"NURSE PRACTITIONER",40,4.00,EMPLOYER
"CLINDAMYCIN HCL","NURSE PRACTITIONER",27,3.00,"FEE FOR SERVICE MEDICAID"
AZITHROMYCIN,DENTIST,75,3.35,"GENERAL MEDICARE D PRESCRIPTION DRUG PROGRAM"
"AMOXICILLIN & POT CLAVULANATE",UROLOGY,74,3.35,"MEDICARE D UNSPECIFIED"
AMOXICILLIN,"NURSE PRACTITIONER",80,8.55,"GENERAL MEDICARE D PRESCRIPTION DRUG PROGRAM"
"CIPROFLOXACIN HCL","FAMILY MEDICINE",56,5.00,EMPLOYER
AZITHROMYCIN,"GENERAL PRACTICE",29,5.00,"HMO - INDEPENDENT PRACTICE ASSOCIATION MODEL"
AMPICILLIN,DENTIST,73,2.88,"EMPLOYER-SPONSORED PBM RETIREE PRESCRIPTION DRUG PROGRAM"
AMOXICILLIN,DENTIST,70,3.00,"MEDICARE D UNSPECIFIED"
AZITHROMYCIN,"NURSE PRACTITIONER",40,1.00,"FEE FOR SERVICE MEDICAID"
CEPHALEXIN,"PLASTIC SURGERY",74,1.96,"GENERAL MEDICARE D ADVANTAGE"
AZITHROMYCIN,"NURSE PRACTITIONER",58,16.55,"PHARMACY BENEFIT MANAGER"
AMOXICILLIN,DENTIST,66,1.00,"MEDICARE D UNSPECIFIED"
AMOXICILLIN,DENTIST,62,6.60,"HMO - COMBINATION MODEL"
SULFAMETHOXAZOLE-TRIMETHOPRIM,"FAMILY MEDICINE",30,0.01,"UNSPECIFIED PLAN"
AMOXICILLIN,DENTIST,19,12.18,"UNSPECIFIED PLAN"
CEPHALEXIN,"NURSE PRACTITIONER",41,3.35,"MEDICARE D UNSPECIFIED"
CEFDINIR,UROLOGY,70,5.00,"GENERAL MEDICARE D PRESCRIPTION DRUG PROGRAM"
"DOXYCYCLINE (MONOHYDRATE)","NURSE PRACTITIONER",21,10.80,"PREFERRED PROVIDER ORGANIZATION"
SULFAMETHOXAZOLE-TRIMETHOPRIM,"FAMILY MEDICINE",26,1.49,EMPLOYER
AMOXICILLIN,DENTISTRY/ENDODONTICS,37,4.00,"PBM BOOK OF BUSINESS - UNIDENTIFIED PLANS"
"MINOCYCLINE HCL",DERMATOLOGY,67,3.00,"MEDICARE D UNSPECIFIED"
AZITHROMYCIN,"NURSE PRACTITIONER",66,10.99,"DISCOUNT CARD PROGRAM"
"DOXYCYCLINE HYCLATE","FAMILY MEDICINE",58,62.69,"HMO - INDEPENDENT PRACTICE ASSOCIATION MODEL"
SULFAMETHOXAZOLE-TRIMETHOPRIM,"NURSE PRACTITIONER",74,2.00,"GENERAL MEDICARE D ADVANTAGE"
"PENICILLIN V POTASSIUM",DENTIST,60,10.55,"UNSPECIFIED PLAN"
CEPHALEXIN,UROLOGY,71,2.53,"MEDICARE D ADVANTAGE - PLAN SPECIFIC"
AMOXICILLIN,"FAMILY MEDICINE",8,26.53,EMPLOYER
AMOXICILLIN,"FAMILY MEDICINE",13,3.94,"PREFERRED PROVIDER ORGANIZATION"
SULFAMETHOXAZOLE-TRIMETHOPRIM,"PHYSICIAN ASSISTANT",52,1.00,"MANAGED MEDICAID/MEDICARE SUPPLEMENT/MEDIGAP/STATE ASSISTANCE"
"AMOXICILLIN & POT CLAVULANATE","PHYSICIAN ASSISTANT",35,55.60,CASH
SULFAMETHOXAZOLE-TRIMETHOPRIM,"OBSTETRICS & GYNECOLOGY",34,4.65,"STATE EMPLOYEES"
"AMOXICILLIN & POT CLAVULANATE","NURSE PRACTITIONER",25,5.90,"STATE EMPLOYEES"
"CEFPODOXIME PROXETIL","NURSE PRACTITIONER",85,40.94,"UNSPECIFIED PLAN"
"AMOXICILLIN & POT CLAVULANATE","PULMONARY DISEASE",50,19.50,"UNSPECIFIED PLAN"
"DOXYCYCLINE (MONOHYDRATE)","NURSE PRACTITIONER",58,1.93,"UNSPECIFIED PLAN"
AZITHROMYCIN,"NURSE PRACTITIONER",20,2.41,"PHARMACY BENEFIT MANAGER"
AMOXICILLIN,"MEDICAL ONCOLOGY",50,4.87,"PREFERRED PROVIDER ORGANIZATION"
"AMOXICILLIN & POT CLAVULANATE",PEDIATRICS,39,5.00,"STATE EMPLOYEES"
AMOXICILLIN,"FAMILY MEDICINE",59,6.27,"HEALTH INSURANCE EXCHANGE GENERAL"
"CIPROFLOXACIN HCL","INTERNAL MEDICINE",43,1.59,"HMO - INDEPENDENT PRACTICE ASSOCIATION MODEL"
"CEFUROXIME AXETIL","GENERAL PRACTICE",62,10.00,"PBM BOOK OF BUSINESS - UNIDENTIFIED PLANS"
SULFAMETHOXAZOLE-TRIMETHOPRIM,"INTERNAL MEDICINE",85,0.77,"MEDICARE D UNSPECIFIED"
"CIPROFLOXACIN HCL (OPHTH)",OPHTHALMOLOGY,75,110.16,"EMPLOYER-SPONSORED PBM RETIREE PRESCRIPTION DRUG PROGRAM"
AMOXICILLIN,"FAMILY MEDICINE",38,7.92,EMPLOYER
"DOXYCYCLINE HYCLATE",DERMATOLOGY,40,30.00,"HMO - COMBINATION MODEL"
SULFAMETHOXAZOLE-TRIMETHOPRIM,"EMERGENCY MEDICINE",13,20.00,"HMO - COMBINATION MODEL"
"AMOXICILLIN & POT CLAVULANATE","INTERNAL MEDICINE",40,92.79,CASH
AMOXICILLIN,"ORAL & MAXILLOFACIAL SURGERY",28,3.00,"FEE FOR SERVICE MEDICAID"
SULFAMETHOXAZOLE-TRIMETHOPRIM,"INTERNAL MEDICINE",17,0.01,CASH
AMOXICILLIN,DENTIST,49,4.39,"UNSPECIFIED PLAN"
AZITHROMYCIN,"INTERNAL MEDICINE",70,5.00,"MEDICARE D UNSPECIFIED"
"DOXYCYCLINE HYCLATE","PHYSICIAN ASSISTANT",60,11.96,EMPLOYER
CEPHALEXIN,PODIATRIST,15,2.04,"UNSPECIFIED PLAN"
AZITHROMYCIN,PSYCHIATRY,39,4.20,"PHARMACY BENEFIT MANAGER"
"ERYTHROMYCIN (OPHTH)",OPTOMETRIST,58,17.76,"HEALTH INSURANCE EXCHANGE HMO GENERAL"
CEPHALEXIN,"VASCULAR SURGERY",65,0.80,"HMO - INDEPENDENT PRACTICE ASSOCIATION MODEL"
CEPHALEXIN,DENTIST,67,1.94,"MEDICARE D UNSPECIFIED"
CEPHALEXIN,"NURSE PRACTITIONER",6,10.00,"UNSPECIFIED PLAN"
"DOXYCYCLINE HYCLATE","FAMILY MEDICINE",71,3.57,"GENERAL MEDICARE D ADVANTAGE"
AMOXICILLIN,PEDIATRICS,6,5.53,"PBM BOOK OF BUSINESS - UNIDENTIFIED PLANS"
SULFAMETHOXAZOLE-TRIMETHOPRIM,UROLOGY,67,1.25,"MEDICARE D UNSPECIFIED"
CEPHALEXIN,"EMERGENCY MEDICINE",19,5.22,"UNSPECIFIED PLAN"
AMOXICILLIN,DENTIST,63,4.41,"UNSPECIFIED PLAN"
CEPHALEXIN,"FAMILY MEDICINE",66,1.00,"MEDICARE D UNSPECIFIED"
"CIPROFLOXACIN HCL","INFECTIOUS DISEASE",73,20.00,"GENERAL MEDICARE D PRESCRIPTION DRUG PROGRAM"
AMOXICILLIN,"FAMILY MEDICINE",65,4.00,"UNSPECIFIED PLAN"
AMOXICILLIN,"CARDIOVASCULAR DISEASE",72,1.25,"GENERAL MEDICARE D PRESCRIPTION DRUG PROGRAM"
"AMOXICILLIN & POT CLAVULANATE","NURSE PRACTITIONER",68,10.00,"GENERAL MEDICARE D PRESCRIPTION DRUG PROGRAM"
CEPHALEXIN,"PHYSICIAN ASSISTANT",23,5.00,"PHARMACY BENEFIT MANAGER"
CEPHALEXIN,"NURSE PRACTITIONER",54,25.00,"HMO - COMBINATION MODEL"
"CIPROFLOXACIN HCL","INTERNAL MEDICINE",39,5.00,"PBM BOOK OF BUSINESS - UNIDENTIFIED PLANS"
"AMOXICILLIN & POT CLAVULANATE","PLASTIC SURGERY",61,5.00,"PBM BOOK OF BUSINESS - UNIDENTIFIED PLANS"
"GATIFLOXACIN (OPHTH)",OPTOMETRIST,33,10.00,"UNSPECIFIED PLAN"
CEPHALEXIN,"FAMILY MEDICINE",81,9.92,CASH
AMOXICILLIN,"INTERNAL MEDICINE",74,2.60,"MEDICARE D UNSPECIFIED"
AZITHROMYCIN,"FAMILY MEDICINE",72,1.34,"GENERAL MEDICARE D PRESCRIPTION DRUG PROGRAM"
SULFAMETHOXAZOLE-TRIMETHOPRIM,"NURSE PRACTITIONER",27,18.12,CASH
"CIPROFLOXACIN HCL","INTERNAL MEDICINE",69,3.87,"GENERAL MEDICARE D PRESCRIPTION DRUG PROGRAM"
"AMOXICILLIN & POT CLAVULANATE","FAMILY MEDICINE",85,4.39,"FEDERAL EMPLOYEE"
"AMOXICILLIN & POT CLAVULANATE","ORAL & MAXILLOFACIAL SURGERY",56,2.85,EMPLOYER
"DOXYCYCLINE HYCLATE","PHYSICIAN ASSISTANT",33,3.79,"PHARMACY BENEFIT MANAGER"
"DOXYCYCLINE HYCLATE","FAMILY MEDICINE",82,5.00,"GENERAL MEDICARE D PRESCRIPTION DRUG PROGRAM"
"DOXYCYCLINE (ROSACEA)","PHYSICIAN ASSISTANT",59,10.00,"UNSPECIFIED PLAN"
"DOXYCYCLINE HYCLATE","INTERNAL MEDICINE/PEDIATRICS",57,10.00,"PHARMACY BENEFIT MANAGER"
CEPHALEXIN,"FAMILY MEDICINE",76,15.00,"GENERAL MEDICARE D PRESCRIPTION DRUG PROGRAM"
LINEZOLID,"FAMILY MEDICINE",64,10.00,"PBM BOOK OF BUSINESS - UNIDENTIFIED PLANS"
SULFAMETHOXAZOLE-TRIMETHOPRIM,"FAMILY MEDICINE",70,1.70,"GENERAL MEDICARE D PRESCRIPTION DRUG PROGRAM"
"AMOXICILLIN & POT CLAVULANATE","GENERAL PRACTICE",68,3.40,"MEDICARE D UNSPECIFIED"
"AMOXICILLIN & POT CLAVULANATE","FAMILY MEDICINE",42,10.00,CASH
CEPHALEXIN,"FAMILY MEDICINE",65,3.35,"GENERAL MEDICARE D PRESCRIPTION DRUG PROGRAM"
AZITHROMYCIN,"PHYSICIAN ASSISTANT",25,6.59,"UNSPECIFIED PLAN"
AZITHROMYCIN,"NURSE PRACTITIONER",58,4.22,"HEALTH INSURANCE EXCHANGE HMO GENERAL"
"AMOXICILLIN & POT CLAVULANATE","NURSE PRACTITIONER",49,9.42,"PHARMACY BENEFIT MANAGER"
"DOXYCYCLINE HYCLATE","PHYSICIAN ASSISTANT",32,9.88,"PREFERRED PROVIDER ORGANIZATION"
CEFDINIR,"PHYSICIAN ASSISTANT",3,10.00,"PHARMACY BENEFIT MANAGER"
"PENICILLIN V POTASSIUM",HOSPITALIST,39,1.50,"FEE FOR SERVICE MEDICAID"
"CLINDAMYCIN HCL",DERMATOLOGY,67,2.11,"PBM BOOK OF BUSINESS - UNIDENTIFIED PLANS"
CIPROFLOXACIN-DEXAMETHASONE,"NURSE PRACTITIONER",48,21.50,EMPLOYER
AZITHROMYCIN,"FAMILY MEDICINE",41,6.71,"HEALTH INSURANCE EXCHANGE GENERAL"
"CEFUROXIME AXETIL","INTERNAL MEDICINE",75,1.25,"MEDICARE D ADVANTAGE - PLAN SPECIFIC"
AMOXICILLIN,PEDIATRICS,1,5.52,"PHARMACY BENEFIT MANAGER"
CLARITHROMYCIN,"NURSE PRACTITIONER",20,30.00,"PREFERRED PROVIDER ORGANIZATION"
"POLYMYXIN B-TRIMETHOPRIM",OPHTHALMOLOGY,30,4.30,"DISCOUNT CARD PROGRAM"
AZITHROMYCIN,"INTERNAL MEDICINE",71,7.83,EMPLOYER
AZITHROMYCIN,"FAMILY MEDICINE",62,3.92,"PHARMACY BENEFIT MANAGER"
AMOXICILLIN,DENTIST,65,12.31,CASH
AMOXICILLIN,"NURSE PRACTITIONER",35,14.49,"THIRD PARTY ADMINISTRATOR"
AMOXICILLIN,"NURSE PRACTITIONER",25,5.00,"HEALTH INSURANCE EXCHANGE GENERAL"
SULFAMETHOXAZOLE-TRIMETHOPRIM,"FAMILY MEDICINE",23,10.54,CASH
"DOXYCYCLINE HYCLATE","FAMILY MEDICINE",39,10.00,"UNSPECIFIED PLAN"
CEPHALEXIN,"EMERGENCY MEDICINE",25,1.30,"FEE FOR SERVICE MEDICAID"
AMOXICILLIN,"CARDIOVASCULAR DISEASE",76,2.00,"GENERAL MEDICARE D PRESCRIPTION DRUG PROGRAM"
AMOXICILLIN,"EMERGENCY MEDICINE",1,8.28,CASH
"CLINDAMYCIN HCL","NURSE PRACTITIONER",65,1.00,"GENERAL MEDICARE D ADVANTAGE"
"AMOXICILLIN & POT CLAVULANATE","INFECTIOUS DISEASE",31,6.40,EMPLOYER
AZITHROMYCIN,DENTIST,63,1.25,"GENERAL MEDICARE D PRESCRIPTION DRUG PROGRAM"
AZITHROMYCIN,"FAMILY MEDICINE",58,9.62,"PBM BOOK OF BUSINESS - UNIDENTIFIED PLANS"
"MINOCYCLINE HCL","PHYSICIAN ASSISTANT",13,17.47,"UNSPECIFIED PLAN"
"CLINDAMYCIN HCL",DENTIST,53,1.34,EMPLOYER
"AMOXICILLIN & POT CLAVULANATE","NEUROLOGICAL SURGERY",51,9.79,"PREFERRED PROVIDER ORGANIZATION"
AZITHROMYCIN,"INTERNAL MEDICINE",85,1.40,"GENERAL MEDICARE D PRESCRIPTION DRUG PROGRAM"
AMOXICILLIN,"NURSE PRACTITIONER",12,4.21,"PHARMACY BENEFIT MANAGER"
AZITHROMYCIN,"FAMILY MEDICINE",78,10.00,"GENERAL MEDICARE D PRESCRIPTION DRUG PROGRAM"
CEPHALEXIN,"FAMILY MEDICINE",71,2.00,"MEDICARE D UNSPECIFIED"
AMOXICILLIN,"NURSE PRACTITIONER",2,0.01,CASH
AZITHROMYCIN,"PHYSICIAN ASSISTANT",24,1.00,"MANAGED MEDICAID/MEDICARE SUPPLEMENT/MEDIGAP/STATE ASSISTANCE"
AZITHROMYCIN,PEDIATRICS,16,7.93,EMPLOYER
"DOXYCYCLINE HYCLATE",PODIATRIST,66,17.96,"UNSPECIFIED PLAN"
CEPHALEXIN,UROLOGY,66,3.35,"GENERAL MEDICARE D SPECIAL NEEDS PLAN"
"CLINDAMYCIN HCL","PLASTIC SURGERY",49,4.05,"UNSPECIFIED PLAN"
CEPHALEXIN,"NURSE PRACTITIONER",23,2.49,EMPLOYER
AMOXICILLIN,"FAMILY MEDICINE",26,1.00,"MANAGED MEDICAID/MEDICARE SUPPLEMENT/MEDIGAP/STATE ASSISTANCE"
"PENICILLIN V POTASSIUM",DENTIST,73,1.25,"MEDICARE D UNSPECIFIED"
"METRONIDAZOLE VAGINAL","OBSTETRICS & GYNECOLOGY",43,35.00,"PREFERRED PROVIDER ORGANIZATION"
AZITHROMYCIN,"FAMILY MEDICINE",63,0.45,"PREFERRED PROVIDER ORGANIZATION"
"MINOCYCLINE HCL","FAMILY MEDICINE",15,46.41,CASH
"CIPROFLOXACIN HCL","DIAGNOSTIC RADIOLOGY",51,7.74,"DISCOUNT CARD PROGRAM"
AMOXICILLIN,"EMERGENCY MEDICINE",1,4.12,"PHARMACY BENEFIT MANAGER"
"CIPROFLOXACIN HCL","FAMILY MEDICINE",85,2.53,"MEDICARE D UNSPECIFIED"
"DOXYCYCLINE (ROSACEA)","INTERNAL MEDICINE",50,15.00,"UNSPECIFIED PLAN"
SULFAMETHOXAZOLE-TRIMETHOPRIM,"PHYSICIAN ASSISTANT",36,5.52,"FEDERAL EMPLOYEE"
AMOXICILLIN,"ORAL & MAXILLOFACIAL SURGERY",7,0.01,CASH
"DOXYCYCLINE (ROSACEA)","PHYSICIAN ASSISTANT",48,75.00,"COUPON/VOUCHER PROGRAM"
"PENICILLIN V POTASSIUM","ADDICTION MEDICINE",27,1.00,"MANAGED MEDICAID/MEDICARE SUPPLEMENT/MEDIGAP/STATE ASSISTANCE"
SULFAMETHOXAZOLE-TRIMETHOPRIM,NEPHROLOGY,53,6.59,"UNSPECIFIED PLAN"
AZITHROMYCIN,"NURSE PRACTITIONER",28,1.31,"UNSPECIFIED PLAN"
AZITHROMYCIN,"NURSE PRACTITIONER",31,6.53,"UNSPECIFIED PLAN"
AZITHROMYCIN,"GENERAL PRACTICE",22,5.00,"MANAGED MEDICAID/MEDICARE SUPPLEMENT/MEDIGAP/STATE ASSISTANCE"
"DOXYCYCLINE HYCLATE","FAMILY MEDICINE",41,16.43,"UNSPECIFIED PLAN"
AMOXICILLIN,"INTERNAL MEDICINE",41,0.01,CASH
AMOXICILLIN,DENTIST,48,0.01,EMPLOYER
"AMOXICILLIN & POT CLAVULANATE","NURSE PRACTITIONER",61,17.24,"UNSPECIFIED PLAN"
AZITHROMYCIN,"NURSE PRACTITIONER",50,11.79,"UNSPECIFIED PLAN"
AMOXICILLIN,NEPHROLOGY,68,3.04,"GENERAL MEDICARE D PRESCRIPTION DRUG PROGRAM"
"AMOXICILLIN & POT CLAVULANATE",PEDIATRICS,22,4.79,EMPLOYER
CEFDINIR,"NURSE PRACTITIONER",2,15.00,"PBM BOOK OF BUSINESS - UNIDENTIFIED PLANS"
"PENICILLIN V POTASSIUM","PHYSICIAN ASSISTANT",26,4.55,"UNSPECIFIED PLAN"
"AMOXICILLIN & POT CLAVULANATE","PHYSICIAN ASSISTANT",85,7.71,"GENERAL MEDICARE D ADVANTAGE"
"DOXYCYCLINE HYCLATE","PHYSICIAN ASSISTANT",65,4.00,EMPLOYER
AZITHROMYCIN,"PHYSICIAN ASSISTANT",59,4.42,"PHARMACY BENEFIT MANAGER"
SULFAMETHOXAZOLE-TRIMETHOPRIM,"PHYSICIAN ASSISTANT",47,1.94,"HMO - NETWORK MODEL"
"PENICILLIN V POTASSIUM","ORAL & MAXILLOFACIAL SURGERY",71,6.65,"GENERAL MEDICARE D ADVANTAGE"
CEPHALEXIN,"EMERGENCY MEDICINE",85,2.45,"GENERAL MEDICARE D PRESCRIPTION DRUG PROGRAM"
"PENICILLIN V POTASSIUM",DENTIST,46,0.01,EMPLOYER
AZITHROMYCIN,"PHYSICIAN ASSISTANT",62,3.35,"MEDICARE D UNSPECIFIED"
"CEFPODOXIME PROXETIL","FAMILY MEDICINE",85,3.35,"GENERAL MEDICARE D PRESCRIPTION DRUG PROGRAM"
LINEZOLID,"MEDICAL ONCOLOGY",62,194.11,"MEDICARE D UNSPECIFIED"
AZITHROMYCIN,DENTIST,58,6.21,"PREFERRED PROVIDER ORGANIZATION"
SULFAMETHOXAZOLE-TRIMETHOPRIM,"PHYSICIAN ASSISTANT",49,1.00,"MANAGED MEDICAID/MEDICARE SUPPLEMENT/MEDIGAP/STATE ASSISTANCE"
"CEFUROXIME AXETIL","GENERAL PRACTICE",85,10.00,"MEDICARE D UNSPECIFIED"
"AMOXICILLIN & POT CLAVULANATE","ORAL & MAXILLOFACIAL SURGERY",59,14.80,"GENERAL MEDICARE D ADVANTAGE"
SULFAMETHOXAZOLE-TRIMETHOPRIM,UROLOGY,85,6.99,"GENERAL MEDICARE D PRESCRIPTION DRUG PROGRAM"
AMOXICILLIN,"FAMILY MEDICINE",68,6.82,"PHARMACY BENEFIT MANAGER"
AMOXICILLIN,DENTIST,76,0.22,"MEDICARE D UNSPECIFIED"
AMOXICILLIN,"INTERNAL MEDICINE",70,2.23,"MEDICARE D UNSPECIFIED"
AZITHROMYCIN,"NURSE PRACTITIONER",6,15.00,"PHARMACY BENEFIT MANAGER"
"SULFACETAMIDE SODIUM (OPHTH)","PHYSICIAN ASSISTANT",23,5.00,EMPLOYER
"AMOXICILLIN & POT CLAVULANATE","FAMILY MEDICINE",55,7.78,"HMO - NETWORK MODEL"
CEPHALEXIN,DENTIST,60,2.30,"PBM BOOK OF BUSINESS - UNIDENTIFIED PLANS"
CEPHALEXIN,"GENERAL PRACTICE",31,14.10,CASH
"AMOXICILLIN & POT CLAVULANATE","INFECTIOUS DISEASE",77,2.00,"MEDICARE D UNSPECIFIED"
CEFDINIR,PEDIATRICS,12,11.00,"UNSPECIFIED PLAN"
AMOXICILLIN,"PHYSICIAN ASSISTANT",29,2.97,"UNSPECIFIED PLAN"
CEPHALEXIN,PEDIATRICS,5,2.93,EMPLOYER
"AMOXICILLIN & POT CLAVULANATE",ANESTHESIOLOGY,35,12.52,"UNSPECIFIED PLAN"
SULFAMETHOXAZOLE-TRIMETHOPRIM,PEDIATRICS,19,9.95,CASH
"CEFPODOXIME PROXETIL","INTERNAL MEDICINE",85,16.99,"GENERAL MEDICARE D PRESCRIPTION DRUG PROGRAM"
CEPHALEXIN,"GERIATRIC MEDICINE (INTERNAL MEDICINE)",82,2.18,"MEDICARE D UNSPECIFIED"
"AMOXICILLIN & POT CLAVULANATE","NURSE PRACTITIONER",48,0.65,"FEE FOR SERVICE MEDICAID"
AZITHROMYCIN,"FAMILY MEDICINE",20,3.51,"PHARMACY BENEFIT MANAGER"
CEFDINIR,PEDIATRICS,2,10.16,EMPLOYER
"AMOXICILLIN & POT CLAVULANATE","FAMILY MEDICINE",55,5.00,"HMO - INDEPENDENT PRACTICE ASSOCIATION MODEL"
AZITHROMYCIN,"FAMILY MEDICINE",51,1.00,"MANAGED MEDICAID/MEDICARE SUPPLEMENT/MEDIGAP/STATE ASSISTANCE"
"METRONIDAZOLE VAGINAL","OBSTETRICS & GYNECOLOGY",21,1.00,"MANAGED MEDICAID/MEDICARE SUPPLEMENT/MEDIGAP/STATE ASSISTANCE"
"BESIFLOXACIN HCL",OPHTHALMOLOGY,64,50.00,"GENERAL MEDICARE D ADVANTAGE"
AZITHROMYCIN,"INTERNAL MEDICINE",82,3.91,"GENERAL MEDICARE D PRESCRIPTION DRUG PROGRAM"
"AMOXICILLIN & POT CLAVULANATE","GENERAL PRACTICE",29,17.01,"DISCOUNT CARD PROGRAM"
AMOXICILLIN,"EMERGENCY MEDICINE",33,9.21,CASH
"AMOXICILLIN & POT CLAVULANATE","NURSE PRACTITIONER",42,38.98,CASH
AZITHROMYCIN,"FAMILY MEDICINE",47,2.00,"GENERAL MEDICARE D ADVANTAGE"
AMOXICILLIN,DENTIST,30,1.00,"FEE FOR SERVICE MEDICAID"
CEPHALEXIN,"ORAL & MAXILLOFACIAL SURGERY",39,17.47,"UNSPECIFIED PLAN"
"DOXYCYCLINE HYCLATE","PHYSICIAN ASSISTANT",78,39.68,"GENERAL MEDICARE D PRESCRIPTION DRUG PROGRAM"
"CLINDAMYCIN HCL","FAMILY MEDICINE",65,12.26,"MEDICARE D UNSPECIFIED"
LEVOFLOXACIN,"MEDICAL ONCOLOGY",66,6.43,"HEALTH INSURANCE EXCHANGE HMO GENERAL"
"AMOXICILLIN & POT CLAVULANATE","INTERNAL MEDICINE",67,3.35,"MEDICARE D UNSPECIFIED"
AMOXICILLIN,"GENERAL SURGERY",36,7.36,"DISCOUNT CARD PROGRAM"
AZITHROMYCIN,PEDIATRICS,6,20.00,"UNSPECIFIED PLAN"
AMOXICILLIN,"EMERGENCY MEDICINE",65,0.01,CASH
AMOXICILLIN,"FAMILY MEDICINE",3,7.67,"UNSPECIFIED PLAN"
"CIPROFLOXACIN HCL","FAMILY MEDICINE",81,1.00,"MEDICARE D UNSPECIFIED"
LEVOFLOXACIN,"FAMILY MEDICINE",41,2.14,"UNSPECIFIED PLAN"
"CLINDAMYCIN HCL","FAMILY MEDICINE",80,4.00,"MEDICARE D UNSPECIFIED"
AMOXICILLIN,DENTIST,85,10.32,CASH
"DOXYCYCLINE HYCLATE","NURSE PRACTITIONER",34,3.65,"FEE FOR SERVICE MEDICAID"
"CIPROFLOXACIN-FLUOCINOLONE ACETONIDE",OTOLARYNGOLOGY,3,107.57,"UNSPECIFIED PLAN"
CEPHALEXIN,"GENERAL PRACTICE",59,1.00,"MANAGED MEDICAID/MEDICARE SUPPLEMENT/MEDIGAP/STATE ASSISTANCE"
AMOXICILLIN,"ORAL & MAXILLOFACIAL SURGERY",16,7.83,"UNSPECIFIED PLAN"
"AMOXICILLIN & POT CLAVULANATE","INTERNAL MEDICINE",48,5.19,"UNSPECIFIED PLAN"
"CIPROFLOXACIN HCL","EMERGENCY MEDICINE",43,1.50,"FEE FOR SERVICE MEDICAID"
SULFAMETHOXAZOLE-TRIMETHOPRIM,"INTERNAL MEDICINE",70,2.00,"MEDICARE D UNSPECIFIED"
LEVOFLOXACIN,"INTERNAL MEDICINE",82,80.56,CASH
"CIPROFLOXACIN HCL","RADIATION ONCOLOGY",79,3.35,"MEDICARE D UNSPECIFIED"
"METRONIDAZOLE VAGINAL",GYNECOLOGY,53,10.00,"PBM BOOK OF BUSINESS - UNIDENTIFIED PLANS"
"MINOCYCLINE HCL","FAMILY MEDICINE",15,41.54,"PBM BOOK OF BUSINESS - UNIDENTIFIED PLANS"
AMOXICILLIN,"INTERNAL MEDICINE",39,0.01,"FEDERAL EMPLOYEE"
CEPHALEXIN,"FAMILY MEDICINE",79,3.01,"HMO - INDEPENDENT PRACTICE ASSOCIATION MODEL"
"CLINDAMYCIN PALMITATE HYDROCHLORIDE","NURSE PRACTITIONER",1,22.17,"HMO - COMBINATION MODEL"
"CLINDAMYCIN HCL","ORTHOPEDIC SURGERY",72,2.62,"GENERAL MEDICARE D PRESCRIPTION DRUG PROGRAM"
"DOXYCYCLINE (MONOHYDRATE)","PHYSICIAN ASSISTANT",50,10.00,EMPLOYER
AZITHROMYCIN,"NURSE PRACTITIONER",71,4.00,"GENERAL MEDICARE D ADVANTAGE"
"AMOXICILLIN & POT CLAVULANATE",GASTROENTEROLOGY,85,10.00,EMPLOYER
"DOXYCYCLINE HYCLATE",DERMATOLOGY,53,10.00,"UNSPECIFIED PLAN"
"TOBRAMYCIN (OPHTH)","FAMILY MEDICINE",40,7.51,CASH
"AMOXICILLIN & POT CLAVULANATE","NURSE PRACTITIONER",85,6.70,"GENERAL MEDICARE D PRESCRIPTION DRUG PROGRAM"
SULFAMETHOXAZOLE-TRIMETHOPRIM,PODIATRIST,85,16.19,"PHARMACY BENEFIT MANAGER"
LEVOFLOXACIN,"FAMILY MEDICINE",72,5.10,"MEDICARE D UNSPECIFIED"
"NEOMYCIN-POLYMYXIN-HC (OTIC)","NURSE PRACTITIONER",45,33.65,"PHARMACY BENEFIT MANAGER"
CEPHALEXIN,"FAMILY MEDICINE",82,4.55,"STATE EMPLOYEES"
"NEOMYCIN-POLYMYXIN-HC (OTIC)","FAMILY MEDICINE",42,15.00,"PHARMACY BENEFIT MANAGER"
"POLYMYXIN B-TRIMETHOPRIM","PHYSICIAN ASSISTANT",21,17.50,CASH
AZITHROMYCIN,"PHYSICIAN ASSISTANT",35,1.50,"FEE FOR SERVICE MEDICAID"
AMOXICILLIN,"NURSE PRACTITIONER",20,9.21,CASH
"CLINDAMYCIN HCL","NURSE PRACTITIONER",57,10.00,"UNSPECIFIED PLAN"
CEPHALEXIN,"PHYSICIAN ASSISTANT",21,1.63,"HMO - NETWORK MODEL"
CEPHALEXIN,"EMERGENCY MEDICINE",85,3.35,"MEDICARE D UNSPECIFIED"
CEPHALEXIN,HOSPITALIST,65,5.60,"UNSPECIFIED PLAN"
AMOXICILLIN,"NURSE PRACTITIONER",62,4.00,EMPLOYER
"CIPROFLOXACIN HCL","GERIATRIC MEDICINE (FAMILY MEDICINE)",85,2.00,"MEDICARE D UNSPECIFIED"
CEPHALEXIN,"FAMILY MEDICINE",70,5.00,"MEDICARE D UNSPECIFIED"
AMOXICILLIN,DENTIST,39,3.41,EMPLOYER
AMOXICILLIN,"EMERGENCY MEDICINE",5,0.01,CASH
AZITHROMYCIN,"PHYSICIAN ASSISTANT",19,6.91,"PREFERRED PROVIDER ORGANIZATION"
AMOXICILLIN,DENTIST,72,1.33,"GENERAL MEDICARE D PRESCRIPTION DRUG PROGRAM"
"CLINDAMYCIN HCL","FAMILY MEDICINE",37,1.00,"MANAGED MEDICAID"
"AMOXICILLIN & POT CLAVULANATE","EMERGENCY MEDICINE",24,10.00,"PBM BOOK OF BUSINESS - UNIDENTIFIED PLANS"
LEVOFLOXACIN,"FAMILY MEDICINE",68,2.80,"EMPLOYER-SPONSORED PBM RETIREE PRESCRIPTION DRUG PROGRAM"
AZITHROMYCIN,"FAMILY MEDICINE",76,2.00,"GENERAL MEDICARE D ADVANTAGE"
AZITHROMYCIN,"FAMILY MEDICINE",32,1.00,"MANAGED MEDICAID/MEDICARE SUPPLEMENT/MEDIGAP/STATE ASSISTANCE"
"POLYMYXIN B-TRIMETHOPRIM","PHYSICIAN ASSISTANT",37,3.39,"FEDERAL EMPLOYEE"
"DOXYCYCLINE HYCLATE",,19,22.44,"DISCOUNT CARD PROGRAM"
CEPHALEXIN,"EMERGENCY MEDICINE",62,2.84,"HEALTH INSURANCE EXCHANGE HMO GENERAL"
LEVOFLOXACIN,"COLON & RECTAL SURGERY",47,5.22,"FEDERAL EMPLOYEE"
"PENICILLIN V POTASSIUM","ORAL & MAXILLOFACIAL SURGERY",74,4.00,"GENERAL MEDICARE D PRESCRIPTION DRUG PROGRAM"
"OFLOXACIN (OPHTH)","PHYSICIAN ASSISTANT",6,10.00,"HMO - INDEPENDENT PRACTICE ASSOCIATION MODEL"
AMOXICILLIN,DENTIST,68,9.98,"GENERAL MEDICARE D PRESCRIPTION DRUG PROGRAM"
CEFDINIR,"NURSE PRACTITIONER",4,70.02,"PHARMACY BENEFIT MANAGER"
"AMOXICILLIN & POT CLAVULANATE","PHYSICIAN ASSISTANT",26,0.75,"PREFERRED PROVIDER ORGANIZATION"
AZITHROMYCIN,"ORTHOPEDIC SURGERY",18,9.74,"PREFERRED PROVIDER ORGANIZATION"
AMOXICILLIN,DENTIST,73,9.21,CASH
AMOXICILLIN,"FAMILY MEDICINE",70,1.00,"MEDICARE D UNSPECIFIED"
"MINOCYCLINE HCL",PEDIATRICS,15,10.00,"UNSPECIFIED PLAN"
"DOXYCYCLINE HYCLATE",DERMATOLOGY,52,9.20,"PHARMACY BENEFIT MANAGER"
AZITHROMYCIN,"FAMILY MEDICINE",6,12.00,"PHARMACY BENEFIT MANAGER"
AMOXICILLIN,"PHYSICIAN ASSISTANT",26,3.27,"UNSPECIFIED PLAN"
AMOXICILLIN,DENTIST,47,2.25,EMPLOYER
AZITHROMYCIN,"NURSE PRACTITIONER",61,2.76,"UNSPECIFIED PLAN"
"ERYTHROMYCIN (OPHTH)","DERMATOLOGIC SURGERY",44,10.00,"HMO - GROUP PRACTICE MODEL"
"PENICILLIN V POTASSIUM","FAMILY MEDICINE",27,10.00,"UNSPECIFIED PLAN"
"MOXIFLOXACIN HCL (OPHTH)",OPHTHALMOLOGY,76,1.25,"GENERAL MEDICARE D SPECIAL NEEDS PLAN"
"DOXYCYCLINE HYCLATE","FAMILY MEDICINE",70,16.50,"MEDICARE D UNSPECIFIED"
AZITHROMYCIN,"NURSE PRACTITIONER",51,10.99,"DISCOUNT CARD PROGRAM"
AMOXICILLIN,PEDIATRICS,9,5.42,"PHARMACY BENEFIT MANAGER"
CEFDINIR,"NURSE PRACTITIONER",66,1.74,"FEDERAL EMPLOYEE"
AMOXICILLIN,"NURSE PRACTITIONER",85,3.77,"GENERAL MEDICARE D PRESCRIPTION DRUG PROGRAM"
AZITHROMYCIN,"NURSE PRACTITIONER",73,2.61,"GENERAL MEDICARE D ADVANTAGE"
SULFAMETHOXAZOLE-TRIMETHOPRIM,OTOLARYNGOLOGY,58,2.00,EMPLOYER
"AMOXICILLIN & POT CLAVULANATE","PHYSICIAN ASSISTANT",48,14.66,"DISCOUNT CARD PROGRAM"
"DOXYCYCLINE HYCLATE","OBSTETRICS & GYNECOLOGY",38,16.00,"STATE EMPLOYEES"
SULFAMETHOXAZOLE-TRIMETHOPRIM,"HOSPICE & PALLIATIVE MEDICINE",76,1.19,"GENERAL MEDICARE D ADVANTAGE"
"AMOXICILLIN & POT CLAVULANATE","NURSE PRACTITIONER",32,6.21,"THIRD PARTY ADMINISTRATOR"
AZITHROMYCIN,"NURSE PRACTITIONER",60,5.58,"HEALTH INSURANCE EXCHANGE GENERAL"
AMOXICILLIN,"EMERGENCY MEDICINE",34,19.16,"DISCOUNT CARD PROGRAM"
"POLYMYXIN B-TRIMETHOPRIM",PEDIATRICS,3,12.00,"UNSPECIFIED PLAN"
CEPHALEXIN,DENTIST,45,5.00,"UNSPECIFIED PLAN"
AMOXICILLIN,DENTIST,59,1.00,"MANAGED MEDICAID/MEDICARE SUPPLEMENT/MEDIGAP/STATE ASSISTANCE"
CEPHALEXIN,PEDIATRICS,18,3.00,"UNSPECIFIED PLAN"
"DOXYCYCLINE HYCLATE","PHYSICIAN ASSISTANT",36,10.00,EMPLOYER
"DOXYCYCLINE (MONOHYDRATE)","FAMILY MEDICINE",74,6.39,"GENERAL MEDICARE D PRESCRIPTION DRUG PROGRAM"
AZITHROMYCIN,"NURSE PRACTITIONER",41,9.92,"HMO - INDEPENDENT PRACTICE ASSOCIATION MODEL"
AMOXICILLIN,"PHYSICIAN ASSISTANT",4,12.06,CASH
AMOXICILLIN,"FAMILY MEDICINE",2,4.00,EMPLOYER
AMOXICILLIN,"FAMILY MEDICINE",7,5.83,"PREFERRED PROVIDER ORGANIZATION"
"OFLOXACIN (OPHTH)",OPHTHALMOLOGY,52,5.00,"PHARMACY BENEFIT MANAGER"
CEFDINIR,PEDIATRICS,13,15.00,EMPLOYER
"CIPROFLOXACIN HCL","INTERNAL MEDICINE",52,2.80,"UNSPECIFIED PLAN"
CIPROFLOXACIN-DEXAMETHASONE,PEDIATRICS,15,35.00,"UNSPECIFIED PLAN"
"AMOXICILLIN & POT CLAVULANATE","NURSE PRACTITIONER",85,5.93,"GENERAL MEDICARE D PRESCRIPTION DRUG PROGRAM"
"AMOXICILLIN & POT CLAVULANATE","FAMILY MEDICINE",72,8.29,"GENERAL MEDICARE D ADVANTAGE"
AZITHROMYCIN,"PHYSICIAN ASSISTANT",71,7.24,"GENERAL MEDICARE D PRESCRIPTION DRUG PROGRAM"
"AMOXICILLIN & POT CLAVULANATE","ALLERGY & IMMUNOLOGY",42,10.00,"HMO - NETWORK MODEL"
AMOXICILLIN,"NURSE PRACTITIONER",5,8.08,"HMO - INDEPENDENT PRACTICE ASSOCIATION MODEL"
"DOXYCYCLINE HYCLATE",OTOLARYNGOLOGY,38,5.00,EMPLOYER
"DOXYCYCLINE (MONOHYDRATE)","NURSE PRACTITIONER",48,13.06,"STATE EMPLOYEES"
"CIPROFLOXACIN HCL (OPHTH)",OPHTHALMOLOGY,62,3.35,"GENERAL MEDICARE D SPECIAL NEEDS PLAN"
AMOXICILLIN,"PHYSICIAN ASSISTANT",65,3.16,"FEDERAL EMPLOYEE"
AMOXICILLIN,"NURSE PRACTITIONER",27,3.83,"UNSPECIFIED PLAN"
LEVOFLOXACIN,"EMERGENCY MEDICINE",71,4.53,"GENERAL MEDICARE D PRESCRIPTION DRUG PROGRAM"
"CIPROFLOXACIN HCL","PHYSICIAN ASSISTANT",75,2.56,"GENERAL MEDICARE D ADVANTAGE"
AZITHROMYCIN,"INTERNAL MEDICINE",39,10.00,"PHARMACY BENEFIT MANAGER"
AMOXICILLIN,"NURSE PRACTITIONER",7,6.69,"PHARMACY BENEFIT MANAGER"
SULFAMETHOXAZOLE-TRIMETHOPRIM,"EMERGENCY MEDICINE",47,1.58,"UNSPECIFIED PLAN"
"OFLOXACIN (OPHTH)",OPHTHALMOLOGY,79,12.00,"MEDICARE D UNSPECIFIED"
AZITHROMYCIN,"NURSE PRACTITIONER",62,19.23,"PBM BOOK OF BUSINESS - UNIDENTIFIED PLANS"
"CIPROFLOXACIN HCL","PHYSICIAN ASSISTANT",85,2.10,"EMPLOYER-SPONSORED PBM RETIREE PRESCRIPTION DRUG PROGRAM"
"AMOXICILLIN & POT CLAVULANATE","NURSE PRACTITIONER",24,9.60,"HMO - NETWORK MODEL"
AMOXICILLIN,PEDIATRICS,16,5.60,EMPLOYER
AMOXICILLIN,"FAMILY MEDICINE",15,9.99,CASH
AMOXICILLIN,"NURSE PRACTITIONER",4,7.15,"FEDERAL EMPLOYEE"
"AMOXICILLIN & POT CLAVULANATE","FAMILY MEDICINE",43,8.50,"PHARMACY BENEFIT MANAGER"
AMOXICILLIN,OTOLARYNGOLOGY,60,15.00,"UNSPECIFIED PLAN"
AMOXICILLIN,DENTIST,85,1.00,"GENERAL MEDICARE D ADVANTAGE"
AZITHROMYCIN,"NURSE PRACTITIONER",63,1.00,"GENERAL MEDICARE D ADVANTAGE"
"DOXYCYCLINE HYCLATE","FAMILY MEDICINE",64,3.40,"GENERAL MEDICARE D ADVANTAGE"
AZITHROMYCIN,"PHYSICIAN ASSISTANT",43,1.62,"MEDICARE D UNSPECIFIED"
"CEFUROXIME AXETIL","FAMILY MEDICINE",67,3.40,"MEDICARE D UNSPECIFIED"
"TOBRAMYCIN (OPHTH)","NURSE PRACTITIONER",68,12.00,"GENERAL MEDICARE D ADVANTAGE"
AZITHROMYCIN,"FAMILY MEDICINE",60,3.00,"GENERAL MEDICARE D ADVANTAGE"
"DOXYCYCLINE HYCLATE",PODIATRIST,74,5.87,"UNSPECIFIED PLAN"
AMOXICILLIN,DENTIST,76,1.48,"GENERAL MEDICARE D PRESCRIPTION DRUG PROGRAM"
AMOXICILLIN,"ORAL & MAXILLOFACIAL SURGERY",85,0.55,"STATE EMPLOYEES"
AZITHROMYCIN,"NURSE PRACTITIONER",30,7.58,"FEDERAL EMPLOYEE"
LEVOFLOXACIN,"INTERNAL MEDICINE",57,2.03,"STATE EMPLOYEES"
"CIPROFLOXACIN HCL","NURSE PRACTITIONER",54,20.74,CASH
"DOXYCYCLINE (MONOHYDRATE)","ORTHOPEDIC SURGERY",57,15.00,"UNSPECIFIED PLAN"
"CLINDAMYCIN HCL","INTERNAL MEDICINE",79,2.00,"UNSPECIFIED PLAN"
"CIPROFLOXACIN HCL","INTERNAL MEDICINE",67,5.43,"GENERAL MEDICARE D PRESCRIPTION DRUG PROGRAM"
"AMOXICILLIN & POT CLAVULANATE","ORAL & MAXILLOFACIAL SURGERY",78,7.84,"PHARMACY BENEFIT MANAGER"
"AMOXICILLIN & POT CLAVULANATE","INTERNAL MEDICINE",55,9.14,"UNSPECIFIED PLAN"
AMOXICILLIN,DENTIST,28,1.00,"MANAGED MEDICAID/MEDICARE SUPPLEMENT/MEDIGAP/STATE ASSISTANCE"
"MOXIFLOXACIN HCL (OPHTH)",OPHTHALMOLOGY,64,36.19,"UNSPECIFIED PLAN"
CEFDINIR,"THORACIC SURGERY",11,20.00,"UNSPECIFIED PLAN"
"CIPROFLOXACIN HCL","FAMILY MEDICINE",82,15.00,"MEDICARE D UNSPECIFIED"
CEPHALEXIN,"PHYSICIAN ASSISTANT",52,1.00,"MANAGED MEDICAID/MEDICARE SUPPLEMENT/MEDIGAP/STATE ASSISTANCE"
AZITHROMYCIN,"NURSE PRACTITIONER",77,7.00,"PHARMACY BENEFIT MANAGER"
"CEFTRIAXONE SODIUM","FAMILY MEDICINE",52,1.00,"UNSPECIFIED PLAN"
"CIPROFLOXACIN HCL","FAMILY MEDICINE",51,8.19,"PHARMACY BENEFIT MANAGER"
"CEFUROXIME AXETIL",HOSPITALIST,64,3.40,"GENERAL MEDICARE D PRESCRIPTION DRUG PROGRAM"
"CLINDAMYCIN HCL",PODIATRIST,77,4.00,"MEDICARE D UNSPECIFIED"
"SARECYCLINE HCL",DERMATOLOGY,14,1042.01,"STATE EMPLOYEES"
AMOXICILLIN,"NURSE PRACTITIONER",59,3.34,"STATE EMPLOYEES"
AZITHROMYCIN,"FAMILY MEDICINE",3,10.00,EMPLOYER
"AMOXICILLIN & POT CLAVULANATE",GASTROENTEROLOGY,62,10.00,"HMO - INDEPENDENT PRACTICE ASSOCIATION MODEL"
"AMOXICILLIN & POT CLAVULANATE",DENTIST,42,56.08,CASH
"AMOXICILLIN & POT CLAVULANATE","EMERGENCY MEDICINE",28,1.50,"FEE FOR SERVICE MEDICAID"
AZITHROMYCIN,"INTERNAL MEDICINE",85,12.10,"PBM BOOK OF BUSINESS - UNIDENTIFIED PLANS"
"DOXYCYCLINE HYCLATE","NURSE PRACTITIONER",69,38.34,"GENERAL MEDICARE D ADVANTAGE"
CEPHALEXIN,"FAMILY MEDICINE",69,13.67,"MEDICARE D UNSPECIFIED"
"AMOXICILLIN & POT CLAVULANATE","FAMILY MEDICINE",62,5.70,"PBM BOOK OF BUSINESS - UNIDENTIFIED PLANS"
"MINOCYCLINE HCL","INTERNAL MEDICINE",24,1.00,"MANAGED MEDICAID/MEDICARE SUPPLEMENT/MEDIGAP/STATE ASSISTANCE"
SULFAMETHOXAZOLE-TRIMETHOPRIM,"PHYSICIAN ASSISTANT",64,1.01,"GENERAL MEDICARE D PRESCRIPTION DRUG PROGRAM"
"CIPROFLOXACIN HCL","GENERAL SURGERY",19,5.57,"MANAGED MEDICAID/MEDICARE SUPPLEMENT/MEDIGAP/STATE ASSISTANCE"
AMOXICILLIN,DENTIST,51,10.77,"DISCOUNT CARD PROGRAM"
"AMOXICILLIN & POT CLAVULANATE","NURSE PRACTITIONER",33,6.38,"FEDERAL EMPLOYEE"
"AMOXICILLIN & POT CLAVULANATE","ALLERGY & IMMUNOLOGY",68,9.00,"MEDICARE D UNSPECIFIED"
AZITHROMYCIN,"FAMILY MEDICINE",58,6.79,"UNSPECIFIED PLAN"
"CIPROFLOXACIN HCL",UROLOGY,55,1.20,"UNSPECIFIED PLAN"
AMOXICILLIN,DENTIST,61,4.00,EMPLOYER
"AMOXICILLIN & POT CLAVULANATE","GENERAL SURGERY",57,9.09,"UNSPECIFIED PLAN"
"DOXYCYCLINE HYCLATE","OBSTETRICS & GYNECOLOGY",30,4.00,EMPLOYER
AZITHROMYCIN,"OBSTETRICS & GYNECOLOGY",37,6.48,"UNSPECIFIED PLAN"
"AMOXICILLIN & POT CLAVULANATE","FAMILY MEDICINE",21,15.00,"HMO - NETWORK MODEL"
AZITHROMYCIN,"PHYSICIAN ASSISTANT",72,4.88,"HMO - COMBINATION MODEL"
"DOXYCYCLINE HYCLATE",DERMATOLOGY,17,7.00,"STATE EMPLOYEES"
AZITHROMYCIN,"INTERNAL MEDICINE",44,6.48,"UNSPECIFIED PLAN"
CEFDINIR,PEDIATRICS,1,10.00,"UNSPECIFIED PLAN"
AZITHROMYCIN,"FAMILY MEDICINE",56,4.32,"HMO - INDEPENDENT PRACTICE ASSOCIATION MODEL"
CLARITHROMYCIN,"FAMILY MEDICINE",39,1.25,"GENERAL MEDICARE D PRESCRIPTION DRUG PROGRAM"
AZITHROMYCIN,"DERMATOLOGIC SURGERY",55,6.91,"PREFERRED PROVIDER ORGANIZATION"
"CLINDAMYCIN HCL","FAMILY MEDICINE",41,15.00,"UNSPECIFIED PLAN"
CEPHALEXIN,"PHYSICIAN ASSISTANT",85,5.18,"HMO - INDEPENDENT PRACTICE ASSOCIATION MODEL"
CEPHALEXIN,"NURSE PRACTITIONER",60,14.84,CASH
"DOXYCYCLINE HYCLATE",DERMATOLOGY,16,50.00,"PHARMACY BENEFIT MANAGER"
"AMOXICILLIN & POT CLAVULANATE","NURSE PRACTITIONER",28,1.00,"FEE FOR SERVICE MEDICAID"
SULFAMETHOXAZOLE-TRIMETHOPRIM,"GENERAL PRACTICE",68,3.35,"MEDICARE D UNSPECIFIED"
AZITHROMYCIN,"FAMILY MEDICINE",17,2.65,"PREFERRED PROVIDER ORGANIZATION"
"SULFACETAMIDE SODIUM (OPHTH)","FAMILY MEDICINE",1,29.80,EMPLOYER
"CIPROFLOXACIN HCL",NEPHROLOGY,64,1.71,"FEDERAL EMPLOYEE"
"AMOXICILLIN & POT CLAVULANATE","FAMILY MEDICINE",39,10.00,"PREFERRED PROVIDER ORGANIZATION"
"AMOXICILLIN & POT CLAVULANATE","NURSE PRACTITIONER",22,4.00,"HEALTH INSURANCE EXCHANGE HMO GENERAL"
"DOXYCYCLINE (MONOHYDRATE)","INTERNAL MEDICINE",26,9.64,"MANAGED MEDICAID/MEDICARE SUPPLEMENT/MEDIGAP/STATE ASSISTANCE"
CEFDINIR,"EMERGENCY MEDICINE",64,14.48,"DISCOUNT CARD PROGRAM"
AMOXICILLIN,"FAMILY MEDICINE",4,5.00,"UNSPECIFIED PLAN"
SULFAMETHOXAZOLE-TRIMETHOPRIM,"INTERNAL MEDICINE",37,2.24,EMPLOYER
AZITHROMYCIN,"NURSE PRACTITIONER",68,4.50,"MEDICARE D UNSPECIFIED"
AMOXICILLIN,"NURSE PRACTITIONER",33,1.00,"MANAGED MEDICAID/MEDICARE SUPPLEMENT/MEDIGAP/STATE ASSISTANCE"
"AMOXICILLIN & POT CLAVULANATE","FAMILY MEDICINE",23,5.00,"PREFERRED PROVIDER ORGANIZATION"
AMOXICILLIN,"FAMILY MEDICINE",42,8.55,"MEDICARE D UNSPECIFIED"
"CLINDAMYCIN HCL","NURSE PRACTITIONER",65,10.00,"FEDERAL EMPLOYEE"
CEPHALEXIN,PEDIATRICS,7,15.00,"PHARMACY BENEFIT MANAGER"
"MINOCYCLINE HCL","PHYSICIAN ASSISTANT",36,10.00,"FEDERAL EMPLOYEE"
SULFAMETHOXAZOLE-TRIMETHOPRIM,"NURSE PRACTITIONER",36,0.92,"MANAGED MEDICAID/MEDICARE SUPPLEMENT/MEDIGAP/STATE ASSISTANCE"
CEPHALEXIN,"PHYSICIAN ASSISTANT",65,14.84,CASH
"DOXYCYCLINE HYCLATE","INTERNAL MEDICINE",53,4.00,"PHARMACY BENEFIT MANAGER"
CEPHALEXIN,"NURSE PRACTITIONER",6,7.00,"STATE EMPLOYEES"
SULFAMETHOXAZOLE-TRIMETHOPRIM,"FAMILY MEDICINE",22,3.00,EMPLOYER
"ERYTHROMYCIN (OPHTH)",OPTOMETRIST,47,9.54,"FEDERAL EMPLOYEE"
AZITHROMYCIN,"FAMILY MEDICINE",52,3.23,"PREFERRED PROVIDER ORGANIZATION"
SULFAMETHOXAZOLE-TRIMETHOPRIM,"GERIATRIC MEDICINE (INTERNAL MEDICINE)",55,1.59,EMPLOYER
AMOXICILLIN,PEDIATRICS,8,10.00,"UNSPECIFIED PLAN"
"CIPROFLOXACIN HCL","INTERNAL MEDICINE",78,2.00,"GENERAL MEDICARE D ADVANTAGE"
AZITHROMYCIN,"NURSE PRACTITIONER",63,6.86,"UNKNOWN THIRD PARTY"
AMOXICILLIN,DENTIST,70,2.22,"MEDICARE D UNSPECIFIED"
AZITHROMYCIN,"FAMILY MEDICINE",79,1.63,"GENERAL MEDICARE D PRESCRIPTION DRUG PROGRAM"
CEPHALEXIN,"PLASTIC SURGERY",66,1.77,"GENERAL MEDICARE D PRESCRIPTION DRUG PROGRAM"
"DOXYCYCLINE HYCLATE",HEMATOLOGY/ONCOLOGY,76,6.67,"GENERAL MEDICARE D PRESCRIPTION DRUG PROGRAM"
AZITHROMYCIN,"GERIATRIC MEDICINE (FAMILY MEDICINE)",52,9.34,"FEDERAL EMPLOYEE"
"DOXYCYCLINE HYCLATE","NURSE PRACTITIONER",58,15.00,"PHARMACY BENEFIT MANAGER"
AMPICILLIN,"OBSTETRICS & GYNECOLOGY",67,10.00,"FEDERAL EMPLOYEE"
AMOXICILLIN,"GENERAL PRACTICE",59,5.53,"UNSPECIFIED PLAN"
"MICONAZOLE NITRATE VAGINAL","NURSE PRACTITIONER",24,3.65,"FEE FOR SERVICE MEDICAID"
AZITHROMYCIN,"NURSE PRACTITIONER",69,4.50,"PHARMACY BENEFIT MANAGER"
LEVOFLOXACIN,"PHYSICIAN ASSISTANT",49,10.00,"THIRD PARTY ADMINISTRATOR"
CEPHALEXIN,"INTERNAL MEDICINE",77,1.25,"GENERAL MEDICARE D PRESCRIPTION DRUG PROGRAM"
AZITHROMYCIN,"PHYSICIAN ASSISTANT",53,9.79,"DISCOUNT CARD PROGRAM"
AZITHROMYCIN,"NURSE PRACTITIONER",78,10.72,"DISCOUNT CARD PROGRAM"
SULFAMETHOXAZOLE-TRIMETHOPRIM,"PHYSICIAN ASSISTANT",37,1.25,"MEDICARE D UNSPECIFIED"
CEPHALEXIN,"NURSE PRACTITIONER",5,10.00,"STATE EMPLOYEES"
AZITHROMYCIN,"INTERNAL MEDICINE",58,7.20,EMPLOYER
AZITHROMYCIN,"GENERAL PRACTICE",63,2.75,EMPLOYER
AMOXICILLIN,"PHYSICIAN ASSISTANT",5,15.00,"UNSPECIFIED PLAN"
AMOXICILLIN,"NURSE PRACTITIONER",15,9.05,"DISCOUNT CARD PROGRAM"
"GENTAMICIN SULFATE (OPHTH)","INTERNAL MEDICINE",53,17.95,CASH
AZITHROMYCIN,"PHYSICIAN ASSISTANT",77,3.08,"MEDICARE D UNSPECIFIED"
SULFAMETHOXAZOLE-TRIMETHOPRIM,"NURSE PRACTITIONER",59,0.50,"MANAGED MEDICAID/MEDICARE SUPPLEMENT/MEDIGAP/STATE ASSISTANCE"
"CLINDAMYCIN HCL",DENTIST,77,2.42,"MEDICARE D UNSPECIFIED"
"AMOXICILLIN & POT CLAVULANATE","FAMILY MEDICINE",39,7.03,"HEALTH INSURANCE EXCHANGE EPO GENERAL"
AMOXICILLIN,"INTERNAL MEDICINE/PEDIATRICS",47,2.28,"FEDERAL EMPLOYEE"
"DOXYCYCLINE (MONOHYDRATE)","FAMILY MEDICINE",68,5.00,"PHARMACY BENEFIT MANAGER"
AMOXICILLIN,"PHYSICIAN ASSISTANT",33,8.00,"PHARMACY BENEFIT MANAGER"
CEFDINIR,OTOLARYNGOLOGY,3,8.71,EMPLOYER
AZITHROMYCIN,"NURSE PRACTITIONER",13,4.07,"STATE EMPLOYEES"
LEVOFLOXACIN,HOSPITALIST,50,9.45,"DISCOUNT CARD PROGRAM"
AMOXICILLIN,"PHYSICIAN ASSISTANT",37,5.00,"PHARMACY BENEFIT MANAGER"
"DOXYCYCLINE (MONOHYDRATE)","INTERNAL MEDICINE",48,1.25,"GENERAL MEDICARE D PRESCRIPTION DRUG PROGRAM"
"DOXYCYCLINE (MONOHYDRATE)","PHYSICIAN ASSISTANT",68,4.11,EMPLOYER
AZITHROMYCIN,"FAMILY MEDICINE",36,3.40,"GENERAL MEDICARE D ADVANTAGE"
"PENICILLIN V POTASSIUM",DENTIST,5,10.00,EMPLOYER
AZITHROMYCIN,"NURSE PRACTITIONER",70,7.00,"MEDICARE D UNSPECIFIED"
"TOBRAMYCIN (OPHTH)",PODIATRIST,14,7.00,"UNSPECIFIED PLAN"
"CIPROFLOXACIN HCL","EMERGENCY MEDICINE",34,8.51,"DISCOUNT CARD PROGRAM"
"AMOXICILLIN & POT CLAVULANATE","NURSE PRACTITIONER",39,14.66,"PHARMACY BENEFIT MANAGER"
CEPHALEXIN,"NURSE PRACTITIONER",70,3.40,"GENERAL MEDICARE D PRESCRIPTION DRUG PROGRAM"
AMOXICILLIN,PEDIATRICS,1,4.05,"UNSPECIFIED PLAN"
SULFAMETHOXAZOLE-TRIMETHOPRIM,"NURSE PRACTITIONER",68,2.08,"MEDICARE D UNSPECIFIED"
"AMOXICILLIN & POT CLAVULANATE","INTERNAL MEDICINE",54,1.25,"MEDICARE D PRESCRIPTION DRUG PROGRAM - PLAN SPECIFIC"
AZITHROMYCIN,"FAMILY MEDICINE",49,2.49,"PREFERRED PROVIDER ORGANIZATION"
"CIPROFLOXACIN HCL","PHYSICIAN ASSISTANT",52,14.01,"MANAGED MEDICAID/MEDICARE SUPPLEMENT/MEDIGAP/STATE ASSISTANCE"
CEPHALEXIN,"FAMILY MEDICINE",52,3.23,"UNSPECIFIED PLAN"
SULFAMETHOXAZOLE-TRIMETHOPRIM,"NURSE PRACTITIONER",71,2.60,"GENERAL MEDICARE D PRESCRIPTION DRUG PROGRAM"
"MOXIFLOXACIN HCL (OPHTH)",OPHTHALMOLOGY,85,45.00,"MEDICARE D UNSPECIFIED"
"MINOCYCLINE HCL",DERMATOLOGY,79,15.00,"MEDICARE D UNSPECIFIED"
CEPHALEXIN,"FAMILY MEDICINE",73,14.01,"FEDERAL EMPLOYEE"
AMOXICILLIN,PEDIATRICS,7,15.97,CASH
"OFLOXACIN (OPHTH)",PEDIATRICS,5,5.00,"MANAGED MEDICAID/MEDICARE SUPPLEMENT/MEDIGAP/STATE ASSISTANCE"
AZITHROMYCIN,"NURSE PRACTITIONER",64,6.48,"UNSPECIFIED PLAN"
"DOXYCYCLINE HYCLATE","FAMILY MEDICINE",69,0.82,"GENERAL MEDICARE D PRESCRIPTION DRUG PROGRAM"
"OFLOXACIN (OPHTH)",OPHTHALMOLOGY,65,7.50,"FEDERAL EMPLOYEE"
AMOXICILLIN,"NURSE PRACTITIONER",1,4.36,"PHARMACY BENEFIT MANAGER"
AZITHROMYCIN,PEDIATRICS,10,10.00,"HMO - GROUP PRACTICE MODEL"
"ERYTHROMYCIN (OPHTH)",OPTOMETRIST,7,13.82,"STATE EMPLOYEES"
"DOXYCYCLINE HYCLATE","FAMILY MEDICINE",69,15.53,"DISCOUNT CARD PROGRAM"
"MINOCYCLINE HCL","PHYSICIAN ASSISTANT",31,3.00,"UNSPECIFIED PLAN"
CLARITHROMYCIN,"PHYSICIAN ASSISTANT",41,10.00,"UNSPECIFIED PLAN"
CEPHALEXIN,OPHTHALMOLOGY,69,2.87,"MEDICARE D UNSPECIFIED"
LEVOFLOXACIN,"INTERNAL MEDICINE/PEDIATRICS",66,7.07,"MEDICARE D PRESCRIPTION DRUG PROGRAM - PLAN SPECIFIC"
"AMOXICILLIN & POT CLAVULANATE","ORAL & MAXILLOFACIAL SURGERY",48,24.48,"DISCOUNT CARD PROGRAM"
AZITHROMYCIN,"EMERGENCY MEDICINE",65,10.02,"UNSPECIFIED PLAN"
LEVOFLOXACIN,"FAMILY MEDICINE",37,3.09,"UNSPECIFIED PLAN"
SULFAMETHOXAZOLE-TRIMETHOPRIM,"NURSE PRACTITIONER",68,4.13,"PBM BOOK OF BUSINESS - UNIDENTIFIED PLANS"
"AMOXICILLIN & POT CLAVULANATE","NURSE PRACTITIONER",54,1.62,"PBM BOOK OF BUSINESS - UNIDENTIFIED PLANS"
CEPHALEXIN,"PHYSICIAN ASSISTANT",79,1.00,"MEDICARE D UNSPECIFIED"
AZITHROMYCIN,"PHYSICIAN ASSISTANT",59,3.00,"FEE FOR SERVICE MEDICAID"
AMOXICILLIN,"FAMILY MEDICINE",77,3.04,"EMPLOYER-SPONSORED PBM RETIREE PRESCRIPTION DRUG PROGRAM"
"AMOXICILLIN & POT CLAVULANATE","NURSE PRACTITIONER",12,38.87,CASH
"ERYTHROMYCIN (OPHTH)",OPHTHALMOLOGY,85,10.00,"MEDICARE D UNSPECIFIED"
"CIPROFLOXACIN HCL","NURSE PRACTITIONER",39,2.08,"FEDERAL EMPLOYEE"
"AMOXICILLIN & POT CLAVULANATE","PHYSICIAN ASSISTANT",30,5.00,"PHARMACY BENEFIT MANAGER"
"AMOXICILLIN & POT CLAVULANATE",OTOLARYNGOLOGY,55,1.50,"FEE FOR SERVICE MEDICAID"
AMOXICILLIN,"EMERGENCY MEDICINE",26,1.00,"MANAGED MEDICAID/MEDICARE SUPPLEMENT/MEDIGAP/STATE ASSISTANCE"
AMOXICILLIN,DENTIST,73,15.99,CASH
AZITHROMYCIN,"FAMILY MEDICINE",85,3.34,"GENERAL MEDICARE D PRESCRIPTION DRUG PROGRAM"
CLARITHROMYCIN,GASTROENTEROLOGY,40,1.00,"MANAGED MEDICAID/MEDICARE SUPPLEMENT/MEDIGAP/STATE ASSISTANCE"
"MOXIFLOXACIN HCL (OPHTH)",OPHTHALMOLOGY,70,5.00,"FEDERAL EMPLOYEE"
AZITHROMYCIN,"OBSTETRICS & GYNECOLOGY",43,26.52,"PBM BOOK OF BUSINESS - UNIDENTIFIED PLANS"
SULFAMETHOXAZOLE-TRIMETHOPRIM,"INTERNAL MEDICINE",24,4.43,"STATE EMPLOYEES"
"OFLOXACIN (OPHTH)",OPHTHALMOLOGY,69,4.00,"MEDICARE D UNSPECIFIED"
"NEOMYCIN-POLYMYXIN-HC (OTIC)","PHYSICIAN ASSISTANT",72,47.00,"MEDICARE D UNSPECIFIED"
"CLINDAMYCIN HCL",PODIATRIST,77,2.78,"GENERAL MEDICARE D PRESCRIPTION DRUG PROGRAM"
CEPHALEXIN,"PHYSICIAN ASSISTANT",72,2.64,"EMPLOYER-SPONSORED PBM RETIREE PRESCRIPTION DRUG PROGRAM"
AZITHROMYCIN,ANESTHESIOLOGY,32,3.00,"PBM BOOK OF BUSINESS - UNIDENTIFIED PLANS"
"OFLOXACIN (OPHTH)",OPHTHALMOLOGY,71,2.50,"MEDICARE D UNSPECIFIED"
"DOXYCYCLINE (MONOHYDRATE)","INTERNAL MEDICINE",78,9.35,"MEDICARE D UNSPECIFIED"
SULFAMETHOXAZOLE-TRIMETHOPRIM,NEPHROLOGY,58,3.52,"PBM BOOK OF BUSINESS - UNIDENTIFIED PLANS"
SULFAMETHOXAZOLE-TRIMETHOPRIM,"PHYSICIAN ASSISTANT",78,3.23,"GENERAL MEDICARE D PRESCRIPTION DRUG PROGRAM"
AZITHROMYCIN,"INTERNAL MEDICINE",65,3.90,"UNSPECIFIED PLAN"
"AMOXICILLIN & POT CLAVULANATE","ALLERGY & IMMUNOLOGY",30,5.00,"PHARMACY BENEFIT MANAGER"
AMOXICILLIN,DENTIST,61,2.79,EMPLOYER
"ACETIC ACID (OTIC)","NURSE PRACTITIONER",27,2.99,"PHARMACY BENEFIT MANAGER"
AZITHROMYCIN,"FAMILY MEDICINE",64,10.88,"PHARMACY BENEFIT MANAGER"
"TOBRAMYCIN (OPHTH)","NURSE PRACTITIONER",0,7.58,CASH
AZITHROMYCIN,"FAMILY MEDICINE",2,56.22,"DISCOUNT CARD PROGRAM"
"AMOXICILLIN & POT CLAVULANATE","ALLERGY & IMMUNOLOGY",48,15.00,"HMO - INDEPENDENT PRACTICE ASSOCIATION MODEL"
"AMOXICILLIN & POT CLAVULANATE","NURSE PRACTITIONER",74,10.00,"MEDICARE D UNSPECIFIED"
AZITHROMYCIN,"NURSE PRACTITIONER",69,5.00,"FEDERAL EMPLOYEE"
"BESIFLOXACIN HCL",OPHTHALMOLOGY,58,8.35,"MEDICARE D UNSPECIFIED"
AMOXICILLIN,DENTIST,55,0.97,"UNSPECIFIED PLAN"
"POLYMYXIN B-TRIMETHOPRIM","PHYSICIAN ASSISTANT",10,4.00,"UNSPECIFIED PLAN"
LEVOFLOXACIN,"INFECTIOUS DISEASE",51,1.00,EMPLOYER
"GANCICLOVIR OPHTHALMIC",OPHTHALMOLOGY,78,28.00,"FEDERAL EMPLOYEE"
AMOXICILLIN,PEDIATRICS,3,7.63,"UNSPECIFIED PLAN"
AMOXICILLIN,PEDIATRICS,3,8.94,"PHARMACY BENEFIT MANAGER"
"MOXIFLOXACIN HCL","INTERNAL MEDICINE",85,42.00,"GENERAL MEDICARE D ADVANTAGE"
"CEFPODOXIME PROXETIL","PHYSICIAN ASSISTANT",68,5.00,"GENERAL MEDICARE D PRESCRIPTION DRUG PROGRAM"
"PENICILLIN V POTASSIUM","INTERNAL MEDICINE",21,8.59,"DISCOUNT CARD PROGRAM"
AZITHROMYCIN,"NURSE PRACTITIONER",10,2.96,"UNSPECIFIED PLAN"
CEFDINIR,PEDIATRICS,1,87.99,CASH
"CLINDAMYCIN HCL","NURSE PRACTITIONER",27,15.00,"PBM BOOK OF BUSINESS - UNIDENTIFIED PLANS"
AZITHROMYCIN,"INTERNAL MEDICINE",64,3.18,EMPLOYER
"CIPROFLOXACIN HCL","EMERGENCY MEDICINE",85,12.00,"GENERAL MEDICARE D ADVANTAGE"
"AMOXICILLIN & POT CLAVULANATE","FAMILY MEDICINE",47,8.59,EMPLOYER
AZITHROMYCIN,"NEUROLOGICAL SURGERY",85,5.88,EMPLOYER
SULFAMETHOXAZOLE-TRIMETHOPRIM,"OBSTETRICS & GYNECOLOGY",38,2.26,"UNSPECIFIED PLAN"
AMOXICILLIN,"NURSE PRACTITIONER",52,0.01,CASH
"AMOXICILLIN & POT CLAVULANATE",PEDIATRICS,2,20.97,"DISCOUNT CARD PROGRAM"
AMOXICILLIN,DENTIST,64,1.82,EMPLOYER
"CIPROFLOXACIN HCL (OPHTH)","INTERNAL MEDICINE",42,10.00,"PREFERRED PROVIDER ORGANIZATION"
"DOXYCYCLINE HYCLATE","INTERNAL MEDICINE",52,1.25,"MEDICARE D UNSPECIFIED"
"METRONIDAZOLE VAGINAL","OBSTETRICS & GYNECOLOGY",38,10.00,"FEDERAL EMPLOYEE"
SULFAMETHOXAZOLE-TRIMETHOPRIM,"MEDICAL ONCOLOGY",64,2.97,"STATE EMPLOYEES"
"AMOXICILLIN & POT CLAVULANATE","INTERNAL MEDICINE",75,3.35,"MEDICARE D UNSPECIFIED"
CEPHALEXIN,NEPHROLOGY,54,3.35,"UNSPECIFIED PLAN"
AZITHROMYCIN,"FAMILY MEDICINE",19,18.89,CASH
AMOXICILLIN,"FAMILY MEDICINE",37,10.55,"DISCOUNT CARD PROGRAM"
LEVOFLOXACIN,"NURSE PRACTITIONER",83,6.43,"GENERAL MEDICARE D PRESCRIPTION DRUG PROGRAM"
"AMOXICILLIN & POT CLAVULANATE","PHYSICIAN ASSISTANT",49,10.00,"UNSPECIFIED PLAN"
"CLINDAMYCIN HCL","NURSE PRACTITIONER",71,1.25,"GENERAL MEDICARE D ADVANTAGE"
"PENICILLIN V POTASSIUM","PHYSICIAN ASSISTANT",62,1.00,"MEDICARE D UNSPECIFIED"
"PENICILLIN V POTASSIUM",DENTIST,55,5.00,EMPLOYER
AZITHROMYCIN,"EMERGENCY MEDICINE",7,15.00,"HMO - INDEPENDENT PRACTICE ASSOCIATION MODEL"
AMOXICILLIN,PEDIATRICS,16,15.00,"STATE EMPLOYEES"
AZITHROMYCIN,"PHYSICIAN ASSISTANT",40,5.00,"HMO - INDEPENDENT PRACTICE ASSOCIATION MODEL"
AMOXICILLIN,"NURSE PRACTITIONER",55,4.00,EMPLOYER
SULFAMETHOXAZOLE-TRIMETHOPRIM,"PHYSICIAN ASSISTANT",53,8.00,"GENERAL MEDICARE D ADVANTAGE"
"CEFUROXIME AXETIL",NEPHROLOGY,85,10.46,"GENERAL MEDICARE D ADVANTAGE"
AMOXICILLIN,"INTERNAL MEDICINE",85,1.95,"GENERAL MEDICARE D PRESCRIPTION DRUG PROGRAM"
CEFDINIR,"EMERGENCY MEDICINE",80,40.00,"GENERAL MEDICARE D PRESCRIPTION DRUG PROGRAM"
"CIPROFLOXACIN HCL","CARDIOVASCULAR DISEASE",56,0.01,CASH
AMOXICILLIN,"NURSE PRACTITIONER",46,5.00,"UNSPECIFIED PLAN"
AMOXICILLIN,"INTERNAL MEDICINE",56,0.01,CASH
"CLINDAMYCIN HCL","INTERNAL MEDICINE",57,3.17,"PHARMACY BENEFIT MANAGER"
"AMOXICILLIN & POT CLAVULANATE","NURSE PRACTITIONER",24,10.00,"PHARMACY BENEFIT MANAGER"
"AMOXICILLIN & POT CLAVULANATE","PHYSICIAN ASSISTANT",33,10.00,EMPLOYER
AMOXICILLIN,"INTERNAL MEDICINE",53,4.26,"PREFERRED PROVIDER ORGANIZATION"
"POLYMYXIN B-TRIMETHOPRIM",OPTOMETRIST,50,16.50,"PBM BOOK OF BUSINESS - UNIDENTIFIED PLANS"
AMOXICILLIN,"PHYSICIAN ASSISTANT",34,3.66,"UNSPECIFIED PLAN"
LEVOFLOXACIN,"PULMONARY CRITICAL CARE MEDICINE",70,3.36,"GENERAL MEDICARE D PRESCRIPTION DRUG PROGRAM"
"CLINDAMYCIN HCL",DENTIST,21,10.00,"UNSPECIFIED PLAN"
"AMOXICILLIN & POT CLAVULANATE",PEDIATRICS,17,4.00,EMPLOYER
"AMOXICILLIN & POT CLAVULANATE","NURSE PRACTITIONER",45,1.00,"MANAGED MEDICAID/MEDICARE SUPPLEMENT/MEDIGAP/STATE ASSISTANCE"
"CIPROFLOXACIN HCL","GENERAL SURGERY",68,6.76,"DISCOUNT CARD PROGRAM"
AZITHROMYCIN,"PHYSICIAN ASSISTANT",69,4.11,"GENERAL MEDICARE D PRESCRIPTION DRUG PROGRAM"
CEPHALEXIN,"NURSE PRACTITIONER",36,3.30,"STATE EMPLOYEES"
AZITHROMYCIN,"PHYSICIAN ASSISTANT",25,4.60,"PREFERRED PROVIDER ORGANIZATION"
AMOXICILLIN,"EMERGENCY MEDICINE",46,5.00,"UNSPECIFIED PLAN"
AZITHROMYCIN,"NURSE PRACTITIONER",37,0.50,"MANAGED MEDICAID/MEDICARE SUPPLEMENT/MEDIGAP/STATE ASSISTANCE"
"CLINDAMYCIN HCL","FAMILY MEDICINE",32,7.02,"PREFERRED PROVIDER ORGANIZATION"
AZITHROMYCIN,"NURSE PRACTITIONER",42,1.00,"FEE FOR SERVICE MEDICAID"
AZITHROMYCIN,"NURSE PRACTITIONER",54,2.69,"STATE EMPLOYEES"
CEPHALEXIN,VETERINARIAN,8,25.33,CASH
"MINOCYCLINE HCL","PHYSICIAN ASSISTANT",43,489.16,"PHARMACY BENEFIT MANAGER"
"CIPROFLOXACIN HCL","FAMILY MEDICINE",43,4.00,"HEALTH INSURANCE EXCHANGE EPO GENERAL"
AMOXICILLIN,"INTERNAL MEDICINE",85,3.08,"PHARMACY BENEFIT MANAGER"
AZITHROMYCIN,"FAMILY MEDICINE",73,6.50,"MEDICARE D UNSPECIFIED"
"AMOXICILLIN & POT CLAVULANATE","NURSE PRACTITIONER",16,9.80,EMPLOYER
"MICONAZOLE NITRATE VAGINAL","FAMILY MEDICINE",44,4.49,"HEALTH INSURANCE EXCHANGE HMO GENERAL"
AMOXICILLIN,"INTERNAL MEDICINE",33,18.99,CASH
CEFDINIR,"NURSE PRACTITIONER",77,29.42,"GENERAL MEDICARE D PRESCRIPTION DRUG PROGRAM"
"AMOXICILLIN & POT CLAVULANATE",PEDIATRICS,14,7.50,"FEDERAL EMPLOYEE"
AZITHROMYCIN,"NURSE PRACTITIONER",37,1.30,"FEE FOR SERVICE MEDICAID"
CEPHALEXIN,"SURGICAL ONCOLOGY",58,3.57,"STATE EMPLOYEES"
AMOXICILLIN,"NURSE PRACTITIONER",82,4.47,"PBM BOOK OF BUSINESS - UNIDENTIFIED PLANS"
AZITHROMYCIN,"NURSE PRACTITIONER",69,2.42,"MEDICARE D UNSPECIFIED"
"CIPROFLOXACIN HCL","FAMILY MEDICINE",81,3.35,"MEDICARE D UNSPECIFIED"
CEFDINIR,"INTERNAL MEDICINE",51,10.00,"UNSPECIFIED PLAN"
"DOXYCYCLINE HYCLATE","INTERNAL MEDICINE",19,12.50,CASH
"CIPROFLOXACIN HCL (OPHTH)",OPHTHALMOLOGY,45,10.71,"PHARMACY BENEFIT MANAGER"
AZITHROMYCIN,"INTERNAL MEDICINE",85,3.40,"GENERAL MEDICARE D PRESCRIPTION DRUG PROGRAM"
AMOXICILLIN,DENTIST,24,0.01,CASH
"AMOXICILLIN & POT CLAVULANATE",PEDIATRICS,18,4.00,EMPLOYER
CEPHALEXIN,"PHYSICIAN ASSISTANT",15,2.19,"PHARMACY BENEFIT MANAGER"
AMOXICILLIN,DENTIST,85,3.10,"MEDICARE D UNSPECIFIED"
"AMOXICILLIN & POT CLAVULANATE","PHYSICIAN ASSISTANT",49,10.00,"HMO - INDEPENDENT PRACTICE ASSOCIATION MODEL"
AMOXICILLIN,"PHYSICIAN ASSISTANT",50,8.00,"PHARMACY BENEFIT MANAGER"
"AMOXICILLIN & POT CLAVULANATE","INTERNAL MEDICINE",75,2.13,"MEDICARE D UNSPECIFIED"
"CIPROFLOXACIN HCL (OPHTH)",OPHTHALMOLOGY,34,1.00,"MANAGED MEDICAID"
AZITHROMYCIN,"GENERAL SURGERY",50,0.50,"PHARMACY BENEFIT MANAGER"
AZITHROMYCIN,"FAMILY MEDICINE",24,5.51,"PHARMACY BENEFIT MANAGER"
"ERYTHROMYCIN (OPHTH)","NURSE PRACTITIONER",2,9.40,"UNSPECIFIED PLAN"
"AMOXICILLIN & POT CLAVULANATE","INTERNAL MEDICINE",33,6.76,"UNSPECIFIED PLAN"
AMOXICILLIN,PEDIATRICS,1,5.00,"UNSPECIFIED PLAN"
"DOXYCYCLINE HYCLATE","FAMILY MEDICINE",76,54.92,"PBM BOOK OF BUSINESS - UNIDENTIFIED PLANS"
AZITHROMYCIN,"FAMILY MEDICINE",54,4.48,"PBM BOOK OF BUSINESS - UNIDENTIFIED PLANS"
"OFLOXACIN (OPHTH)",OPHTHALMOLOGY,21,10.00,"EMPLOYER-SPONSORED PBM RETIREE PRESCRIPTION DRUG PROGRAM"
AZITHROMYCIN,"INTERNAL MEDICINE",85,19.20,"DISCOUNT CARD PROGRAM"
CEPHALEXIN,"PLASTIC SURGERY",52,3.35,"MEDICARE D UNSPECIFIED"
CEPHALEXIN,"NURSE PRACTITIONER",78,1.25,"GENERAL MEDICARE D ADVANTAGE"
LEVOFLOXACIN,"INTERNAL MEDICINE",69,4.00,"MEDICARE D UNSPECIFIED"
"DOXYCYCLINE (MONOHYDRATE)","NURSE PRACTITIONER",38,8.00,"UNSPECIFIED PLAN"
AZITHROMYCIN,"INTERNAL MEDICINE",53,4.67,"HMO - NETWORK MODEL"
"DOXYCYCLINE (MONOHYDRATE)","PHYSICIAN ASSISTANT",59,4.00,"STATE EMPLOYEES"
"DOXYCYCLINE HYCLATE","FAMILY MEDICINE",34,6.75,"UNSPECIFIED PLAN"
AZITHROMYCIN,"NURSE PRACTITIONER",36,4.66,"PHARMACY BENEFIT MANAGER"
AMOXICILLIN,"INTERNAL MEDICINE",45,5.22,"DISCOUNT CARD PROGRAM"
"MINOCYCLINE HCL","FAMILY MEDICINE",31,10.00,"PHARMACY BENEFIT MANAGER"
AZITHROMYCIN,"NURSE PRACTITIONER",19,3.61,"UNSPECIFIED PLAN"
CEPHALEXIN,"EMERGENCY MEDICINE",33,16.95,CASH
"CIPROFLOXACIN HCL","FAMILY MEDICINE",70,1.00,"MEDICARE D UNSPECIFIED"
CEPHALEXIN,"FAMILY MEDICINE",71,2.32,"STATE EMPLOYEES"
AZITHROMYCIN,"NURSE PRACTITIONER",70,27.29,CASH
CEFDINIR,"PHYSICIAN ASSISTANT",60,2.33,"PREFERRED PROVIDER ORGANIZATION"
"NEOMYCIN-POLYMYXIN-HC (OTIC)",OTOLARYNGOLOGY,74,79.31,"DISCOUNT CARD PROGRAM"
AZITHROMYCIN,"NURSE PRACTITIONER",73,5.83,"EMPLOYER-SPONSORED PBM RETIREE PRESCRIPTION DRUG PROGRAM"
AZITHROMYCIN,"NURSE PRACTITIONER",43,9.04,"THIRD PARTY ADMINISTRATOR"
CEPHALEXIN,"PHYSICIAN ASSISTANT",81,4.00,"MEDICARE D UNSPECIFIED"
AMOXICILLIN,"FAMILY MEDICINE",26,5.16,"UNSPECIFIED PLAN"
CEPHALEXIN,"EMERGENCY MEDICINE",53,2.47,EMPLOYER
AMOXICILLIN,"NURSE PRACTITIONER",27,0.01,CASH
AZITHROMYCIN,"INTERNAL MEDICINE",36,1.19,"PBM BOOK OF BUSINESS - UNIDENTIFIED PLANS"
AMOXICILLIN,"ORAL & MAXILLOFACIAL SURGERY",20,2.03,EMPLOYER
"MOXIFLOXACIN HCL (OPHTH)",OPTOMETRIST,40,20.00,"UNSPECIFIED PLAN"
"CIPROFLOXACIN HCL","NURSE PRACTITIONER",85,2.78,"EMPLOYER-SPONSORED PBM RETIREE PRESCRIPTION DRUG PROGRAM"
"AMOXICILLIN & POT CLAVULANATE",PEDIATRICS,3,5.00,"STATE EMPLOYEES"
"DOXYCYCLINE HYCLATE","PHYSICIAN ASSISTANT",16,12.00,"PHARMACY BENEFIT MANAGER"
"SULFACETAMIDE SODIUM (OPHTH)","FAMILY MEDICINE",63,10.00,EMPLOYER
AMOXICILLIN,DENTIST,67,0.50,"GENERAL MEDICARE D ADVANTAGE"
AMOXICILLIN,DENTIST,62,8.05,"PHARMACY BENEFIT MANAGER"
"CEFUROXIME AXETIL","INTERNAL MEDICINE",80,1.25,"GENERAL MEDICARE D PRESCRIPTION DRUG PROGRAM"
"ERYTHROMYCIN (OPHTH)","EMERGENCY MEDICINE",64,10.00,"UNSPECIFIED PLAN"
AMOXICILLIN,DENTIST,44,37.02,CASH
AMOXICILLIN,"PHYSICIAN ASSISTANT",3,10.00,"UNSPECIFIED PLAN"
"MINOCYCLINE HCL",VETERINARIAN,45,54.45,CASH
AZITHROMYCIN,"NURSE PRACTITIONER",13,9.04,"THIRD PARTY ADMINISTRATOR"
SULFAMETHOXAZOLE-TRIMETHOPRIM,UROLOGY,46,6.91,EMPLOYER
"DOXYCYCLINE HYCLATE","NURSE PRACTITIONER",39,1.25,"MEDICARE D UNSPECIFIED"
"AMOXICILLIN & POT CLAVULANATE","NURSE PRACTITIONER",16,10.00,"FEDERAL EMPLOYEE"
SULFAMETHOXAZOLE-TRIMETHOPRIM,"INTERNAL MEDICINE",29,0.01,CASH
"DOXYCYCLINE HYCLATE","PHYSICIAN ASSISTANT",66,1.48,"GENERAL MEDICARE D ADVANTAGE"
"ERYTHROMYCIN (OPHTH)",PEDIATRICS,5,10.00,"PHARMACY BENEFIT MANAGER"
AMOXICILLIN,"ORAL & MAXILLOFACIAL SURGERY",24,4.02,"UNSPECIFIED PLAN"
AZITHROMYCIN,"FAMILY MEDICINE",63,3.98,"UNSPECIFIED PLAN"
"OFLOXACIN (OTIC)",,50,10.00,"PHARMACY BENEFIT MANAGER"
"ERYTHROMYCIN (OPHTH)",OPHTHALMOLOGY,10,10.00,"HMO - INDEPENDENT PRACTICE ASSOCIATION MODEL"
AZITHROMYCIN,"NURSE PRACTITIONER",0,5.00,"UNSPECIFIED PLAN"
"CIPROFLOXACIN HCL","PHYSICIAN ASSISTANT",45,10.44,CASH
AZITHROMYCIN,"INTERNAL MEDICINE",57,13.80,"GENERAL MEDICARE D PRESCRIPTION DRUG PROGRAM"
"PENICILLIN V POTASSIUM","FAMILY MEDICINE",70,7.00,"EMPLOYER-SPONSORED CMS RETIREE PRESCRIPTION DRUG PROGRAM"
AMOXICILLIN,"FAMILY MEDICINE",26,2.46,"FEDERAL EMPLOYEE"
AMOXICILLIN,"NURSE PRACTITIONER",5,8.75,"PBM BOOK OF BUSINESS - UNIDENTIFIED PLANS"
AMOXICILLIN,DENTIST,43,9.21,CASH
AZITHROMYCIN,"PULMONARY DISEASE",48,5.00,"UNSPECIFIED PLAN"
"OFLOXACIN (OPHTH)","FAMILY MEDICINE",66,22.00,"FEDERAL EMPLOYEE"
"PENICILLIN V POTASSIUM","FAMILY MEDICINE",85,0.01,CASH
CEFDINIR,"NURSE PRACTITIONER",6,15.00,"UNSPECIFIED PLAN"
AMOXICILLIN,PEDIATRICS,4,5.00,EMPLOYER
"AMOXICILLIN & POT CLAVULANATE","NURSE PRACTITIONER",13,34.68,"PHARMACY BENEFIT MANAGER"
SULFAMETHOXAZOLE-TRIMETHOPRIM,DERMATOLOGY,15,6.70,"PHARMACY BENEFIT MANAGER"
"DOXYCYCLINE HYCLATE",DERMATOLOGY,64,10.00,"PBM BOOK OF BUSINESS - UNIDENTIFIED PLANS"
AZITHROMYCIN,HEMATOLOGY/ONCOLOGY,51,5.00,"HMO - COMBINATION MODEL"
AMOXICILLIN,"NURSE PRACTITIONER",44,13.24,CASH
"POLYMYXIN B-TRIMETHOPRIM","NURSE PRACTITIONER",59,7.03,"PHARMACY BENEFIT MANAGER"
"DOXYCYCLINE (MONOHYDRATE)","INTERNAL MEDICINE",49,10.00,"PREFERRED PROVIDER ORGANIZATION"
"CEFUROXIME AXETIL","FAMILY MEDICINE",75,6.87,"GENERAL MEDICARE D PRESCRIPTION DRUG PROGRAM"
SULFAMETHOXAZOLE-TRIMETHOPRIM,"PEDIATRIC HEMATOLOGY/ONCOLOGY",5,6.75,"HMO - COMBINATION MODEL"
"NEOMYCIN-POLYMYXIN-HC (OTIC)","INTERNAL MEDICINE",85,54.85,"GENERAL MEDICARE D PRESCRIPTION DRUG PROGRAM"
AZITHROMYCIN,"NURSE PRACTITIONER",51,6.91,"THIRD PARTY ADMINISTRATOR"
AZITHROMYCIN,"INTERNAL MEDICINE",64,3.40,CASH
AZITHROMYCIN,"NURSE PRACTITIONER",30,3.00,"FEE FOR SERVICE MEDICAID"
AZITHROMYCIN,"NURSE PRACTITIONER",54,3.35,"GENERAL MEDICARE D PRESCRIPTION DRUG PROGRAM"
CEPHALEXIN,"HAND SURGERY (ORTHOPEDICS)",61,3.25,"UNSPECIFIED PLAN"
CEPHALEXIN,ANESTHESIOLOGY,70,1.00,"MEDICARE D UNSPECIFIED"
"DOXYCYCLINE (ROSACEA)","NURSE PRACTITIONER",42,75.00,"COUPON/VOUCHER PROGRAM"
AZITHROMYCIN,"PLASTIC SURGERY",66,2.00,"GENERAL MEDICARE D ADVANTAGE"
LEVOFLOXACIN,"FAMILY MEDICINE",77,37.00,"GENERAL MEDICARE D PRESCRIPTION DRUG PROGRAM"
"DOXYCYCLINE HYCLATE","NURSE PRACTITIONER",22,30.66,"PHARMACY BENEFIT MANAGER"
"AMOXICILLIN & POT CLAVULANATE",PEDIATRICS,3,15.00,"UNSPECIFIED PLAN"
SULFAMETHOXAZOLE-TRIMETHOPRIM,UROLOGY,80,0.19,"FEDERAL EMPLOYEE"
"AMOXICILLIN & POT CLAVULANATE","PHYSICIAN ASSISTANT",36,1.00,"MANAGED MEDICAID/MEDICARE SUPPLEMENT/MEDIGAP/STATE ASSISTANCE"
AMOXICILLIN,DENTIST,23,15.78,"DISCOUNT CARD PROGRAM"
LEVOFLOXACIN,"FAMILY MEDICINE",85,2.13,"EMPLOYER-SPONSORED PBM RETIREE PRESCRIPTION DRUG PROGRAM"
CEPHALEXIN,PEDIATRICS,17,3.26,"PREFERRED PROVIDER ORGANIZATION"
"TOBRAMYCIN (OPHTH)",,46,10.00,"UNSPECIFIED PLAN"
"AMOXICILLIN & POT CLAVULANATE",PEDIATRICS,5,8.00,"UNSPECIFIED PLAN"
SULFAMETHOXAZOLE-TRIMETHOPRIM,"INTERNAL MEDICINE",30,3.00,"FEE FOR SERVICE MEDICAID"
LEVOFLOXACIN,HEMATOLOGY/ONCOLOGY,52,1.00,"MANAGED MEDICAID"
"AMOXICILLIN & POT CLAVULANATE","NURSE PRACTITIONER",59,10.00,"PHARMACY BENEFIT MANAGER"
AMOXICILLIN,PEDIATRICS,12,5.00,"DISCOUNT CARD PROGRAM"
"CIPROFLOXACIN HCL","NURSE PRACTITIONER",85,3.29,"MEDICARE D UNSPECIFIED"
CEPHALEXIN,"PHYSICIAN ASSISTANT",60,1.72,"PREFERRED PROVIDER ORGANIZATION"
AMOXICILLIN,"FAMILY MEDICINE",5,3.03,"PBM BOOK OF BUSINESS - UNIDENTIFIED PLANS"
AZITHROMYCIN,"NURSE PRACTITIONER",46,13.43,"FEDERAL EMPLOYEE"
"MINOCYCLINE HCL",DERMATOLOGY,15,5.00,EMPLOYER
AMOXICILLIN,"NURSE PRACTITIONER",50,0.01,CASH
AMOXICILLIN,PEDIATRICS,14,7.71,"STATE EMPLOYEES"
"DOXYCYCLINE HYCLATE","FAMILY MEDICINE",43,20.00,"PHARMACY BENEFIT MANAGER"
AMOXICILLIN,PEDIATRICS,10,11.89,"HEALTH INSURANCE EXCHANGE GENERAL"
"AMOXICILLIN & POT CLAVULANATE","NURSE PRACTITIONER",43,10.00,"PREFERRED PROVIDER ORGANIZATION"
CEPHALEXIN,PSYCHIATRY,22,14.13,"PHARMACY BENEFIT MANAGER"
"CLINDAMYCIN HCL",DENTIST,85,5.50,"PHARMACY BENEFIT MANAGER"
"DOXYCYCLINE HYCLATE","PHYSICIAN ASSISTANT",28,3.00,"HEALTH INSURANCE EXCHANGE PPO GENERAL"
CEFDINIR,"NURSE PRACTITIONER",50,7.00,EMPLOYER
AZITHROMYCIN,"NURSE PRACTITIONER",42,0.56,"GENERAL MEDICARE D ADVANTAGE"
AMOXICILLIN,DENTIST,34,1.37,"UNSPECIFIED PLAN"
"AMOXICILLIN & POT CLAVULANATE","NURSE PRACTITIONER",62,40.68,CASH
"AMOXICILLIN & POT CLAVULANATE","NURSE PRACTITIONER",44,4.00,EMPLOYER
SULFAMETHOXAZOLE-TRIMETHOPRIM,"NURSE PRACTITIONER",41,10.00,"PHARMACY BENEFIT MANAGER"
AZITHROMYCIN,"NURSE PRACTITIONER",85,3.96,"FEDERAL EMPLOYEE"
AZITHROMYCIN,"NURSE PRACTITIONER",44,5.30,"PREFERRED PROVIDER ORGANIZATION"
"AMOXICILLIN & POT CLAVULANATE","FAMILY MEDICINE",67,5.00,EMPLOYER
"CEFUROXIME AXETIL","PHYSICIAN ASSISTANT",70,3.40,"MEDICARE D UNSPECIFIED"
"DOXYCYCLINE HYCLATE","NURSE PRACTITIONER",74,2.57,"GENERAL MEDICARE D PRESCRIPTION DRUG PROGRAM"
AZITHROMYCIN,OPHTHALMOLOGY,19,3.20,"PHARMACY BENEFIT MANAGER"
"CIPROFLOXACIN HCL","GENERAL PRACTICE",29,3.00,"HMO - NETWORK MODEL"
CEPHALEXIN,DENTIST,30,2.29,"PHARMACY BENEFIT MANAGER"
CEFDINIR,"PHYSICIAN ASSISTANT",46,5.70,"POINT OF SERVICE"
LEVOFLOXACIN,"NURSE PRACTITIONER",61,5.57,"PREFERRED PROVIDER ORGANIZATION"
CLARITHROMYCIN,"PULMONARY CRITICAL CARE MEDICINE",50,10.00,EMPLOYER
AMOXICILLIN,"NURSE PRACTITIONER",76,2.51,"GENERAL MEDICARE D ADVANTAGE"
AMOXICILLIN,"NURSE PRACTITIONER",26,25.44,CASH
AZITHROMYCIN,"FAMILY MEDICINE",4,12.00,"STATE EMPLOYEES"
AZITHROMYCIN,"FAMILY MEDICINE",36,1.00,"MANAGED MEDICAID"
CEPHALEXIN,"PEDIATRIC EMERGENCY MEDICINE",71,1.25,"MEDICARE D PRESCRIPTION DRUG PROGRAM - PLAN SPECIFIC"
AMOXICILLIN,DENTIST,24,7.31,"UNSPECIFIED PLAN"
AMOXICILLIN,"FAMILY MEDICINE",21,1.89,EMPLOYER
AZITHROMYCIN,"NURSE PRACTITIONER",60,4.27,EMPLOYER
AMOXICILLIN,PEDIATRICS,0,1.99,CASH
"OFLOXACIN (OPHTH)",OPHTHALMOLOGY,43,11.94,EMPLOYER
CEFDINIR,"EMERGENCY MEDICINE",85,2.00,"MEDICARE D UNSPECIFIED"
SULFAMETHOXAZOLE-TRIMETHOPRIM,"INTERNAL MEDICINE",85,1.57,"GENERAL MEDICARE D PRESCRIPTION DRUG PROGRAM"
"CLINDAMYCIN HCL","PHYSICIAN ASSISTANT",69,8.14,"GENERAL MEDICARE D PRESCRIPTION DRUG PROGRAM"
SULFAMETHOXAZOLE-TRIMETHOPRIM,PEDIATRICS,19,4.27,"HMO - COMBINATION MODEL"
"AMOXICILLIN & POT CLAVULANATE",PEDIATRICS,1,9.45,"PHARMACY BENEFIT MANAGER"
AZITHROMYCIN,"NURSE PRACTITIONER",48,5.85,"UNSPECIFIED PLAN"
"CEFUROXIME AXETIL","FAMILY MEDICINE",50,9.32,"STATE EMPLOYEES"
CEPHALEXIN,"NURSE PRACTITIONER",70,3.40,"GENERAL MEDICARE D ADVANTAGE"
"AMOXICILLIN & POT CLAVULANATE","FAMILY MEDICINE",83,0.01,CASH
"OFLOXACIN (OPHTH)","PHYSICIAN ASSISTANT",67,15.00,"STATE EMPLOYEES"
"OFLOXACIN (OPHTH)",OPHTHALMOLOGY,72,15.40,"MEDICARE D UNSPECIFIED"
"OFLOXACIN (OTIC)","NURSE PRACTITIONER",7,18.47,EMPLOYER
"AMOXICILLIN & POT CLAVULANATE","INTERNAL MEDICINE",13,13.85,"PBM BOOK OF BUSINESS - UNIDENTIFIED PLANS"
CEPHALEXIN,"EMERGENCY MEDICINE",36,10.00,"UNKNOWN THIRD PARTY"
"CLINDAMYCIN HCL","ORTHOPEDIC SURGERY OF THE SPINE",62,18.55,"DISCOUNT CARD PROGRAM"
"DOXYCYCLINE (MONOHYDRATE)",DERMATOLOGY,63,25.00,"HEALTH INSURANCE EXCHANGE GENERAL"
LEVOFLOXACIN,"NURSE PRACTITIONER",72,3.40,"GENERAL MEDICARE D ADVANTAGE"
"AMOXICILLIN & POT CLAVULANATE","NURSE PRACTITIONER",34,13.72,"HMO - NETWORK MODEL"
AZITHROMYCIN,"FAMILY MEDICINE",18,5.00,EMPLOYER
"AMOXICILLIN & POT CLAVULANATE","NURSE PRACTITIONER",50,12.59,"UNSPECIFIED PLAN"
NEOMYCIN-POLYMYXIN-GRAMICIDIN,"CARDIOVASCULAR DISEASE",69,1.25,"MEDICARE D UNSPECIFIED"
"ERYTHROMYCIN (OPHTH)",OPTOMETRIST,41,5.00,"UNSPECIFIED PLAN"
"CIPROFLOXACIN HCL (OPHTH)","NURSE PRACTITIONER",3,7.70,"FEDERAL EMPLOYEE"
AMOXICILLIN,"FAMILY MEDICINE",30,4.82,"PHARMACY BENEFIT MANAGER"
AMOXICILLIN,"FAMILY MEDICINE",48,5.57,"UNSPECIFIED PLAN"
"DOXYCYCLINE HYCLATE",UROLOGY,59,5.00,"PREFERRED PROVIDER ORGANIZATION"
AZITHROMYCIN,"NURSE PRACTITIONER",75,3.00,"GENERAL MEDICARE D ADVANTAGE"
AZITHROMYCIN,"FAMILY MEDICINE",70,6.50,"MEDICARE D UNSPECIFIED"
"DOXYCYCLINE HYCLATE","FAMILY MEDICINE",69,22.61,"HMO - INDEPENDENT PRACTICE ASSOCIATION MODEL"
"DOXYCYCLINE HYCLATE","INFECTIOUS DISEASE",76,31.78,"MEDICARE D UNSPECIFIED"
"AMOXICILLIN & POT CLAVULANATE","PHYSICIAN ASSISTANT",71,6.00,"GENERAL MEDICARE D PRESCRIPTION DRUG PROGRAM"
"POLYMYXIN B-TRIMETHOPRIM","PHYSICIAN ASSISTANT",2,5.00,"PHARMACY BENEFIT MANAGER"
AZITHROMYCIN,"INTERNAL MEDICINE",47,6.72,"STATE EMPLOYEES"
"AMOXICILLIN & POT CLAVULANATE","FAMILY MEDICINE",64,2.00,"MEDICARE D UNSPECIFIED"
"DOXYCYCLINE HYCLATE","CARDIOVASCULAR DISEASE",42,4.13,"PHARMACY BENEFIT MANAGER"
"CLINDAMYCIN HCL",DENTIST,73,5.00,"EMPLOYER-SPONSORED PBM RETIREE PRESCRIPTION DRUG PROGRAM"
"PENICILLIN V POTASSIUM","PHYSICIAN ASSISTANT",35,14.26,"DISCOUNT CARD PROGRAM"
CEPHALEXIN,PSYCHIATRY,29,1.89,EMPLOYER
"AMOXICILLIN & POT CLAVULANATE","NURSE PRACTITIONER",47,1.25,"GENERAL MEDICARE D PRESCRIPTION DRUG PROGRAM"
AMOXICILLIN,"NURSE PRACTITIONER",9,15.26,CASH
AZITHROMYCIN,"PHYSICIAN ASSISTANT",12,2.09,"STATE EMPLOYEES"
"CLINDAMYCIN HCL","EMERGENCY MEDICINE",58,10.00,EMPLOYER
"AMOXICILLIN & POT CLAVULANATE","INTERNAL MEDICINE",77,13.64,"DISCOUNT CARD PROGRAM"
"CLINDAMYCIN HCL",DENTIST,75,5.76,"GENERAL MEDICARE D ADVANTAGE"
AMOXICILLIN,DENTIST,62,0.01,CASH
"CLINDAMYCIN HCL","NURSE PRACTITIONER",67,6.09,"GENERAL MEDICARE D ADVANTAGE"
CLARITHROMYCIN,DERMATOLOGY,44,4.86,"PHARMACY BENEFIT MANAGER"
AMOXICILLIN,PEDIATRICS,3,4.42,EMPLOYER
"ERYTHROMYCIN (OPHTH)","PHYSICIAN ASSISTANT",61,1.00,"MANAGED MEDICAID"
"CIPROFLOXACIN HCL","INTERNAL MEDICINE",83,3.08,"FEDERAL EMPLOYEE"
"DOXYCYCLINE HYCLATE","FAMILY MEDICINE",75,5.00,"EMPLOYER-SPONSORED CMS RETIREE PRESCRIPTION DRUG PROGRAM"
"OFLOXACIN (OPHTH)",OPHTHALMOLOGY,61,14.90,"STATE EMPLOYEES"
CEPHALEXIN,"INTERNAL MEDICINE",44,4.41,"UNSPECIFIED PLAN"
"MINOCYCLINE HCL",OPHTHALMOLOGY,85,30.00,"FEDERAL EMPLOYEE"
SULFAMETHOXAZOLE-TRIMETHOPRIM,"EMERGENCY MEDICINE",21,2.37,"UNSPECIFIED PLAN"
"MINOCYCLINE HCL",DERMATOLOGY,70,3.40,"GENERAL MEDICARE D PRESCRIPTION DRUG PROGRAM"
CEFDINIR,"FAMILY MEDICINE",77,5.00,"FEDERAL EMPLOYEE"
"MOXIFLOXACIN HCL","NURSE PRACTITIONER",31,3.41,"HMO - NETWORK MODEL"
"CEFPODOXIME PROXETIL","NURSE PRACTITIONER",58,47.00,"MEDICARE D UNSPECIFIED"
"CEFUROXIME AXETIL","FAMILY MEDICINE",41,10.49,"PHARMACY BENEFIT MANAGER"
"DOXYCYCLINE HYCLATE","NURSE PRACTITIONER",33,3.94,"UNSPECIFIED PLAN"
"MOXIFLOXACIN HCL (OPHTH)",OPHTHALMOLOGY,79,34.89,"MEDICARE D UNSPECIFIED"
"TOBRAMYCIN (OPHTH)","GENERAL PRACTICE",85,7.51,"MEDICARE D UNSPECIFIED"
"AMOXICILLIN & POT CLAVULANATE",HOSPITALIST,72,1.13,"MEDICARE D UNSPECIFIED"
AZITHROMYCIN,"PHYSICIAN ASSISTANT",69,2.75,"EMPLOYER-SPONSORED PBM RETIREE PRESCRIPTION DRUG PROGRAM"
SULFAMETHOXAZOLE-TRIMETHOPRIM,"FAMILY MEDICINE",2,7.61,"UNSPECIFIED PLAN"
AZITHROMYCIN,"NURSE PRACTITIONER",75,2.21,"STATE EMPLOYEES"
"DOXYCYCLINE HYCLATE","INTERNAL MEDICINE",26,1.00,"UNSPECIFIED PLAN"
"DOXYCYCLINE HYCLATE","FAMILY MEDICINE",70,80.19,"PHARMACY BENEFIT MANAGER"
AMOXICILLIN,DENTIST,65,6.19,"GENERAL MEDICARE D PRESCRIPTION DRUG PROGRAM"
AMOXICILLIN,"ORTHOPEDIC SURGERY",60,0.84,"GENERAL MEDICARE D PRESCRIPTION DRUG PROGRAM"
AZITHROMYCIN,"FAMILY MEDICINE",51,4.60,"HMO - INDEPENDENT PRACTICE ASSOCIATION MODEL"
SULFAMETHOXAZOLE-TRIMETHOPRIM,"NURSE PRACTITIONER",36,2.00,"MEDICARE D UNSPECIFIED"
"AMOXICILLIN & POT CLAVULANATE","INTERNAL MEDICINE",66,4.54,"FEDERAL EMPLOYEE"
AMOXICILLIN,DENTIST,66,5.00,"MEDICARE D UNSPECIFIED"
CEPHALEXIN,"PHYSICIAN ASSISTANT",51,3.44,"UNSPECIFIED PLAN"
AMOXICILLIN,DENTIST,27,1.51,"STATE EMPLOYEES"
"CIPROFLOXACIN HCL","FAMILY MEDICINE",39,2.77,"UNSPECIFIED PLAN"
"DOXYCYCLINE HYCLATE","NURSE PRACTITIONER",69,3.83,"FEDERAL EMPLOYEE"
AMOXICILLIN,"INTERNAL MEDICINE",65,1.93,"FEDERAL EMPLOYEE"
"AMOXICILLIN & POT CLAVULANATE","NURSE PRACTITIONER",50,3.40,"GENERAL MEDICARE D PRESCRIPTION DRUG PROGRAM"
CEPHALEXIN,"GENERAL PRACTICE",12,8.27,"PHARMACY BENEFIT MANAGER"
AMOXICILLIN,DENTIST,80,6.62,"DISCOUNT CARD PROGRAM"
SULFAMETHOXAZOLE-TRIMETHOPRIM,"EMERGENCY MEDICINE",23,34.54,CASH
AZITHROMYCIN,"NURSE PRACTITIONER",79,4.14,"MEDICARE D UNSPECIFIED"
"AMOXICILLIN & POT CLAVULANATE","INTERNAL MEDICINE",69,5.00,"GENERAL MEDICARE D PRESCRIPTION DRUG PROGRAM"
CEPHALEXIN,DERMATOLOGY,20,1.54,"STATE EMPLOYEES"
"CIPROFLOXACIN HCL","EMERGENCY MEDICINE",83,8.99,"GENERAL MEDICARE D ADVANTAGE"
"DOXYCYCLINE (MONOHYDRATE)",DERMATOLOGY,19,5.00,"UNSPECIFIED PLAN"
AMOXICILLIN,DENTIST,50,0.01,CASH
AMOXICILLIN,"FAMILY MEDICINE",43,6.28,"FEDERAL EMPLOYEE"
AZITHROMYCIN,"FAMILY MEDICINE",58,9.48,"PHARMACY BENEFIT MANAGER"
CEPHALEXIN,"NURSE PRACTITIONER",67,3.40,"GENERAL MEDICARE D ADVANTAGE"
"NEOMYCIN-POLYMYXIN-HC (OTIC)","INTERNAL MEDICINE",50,3.00,"HEALTH INSURANCE EXCHANGE GENERAL"
CEPHALEXIN,"FAMILY MEDICINE",28,15.00,"UNSPECIFIED PLAN"
AMOXICILLIN,"NURSE PRACTITIONER",11,8.12,EMPLOYER
"ERYTHROMYCIN (OPHTH)",OPHTHALMOLOGY,77,13.97,"MEDICARE D UNSPECIFIED"
"DOXYCYCLINE HYCLATE",OTOLARYNGOLOGY,65,7.16,"STATE EMPLOYEES"
"ACETIC ACID (OTIC)","NURSE PRACTITIONER",17,10.00,"UNSPECIFIED PLAN"
"CEFUROXIME AXETIL",NEPHROLOGY,85,7.00,"GENERAL MEDICARE D PRESCRIPTION DRUG PROGRAM"
"POLYMYXIN B-TRIMETHOPRIM","NURSE PRACTITIONER",6,10.00,"FEDERAL EMPLOYEE"
"CLINDAMYCIN HCL","NURSE PRACTITIONER",58,1.00,"FEE FOR SERVICE MEDICAID"
AMOXICILLIN,DENTIST,67,3.40,"GENERAL MEDICARE D PRESCRIPTION DRUG PROGRAM"
AMOXICILLIN,DENTIST,21,0.01,CASH
AMOXICILLIN,"INTERNAL MEDICINE",81,4.75,"MEDICARE D UNSPECIFIED"
SULFAMETHOXAZOLE-TRIMETHOPRIM,"NURSE PRACTITIONER",14,2.27,EMPLOYER
AMPICILLIN,"PULMONARY DISEASE",85,0.01,"FEDERAL EMPLOYEE"
"CLINDAMYCIN HCL","PHYSICIAN ASSISTANT",35,1.00,"MANAGED MEDICAID"
"AMOXICILLIN & POT CLAVULANATE","FAMILY MEDICINE",68,1.25,"MEDICARE D UNSPECIFIED"
AZITHROMYCIN,"INTERNAL MEDICINE",35,8.86,"HMO - NETWORK MODEL"
AMOXICILLIN,"FAMILY MEDICINE",20,5.29,"PHARMACY BENEFIT MANAGER"
"AMOXICILLIN & POT CLAVULANATE","FAMILY MEDICINE",49,5.00,EMPLOYER
"AMOXICILLIN & POT CLAVULANATE",DENTIST,58,8.92,"FEDERAL EMPLOYEE"
"OFLOXACIN (OPHTH)","FAMILY MEDICINE",55,5.00,"PBM BOOK OF BUSINESS - UNIDENTIFIED PLANS"
AZITHROMYCIN,"PHYSICIAN ASSISTANT",35,1.82,EMPLOYER
SULFAMETHOXAZOLE-TRIMETHOPRIM,UROLOGY,78,2.30,"MEDICARE D UNSPECIFIED"
AZITHROMYCIN,OPTOMETRIST,72,3.57,"EMPLOYER-SPONSORED PBM RETIREE PRESCRIPTION DRUG PROGRAM"
CEPHALEXIN,"PHYSICIAN ASSISTANT",85,4.79,"GENERAL MEDICARE D ADVANTAGE"
AMOXICILLIN,DENTIST,49,1.69,"HEALTH INSURANCE EXCHANGE HMO GENERAL"
"CLINDAMYCIN HCL","NURSE PRACTITIONER",64,10.00,"STATE EMPLOYEES"
"DOXYCYCLINE HYCLATE",DERMATOLOGY,22,176.15,CASH
"DOXYCYCLINE HYCLATE","FAMILY MEDICINE",73,30.00,"MEDICARE D UNSPECIFIED"
CEPHALEXIN,"EMERGENCY MEDICINE",66,12.00,"MEDICARE D ADVANTAGE - PLAN SPECIFIC"
AMOXICILLIN,VETERINARIAN,59,12.73,CASH
AMOXICILLIN,DENTIST,82,6.10,"GENERAL MEDICARE D PRESCRIPTION DRUG PROGRAM"
CEFDINIR,"INTERNAL MEDICINE",41,5.00,"UNSPECIFIED PLAN"
"CIPROFLOXACIN HCL","GENERAL PRACTICE",58,3.00,"MANAGED MEDICAID"
"DOXYCYCLINE HYCLATE",DERMATOLOGY,17,5.00,"HMO - INDEPENDENT PRACTICE ASSOCIATION MODEL"
SULFAMETHOXAZOLE-TRIMETHOPRIM,"PHYSICIAN ASSISTANT",17,0.01,CASH
"MINOCYCLINE HCL","PHYSICIAN ASSISTANT",35,15.00,"UNSPECIFIED PLAN"
AMOXICILLIN,DENTIST,56,3.65,"FEE FOR SERVICE MEDICAID"
AZITHROMYCIN,"FAMILY MEDICINE",36,4.77,"UNSPECIFIED PLAN"
AZITHROMYCIN,"NURSE PRACTITIONER",3,10.00,"UNSPECIFIED PLAN"
"DOXYCYCLINE HYCLATE","INFECTIOUS DISEASE",63,3.40,"MEDICARE D UNSPECIFIED"
AZITHROMYCIN,"NURSE PRACTITIONER",76,5.00,"GENERAL MEDICARE D PRESCRIPTION DRUG PROGRAM"
AZITHROMYCIN,"FAMILY MEDICINE",55,6.05,"UNSPECIFIED PLAN"
"DOXYCYCLINE (ROSACEA)","PHYSICIAN ASSISTANT",25,75.00,"COUPON/VOUCHER PROGRAM"
CEFDINIR,PEDIATRICS,9,15.00,"UNSPECIFIED PLAN"
CEPHALEXIN,"NURSE PRACTITIONER",23,5.65,"PBM BOOK OF BUSINESS - UNIDENTIFIED PLANS"
LEVOFLOXACIN,"NURSE PRACTITIONER",55,3.06,"MEDICARE D UNSPECIFIED"
"CLINDAMYCIN HCL",DENTISTRY/PERIODONTICS,73,3.32,"MEDICARE D UNSPECIFIED"
AMOXICILLIN,"FAMILY MEDICINE",62,5.00,"UNSPECIFIED PLAN"
"CLINDAMYCIN HCL","OBSTETRICS & GYNECOLOGY",20,55.78,CASH
CEPHALEXIN,"INTERNAL MEDICINE",85,2.18,"MEDICARE D UNSPECIFIED"
SULFAMETHOXAZOLE-TRIMETHOPRIM,"GERIATRIC MEDICINE (INTERNAL MEDICINE)",47,1.68,"STATE EMPLOYEES"
"AMOXICILLIN & POT CLAVULANATE",PEDIATRICS,1,13.66,"UNSPECIFIED PLAN"
"AMOXICILLIN & POT CLAVULANATE",HEMATOLOGY/ONCOLOGY,45,15.00,"PHARMACY BENEFIT MANAGER"
AZITHROMYCIN,"FAMILY MEDICINE",31,8.48,"HMO - INDEPENDENT PRACTICE ASSOCIATION MODEL"
"DOXYCYCLINE (MONOHYDRATE)","FAMILY MEDICINE",68,10.00,"FEDERAL EMPLOYEE"
AZITHROMYCIN,"FAMILY MEDICINE",15,3.86,EMPLOYER
"MINOCYCLINE HCL",DERMATOLOGY,39,4.00,EMPLOYER
"CLINDAMYCIN HCL","EMERGENCY MEDICINE",35,12.60,"DISCOUNT CARD PROGRAM"
SULFAMETHOXAZOLE-TRIMETHOPRIM,"PHYSICIAN ASSISTANT",70,0.01,CASH
CEFDINIR,"NURSE PRACTITIONER",80,11.00,"MEDICARE D UNSPECIFIED"
"AMOXICILLIN & POT CLAVULANATE","FAMILY MEDICINE",56,8.50,"UNSPECIFIED PLAN"
CEPHALEXIN,"NURSE PRACTITIONER",60,8.35,"PHARMACY BENEFIT MANAGER"
"AMOXICILLIN & POT CLAVULANATE","NURSE PRACTITIONER",15,5.00,EMPLOYER
"DOXYCYCLINE (MONOHYDRATE)",OPHTHALMOLOGY,73,15.14,"STATE EMPLOYEES"
AMOXICILLIN,"NURSE PRACTITIONER",49,4.49,"HMO - COMBINATION MODEL"
"PENICILLIN V POTASSIUM",DENTIST,61,4.00,"STATE EMPLOYEES"
AZITHROMYCIN,"NURSE PRACTITIONER",41,15.34,"UNKNOWN THIRD PARTY"
"DOXYCYCLINE (MONOHYDRATE)","PHYSICIAN ASSISTANT",24,3.69,"PBM BOOK OF BUSINESS - UNIDENTIFIED PLANS"
SULFAMETHOXAZOLE-TRIMETHOPRIM,"PHYSICIAN ASSISTANT",50,1.76,"UNSPECIFIED PLAN"
LEVOFLOXACIN,"INTERNAL MEDICINE",43,4.03,"UNSPECIFIED PLAN"
"AMOXICILLIN & POT CLAVULANATE","INFECTIOUS DISEASE",64,3.40,"MANAGED MEDICAID"
"AMOXICILLIN & POT CLAVULANATE","NURSE PRACTITIONER",45,9.62,"UNSPECIFIED PLAN"
SULFAMETHOXAZOLE-TRIMETHOPRIM,"NURSE PRACTITIONER",27,1.00,"MANAGED MEDICAID/MEDICARE SUPPLEMENT/MEDIGAP/STATE ASSISTANCE"
"CIPROFLOXACIN HCL","NURSE PRACTITIONER",77,5.00,"FEDERAL EMPLOYEE"
"CIPROFLOXACIN HCL (OPHTH)",OPTOMETRIST,38,10.00,"HEALTH INSURANCE EXCHANGE GENERAL"
CEPHALEXIN,"PLASTIC SURGERY",40,3.12,"PHARMACY BENEFIT MANAGER"
"AMOXICILLIN & POT CLAVULANATE","NURSE PRACTITIONER",23,4.00,EMPLOYER
"MOXIFLOXACIN HCL (OPHTH)","NURSE PRACTITIONER",2,10.00,"UNSPECIFIED PLAN"
"CLINDAMYCIN HCL","NURSE PRACTITIONER",28,13.99,"HMO - INDEPENDENT PRACTICE ASSOCIATION MODEL"
"AMOXICILLIN & POT CLAVULANATE","INTERNAL MEDICINE",22,1.00,"MANAGED MEDICAID/MEDICARE SUPPLEMENT/MEDIGAP/STATE ASSISTANCE"
CEPHALEXIN,"PHYSICIAN ASSISTANT",-2,2.41,"UNSPECIFIED PLAN"
AZITHROMYCIN,"NURSE PRACTITIONER",38,5.62,"UNSPECIFIED PLAN"
"AMOXICILLIN & POT CLAVULANATE","PEDIATRIC OTOLARYNGOLOGY",16,15.00,"PHARMACY BENEFIT MANAGER"
"CLINDAMYCIN HCL","EMERGENCY MEDICINE",36,3.40,"MANAGED MEDICAID/MEDICARE SUPPLEMENT/MEDIGAP/STATE ASSISTANCE"
AZITHROMYCIN,"NURSE PRACTITIONER",21,5.00,EMPLOYER
"AMOXICILLIN & POT CLAVULANATE","INTERNAL MEDICINE/PEDIATRICS",26,6.85,EMPLOYER
"DOXYCYCLINE HYCLATE","NURSE PRACTITIONER",36,42.61,CASH
"AMOXICILLIN & POT CLAVULANATE","INTERNAL MEDICINE",44,5.00,"UNSPECIFIED PLAN"
AZITHROMYCIN,"INTERNAL MEDICINE",77,5.00,"MEDICARE D UNSPECIFIED"
AZITHROMYCIN,"PHYSICIAN ASSISTANT",47,5.94,"UNSPECIFIED PLAN"
CEPHALEXIN,DERMATOLOGY,79,1.85,"GENERAL MEDICARE D PRESCRIPTION DRUG PROGRAM"
"DOXYCYCLINE (MONOHYDRATE)","PHYSICIAN ASSISTANT",15,1.00,"MANAGED MEDICAID/MEDICARE SUPPLEMENT/MEDIGAP/STATE ASSISTANCE"
SULFAMETHOXAZOLE-TRIMETHOPRIM,UROLOGY,81,4.48,"GENERAL MEDICARE D PRESCRIPTION DRUG PROGRAM"
CEFDINIR,"FAMILY MEDICINE",67,1.20,"MEDICARE D UNSPECIFIED"
"DOXYCYCLINE (MONOHYDRATE)","NURSE PRACTITIONER",40,7.55,"STATE EMPLOYEES"
LEVOFLOXACIN,"INTERNAL MEDICINE",74,1.00,"GENERAL MEDICARE D PRESCRIPTION DRUG PROGRAM"
"CIPROFLOXACIN HCL","EMERGENCY MEDICINE",43,13.47,"DISCOUNT CARD PROGRAM"
"CLINDAMYCIN HCL","INTERNAL MEDICINE",63,8.00,"GENERAL MEDICARE D ADVANTAGE"
CEPHALEXIN,"NURSE PRACTITIONER",39,1.19,"UNSPECIFIED PLAN"
AZITHROMYCIN,"PHYSICIAN ASSISTANT",52,7.01,"GENERAL MEDICARE D PRESCRIPTION DRUG PROGRAM"
CEPHALEXIN,"INTERNAL MEDICINE",35,4.00,"HMO - INDEPENDENT PRACTICE ASSOCIATION MODEL"
AZITHROMYCIN,"FAMILY MEDICINE",82,9.48,"PHARMACY BENEFIT MANAGER"
"CLINDAMYCIN HCL",DENTIST,54,0.41,EMPLOYER
CEFDINIR,"NURSE PRACTITIONER",71,7.96,"MEDICARE D UNSPECIFIED"
AZITHROMYCIN,"FAMILY MEDICINE",26,3.01,"PREFERRED PROVIDER ORGANIZATION"
CEPHALEXIN,"EMERGENCY MEDICINE",21,6.91,CASH
"OFLOXACIN (OTIC)",OTOLARYNGOLOGY,75,23.54,"GENERAL MEDICARE D PRESCRIPTION DRUG PROGRAM"
"AMOXICILLIN & POT CLAVULANATE","INTERNAL MEDICINE",74,18.00,"UNKNOWN THIRD PARTY"
"CIPROFLOXACIN HCL","INTERNAL MEDICINE",54,4.38,"FEDERAL EMPLOYEE"
"AMOXICILLIN & POT CLAVULANATE","PHYSICIAN ASSISTANT",32,7.60,"UNSPECIFIED PLAN"
"AMOXICILLIN & POT CLAVULANATE","PHYSICIAN ASSISTANT",60,10.00,"POINT OF SERVICE"
AZITHROMYCIN,"FAMILY MEDICINE",31,5.00,"UNSPECIFIED PLAN"
CEFDINIR,"FAMILY MEDICINE",32,1.00,"FEE FOR SERVICE MEDICAID"
CEPHALEXIN,"FAMILY MEDICINE",70,3.83,"MEDICARE D UNSPECIFIED"
CEPHALEXIN,"EMERGENCY MEDICINE",61,7.05,"UNSPECIFIED PLAN"
AMOXICILLIN,DENTIST,23,4.37,"UNSPECIFIED PLAN"
"GATIFLOXACIN (OPHTH)",OPHTHALMOLOGY,66,11.00,"FEDERAL EMPLOYEE"
"AMOXICILLIN & POT CLAVULANATE","PHYSICIAN ASSISTANT",47,5.00,"UNSPECIFIED PLAN"
AZITHROMYCIN,"EMERGENCY MEDICINE",30,6.41,EMPLOYER
"DOXYCYCLINE HYCLATE","NURSE PRACTITIONER",61,22.66,"UNSPECIFIED PLAN"
"POLYMYXIN B-TRIMETHOPRIM","NURSE PRACTITIONER",18,11.47,"UNSPECIFIED PLAN"
AZITHROMYCIN,"NURSE PRACTITIONER",70,16.10,"GENERAL MEDICARE D PRESCRIPTION DRUG PROGRAM"
"OFLOXACIN (OPHTH)",OPHTHALMOLOGY,50,12.00,"GENERAL MEDICARE D ADVANTAGE"
CEFDINIR,PEDIATRICS,4,10.00,EMPLOYER
CEFDINIR,"NURSE PRACTITIONER",46,10.00,"UNSPECIFIED PLAN"
"CIPROFLOXACIN HCL","FAMILY MEDICINE",80,3.50,"GENERAL MEDICARE D PRESCRIPTION DRUG PROGRAM"
LEVOFLOXACIN,"INTERNAL MEDICINE",56,1.34,"STATE EMPLOYEES"
"CLINDAMYCIN HCL","NURSE PRACTITIONER",16,5.00,"CHILDRENS HEALTH INSURANCE PROGRAM"
"DOXYCYCLINE (MONOHYDRATE)","NURSE PRACTITIONER",42,9.80,"UNSPECIFIED PLAN"
"DOXYCYCLINE HYCLATE","NURSE PRACTITIONER",76,0.69,"GENERAL MEDICARE D PRESCRIPTION DRUG PROGRAM"
AMOXICILLIN,PEDIATRICS,8,12.89,"STATE EMPLOYEES"
CEPHALEXIN,"NURSE PRACTITIONER",54,5.81,"UNSPECIFIED PLAN"
AZITHROMYCIN,"FAMILY MEDICINE",85,7.50,"MEDICARE D UNSPECIFIED"
AMOXICILLIN,PEDIATRICS,5,0.01,CASH
"DOXYCYCLINE HYCLATE",DERMATOLOGY,22,52.90,"FEDERAL EMPLOYEE"
AMOXICILLIN,"NURSE PRACTITIONER",59,12.00,"PHARMACY BENEFIT MANAGER"
"AMOXICILLIN & POT CLAVULANATE","FAMILY MEDICINE",67,6.55,"MEDICARE D UNSPECIFIED"
"DOXYCYCLINE HYCLATE","NURSE PRACTITIONER",38,5.00,EMPLOYER
"DOXYCYCLINE HYCLATE","NURSE PRACTITIONER",64,3.00,"FEE FOR SERVICE MEDICAID"
CEFDINIR,"NURSE PRACTITIONER",35,13.50,"PREFERRED PROVIDER ORGANIZATION"
"SULFACETAMIDE SODIUM (OPHTH)","PHYSICIAN ASSISTANT",3,25.00,"DISCOUNT CARD PROGRAM"
AMOXICILLIN,DENTIST,39,13.59,CASH
LEVOFLOXACIN,"FAMILY MEDICINE",75,4.06,"GENERAL MEDICARE D ADVANTAGE"
AMOXICILLIN,DENTIST,77,0.98,"MEDICARE D UNSPECIFIED"
CEPHALEXIN,"FAMILY MEDICINE",63,14.65,"STATE EMPLOYEES"
AMOXICILLIN,"FAMILY MEDICINE",71,1.00,"MEDICARE D UNSPECIFIED"
"NEOMYCIN SULFATE","GENERAL SURGERY",85,6.19,"GENERAL MEDICARE D ADVANTAGE"
CEPHALEXIN,"FAMILY MEDICINE",40,14.84,"PHARMACY BENEFIT MANAGER"
AZITHROMYCIN,DENTIST,40,7.88,"PHARMACY BENEFIT MANAGER"
AMOXICILLIN,"FAMILY MEDICINE",71,13.35,"DISCOUNT CARD PROGRAM"
"DOXYCYCLINE HYCLATE",DERMATOLOGY,20,8.00,"STATE EMPLOYEES"
"AMOXICILLIN & POT CLAVULANATE",PEDIATRICS,17,10.49,"UNSPECIFIED PLAN"
"CIPROFLOXACIN HCL",UROLOGY,64,0.73,"PHARMACY BENEFIT MANAGER"
"CLINDAMYCIN HCL","INTERNAL MEDICINE",77,40.91,"PBM BOOK OF BUSINESS - UNIDENTIFIED PLANS"
"CLINDAMYCIN HCL","NURSE PRACTITIONER",67,1.25,"GENERAL MEDICARE D PRESCRIPTION DRUG PROGRAM"
AMOXICILLIN,"ORAL & MAXILLOFACIAL SURGERY",64,2.38,"GENERAL MEDICARE D ADVANTAGE"
"AMOXICILLIN & POT CLAVULANATE","NURSE PRACTITIONER",70,11.50,"MEDICARE D UNSPECIFIED"
"CIPROFLOXACIN HCL",PEDIATRICS,14,5.00,"UNSPECIFIED PLAN"
CEFADROXIL,PEDIATRICS,6,10.00,"HMO - INDEPENDENT PRACTICE ASSOCIATION MODEL"
"CIPROFLOXACIN HCL","PHYSICIAN ASSISTANT",70,2.00,"MEDICARE D UNSPECIFIED"
"AMOXICILLIN & POT CLAVULANATE","INTERNAL MEDICINE",33,6.08,"UNSPECIFIED PLAN"
AZITHROMYCIN,"INTERNAL MEDICINE",75,1.17,"GENERAL MEDICARE D ADVANTAGE"
"OFLOXACIN (OPHTH)","PEDIATRIC OTOLARYNGOLOGY",1,8.22,"THIRD PARTY ADMINISTRATOR"
AZITHROMYCIN,"INTERNAL MEDICINE",82,16.57,"GENERAL MEDICARE D PRESCRIPTION DRUG PROGRAM"
"CIPROFLOXACIN HCL",GASTROENTEROLOGY,75,12.00,"GENERAL MEDICARE D ADVANTAGE"
"AMOXICILLIN & POT CLAVULANATE","INTERNAL MEDICINE",58,10.00,"UNSPECIFIED PLAN"
"OFLOXACIN (OPHTH)","FAMILY MEDICINE",37,15.00,"UNSPECIFIED PLAN"
AMOXICILLIN,"NURSE PRACTITIONER",71,9.54,"GENERAL MEDICARE D PRESCRIPTION DRUG PROGRAM"
AZITHROMYCIN,"FAMILY MEDICINE",80,5.02,"GENERAL MEDICARE D ADVANTAGE"
"ERYTHROMYCIN (OPHTH)",OPHTHALMOLOGY,65,9.85,"STATE EMPLOYEES"
"POLYMYXIN B-TRIMETHOPRIM",PEDIATRICS,1,9.75,"HMO - NETWORK MODEL"
AZITHROMYCIN,"NURSE PRACTITIONER",49,5.00,"PREFERRED PROVIDER ORGANIZATION"
AZITHROMYCIN,"INTERNAL MEDICINE",50,5.39,"UNSPECIFIED PLAN"
"DOXYCYCLINE (MONOHYDRATE)","PHYSICIAN ASSISTANT",74,41.99,"DISCOUNT CARD PROGRAM"
AMOXICILLIN,"PHYSICIAN ASSISTANT",1,2.44,"UNSPECIFIED PLAN"
LEVOFLOXACIN,"FAMILY MEDICINE",67,20.00,"MEDICARE D UNSPECIFIED"
"CLINDAMYCIN HCL",DENTIST,45,10.00,"PHARMACY BENEFIT MANAGER"
"DOXYCYCLINE (MONOHYDRATE)","NURSE PRACTITIONER",25,15.00,"PHARMACY BENEFIT MANAGER"
"TOBRAMYCIN (OPHTH)","PHYSICIAN ASSISTANT",51,7.50,EMPLOYER
"AMOXICILLIN & POT CLAVULANATE","NURSE PRACTITIONER",70,3.40,"MEDICARE D UNSPECIFIED"
"DOXYCYCLINE HYCLATE","INFECTIOUS DISEASE",70,3.40,"GENERAL MEDICARE D PRESCRIPTION DRUG PROGRAM"
AZITHROMYCIN,"FAMILY MEDICINE",27,10.00,"UNSPECIFIED PLAN"
"CIPROFLOXACIN HCL","FAMILY MEDICINE",69,2.59,"MEDICARE D ADVANTAGE - PLAN SPECIFIC"
"DOXYCYCLINE HYCLATE","INFECTIOUS DISEASE",85,20.00,"EMPLOYER-SPONSORED CMS RETIREE PRESCRIPTION DRUG PROGRAM"
AMOXICILLIN,DENTIST,31,0.01,CASH
"MINOCYCLINE HCL",OPHTHALMOLOGY,19,5.00,"PHARMACY BENEFIT MANAGER"
AMOXICILLIN,DENTIST,66,1.75,"MEDICARE D UNSPECIFIED"
"MINOCYCLINE HCL",,24,15.00,"UNSPECIFIED PLAN"
"TERCONAZOLE VAGINAL","OBSTETRICS & GYNECOLOGY",41,10.00,"UNSPECIFIED PLAN"
"CLINDAMYCIN HCL",DENTIST,22,8.93,"UNSPECIFIED PLAN"
"DOXYCYCLINE HYCLATE",DERMATOLOGY,66,47.00,"PHARMACY BENEFIT MANAGER"
SULFAMETHOXAZOLE-TRIMETHOPRIM,"NURSE PRACTITIONER",53,1.00,"MANAGED MEDICAID/MEDICARE SUPPLEMENT/MEDIGAP/STATE ASSISTANCE"
"TOBRAMYCIN (OPHTH)","FAMILY MEDICINE",48,4.50,"PBM BOOK OF BUSINESS - UNIDENTIFIED PLANS"
LEVOFLOXACIN,"INTERNAL MEDICINE/PEDIATRICS",37,4.28,"UNSPECIFIED PLAN"
"CIPROFLOXACIN HCL",UROLOGY,61,1.62,"UNSPECIFIED PLAN"
"ERYTHROMYCIN (OPHTH)",OPTOMETRIST,54,10.00,"UNSPECIFIED PLAN"
"CIPROFLOXACIN HCL",UROLOGY,74,3.57,EMPLOYER
AZITHROMYCIN,"FAMILY MEDICINE",61,4.00,"PREFERRED PROVIDER ORGANIZATION"
AMOXICILLIN,DENTIST,67,2.60,"MEDICARE D UNSPECIFIED"
AMOXICILLIN,DENTIST,66,10.09,"GENERAL MEDICARE D PRESCRIPTION DRUG PROGRAM"
AMOXICILLIN,DENTIST,27,1.00,"PHARMACY BENEFIT MANAGER"
"MINOCYCLINE HCL",DERMATOLOGY,21,5.00,EMPLOYER
"CLINDAMYCIN HCL",DENTIST,75,2.76,"FEDERAL EMPLOYEE"
"ERYTHROMYCIN (OPHTH)","NURSE PRACTITIONER",9,7.00,"PHARMACY BENEFIT MANAGER"
AZITHROMYCIN,"FAMILY MEDICINE",80,10.00,"MEDICARE D UNSPECIFIED"
"TERCONAZOLE VAGINAL","OBSTETRICS & GYNECOLOGY",78,29.97,"MEDICARE D UNSPECIFIED"
"DOXYCYCLINE (ROSACEA)",DERMATOLOGY,55,5.00,"THIRD PARTY ADMINISTRATOR"
"DOXYCYCLINE HYCLATE","FAMILY MEDICINE",71,1.09,"GENERAL MEDICARE D PRESCRIPTION DRUG PROGRAM"
SULFAMETHOXAZOLE-TRIMETHOPRIM,"EMERGENCY MEDICINE",58,1.00,"FEE FOR SERVICE MEDICAID"
"CLINDAMYCIN HCL","EMERGENCY MEDICINE",41,12.96,"HMO - COMBINATION MODEL"
"CEFPODOXIME PROXETIL",,10,46.43,"DISCOUNT CARD PROGRAM"
LEVOFLOXACIN,"INTERNAL MEDICINE",66,23.14,"GENERAL MEDICARE D PRESCRIPTION DRUG PROGRAM"
CEPHALEXIN,"GERIATRIC MEDICINE (INTERNAL MEDICINE)",85,2.96,"GENERAL MEDICARE D PRESCRIPTION DRUG PROGRAM"
"AMOXICILLIN & POT CLAVULANATE","FAMILY MEDICINE",61,7.72,"HEALTH INSURANCE EXCHANGE GENERAL"
SULFAMETHOXAZOLE-TRIMETHOPRIM,UROLOGY,6,5.00,"MANAGED MEDICAID"
"OFLOXACIN (OPHTH)",OTOLARYNGOLOGY,63,2.71,"STATE EMPLOYEES"
"OFLOXACIN (OPHTH)",OPHTHALMOLOGY,70,5.00,"PHARMACY BENEFIT MANAGER"
AMOXICILLIN,"NURSE PRACTITIONER",68,4.77,"GENERAL MEDICARE D ADVANTAGE"
"AMOXICILLIN & POT CLAVULANATE","EMERGENCY MEDICINE",76,8.56,"GENERAL MEDICARE D ADVANTAGE"
CLARITHROMYCIN,"FAMILY MEDICINE",36,15.00,"THIRD PARTY ADMINISTRATOR"
AZITHROMYCIN,"FAMILY MEDICINE",76,3.96,"FEDERAL EMPLOYEE"
CEPHALEXIN,"NURSE PRACTITIONER",50,1.21,EMPLOYER
"AMOXICILLIN & POT CLAVULANATE","GENERAL PRACTICE",49,5.00,"STATE EMPLOYEES"
"CEFUROXIME AXETIL","FAMILY MEDICINE",63,20.00,"HMO - NETWORK MODEL"
"AMOXICILLIN & POT CLAVULANATE","FAMILY MEDICINE",75,5.00,"FEDERAL EMPLOYEE"
"CIPROFLOXACIN HCL (OPHTH)",PEDIATRICS,6,10.00,EMPLOYER
"CLINDAMYCIN HCL","NURSE PRACTITIONER",61,1.00,"MANAGED MEDICAID"
CEFPROZIL,PEDIATRICS,6,11.00,"FEDERAL EMPLOYEE"
AZITHROMYCIN,"PHYSICIAN ASSISTANT",52,9.68,"DISCOUNT CARD PROGRAM"
"CIPROFLOXACIN HCL","FAMILY MEDICINE",85,3.86,"MEDICARE D UNSPECIFIED"
SULFAMETHOXAZOLE-TRIMETHOPRIM,"FAMILY MEDICINE",76,9.51,"GENERAL MEDICARE D PRESCRIPTION DRUG PROGRAM"
CEFDINIR,"NURSE PRACTITIONER",41,5.00,"PHARMACY BENEFIT MANAGER"
AZITHROMYCIN,"NURSE PRACTITIONER",43,1.00,"MANAGED MEDICAID/MEDICARE SUPPLEMENT/MEDIGAP/STATE ASSISTANCE"
"DOXYCYCLINE HYCLATE","NURSE PRACTITIONER",57,22.73,"UNSPECIFIED PLAN"
"CLINDAMYCIN HCL","NURSE PRACTITIONER",47,7.00,"UNSPECIFIED PLAN"
"DOXYCYCLINE HYCLATE","NURSE PRACTITIONER",35,10.00,"UNSPECIFIED PLAN"
AZITHROMYCIN,"FAMILY MEDICINE",77,4.00,"GENERAL MEDICARE D ADVANTAGE"
"AMOXICILLIN & POT CLAVULANATE","FAMILY MEDICINE",63,6.92,"FEDERAL EMPLOYEE"
"DOXYCYCLINE (MONOHYDRATE)","EMERGENCY MEDICINE",33,9.35,"UNSPECIFIED PLAN"
"AMOXICILLIN & POT CLAVULANATE",DENTIST,50,15.00,"PBM BOOK OF BUSINESS - UNIDENTIFIED PLANS"
"MINOCYCLINE HCL","ORTHOPEDIC SURGERY",71,18.73,"GENERAL MEDICARE D PRESCRIPTION DRUG PROGRAM"
"CIPROFLOXACIN HCL","EMERGENCY MEDICINE",51,11.81,"DISCOUNT CARD PROGRAM"
"CIPROFLOXACIN-FLUOCINOLONE ACETONIDE",OTOLARYNGOLOGY,3,599.26,EMPLOYER
"MINOCYCLINE HCL","PHYSICIAN ASSISTANT",16,10.00,"UNSPECIFIED PLAN"
AZITHROMYCIN,"NURSE PRACTITIONER",48,9.25,"PREFERRED PROVIDER ORGANIZATION"
CEFDINIR,"GERIATRIC MEDICINE (INTERNAL MEDICINE)",82,15.00,"MEDICARE D UNSPECIFIED"
"GATIFLOXACIN (OPHTH)",OPHTHALMOLOGY,83,46.64,"GENERAL MEDICARE D PRESCRIPTION DRUG PROGRAM"
"AMOXICILLIN & POT CLAVULANATE","NURSE PRACTITIONER",27,15.00,"HMO - INDEPENDENT PRACTICE ASSOCIATION MODEL"
AZITHROMYCIN,"FAMILY MEDICINE",81,8.17,"MEDICARE D UNSPECIFIED"
AMOXICILLIN,DENTIST,37,0.01,CASH
AMOXICILLIN,"NURSE PRACTITIONER",22,2.94,"STATE EMPLOYEES"
SULFAMETHOXAZOLE-TRIMETHOPRIM,"INFECTIOUS DISEASE",71,1.00,"MEDICARE D UNSPECIFIED"
"AMOXICILLIN & POT CLAVULANATE","NURSE PRACTITIONER",43,5.00,"UNSPECIFIED PLAN"
"OFLOXACIN (OPHTH)","NURSE PRACTITIONER",8,4.00,"UNSPECIFIED PLAN"
AZITHROMYCIN,"FAMILY MEDICINE",55,1.81,"FEDERAL EMPLOYEE"
"TOBRAMYCIN (OPHTH)","FAMILY MEDICINE",31,15.00,"PHARMACY BENEFIT MANAGER"
AMOXICILLIN,PEDIATRICS,1,15.36,CASH
"CIPROFLOXACIN HCL","FAMILY MEDICINE",69,1.00,"MEDICARE D UNSPECIFIED"
"AMOXICILLIN & POT CLAVULANATE","NURSE PRACTITIONER",33,4.00,"MEDICARE D UNSPECIFIED"
AZITHROMYCIN,"EMERGENCY MEDICINE",19,0.94,"PHARMACY BENEFIT MANAGER"
"CIPROFLOXACIN HCL","INTERNAL MEDICINE",66,1.71,"PBM BOOK OF BUSINESS - UNIDENTIFIED PLANS"
"CIPROFLOXACIN HCL","INTERNAL MEDICINE",85,0.92,"MEDICARE D UNSPECIFIED"
CEFDINIR,PEDIATRICS,15,15.00,"UNSPECIFIED PLAN"
"MINOCYCLINE HCL",DERMATOLOGY,32,6.25,EMPLOYER
LEVOFLOXACIN,"INTERNAL MEDICINE",83,3.66,"GENERAL MEDICARE D ADVANTAGE"
"MINOCYCLINE HCL","PLASTIC SURGERY",64,42.77,"UNKNOWN THIRD PARTY"
"DOXYCYCLINE (MONOHYDRATE)","FAMILY MEDICINE",19,9.52,"PHARMACY BENEFIT MANAGER"
AMOXICILLIN,DENTIST,24,0.01,CASH
"AMOXICILLIN & POT CLAVULANATE","INTERNAL MEDICINE",24,10.94,"UNSPECIFIED PLAN"
"AMOXICILLIN & POT CLAVULANATE",PEDIATRICS,0,7.50,"FEDERAL EMPLOYEE"
AMOXICILLIN,"NURSE PRACTITIONER",12,10.00,"STATE EMPLOYEES"
"AMOXICILLIN & POT CLAVULANATE",PEDIATRICS,13,15.00,"UNSPECIFIED PLAN"
"AMOXICILLIN & POT CLAVULANATE","NURSE PRACTITIONER",36,3.40,"GENERAL MEDICARE D PRESCRIPTION DRUG PROGRAM"
"POLYMYXIN B-TRIMETHOPRIM",OPHTHALMOLOGY,80,12.39,"GENERAL MEDICARE D ADVANTAGE"
"AMOXICILLIN & POT CLAVULANATE","FAMILY MEDICINE",24,2.63,EMPLOYER
"NEOMYCIN-POLYMYXIN-HC (OTIC)","INTERNAL MEDICINE",85,5.00,"FEDERAL EMPLOYEE"
AMOXICILLIN,"ORAL & MAXILLOFACIAL SURGERY",33,11.23,"UNSPECIFIED PLAN"
CEFDINIR,"INTERNAL MEDICINE",83,5.00,"FEDERAL EMPLOYEE"
"CLINDAMYCIN HCL",DENTIST,49,0.50,"GENERAL MEDICARE D ADVANTAGE"
"NEOMYCIN-POLYMYXIN-HC (OTIC)",PEDIATRICS,5,10.00,"THIRD PARTY ADMINISTRATOR"
CEPHALEXIN,"PHYSICIAN ASSISTANT",43,5.00,"UNSPECIFIED PLAN"
"AMOXICILLIN & POT CLAVULANATE","INTERNAL MEDICINE",79,9.02,"MEDICARE D UNSPECIFIED"
"DOXYCYCLINE HYCLATE","PHYSICIAN ASSISTANT",48,50.76,CASH
AMOXICILLIN,DENTIST,46,6.72,"EMPLOYER-SPONSORED PBM RETIREE PRESCRIPTION DRUG PROGRAM"
"AMOXICILLIN & POT CLAVULANATE","NURSE PRACTITIONER",63,1.00,"MANAGED MEDICAID/MEDICARE SUPPLEMENT/MEDIGAP/STATE ASSISTANCE"
"AMOXICILLIN & POT CLAVULANATE","FAMILY MEDICINE",66,7.35,"UNSPECIFIED PLAN"
CIPROFLOXACIN-DEXAMETHASONE,"PHYSICIAN ASSISTANT",75,119.53,"GENERAL MEDICARE D PRESCRIPTION DRUG PROGRAM"
CEFDINIR,"NURSE PRACTITIONER",4,10.00,"PREFERRED PROVIDER ORGANIZATION"
"PENICILLIN V POTASSIUM","NURSE PRACTITIONER",29,1.41,"PBM BOOK OF BUSINESS - UNIDENTIFIED PLANS"
AMOXICILLIN,DENTIST,63,7.77,EMPLOYER
CEPHALEXIN,"NURSE PRACTITIONER",73,6.00,"MEDICARE D PRESCRIPTION DRUG PROGRAM - PLAN SPECIFIC"
"MINOCYCLINE HCL",HEMATOLOGY/ONCOLOGY,73,11.00,"FEDERAL EMPLOYEE"
"AMOXICILLIN & POT CLAVULANATE","FAMILY MEDICINE",40,3.40,"MEDICARE D UNSPECIFIED"
CIPROFLOXACIN-DEXAMETHASONE,OTOLARYNGOLOGY,74,238.39,"MEDICARE D UNSPECIFIED"
"AMOXICILLIN & POT CLAVULANATE",PEDIATRICS,70,1.25,"GENERAL MEDICARE D PRESCRIPTION DRUG PROGRAM"
"OFLOXACIN (OPHTH)",OPHTHALMOLOGY,61,5.00,"UNSPECIFIED PLAN"
LEVOFLOXACIN,"FAMILY MEDICINE",58,10.00,"HMO - INDEPENDENT PRACTICE ASSOCIATION MODEL"
SULFAMETHOXAZOLE-TRIMETHOPRIM,"FAMILY MEDICINE",28,3.64,"UNSPECIFIED PLAN"
CEFDINIR,"FAMILY MEDICINE",48,10.00,"PREFERRED PROVIDER ORGANIZATION"
AZITHROMYCIN,"NURSE PRACTITIONER",75,4.24,"GENERAL MEDICARE D PRESCRIPTION DRUG PROGRAM"
CEFADROXIL,,31,1.90,"UNSPECIFIED PLAN"
"ERYTHROMYCIN (OPHTH)",OPHTHALMOLOGY,66,3.40,"MEDICARE D UNSPECIFIED"
"AMOXICILLIN & POT CLAVULANATE","HOSPICE & PALLIATIVE MEDICINE",47,13.85,"PBM BOOK OF BUSINESS - UNIDENTIFIED PLANS"
AMOXICILLIN,"NURSE PRACTITIONER",64,4.79,"PHARMACY BENEFIT MANAGER"
AMOXICILLIN,PEDIATRICS,3,6.01,"MANAGED MEDICAID/MEDICARE SUPPLEMENT/MEDIGAP/STATE ASSISTANCE"
AMOXICILLIN,"NURSE PRACTITIONER",26,1.85,"PBM BOOK OF BUSINESS - UNIDENTIFIED PLANS"
AMOXICILLIN,"PHYSICIAN ASSISTANT",27,15.00,"UNSPECIFIED PLAN"
"DOXYCYCLINE HYCLATE","NURSE PRACTITIONER",66,8.06,"STATE EMPLOYEES"
AMOXICILLIN,"PHYSICIAN ASSISTANT",70,5.00,"EMPLOYER-SPONSORED PBM RETIREE PRESCRIPTION DRUG PROGRAM"
"POLYMYXIN B-TRIMETHOPRIM","PHYSICIAN ASSISTANT",59,5.36,"STATE EMPLOYEES"
CEFDINIR,"FAMILY MEDICINE",71,4.00,"MEDICARE D UNSPECIFIED"
AZITHROMYCIN,"PHYSICIAN ASSISTANT",55,2.83,"PREFERRED PROVIDER ORGANIZATION"
AMOXICILLIN,PEDIATRICS,1,3.25,"HMO - INDEPENDENT PRACTICE ASSOCIATION MODEL"
"DOXYCYCLINE (MONOHYDRATE)","NURSE PRACTITIONER",56,78.16,CASH
"CIPROFLOXACIN HCL","NURSE PRACTITIONER",67,1.61,"STATE EMPLOYEES"
"AMOXICILLIN & POT CLAVULANATE","PHYSICIAN ASSISTANT",74,10.00,"GENERAL MEDICARE D PRESCRIPTION DRUG PROGRAM"
AZITHROMYCIN,"NURSE PRACTITIONER",62,4.26,"STATE EMPLOYEES"
AMOXICILLIN,"ORAL & MAXILLOFACIAL SURGERY",27,6.71,CASH
"AMOXICILLIN & POT CLAVULANATE","PHYSICIAN ASSISTANT",35,1.73,EMPLOYER
"CLINDAMYCIN HCL",DENTIST,69,7.43,"MEDICARE D UNSPECIFIED"
"AMOXICILLIN & POT CLAVULANATE",PEDIATRICS,0,4.42,"STATE EMPLOYEES"
AZITHROMYCIN,"FAMILY MEDICINE",70,4.50,"GENERAL MEDICARE D ADVANTAGE"
CEPHALEXIN,"NURSE PRACTITIONER",62,5.49,"FEDERAL EMPLOYEE"
AMOXICILLIN,"NURSE PRACTITIONER",1,1.98,"UNSPECIFIED PLAN"
"AMOXICILLIN & POT CLAVULANATE",UROLOGY,85,6.90,"FEDERAL EMPLOYEE"
CEPHALEXIN,"EMERGENCY MEDICINE",66,1.25,"MEDICARE D UNSPECIFIED"
"DICLOXACILLIN SODIUM","OBSTETRICS & GYNECOLOGY",42,10.00,"UNSPECIFIED PLAN"
"CLINDAMYCIN HCL","FAMILY MEDICINE",85,0.72,"GENERAL MEDICARE D ADVANTAGE"
"GENTAMICIN SULFATE (OPHTH)",PEDIATRICS,0,5.21,EMPLOYER
"DOXYCYCLINE HYCLATE",PEDIATRICS,17,10.00,"PREFERRED PROVIDER ORGANIZATION"
"DOXYCYCLINE HYCLATE","NURSE PRACTITIONER",23,16.50,"MEDICARE D UNSPECIFIED"
"DOXYCYCLINE HYCLATE",DERMATOLOGY,61,15.00,"MANAGED MEDICAID/MEDICARE SUPPLEMENT/MEDIGAP/STATE ASSISTANCE"
AMOXICILLIN,DENTIST,56,2.68,"UNSPECIFIED PLAN"
"AMOXICILLIN & POT CLAVULANATE","FAMILY MEDICINE",58,10.00,"STATE EMPLOYEES"
LEVOFLOXACIN,UROLOGY,60,1.02,"PHARMACY BENEFIT MANAGER"
CEFDINIR,OTOLARYNGOLOGY,4,10.00,EMPLOYER
CEPHALEXIN,"FAMILY MEDICINE",85,2.90,"MEDICARE D UNSPECIFIED"
"MINOCYCLINE HCL","FAMILY MEDICINE",34,38.71,"DISCOUNT CARD PROGRAM"
AZITHROMYCIN,"NURSE PRACTITIONER",44,1.30,"FEE FOR SERVICE MEDICAID"
AZITHROMYCIN,"NURSE PRACTITIONER",56,12.62,"UNKNOWN THIRD PARTY"
AZITHROMYCIN,"FAMILY MEDICINE",79,3.40,"MEDICARE D UNSPECIFIED"
"CLINDAMYCIN HCL","PHYSICIAN ASSISTANT",54,22.12,"DISCOUNT CARD PROGRAM"
"DOXYCYCLINE (MONOHYDRATE)","NURSE PRACTITIONER",24,5.00,"PBM BOOK OF BUSINESS - UNIDENTIFIED PLANS"
AZITHROMYCIN,"NURSE PRACTITIONER",73,6.00,"MEDICARE D PRESCRIPTION DRUG PROGRAM - PLAN SPECIFIC"
AZITHROMYCIN,"PHYSICIAN ASSISTANT",32,4.00,EMPLOYER
"AMOXICILLIN & POT CLAVULANATE","INTERNAL MEDICINE",60,17.20,CASH
CEPHALEXIN,"FAMILY MEDICINE",54,9.83,"PREFERRED PROVIDER ORGANIZATION"
AZITHROMYCIN,"FAMILY MEDICINE",2,15.31,"PREFERRED PROVIDER ORGANIZATION"
"AMOXICILLIN & POT CLAVULANATE","FAMILY MEDICINE",64,1.00,"UNSPECIFIED PLAN"
CEPHALEXIN,"NURSE PRACTITIONER",83,1.00,"MEDICARE D UNSPECIFIED"
AZITHROMYCIN,"NURSE PRACTITIONER",72,12.00,"GENERAL MEDICARE D PRESCRIPTION DRUG PROGRAM"
"POLYMYXIN B-TRIMETHOPRIM","FAMILY MEDICINE",67,10.00,"UNSPECIFIED PLAN"
"AMOXICILLIN & POT CLAVULANATE","PHYSICIAN ASSISTANT",63,6.85,"FEDERAL EMPLOYEE"
AZITHROMYCIN,"NURSE PRACTITIONER",5,7.50,"FEDERAL EMPLOYEE"
AMOXICILLIN,"PHYSICIAN ASSISTANT",44,2.00,EMPLOYER
CEPHALEXIN,"FAMILY MEDICINE",61,13.82,CASH
"VANCOMYCIN HCL",PODIATRIST,58,10.00,"UNSPECIFIED PLAN"
"DOXYCYCLINE HYCLATE","GENERAL SURGERY",53,10.00,"POINT OF SERVICE"
"AMOXICILLIN & POT CLAVULANATE","PHYSICIAN ASSISTANT",45,7.28,"UNSPECIFIED PLAN"
AMOXICILLIN,"ORAL & MAXILLOFACIAL SURGERY",74,1.74,"GENERAL MEDICARE D PRESCRIPTION DRUG PROGRAM"
"CLINDAMYCIN HCL",DENTIST,29,5.00,"MANAGED MEDICAID"
"ERYTHROMYCIN (OPHTH)",OTOLARYNGOLOGY,65,11.00,"FEDERAL EMPLOYEE"
AMOXICILLIN,"ORAL & MAXILLOFACIAL SURGERY",24,2.74,EMPLOYER
CEPHALEXIN,PEDIATRICS,5,10.00,"UNSPECIFIED PLAN"
CEFDINIR,"NURSE PRACTITIONER",59,10.00,"PBM BOOK OF BUSINESS - UNIDENTIFIED PLANS"
SULFAMETHOXAZOLE-TRIMETHOPRIM,"FAMILY MEDICINE",54,16.50,CASH
AZITHROMYCIN,"INTERNAL MEDICINE",19,4.40,EMPLOYER
AMOXICILLIN,"PHYSICIAN ASSISTANT",9,8.57,"PHARMACY BENEFIT MANAGER"
"DOXYCYCLINE (MONOHYDRATE)",DERMATOLOGY,70,9.97,"MEDICARE D UNSPECIFIED"
"NEOMYCIN-POLYMYXIN-HC (OTIC)","FAMILY MEDICINE",83,80.26,CASH
"AMOXICILLIN & POT CLAVULANATE","FAMILY MEDICINE",70,4.63,"GENERAL MEDICARE D PRESCRIPTION DRUG PROGRAM"
"ACETIC ACID (OTIC)",OTOLARYNGOLOGY,22,10.00,"MANAGED MEDICAID/MEDICARE SUPPLEMENT/MEDIGAP/STATE ASSISTANCE"
"CLINDAMYCIN HCL",OTOLARYNGOLOGY,85,10.00,EMPLOYER
"CIPROFLOXACIN HCL (OPHTH)","NURSE PRACTITIONER",21,8.77,"UNSPECIFIED PLAN"
AMOXICILLIN,"FAMILY MEDICINE",5,5.00,"UNSPECIFIED PLAN"
"DOXYCYCLINE HYCLATE","FAMILY MEDICINE",46,5.39,"STATE EMPLOYEES"
"AMOXICILLIN & POT CLAVULANATE","NURSE PRACTITIONER",64,1.00,"MANAGED MEDICAID"
AMOXICILLIN,"INTERNAL MEDICINE",59,4.30,"UNSPECIFIED PLAN"
"AMOXICILLIN & POT CLAVULANATE","NURSE PRACTITIONER",25,7.00,EMPLOYER
"AMOXICILLIN & POT CLAVULANATE",DENTIST,44,10.00,"UNSPECIFIED PLAN"
AZITHROMYCIN,"PHYSICIAN ASSISTANT",60,4.05,"UNSPECIFIED PLAN"
"DOXYCYCLINE HYCLATE",,19,114.99,CASH
"DOXYCYCLINE HYCLATE","FAMILY MEDICINE",25,5.00,"UNSPECIFIED PLAN"
"DOXYCYCLINE HYCLATE",DERMATOLOGY,77,44.00,"GENERAL MEDICARE D PRESCRIPTION DRUG PROGRAM"
"OFLOXACIN (OPHTH)",OPHTHALMOLOGY,70,3.40,"GENERAL MEDICARE D ADVANTAGE"
"MINOCYCLINE HCL","FAMILY MEDICINE",56,1.00,"FEE FOR SERVICE MEDICAID"
"DOXYCYCLINE HYCLATE",DERMATOLOGY,15,15.00,"PREFERRED PROVIDER ORGANIZATION"
AMOXICILLIN,PEDIATRICS,3,3.11,EMPLOYER
"AMOXICILLIN & POT CLAVULANATE",PEDIATRICS,2,4.77,"PBM BOOK OF BUSINESS - UNIDENTIFIED PLANS"
"CLINDAMYCIN HCL",DENTIST,40,1.00,"MANAGED MEDICAID/MEDICARE SUPPLEMENT/MEDIGAP/STATE ASSISTANCE"
AZITHROMYCIN,"FAMILY MEDICINE",4,11.96,"UNSPECIFIED PLAN"
"DOXYCYCLINE HYCLATE","NURSE PRACTITIONER",49,5.97,"STATE EMPLOYEES"
"AMOXICILLIN & POT CLAVULANATE","EMERGENCY MEDICINE",85,7.39,"HMO - NETWORK MODEL"
"DOXYCYCLINE (ROSACEA)","PHYSICIAN ASSISTANT",53,25.00,"PBM BOOK OF BUSINESS - UNIDENTIFIED PLANS"
CEFDINIR,"FAMILY MEDICINE",80,11.00,"FEDERAL EMPLOYEE"
CEPHALEXIN,"NURSE PRACTITIONER",85,12.70,"MEDICARE D UNSPECIFIED"
AMOXICILLIN,"NURSE PRACTITIONER",16,2.85,"FEDERAL EMPLOYEE"
AMOXICILLIN,DENTIST,28,9.46,CASH
AMOXICILLIN,PEDIATRICS,2,8.21,EMPLOYER
AMOXICILLIN,DENTIST,55,4.92,"HMO - INDEPENDENT PRACTICE ASSOCIATION MODEL"
"CEFUROXIME AXETIL",UROLOGY,69,10.00,"PREFERRED PROVIDER ORGANIZATION"
"CIPROFLOXACIN HCL","PHYSICIAN ASSISTANT",41,10.44,CASH
AMOXICILLIN,PEDIATRICS,0,0.01,CASH
"CLINDAMYCIN HCL",DENTIST,58,11.00,"FEDERAL EMPLOYEE"
CIPROFLOXACIN-DEXAMETHASONE,"NURSE PRACTITIONER",60,50.00,"PBM BOOK OF BUSINESS - UNIDENTIFIED PLANS"
CEFDINIR,"NURSE PRACTITIONER",9,10.00,"FEDERAL EMPLOYEE"
"PENICILLIN V POTASSIUM","FAMILY MEDICINE",26,1.00,"MANAGED MEDICAID/MEDICARE SUPPLEMENT/MEDIGAP/STATE ASSISTANCE"
AZITHROMYCIN,"NURSE PRACTITIONER",76,2.41,"MEDICARE D UNSPECIFIED"
CEFDINIR,"NURSE PRACTITIONER",18,7.18,"FEDERAL EMPLOYEE"
AZITHROMYCIN,"NURSE PRACTITIONER",59,5.77,"FEDERAL EMPLOYEE"
"CIPROFLOXACIN HCL",DERMATOLOGY,79,2.17,"FEDERAL EMPLOYEE"
"CLINDAMYCIN HCL","PHYSICIAN ASSISTANT",39,10.00,"FEDERAL EMPLOYEE"
SULFAMETHOXAZOLE-TRIMETHOPRIM,"NURSE PRACTITIONER",66,6.00,"MEDICARE D PRESCRIPTION DRUG PROGRAM - PLAN SPECIFIC"
"DOXYCYCLINE (MONOHYDRATE)","INTERNAL MEDICINE/PEDIATRICS",32,4.00,EMPLOYER
CEFDINIR,PEDIATRICS,17,5.39,"UNSPECIFIED PLAN"
AMOXICILLIN,"OBSTETRICS & GYNECOLOGY",19,3.02,"DISCOUNT CARD PROGRAM"
"METRONIDAZOLE VAGINAL","OBSTETRICS & GYNECOLOGY",68,3.40,"MEDICARE D UNSPECIFIED"
"ERYTHROMYCIN (OPHTH)",OPHTHALMOLOGY,83,10.00,"MEDICARE D UNSPECIFIED"
SULFAMETHOXAZOLE-TRIMETHOPRIM,,38,12.94,"PBM BOOK OF BUSINESS - UNIDENTIFIED PLANS"
"CEFUROXIME AXETIL","PULMONARY DISEASE",72,15.00,"GENERAL MEDICARE D ADVANTAGE"
AMOXICILLIN,DENTIST,75,1.00,"MEDICARE D UNSPECIFIED"
AMOXICILLIN,PEDIATRICS,3,2.69,"UNSPECIFIED PLAN"
"AMOXICILLIN & POT CLAVULANATE","INTERNAL MEDICINE",72,5.00,"GENERAL MEDICARE D PRESCRIPTION DRUG PROGRAM"
SULFAMETHOXAZOLE-TRIMETHOPRIM,UROLOGY,80,2.81,EMPLOYER
"DOXYCYCLINE HYCLATE","PHYSICIAN ASSISTANT",20,6.44,"HMO - INDEPENDENT PRACTICE ASSOCIATION MODEL"
CEPHALEXIN,"NURSE PRACTITIONER",7,1.96,"PHARMACY BENEFIT MANAGER"
AZITHROMYCIN,"PHYSICIAN ASSISTANT",29,6.63,"UNSPECIFIED PLAN"
"DOXYCYCLINE HYCLATE","FAMILY MEDICINE",25,52.12,"PHARMACY BENEFIT MANAGER"
CEPHALEXIN,"INTERNAL MEDICINE",85,2.69,"EMPLOYER-SPONSORED PBM RETIREE PRESCRIPTION DRUG PROGRAM"
"MINOCYCLINE HCL","NURSE PRACTITIONER",17,15.00,"PHARMACY BENEFIT MANAGER"
"DOXYCYCLINE (MONOHYDRATE)","NURSE PRACTITIONER",85,3.40,"MEDICARE D UNSPECIFIED"
"DOXYCYCLINE HYCLATE","INTERNAL MEDICINE",39,23.71,"PREFERRED PROVIDER ORGANIZATION"
AZITHROMYCIN,PEDIATRICS,36,5.00,"HMO - NETWORK MODEL"
"CLINDAMYCIN HCL","INTERNAL MEDICINE",21,1.00,"MANAGED MEDICAID/MEDICARE SUPPLEMENT/MEDIGAP/STATE ASSISTANCE"
"TOBRAMYCIN (OPHTH)","FAMILY MEDICINE",85,1.00,"MANAGED MEDICAID"
"AMOXICILLIN & POT CLAVULANATE",PEDIATRICS,2,10.00,"UNSPECIFIED PLAN"
"DOXYCYCLINE HYCLATE","INTERNAL MEDICINE",47,2.17,"PREFERRED PROVIDER ORGANIZATION"
AMOXICILLIN,"FAMILY MEDICINE",74,2.00,"GENERAL MEDICARE D ADVANTAGE"
AZITHROMYCIN,"INTERNAL MEDICINE",73,38.26,"GENERAL MEDICARE D PRESCRIPTION DRUG PROGRAM"
AMOXICILLIN,"NURSE PRACTITIONER",3,0.01,"PHARMACY BENEFIT MANAGER"
CEPHALEXIN,"INFECTIOUS DISEASE",65,6.69,"UNSPECIFIED PLAN"
AZITHROMYCIN,"NURSE PRACTITIONER",53,3.40,"MEDICARE D UNSPECIFIED"
"MINOCYCLINE HCL","FAMILY MEDICINE",45,10.00,"STATE EMPLOYEES"
"ERYTHROMYCIN (OPHTH)","EMERGENCY MEDICINE",65,1.00,"MEDICARE D UNSPECIFIED"
"DOXYCYCLINE HYCLATE","INTERNAL MEDICINE",85,8.47,"GENERAL MEDICARE D PRESCRIPTION DRUG PROGRAM"
"CLINDAMYCIN HCL",DENTIST,51,17.00,"PBM BOOK OF BUSINESS - UNIDENTIFIED PLANS"
AZITHROMYCIN,"EMERGENCY MEDICINE",60,1.25,"MEDICARE D UNSPECIFIED"
AMOXICILLIN,"OBSTETRICS & GYNECOLOGY",21,0.97,"STATE EMPLOYEES"
"AMOXICILLIN & POT CLAVULANATE","NURSE PRACTITIONER",49,3.59,"UNSPECIFIED PLAN"
AMOXICILLIN,DENTIST,29,1.41,"HMO - INDEPENDENT PRACTICE ASSOCIATION MODEL"
CEPHALEXIN,"PHYSICIAN ASSISTANT",48,3.96,"UNSPECIFIED PLAN"
AMOXICILLIN,"FAMILY MEDICINE",2,0.01,CASH
"AMOXICILLIN & POT CLAVULANATE","PHYSICIAN ASSISTANT",24,1.00,"MANAGED MEDICAID"
"CIPROFLOXACIN HCL","MEDICAL ONCOLOGY",85,6.47,"GENERAL MEDICARE D PRESCRIPTION DRUG PROGRAM"
"DOXYCYCLINE HYCLATE","PHYSICIAN ASSISTANT",29,35.00,"PREFERRED PROVIDER ORGANIZATION"
AMOXICILLIN,DENTIST,71,4.00,CASH
"AMOXICILLIN & POT CLAVULANATE","NURSE PRACTITIONER",26,10.00,"FEDERAL EMPLOYEE"
"DOXYCYCLINE HYCLATE","FAMILY MEDICINE",66,9.95,"UNSPECIFIED PLAN"
SULFAMETHOXAZOLE-TRIMETHOPRIM,"PHYSICIAN ASSISTANT",63,1.42,"HEALTH INSURANCE EXCHANGE EPO GENERAL"
AZITHROMYCIN,"FAMILY MEDICINE",74,8.63,"MEDICARE D UNSPECIFIED"
"ERYTHROMYCIN (OPHTH)",OPHTHALMOLOGY,77,13.37,"GENERAL MEDICARE D ADVANTAGE"
AMOXICILLIN,DENTIST,32,1.12,"PHARMACY BENEFIT MANAGER"
LEVOFLOXACIN,"FAMILY MEDICINE",82,4.27,"GENERAL MEDICARE D PRESCRIPTION DRUG PROGRAM"
AMOXICILLIN,DENTIST,75,1.71,"GENERAL MEDICARE D PRESCRIPTION DRUG PROGRAM"
AMOXICILLIN,"ORAL & MAXILLOFACIAL SURGERY",50,4.02,"UNSPECIFIED PLAN"
"CEFUROXIME AXETIL","INTERNAL MEDICINE",70,15.27,"MEDICARE D UNSPECIFIED"
"AMOXICILLIN & POT CLAVULANATE","FAMILY MEDICINE",82,10.00,"MEDICARE D UNSPECIFIED"
"DOXYCYCLINE (MONOHYDRATE)","NURSE PRACTITIONER",66,1.25,"GENERAL MEDICARE D PRESCRIPTION DRUG PROGRAM"
CEFDINIR,PEDIATRICS,16,15.00,"PREFERRED PROVIDER ORGANIZATION"
"AMOXICILLIN & POT CLAVULANATE","FAMILY MEDICINE",60,3.40,"MEDICARE D UNSPECIFIED"
CEPHALEXIN,DERMATOLOGY,67,2.69,"PREFERRED PROVIDER ORGANIZATION"
CEPHALEXIN,"INTERNAL MEDICINE",39,3.01,"STATE EMPLOYEES"
"CLINDAMYCIN HCL",HOSPITALIST,58,1.25,"MEDICARE D UNSPECIFIED"
"DOXYCYCLINE HYCLATE","INFECTIOUS DISEASE",77,4.87,"GENERAL MEDICARE D PRESCRIPTION DRUG PROGRAM"
"CLINDAMYCIN HCL",DENTIST,39,1.00,"MANAGED MEDICAID"
"AMOXICILLIN & POT CLAVULANATE","INTERNAL MEDICINE",71,3.40,"MEDICARE D UNSPECIFIED"
"MOXIFLOXACIN HCL (OPHTH)",OPHTHALMOLOGY,72,5.00,"EMPLOYER-SPONSORED PBM RETIREE PRESCRIPTION DRUG PROGRAM"
CLARITHROMYCIN,"NURSE PRACTITIONER",31,7.50,"PHARMACY BENEFIT MANAGER"
AZITHROMYCIN,"INTERNAL MEDICINE",34,5.00,"PHARMACY BENEFIT MANAGER"
"AMOXICILLIN & POT CLAVULANATE","FAMILY MEDICINE",75,7.00,"GENERAL MEDICARE D PRESCRIPTION DRUG PROGRAM"
AMOXICILLIN,PEDIATRICS,6,5.01,EMPLOYER
"GENTAMICIN SULFATE (OPHTH)","FAMILY MEDICINE",5,10.00,"HMO - COMBINATION MODEL"
AZITHROMYCIN,PEDIATRICS,3,15.00,"PREFERRED PROVIDER ORGANIZATION"
AZITHROMYCIN,"ALLERGY & IMMUNOLOGY",18,4.76,"HMO - COMBINATION MODEL"
"DOXYCYCLINE HYCLATE","NURSE PRACTITIONER",69,19.86,"MEDICARE D UNSPECIFIED"
CEPHALEXIN,"FAMILY MEDICINE",56,3.40,"STATE EMPLOYEES"
AMOXICILLIN,PEDIATRICS,2,5.00,"UNSPECIFIED PLAN"
"CLINDAMYCIN HCL",DENTIST,61,10.00,"UNSPECIFIED PLAN"
CIPROFLOXACIN-DEXAMETHASONE,"INTERNAL MEDICINE/PEDIATRICS",55,50.00,EMPLOYER
AZITHROMYCIN,"GENERAL PREVENTIVE MEDICINE",51,6.43,"UNSPECIFIED PLAN"
LEVOFLOXACIN,"FAMILY MEDICINE",32,1.17,"UNSPECIFIED PLAN"
CEPHALEXIN,"EMERGENCY MEDICINE",68,2.11,"EMPLOYER-SPONSORED PBM RETIREE PRESCRIPTION DRUG PROGRAM"
AMOXICILLIN,PEDIATRICS,3,5.25,"UNSPECIFIED PLAN"
AMOXICILLIN,OTOLARYNGOLOGY,34,14.00,CASH
AMOXICILLIN,DENTIST,65,2.22,"FEDERAL EMPLOYEE"
CEPHALEXIN,"PHYSICIAN ASSISTANT",68,5.28,"FEDERAL EMPLOYEE"
"DOXYCYCLINE HYCLATE",OTOLARYNGOLOGY,69,7.45,"GENERAL MEDICARE D ADVANTAGE"
"AMOXICILLIN & POT CLAVULANATE","EMERGENCY MEDICINE",44,1.00,"MANAGED MEDICAID/MEDICARE SUPPLEMENT/MEDIGAP/STATE ASSISTANCE"
"POLYMYXIN B-TRIMETHOPRIM","FAMILY MEDICINE",3,5.00,"UNSPECIFIED PLAN"
"OFLOXACIN (OPHTH)","NURSE PRACTITIONER",58,10.00,"MEDICARE D UNSPECIFIED"
"CIPROFLOXACIN HCL","NURSE PRACTITIONER",59,1.00,"MANAGED MEDICAID/MEDICARE SUPPLEMENT/MEDIGAP/STATE ASSISTANCE"
AMOXICILLIN,"ORAL & MAXILLOFACIAL SURGERY",62,0.01,"UNSPECIFIED PLAN"
SULFAMETHOXAZOLE-TRIMETHOPRIM,UROLOGY,67,1.04,"GENERAL MEDICARE D ADVANTAGE"
CEFDINIR,"NURSE PRACTITIONER",14,10.47,EMPLOYER
AMOXICILLIN,DENTIST,44,0.01,CASH
AMOXICILLIN,DENTIST,47,7.55,"PHARMACY BENEFIT MANAGER"
AMOXICILLIN,DENTIST,43,4.46,"PBM BOOK OF BUSINESS - UNIDENTIFIED PLANS"
"PENICILLIN V POTASSIUM",DENTIST,71,5.74,"GENERAL MEDICARE D PRESCRIPTION DRUG PROGRAM"
AMOXICILLIN,DENTIST,75,9.07,"GENERAL MEDICARE D PRESCRIPTION DRUG PROGRAM"
SULFAMETHOXAZOLE-TRIMETHOPRIM,"FAMILY MEDICINE",43,6.37,"PHARMACY BENEFIT MANAGER"
"TERCONAZOLE VAGINAL","OBSTETRICS & GYNECOLOGY",43,10.00,"UNSPECIFIED PLAN"
AZITHROMYCIN,"PULMONARY CRITICAL CARE MEDICINE",74,5.39,"MEDICARE D UNSPECIFIED"
SULFAMETHOXAZOLE-TRIMETHOPRIM,"INFECTIOUS DISEASE",58,27.16,"DISCOUNT CARD PROGRAM"
SULFAMETHOXAZOLE-TRIMETHOPRIM,"NURSE PRACTITIONER",60,1.38,"STATE EMPLOYEES"
"AMOXICILLIN & POT CLAVULANATE","PHYSICIAN ASSISTANT",14,4.06,"STATE EMPLOYEES"
AMOXICILLIN,"NURSE PRACTITIONER",48,2.37,"HMO - INDEPENDENT PRACTICE ASSOCIATION MODEL"
"TOBRAMYCIN (OPHTH)",DERMATOLOGY,68,8.99,"GENERAL MEDICARE D PRESCRIPTION DRUG PROGRAM"
"AMOXICILLIN & POT CLAVULANATE","NURSE PRACTITIONER",42,10.00,"UNSPECIFIED PLAN"
"CIPROFLOXACIN HCL","INTERNAL MEDICINE",43,10.80,"PHARMACY BENEFIT MANAGER"
AMOXICILLIN,DENTIST,85,0.37,"GENERAL MEDICARE D PRESCRIPTION DRUG PROGRAM"
"AMOXICILLIN & POT CLAVULANATE","NURSE PRACTITIONER",24,30.60,EMPLOYER
"MOXIFLOXACIN HCL (OPHTH)",OPHTHALMOLOGY,83,19.00,CASH
"CIPROFLOXACIN HCL","NURSE PRACTITIONER",77,2.39,"MEDICARE D UNSPECIFIED"
LEVOFLOXACIN,"INTERNAL MEDICINE",85,9.70,"MEDICARE D UNSPECIFIED"
AZITHROMYCIN,"NURSE PRACTITIONER",83,3.00,"EMPLOYER-SPONSORED PBM RETIREE PRESCRIPTION DRUG PROGRAM"
AMOXICILLIN,"ORTHOPEDIC SURGERY",79,2.22,"FEDERAL EMPLOYEE"
SULFAMETHOXAZOLE-TRIMETHOPRIM,"EMERGENCY MEDICINE",69,2.45,"FEDERAL EMPLOYEE"
"NEOMYCIN-POLYMYXIN-HC (OTIC)","NURSE PRACTITIONER",14,10.00,"PBM BOOK OF BUSINESS - UNIDENTIFIED PLANS"
"DOXYCYCLINE HYCLATE","PROCEDURAL DERMATOLOGY",85,12.82,"MEDICARE D UNSPECIFIED"
"CIPROFLOXACIN HCL","FAMILY MEDICINE",50,4.00,"UNSPECIFIED PLAN"
CEPHALEXIN,PEDIATRICS,12,15.69,"PBM BOOK OF BUSINESS - UNIDENTIFIED PLANS"
"CIPROFLOXACIN HCL (OPHTH)",OPHTHALMOLOGY,80,1.25,"MEDICARE D SPECIAL NEEDS PLAN"
"CLINDAMYCIN HCL","FAMILY MEDICINE",85,4.85,"MEDICARE D UNSPECIFIED"
"PENICILLIN V POTASSIUM",DENTIST,58,5.00,EMPLOYER
AZITHROMYCIN,"FAMILY MEDICINE",53,2.83,"PBM BOOK OF BUSINESS - UNIDENTIFIED PLANS"
"BESIFLOXACIN HCL",OPHTHALMOLOGY,60,163.85,"UNSPECIFIED PLAN"
AMOXICILLIN,"OBSTETRICS & GYNECOLOGY",41,5.00,"PHARMACY BENEFIT MANAGER"
"DOXYCYCLINE HYCLATE","PHYSICIAN ASSISTANT",17,10.00,"PREFERRED PROVIDER ORGANIZATION"
"CEFUROXIME AXETIL","NURSE PRACTITIONER",34,2.00,"MANAGED MEDICAID/MEDICARE SUPPLEMENT/MEDIGAP/STATE ASSISTANCE"
SULFAMETHOXAZOLE-TRIMETHOPRIM,"FAMILY MEDICINE",49,1.71,"HEALTH INSURANCE EXCHANGE GENERAL"
CEPHALEXIN,"FAMILY MEDICINE",21,3.84,"STATE EMPLOYEES"
CEPHALEXIN,"INFECTIOUS DISEASE",57,3.40,"GENERAL MEDICARE D ADVANTAGE"
CEFDINIR,"NURSE PRACTITIONER",10,10.00,"UNSPECIFIED PLAN"
CEFDINIR,"NURSE PRACTITIONER",49,3.60,"GENERAL MEDICARE D ADVANTAGE"
"MINOCYCLINE HCL","INTERNAL MEDICINE",52,35.56,"DISCOUNT CARD PROGRAM"
"AMOXICILLIN & POT CLAVULANATE","ORAL & MAXILLOFACIAL SURGERY",55,12.48,"FEDERAL EMPLOYEE"
SULFAMETHOXAZOLE-TRIMETHOPRIM,"NURSE PRACTITIONER",83,2.00,"MEDICARE D UNSPECIFIED"
"DOXYCYCLINE HYCLATE","FAMILY MEDICINE",45,12.38,"PHARMACY BENEFIT MANAGER"
"TERCONAZOLE VAGINAL","FAMILY MEDICINE",76,31.53,"GENERAL MEDICARE D PRESCRIPTION DRUG PROGRAM"
CEPHALEXIN,"INTERNAL MEDICINE",84,1.82,"GENERAL MEDICARE D ADVANTAGE"
CEFADROXIL,"FAMILY MEDICINE",68,3.47,"FEDERAL EMPLOYEE"
SULFAMETHOXAZOLE-TRIMETHOPRIM,"FAMILY MEDICINE",68,4.09,"GENERAL MEDICARE D ADVANTAGE"
AZITHROMYCIN,"NURSE PRACTITIONER",54,4.00,EMPLOYER
"CLINDAMYCIN HCL","NURSE PRACTITIONER",52,9.43,"UNSPECIFIED PLAN"
CEPHALEXIN,DERMATOLOGY,66,1.92,"GENERAL MEDICARE D ADVANTAGE"
"AMOXICILLIN & POT CLAVULANATE","NURSE PRACTITIONER",51,8.41,"PBM BOOK OF BUSINESS - UNIDENTIFIED PLANS"
CEPHALEXIN,"PHYSICIAN ASSISTANT",62,2.18,"MEDICARE D UNSPECIFIED"
AMOXICILLIN,"EMERGENCY MEDICINE",55,1.00,"MANAGED MEDICAID/MEDICARE SUPPLEMENT/MEDIGAP/STATE ASSISTANCE"
"DOXYCYCLINE HYCLATE",PEDIATRICS,15,8.30,EMPLOYER
LEVOFLOXACIN,"INFECTIOUS DISEASE",73,5.00,"GENERAL MEDICARE D PRESCRIPTION DRUG PROGRAM"
AMOXICILLIN,DENTIST,34,2.00,"UNSPECIFIED PLAN"
SULFAMETHOXAZOLE-TRIMETHOPRIM,"NURSE PRACTITIONER",42,23.67,CASH
"AMOXICILLIN & POT CLAVULANATE","INTERNAL MEDICINE",52,28.52,"PHARMACY BENEFIT MANAGER"
"PENICILLIN V POTASSIUM","NURSE PRACTITIONER",21,5.58,"HEALTH INSURANCE EXCHANGE GENERAL"
CEPHALEXIN,"NURSE PRACTITIONER",43,4.03,EMPLOYER
SULFAMETHOXAZOLE-TRIMETHOPRIM,"NURSE PRACTITIONER",37,1.81,"PHARMACY BENEFIT MANAGER"
"POLYMYXIN B-TRIMETHOPRIM",OPHTHALMOLOGY,51,5.69,"UNSPECIFIED PLAN"
AMOXICILLIN,"ORAL & MAXILLOFACIAL SURGERY",74,6.77,"GENERAL MEDICARE D PRESCRIPTION DRUG PROGRAM"
"CLINDAMYCIN HCL",DENTIST,31,23.95,CASH
SULFAMETHOXAZOLE-TRIMETHOPRIM,,66,1.30,"MEDICARE D UNSPECIFIED"
"ERYTHROMYCIN (OPHTH)",OPHTHALMOLOGY,76,3.42,"EMPLOYER-SPONSORED CMS RETIREE PRESCRIPTION DRUG PROGRAM"
CEPHALEXIN,"INTERNAL MEDICINE",54,8.27,"PBM BOOK OF BUSINESS - UNIDENTIFIED PLANS"
"AMOXICILLIN & POT CLAVULANATE","FAMILY MEDICINE",45,8.65,"PHARMACY BENEFIT MANAGER"
AZITHROMYCIN,"INTERNAL MEDICINE",27,6.00,"MANAGED MEDICAID/MEDICARE SUPPLEMENT/MEDIGAP/STATE ASSISTANCE"
CEPHALEXIN,DERMATOLOGY,18,6.28,"HMO - NETWORK MODEL"
AMOXICILLIN,"INTERNAL MEDICINE",77,0.84,"EMPLOYER-SPONSORED PBM RETIREE PRESCRIPTION DRUG PROGRAM"
"AMOXICILLIN & POT CLAVULANATE","INTERNAL MEDICINE",79,0.34,"FEDERAL EMPLOYEE"
CEPHALEXIN,"PHYSICIAN ASSISTANT",23,10.00,EMPLOYER
CEPHALEXIN,"PHYSICIAN ASSISTANT",23,5.06,"UNSPECIFIED PLAN"
AMOXICILLIN,,11,14.69,CASH
SULFAMETHOXAZOLE-TRIMETHOPRIM,"FAMILY MEDICINE",69,3.41,"GENERAL MEDICARE D PRESCRIPTION DRUG PROGRAM"
"SARECYCLINE HCL","PHYSICIAN ASSISTANT",17,195.98,"PBM BOOK OF BUSINESS - UNIDENTIFIED PLANS"
"AMOXICILLIN & POT CLAVULANATE","FAMILY MEDICINE",64,5.55,"STATE EMPLOYEES"
AMOXICILLIN,DENTIST,57,9.46,CASH
AZITHROMYCIN,"FAMILY MEDICINE",59,7.50,"FEDERAL EMPLOYEE"
CEPHALEXIN,"INTERNAL MEDICINE",76,2.00,"MEDICARE D UNSPECIFIED"
AMOXICILLIN,DERMATOLOGY,68,2.00,"MEDICARE D UNSPECIFIED"
"CIPROFLOXACIN HCL",DENTIST,61,6.79,"PBM BOOK OF BUSINESS - UNIDENTIFIED PLANS"
"CEFUROXIME AXETIL","NURSE PRACTITIONER",60,7.50,"FEDERAL EMPLOYEE"
"AMOXICILLIN & POT CLAVULANATE","NURSE PRACTITIONER",38,5.09,"STATE EMPLOYEES"
AZITHROMYCIN,"INTERNAL MEDICINE",57,1.30,"MEDICARE D UNSPECIFIED"
"ERYTHROMYCIN (OPHTH)","INFECTIOUS DISEASE",67,5.00,"STATE EMPLOYEES"
"OFLOXACIN (OTIC)","PEDIATRIC OTOLARYNGOLOGY",8,10.00,"UNSPECIFIED PLAN"
"AMOXICILLIN & POT CLAVULANATE","GENERAL SURGERY",71,10.00,"MEDICARE D UNSPECIFIED"
AMOXICILLIN,"ORAL & MAXILLOFACIAL SURGERY",28,1.00,"MANAGED MEDICAID/MEDICARE SUPPLEMENT/MEDIGAP/STATE ASSISTANCE"
SULFAMETHOXAZOLE-TRIMETHOPRIM,"FAMILY MEDICINE",24,1.71,EMPLOYER
AMOXICILLIN,"EMERGENCY MEDICINE",32,1.00,"MANAGED MEDICAID/MEDICARE SUPPLEMENT/MEDIGAP/STATE ASSISTANCE"
"PENICILLIN V POTASSIUM","FAMILY MEDICINE",23,4.62,"UNSPECIFIED PLAN"
CEPHALEXIN,"INTERNAL MEDICINE",45,2.15,"UNSPECIFIED PLAN"
AMOXICILLIN,"NURSE PRACTITIONER",5,12.05,"PREFERRED PROVIDER ORGANIZATION"
AMOXICILLIN,DENTIST,66,1.83,"GENERAL MEDICARE D PRESCRIPTION DRUG PROGRAM"
AMOXICILLIN,DENTIST,51,3.60,"GENERAL MEDICARE D ADVANTAGE"
AMOXICILLIN,OTOLARYNGOLOGY,53,5.00,"STATE EMPLOYEES"
SULFAMETHOXAZOLE-TRIMETHOPRIM,"PHYSICIAN ASSISTANT",65,1.71,"STATE EMPLOYEES"
"METRONIDAZOLE VAGINAL","INTERNAL MEDICINE/PEDIATRICS",56,15.00,"UNSPECIFIED PLAN"
SULFAMETHOXAZOLE-TRIMETHOPRIM,"INTERNAL MEDICINE",50,2.43,"UNSPECIFIED PLAN"
"CLINDAMYCIN HCL",DENTIST,71,4.00,"MEDICARE D UNSPECIFIED"
AMOXICILLIN,DENTIST,85,4.76,"GENERAL MEDICARE D PRESCRIPTION DRUG PROGRAM"
"NEOMYCIN SULFATE","COLON & RECTAL SURGERY",72,3.18,"GENERAL MEDICARE D PRESCRIPTION DRUG PROGRAM"
"AMOXICILLIN & POT CLAVULANATE","EMERGENCY MEDICINE",78,15.80,"DISCOUNT CARD PROGRAM"
AZITHROMYCIN,"INTERNAL MEDICINE",26,4.00,EMPLOYER
"AMOXICILLIN & POT CLAVULANATE","INTERNAL MEDICINE",82,2.00,"GENERAL MEDICARE D PRESCRIPTION DRUG PROGRAM"
AMOXICILLIN,DENTIST,76,8.91,"GENERAL MEDICARE D ADVANTAGE"
CEFDINIR,"INTERNAL MEDICINE",85,38.45,"GENERAL MEDICARE D ADVANTAGE"
"DOXYCYCLINE HYCLATE",DERMATOLOGY,19,5.98,"UNSPECIFIED PLAN"
"DOXYCYCLINE (MONOHYDRATE)","FAMILY MEDICINE",23,13.19,"PHARMACY BENEFIT MANAGER"
CLARITHROMYCIN,"FAMILY MEDICINE",37,4.00,EMPLOYER
AMOXICILLIN,DENTIST,37,8.05,"UNSPECIFIED PLAN"
"CLINDAMYCIN HCL","FAMILY MEDICINE",38,12.32,"PBM BOOK OF BUSINESS - UNIDENTIFIED PLANS"
CEPHALEXIN,"FAMILY MEDICINE",36,6.41,"UNSPECIFIED PLAN"
"CIPROFLOXACIN HCL","FAMILY MEDICINE",46,6.82,"PREFERRED PROVIDER ORGANIZATION"
AMOXICILLIN,DENTIST,65,1.30,"GENERAL MEDICARE D ADVANTAGE"
"CLINDAMYCIN HCL","NURSE PRACTITIONER",22,1.00,"MANAGED MEDICAID/MEDICARE SUPPLEMENT/MEDIGAP/STATE ASSISTANCE"
"MINOCYCLINE HCL","PHYSICIAN ASSISTANT",65,10.00,"MEDICARE D ADVANTAGE - PLAN SPECIFIC"
"NEOMYCIN-POLYMYXIN-HC (OTIC)","NURSE PRACTITIONER",46,33.93,"DISCOUNT CARD PROGRAM"
"AMOXICILLIN & POT CLAVULANATE",PEDIATRICS,2,10.00,"UNSPECIFIED PLAN"
"AMOXICILLIN & POT CLAVULANATE","INTERNAL MEDICINE",33,10.00,"UNSPECIFIED PLAN"
AMOXICILLIN,"NURSE PRACTITIONER",48,0.01,CASH
"MINOCYCLINE HCL",DERMATOLOGY,32,640.01,"PBM BOOK OF BUSINESS - UNIDENTIFIED PLANS"
AZITHROMYCIN,PEDIATRICS,8,7.00,"UNKNOWN THIRD PARTY"
LEVOFLOXACIN,"INTERNAL MEDICINE",56,3.60,"MEDICARE D UNSPECIFIED"
"CLINDAMYCIN HCL",DENTIST,20,1.00,"PHARMACY BENEFIT MANAGER"
"PENICILLIN V POTASSIUM","NURSE PRACTITIONER",42,5.00,"HMO - INDEPENDENT PRACTICE ASSOCIATION MODEL"
SULFAMETHOXAZOLE-TRIMETHOPRIM,"FAMILY MEDICINE",79,0.42,"GENERAL MEDICARE D PRESCRIPTION DRUG PROGRAM"
TRIMETHOPRIM,UROLOGY,79,3.00,"GENERAL MEDICARE D PRESCRIPTION DRUG PROGRAM"
AZITHROMYCIN,"EMERGENCY MEDICINE",74,1.50,"MEDICARE D UNSPECIFIED"
"CIPROFLOXACIN HCL","GENERAL SURGERY",50,12.50,"PHARMACY BENEFIT MANAGER"
"PENICILLIN V POTASSIUM",DENTIST,75,13.62,"GENERAL MEDICARE D PRESCRIPTION DRUG PROGRAM"
CEPHALEXIN,"INTERNAL MEDICINE",39,6.88,"UNSPECIFIED PLAN"
"AMOXICILLIN & POT CLAVULANATE","PHYSICIAN ASSISTANT",19,10.76,"PBM BOOK OF BUSINESS - UNIDENTIFIED PLANS"
CEFDINIR,"NURSE PRACTITIONER",41,8.61,"PBM BOOK OF BUSINESS - UNIDENTIFIED PLANS"
CIPROFLOXACIN-DEXAMETHASONE,"FAMILY MEDICINE",59,30.00,"STATE EMPLOYEES"
CLARITHROMYCIN,"FAMILY MEDICINE",66,1.30,"MEDICARE D UNSPECIFIED"
"DOXYCYCLINE HYCLATE",DERMATOLOGY,73,47.00,"GENERAL MEDICARE D PRESCRIPTION DRUG PROGRAM"
"CLINDAMYCIN HCL",DENTIST,57,22.95,CASH
AMOXICILLIN,"INTERNAL MEDICINE",72,2.87,"MEDICARE D UNSPECIFIED"
AZITHROMYCIN,DENTIST,75,3.04,"MEDICARE D UNSPECIFIED"
AMOXICILLIN,DENTIST,65,0.71,"PHARMACY BENEFIT MANAGER"
SULFAMETHOXAZOLE-TRIMETHOPRIM,"FAMILY MEDICINE",20,1.26,"FEDERAL EMPLOYEE"
AMOXICILLIN,"FAMILY MEDICINE",69,4.00,"MEDICARE D UNSPECIFIED"
AMOXICILLIN,DENTIST,38,3.37,"PREFERRED PROVIDER ORGANIZATION"
CEPHALEXIN,"PLASTIC SURGERY",38,2.97,EMPLOYER
AMOXICILLIN,"NURSE PRACTITIONER",21,8.05,"PHARMACY BENEFIT MANAGER"
AMOXICILLIN,DENTIST,66,6.54,"HMO - INDEPENDENT PRACTICE ASSOCIATION MODEL"
CEFDINIR,"FAMILY MEDICINE",53,10.00,"UNSPECIFIED PLAN"
CEPHALEXIN,PEDIATRICS,3,7.00,"UNSPECIFIED PLAN"
SULFAMETHOXAZOLE-TRIMETHOPRIM,"INTERNAL MEDICINE",73,1.67,"FEDERAL EMPLOYEE"
SULFAMETHOXAZOLE-TRIMETHOPRIM,"NURSE PRACTITIONER",60,1.82,"HEALTH INSURANCE EXCHANGE GENERAL"
CEPHALEXIN,"FAMILY MEDICINE",64,1.30,"GENERAL MEDICARE D PRESCRIPTION DRUG PROGRAM"
CEPHALEXIN,DENTIST,59,4.99,"UNSPECIFIED PLAN"
AZITHROMYCIN,"FAMILY MEDICINE",17,10.66,"PREFERRED PROVIDER ORGANIZATION"
"AMOXICILLIN & POT CLAVULANATE","INTERNAL MEDICINE",28,10.56,"DISCOUNT CARD PROGRAM"
SULFAMETHOXAZOLE-TRIMETHOPRIM,"NURSE PRACTITIONER",85,2.00,"MEDICARE D UNSPECIFIED"
AZITHROMYCIN,"GERIATRIC MEDICINE (INTERNAL MEDICINE)",85,6.89,"GENERAL MEDICARE D PRESCRIPTION DRUG PROGRAM"
AMOXICILLIN,DENTIST,63,0.01,CASH
LEVOFLOXACIN,OTOLARYNGOLOGY,75,1.00,"GENERAL MEDICARE D PRESCRIPTION DRUG PROGRAM"
"DOXYCYCLINE HYCLATE",OPTOMETRIST,56,2.66,"UNSPECIFIED PLAN"
SULFAMETHOXAZOLE-TRIMETHOPRIM,"PHYSICIAN ASSISTANT",22,2.45,EMPLOYER
"MOXIFLOXACIN HCL (OPHTH)",OPTOMETRIST,34,10.00,"UNSPECIFIED PLAN"
AMOXICILLIN,PEDIATRICS,8,15.26,CASH
"PENICILLIN V POTASSIUM",DENTIST,50,5.00,"PHARMACY BENEFIT MANAGER"
CEPHALEXIN,"FAMILY MEDICINE",74,14.01,"FEDERAL EMPLOYEE"
"GENTAMICIN SULFATE (OPHTH)","PHYSICIAN ASSISTANT",76,17.07,"DISCOUNT CARD PROGRAM"
AMOXICILLIN,DENTIST,47,7.72,"DISCOUNT CARD PROGRAM"
"CIPROFLOXACIN HCL",OTOLARYNGOLOGY,63,2.17,"UNSPECIFIED PLAN"
AMOXICILLIN,"PHYSICIAN ASSISTANT",79,11.32,"GENERAL MEDICARE D PRESCRIPTION DRUG PROGRAM"
"AMOXICILLIN & POT CLAVULANATE","FAMILY MEDICINE",66,10.00,"PHARMACY BENEFIT MANAGER"
AZITHROMYCIN,"NURSE PRACTITIONER",75,5.30,"MEDICARE D UNSPECIFIED"
CEFDINIR,"FAMILY MEDICINE",53,12.40,"PREFERRED PROVIDER ORGANIZATION"
SULFAMETHOXAZOLE-TRIMETHOPRIM,"OBSTETRICS & GYNECOLOGY",46,0.56,"PHARMACY BENEFIT MANAGER"
CEFDINIR,"PHYSICIAN ASSISTANT",15,7.14,"STATE EMPLOYEES"
AMOXICILLIN,"NURSE PRACTITIONER",34,5.76,"UNSPECIFIED PLAN"
"AMOXICILLIN & POT CLAVULANATE","FAMILY MEDICINE",63,2.80,EMPLOYER
CEPHALEXIN,DERMATOLOGY,77,2.86,"GENERAL MEDICARE D PRESCRIPTION DRUG PROGRAM"
CEPHALEXIN,"NURSE PRACTITIONER",48,9.90,CASH
"CEFUROXIME AXETIL","FAMILY MEDICINE",46,20.00,"UNSPECIFIED PLAN"
SULFAMETHOXAZOLE-TRIMETHOPRIM,OTOLARYNGOLOGY,84,9.00,"GENERAL MEDICARE D ADVANTAGE"
CEFADROXIL,"PLASTIC SURGERY",63,5.80,"UNSPECIFIED PLAN"
"AMOXICILLIN & POT CLAVULANATE","PHYSICIAN ASSISTANT",17,7.00,"PHARMACY BENEFIT MANAGER"
"DOXYCYCLINE HYCLATE","NURSE PRACTITIONER",13,5.43,EMPLOYER
AMOXICILLIN,"INTERNAL MEDICINE",19,2.11,"STATE EMPLOYEES"
AMOXICILLIN,DENTIST,40,1.30,"GENERAL MEDICARE D PRESCRIPTION DRUG PROGRAM"
"DOXYCYCLINE (MONOHYDRATE)","PHYSICIAN ASSISTANT",20,4.51,"FEDERAL EMPLOYEE"
AMOXICILLIN,"FAMILY MEDICINE",39,7.44,"UNSPECIFIED PLAN"
SULFAMETHOXAZOLE-TRIMETHOPRIM,"GENERAL SURGERY",30,0.01,CASH
AMOXICILLIN,DENTIST,47,1.30,"GENERAL MEDICARE D PRESCRIPTION DRUG PROGRAM"
"AMOXICILLIN & POT CLAVULANATE","PHYSICIAN ASSISTANT",27,5.55,"PREFERRED PROVIDER ORGANIZATION"
"DOXYCYCLINE HYCLATE","INTERNAL MEDICINE",73,2.79,"GENERAL MEDICARE D PRESCRIPTION DRUG PROGRAM"
"DOXYCYCLINE (MONOHYDRATE)","FAMILY MEDICINE",60,10.00,"UNSPECIFIED PLAN"
CEFDINIR,"NURSE PRACTITIONER",4,15.00,"HMO - COMBINATION MODEL"
AMOXICILLIN,,41,9.56,"STATE EMPLOYEES"
"NEOMYCIN-POLYMYXIN-HC (OTIC)","FAMILY MEDICINE",35,5.00,"HEALTH INSURANCE EXCHANGE PPO GENERAL"
"DOXYCYCLINE HYCLATE","FAMILY MEDICINE",68,113.71,"MEDICARE D UNSPECIFIED"
AZITHROMYCIN,"NURSE PRACTITIONER",63,4.76,EMPLOYER
AZITHROMYCIN,"FAMILY MEDICINE",51,1.16,"UNSPECIFIED PLAN"
AZITHROMYCIN,"FAMILY MEDICINE",48,8.63,"FEDERAL EMPLOYEE"
"CLINDAMYCIN HCL","NURSE PRACTITIONER",83,5.00,"MEDICARE D UNSPECIFIED"
AMOXICILLIN,DENTIST,71,4.39,"FEDERAL EMPLOYEE"
"AMOXICILLIN & POT CLAVULANATE","NURSE PRACTITIONER",81,8.00,"MEDICARE D UNSPECIFIED"
"AMOXICILLIN & POT CLAVULANATE",OPTOMETRIST,5,15.00,"UNSPECIFIED PLAN"
CEPHALEXIN,UROLOGY,74,1.16,"MEDICARE D UNSPECIFIED"
AMOXICILLIN,DENTIST,24,7.72,CASH
AMOXICILLIN,"NURSE PRACTITIONER",24,12.16,"DISCOUNT CARD PROGRAM"
"POLYMYXIN B-TRIMETHOPRIM",OPHTHALMOLOGY,76,4.40,"GENERAL MEDICARE D PRESCRIPTION DRUG PROGRAM"
AZITHROMYCIN,"NURSE PRACTITIONER",32,10.75,"DISCOUNT CARD PROGRAM"
"CLINDAMYCIN HCL","ORAL & MAXILLOFACIAL SURGERY",71,2.24,"GENERAL MEDICARE D PRESCRIPTION DRUG PROGRAM"
"PENICILLIN V POTASSIUM",NEPHROLOGY,21,4.91,"UNSPECIFIED PLAN"
SULFAMETHOXAZOLE-TRIMETHOPRIM,"NURSE PRACTITIONER",54,2.09,"FEDERAL EMPLOYEE"
"DOXYCYCLINE HYCLATE","FAMILY MEDICINE",41,10.00,"PHARMACY BENEFIT MANAGER"
"OFLOXACIN (OTIC)",PEDIATRICS,8,15.00,"HMO - INDEPENDENT PRACTICE ASSOCIATION MODEL"
AZITHROMYCIN,"NURSE PRACTITIONER",67,1.79,"EMPLOYER-SPONSORED PBM RETIREE PRESCRIPTION DRUG PROGRAM"
AZITHROMYCIN,"PHYSICIAN ASSISTANT",46,3.10,"HEALTH INSURANCE EXCHANGE GENERAL"
"ERYTHROMYCIN (OPHTH)","NURSE PRACTITIONER",32,7.29,"DISCOUNT CARD PROGRAM"
"CIPROFLOXACIN HCL","PHYSICIAN ASSISTANT",41,1.98,EMPLOYER
"CLINDAMYCIN HCL","CARDIOVASCULAR DISEASE",56,9.19,"UNSPECIFIED PLAN"
"MINOCYCLINE HCL",DERMATOLOGY,60,15.52,"PHARMACY BENEFIT MANAGER"
SULFAMETHOXAZOLE-TRIMETHOPRIM,"FAMILY MEDICINE",60,2.12,"FEDERAL EMPLOYEE"
SULFAMETHOXAZOLE-TRIMETHOPRIM,"FAMILY MEDICINE",61,1.30,"MEDICARE D UNSPECIFIED"
"OFLOXACIN (OTIC)",PEDIATRICS,7,5.00,"CLAIMS PROCESSOR"
LEVOFLOXACIN,"INTERNAL MEDICINE",77,6.28,"PHARMACY BENEFIT MANAGER"
AZITHROMYCIN,"NURSE PRACTITIONER",14,1.38,"PHARMACY BENEFIT MANAGER"
"DOXYCYCLINE HYCLATE",DERMATOLOGY,56,20.00,"STATE EMPLOYEES"
CEPHALEXIN,"NURSE PRACTITIONER",76,1.10,"MEDICARE D UNSPECIFIED"
AMOXICILLIN,DENTIST,71,2.20,"GENERAL MEDICARE D PRESCRIPTION DRUG PROGRAM"
AZITHROMYCIN,"FAMILY MEDICINE",50,8.89,"UNSPECIFIED PLAN"
AZITHROMYCIN,GYNECOLOGY,31,10.00,CASH
CEPHALEXIN,PODIATRIST,85,10.00,"GENERAL MEDICARE D PRESCRIPTION DRUG PROGRAM"
AZITHROMYCIN,"FAMILY MEDICINE",24,4.39,"HEALTH INSURANCE EXCHANGE HMO GENERAL"
CEFDINIR,OTOLARYNGOLOGY,73,15.00,"PHARMACY BENEFIT MANAGER"
AMOXICILLIN,"PULMONARY DISEASE",58,7.95,CASH
LEVOFLOXACIN,"PHYSICIAN ASSISTANT",57,1.49,"STATE EMPLOYEES"
"DOXYCYCLINE (ROSACEA)",DERMATOLOGY,50,10.00,"FEDERAL EMPLOYEE"
"CIPROFLOXACIN HCL","INTERNAL MEDICINE",63,1.73,"STATE EMPLOYEES"
"MINOCYCLINE HCL","FAMILY MEDICINE",62,10.00,"UNSPECIFIED PLAN"
"CIPROFLOXACIN HCL",UROLOGY,85,2.67,"GENERAL MEDICARE D PRESCRIPTION DRUG PROGRAM"
"OFLOXACIN (OPHTH)",PEDIATRICS,5,42.93,CASH
AMOXICILLIN,,2,10.00,"UNSPECIFIED PLAN"
AMOXICILLIN,DENTIST,33,11.73,"DISCOUNT CARD PROGRAM"
"CLINDAMYCIN HCL","PHYSICIAN ASSISTANT",62,10.00,"UNSPECIFIED PLAN"
AMPICILLIN,"GENERAL PRACTICE",37,5.00,"PHARMACY BENEFIT MANAGER"
"CIPROFLOXACIN HCL","NURSE PRACTITIONER",77,2.62,"EMPLOYER-SPONSORED PBM RETIREE PRESCRIPTION DRUG PROGRAM"
"POLYMYXIN B-TRIMETHOPRIM","FAMILY MEDICINE",49,4.61,"UNSPECIFIED PLAN"
SULFAMETHOXAZOLE-TRIMETHOPRIM,"PHYSICIAN ASSISTANT",18,10.00,CASH
CIPROFLOXACIN-DEXAMETHASONE,"NURSE PRACTITIONER",6,33.00,"FEDERAL EMPLOYEE"
CEFDINIR,"INTERNAL MEDICINE",63,8.91,"PBM BOOK OF BUSINESS - UNIDENTIFIED PLANS"
"AMOXICILLIN & POT CLAVULANATE","FAMILY MEDICINE",76,10.00,"EMPLOYER-SPONSORED PBM RETIREE PRESCRIPTION DRUG PROGRAM"
AMOXICILLIN,GASTROENTEROLOGY,65,3.59,"HEALTH INSURANCE EXCHANGE HMO GENERAL"
"MINOCYCLINE HCL","PHYSICIAN ASSISTANT",15,7.00,"STATE EMPLOYEES"
AZITHROMYCIN,"ALLERGY & IMMUNOLOGY",58,5.48,"PREFERRED PROVIDER ORGANIZATION"
AMOXICILLIN,DENTIST,31,8.09,CASH
"CIPROFLOXACIN HCL (OPHTH)",OPHTHALMOLOGY,82,5.00,"UNSPECIFIED PLAN"
AZITHROMYCIN,"FAMILY MEDICINE",71,4.00,"MEDICARE D UNSPECIFIED"
"AMOXICILLIN & POT CLAVULANATE","PHYSICIAN ASSISTANT",59,7.00,EMPLOYER
AMOXICILLIN,PEDIATRICS,8,5.00,"UNSPECIFIED PLAN"
CEPHALEXIN,"NURSE PRACTITIONER",82,3.77,"FEDERAL EMPLOYEE"
"AMOXICILLIN & POT CLAVULANATE","ORAL & MAXILLOFACIAL SURGERY",67,3.07,"MEDICARE D UNSPECIFIED"
LEVOFLOXACIN,"GENERAL SURGERY",64,2.96,"MEDICARE D UNSPECIFIED"
"MINOCYCLINE HCL","PHYSICIAN ASSISTANT",16,68.61,"HMO - INDEPENDENT PRACTICE ASSOCIATION MODEL"
"CIPROFLOXACIN HCL","OBSTETRICS & GYNECOLOGY",83,0.75,"STATE EMPLOYEES"
"CEFUROXIME AXETIL",OTOLARYNGOLOGY,64,7.02,"HEALTH INSURANCE EXCHANGE GENERAL"
"AMOXICILLIN & POT CLAVULANATE",PODIATRIST,79,6.67,"PBM BOOK OF BUSINESS - UNIDENTIFIED PLANS"
"CIPROFLOXACIN HCL","FAMILY MEDICINE",60,3.15,
SULFAMETHOXAZOLE-TRIMETHOPRIM,"FAMILY MEDICINE",51,1.68,"HEALTH INSURANCE EXCHANGE GENERAL"
LEVOFLOXACIN,"EMERGENCY MEDICINE",35,1.68,"PHARMACY BENEFIT MANAGER"
LEVOFLOXACIN,"NURSE PRACTITIONER",31,1.30,"GENERAL MEDICARE D PRESCRIPTION DRUG PROGRAM"
AMOXICILLIN,PEDIATRICS,43,15.00,CASH
AMOXICILLIN,DENTIST,70,1.00,"GENERAL MEDICARE D PRESCRIPTION DRUG PROGRAM"
AMOXICILLIN,"NURSE PRACTITIONER",23,1.04,"EMPLOYER-SPONSORED PBM RETIREE PRESCRIPTION DRUG PROGRAM"
"MINOCYCLINE HCL",DERMATOLOGY,15,150.00,"PHARMACY BENEFIT MANAGER"
"CLINDAMYCIN HCL",DENTIST,85,5.63,"GENERAL MEDICARE D ADVANTAGE"
"DOXYCYCLINE HYCLATE","OBSTETRICS & GYNECOLOGY",61,9.94,"DISCOUNT CARD PROGRAM"
"OFLOXACIN (OTIC)","NURSE PRACTITIONER",9,10.00,"HEALTH INSURANCE EXCHANGE GENERAL"
"AMOXICILLIN & POT CLAVULANATE",PODIATRIST,54,6.04,"STATE EMPLOYEES"
SULFAMETHOXAZOLE-TRIMETHOPRIM,"NURSE PRACTITIONER",55,4.70,"UNSPECIFIED PLAN"
"CIPROFLOXACIN HCL","ORAL & MAXILLOFACIAL SURGERY",43,2.97,"FEDERAL EMPLOYEE"
CEPHALEXIN,"FAMILY MEDICINE",64,3.06,"STATE EMPLOYEES"
CEFDINIR,"FAMILY MEDICINE",27,10.00,"PREFERRED PROVIDER ORGANIZATION"
CEPHALEXIN,PEDIATRICS,4,1.00,"MANAGED MEDICAID/MEDICARE SUPPLEMENT/MEDIGAP/STATE ASSISTANCE"
"DICLOXACILLIN SODIUM","PLASTIC SURGERY",56,52.71,"UNSPECIFIED PLAN"
"POLYMYXIN B-TRIMETHOPRIM","NURSE PRACTITIONER",50,7.94,"UNSPECIFIED PLAN"
CEPHALEXIN,"PHYSICIAN ASSISTANT",76,1.30,"GENERAL MEDICARE D ADVANTAGE"
CEPHALEXIN,"EMERGENCY MEDICINE",73,3.51,"MEDICARE D UNSPECIFIED"
CEPHALEXIN,DENTIST,69,1.44,"EMPLOYER-SPONSORED PBM RETIREE PRESCRIPTION DRUG PROGRAM"
CEFPROZIL,"FAMILY MEDICINE",73,51.14,"MEDICARE D UNSPECIFIED"
"NEOMYCIN-POLYMYXIN-HC (OTIC)","INTERNAL MEDICINE",40,5.00,"STATE EMPLOYEES"
"AMOXICILLIN & POT CLAVULANATE","FAMILY MEDICINE",74,10.00,"GENERAL MEDICARE D PRESCRIPTION DRUG PROGRAM"
"ERYTHROMYCIN (OPHTH)","PEDIATRIC OPHTHALMOLOGY",7,5.00,"PREFERRED PROVIDER ORGANIZATION"
AZITHROMYCIN,"NURSE PRACTITIONER",33,6.23,"UNSPECIFIED PLAN"
"DOXYCYCLINE HYCLATE","FAMILY MEDICINE",62,10.72,"HEALTH INSURANCE EXCHANGE HMO GENERAL"
SULFAMETHOXAZOLE-TRIMETHOPRIM,,72,1.42,"GENERAL MEDICARE D PRESCRIPTION DRUG PROGRAM"
"AMOXICILLIN & POT CLAVULANATE","INTERNAL MEDICINE",38,5.00,EMPLOYER
AMOXICILLIN,DENTIST,62,0.01,CASH
CLARITHROMYCIN,"INTERNAL MEDICINE",62,11.88,"HMO - INDEPENDENT PRACTICE ASSOCIATION MODEL"
AMOXICILLIN,"NURSE PRACTITIONER",11,3.26,"PHARMACY BENEFIT MANAGER"
AMOXICILLIN,"FAMILY MEDICINE",37,1.00,"FEE FOR SERVICE MEDICAID"
"CIPROFLOXACIN HCL","INTERNAL MEDICINE",68,1.64,"GENERAL MEDICARE D PRESCRIPTION DRUG PROGRAM"
SULFAMETHOXAZOLE-TRIMETHOPRIM,"PHYSICIAN ASSISTANT",53,4.50,"PREFERRED PROVIDER ORGANIZATION"
CEPHALEXIN,"EMERGENCY MEDICINE",85,5.19,"UNSPECIFIED PLAN"
AMOXICILLIN,DENTIST,61,1.84,"UNSPECIFIED PLAN"
AMOXICILLIN,"FAMILY MEDICINE",33,1.68,"STATE EMPLOYEES"
"ERYTHROMYCIN (OPHTH)",OPHTHALMOLOGY,33,13.17,"UNSPECIFIED PLAN"
AMOXICILLIN,"NURSE PRACTITIONER",85,3.60,"GENERAL MEDICARE D PRESCRIPTION DRUG PROGRAM"
CEFDINIR,PEDIATRICS,17,5.00,"MANAGED MEDICAID/MEDICARE SUPPLEMENT/MEDIGAP/STATE ASSISTANCE"
SULFAMETHOXAZOLE-TRIMETHOPRIM,"FAMILY MEDICINE",27,2.38,"STATE EMPLOYEES"
SULFAMETHOXAZOLE-TRIMETHOPRIM,OTOLARYNGOLOGY,49,2.89,"UNSPECIFIED PLAN"
"OFLOXACIN (OTIC)","NURSE PRACTITIONER",54,10.00,EMPLOYER
"OFLOXACIN (OPHTH)",OPHTHALMOLOGY,69,13.00,"FEDERAL EMPLOYEE"
AZITHROMYCIN,"FAMILY MEDICINE",56,10.00,"UNSPECIFIED PLAN"
LEVOFLOXACIN,"PULMONARY CRITICAL CARE MEDICINE",28,30.36,CASH
AMOXICILLIN,DENTIST,65,1.69,"STATE EMPLOYEES"
"CIPROFLOXACIN HCL",DERMATOLOGY,74,6.00,"MEDICARE D UNSPECIFIED"
TRIMETHOPRIM,"INTERNAL MEDICINE",59,30.00,EMPLOYER
SULFAMETHOXAZOLE-TRIMETHOPRIM,DERMATOLOGY,60,7.89,"DISCOUNT CARD PROGRAM"
AZITHROMYCIN,"NURSE PRACTITIONER",46,7.00,"PHARMACY BENEFIT MANAGER"
"DOXYCYCLINE HYCLATE",OPHTHALMOLOGY,68,10.00,EMPLOYER
"ERYTHROMYCIN (OPHTH)","GERIATRIC MEDICINE (FAMILY MEDICINE)",85,3.43,"GENERAL MEDICARE D PRESCRIPTION DRUG PROGRAM"
CEFDINIR,"EMERGENCY MEDICINE",41,4.00,"PHARMACY BENEFIT MANAGER"
"CIPROFLOXACIN HCL","NURSE PRACTITIONER",47,2.18,EMPLOYER
AZITHROMYCIN,"NURSE PRACTITIONER",52,4.52,"UNSPECIFIED PLAN"
CEPHALEXIN,"INTERNAL MEDICINE",28,3.66,"MANAGED MEDICAID/MEDICARE SUPPLEMENT/MEDIGAP/STATE ASSISTANCE"
"DOXYCYCLINE (MONOHYDRATE)","EMERGENCY MEDICINE",71,5.30,"MEDICARE D UNSPECIFIED"
AZITHROMYCIN,"GENERAL PRACTICE",58,5.34,"FEDERAL EMPLOYEE"
"CLINDAMYCIN HCL",DENTIST,69,8.14,"MEDICARE D UNSPECIFIED"
AMOXICILLIN,"ORAL & MAXILLOFACIAL SURGERY",67,2.60,"MEDICARE D UNSPECIFIED"
AMOXICILLIN,,19,4.24,"STATE EMPLOYEES"
CEPHALEXIN,"PHYSICIAN ASSISTANT",36,1.00,"GENERAL MEDICARE D PRESCRIPTION DRUG PROGRAM"
"NEOMYCIN-POLYMYXIN-HC (OTIC)","GENERAL PRACTICE",27,10.00,"PHARMACY BENEFIT MANAGER"
"CIPROFLOXACIN HCL","GENERAL PRACTICE",52,4.26,"PREFERRED PROVIDER ORGANIZATION"
AMOXICILLIN,DENTIST,62,12.05,MEDICARE
"METRONIDAZOLE VAGINAL","NURSE PRACTITIONER",31,1.00,"MANAGED MEDICAID/MEDICARE SUPPLEMENT/MEDIGAP/STATE ASSISTANCE"
CEPHALEXIN,"NURSE PRACTITIONER",31,2.51,"UNSPECIFIED PLAN"
"AMOXICILLIN & POT CLAVULANATE",DENTIST,48,15.00,"PBM BOOK OF BUSINESS - UNIDENTIFIED PLANS"
"DOXYCYCLINE HYCLATE",HOSPITALIST,64,3.60,"MEDICARE D UNSPECIFIED"
"AMOXICILLIN & POT CLAVULANATE","FAMILY MEDICINE",43,57.45,CASH
"DOXYCYCLINE HYCLATE","PULMONARY DISEASE",57,4.00,EMPLOYER
"AMOXICILLIN & POT CLAVULANATE","FAMILY MEDICINE",15,3.06,"PBM BOOK OF BUSINESS - UNIDENTIFIED PLANS"
SULFAMETHOXAZOLE-TRIMETHOPRIM,"FAMILY MEDICINE",53,4.00,EMPLOYER
"OFLOXACIN (OTIC)","FAMILY MEDICINE",49,10.00,"PHARMACY BENEFIT MANAGER"
"AMOXICILLIN & POT CLAVULANATE","INTERNAL MEDICINE",74,3.00,"GENERAL MEDICARE D ADVANTAGE"
SULFAMETHOXAZOLE-TRIMETHOPRIM,"NURSE PRACTITIONER",52,4.72,"DISCOUNT CARD PROGRAM"
"AMOXICILLIN & POT CLAVULANATE","NURSE PRACTITIONER",63,5.49,"STATE EMPLOYEES"
AMOXICILLIN,"INTERNAL MEDICINE",75,3.26,"FEDERAL EMPLOYEE"
AZITHROMYCIN,"FAMILY MEDICINE",73,23.95,CASH
AZITHROMYCIN,"NURSE PRACTITIONER",53,4.27,"PBM BOOK OF BUSINESS - UNIDENTIFIED PLANS"
AMOXICILLIN,"FAMILY MEDICINE",63,7.69,"HEALTH INSURANCE EXCHANGE HMO GENERAL"
"OFLOXACIN (OTIC)","INTERNAL MEDICINE/PEDIATRICS",62,10.00,"UNSPECIFIED PLAN"
CEFDINIR,"GENERAL SURGERY",68,15.00,"MEDICARE D UNSPECIFIED"
AZITHROMYCIN,"EMERGENCY MEDICINE",53,2.57,"PBM BOOK OF BUSINESS - UNIDENTIFIED PLANS"
AMOXICILLIN,DENTIST,75,5.00,"GENERAL MEDICARE D PRESCRIPTION DRUG PROGRAM"
AZITHROMYCIN,"FAMILY MEDICINE",43,10.00,"HMO - INDEPENDENT PRACTICE ASSOCIATION MODEL"
LEVOFLOXACIN,"PHYSICIAN ASSISTANT",69,46.85,"DISCOUNT CARD PROGRAM"
AMOXICILLIN,DENTIST,57,3.80,EMPLOYER
AMOXICILLIN,"FAMILY MEDICINE",65,2.84,"HMO - NETWORK MODEL"
CEPHALEXIN,"PHYSICAL MEDICINE & REHABILITATION",55,4.00,"FEDERAL EMPLOYEE"
"CIPROFLOXACIN HCL","INTERNAL MEDICINE",46,1.92,"STATE EMPLOYEES"
"DOXYCYCLINE (MONOHYDRATE)","INTERNAL MEDICINE",49,11.76,"PREFERRED PROVIDER ORGANIZATION"
AMOXICILLIN,DENTIST,20,4.68,"UNSPECIFIED PLAN"
"DOXYCYCLINE HYCLATE","FAMILY MEDICINE",53,15.00,"UNSPECIFIED PLAN"
AMOXICILLIN,DENTIST,46,0.90,"PREFERRED PROVIDER ORGANIZATION"
"AMOXICILLIN & POT CLAVULANATE",PEDIATRICS,0,26.30,"PBM BOOK OF BUSINESS - UNIDENTIFIED PLANS"
AMOXICILLIN,"NURSE PRACTITIONER",36,2.25,"HMO - COMBINATION MODEL"
"DOXYCYCLINE HYCLATE","PHYSICIAN ASSISTANT",62,3.00,"FEE FOR SERVICE MEDICAID"
AZITHROMYCIN,"FAMILY MEDICINE",39,6.05,"UNSPECIFIED PLAN"
AMOXICILLIN,"FAMILY MEDICINE",54,1.00,"MEDICARE D UNSPECIFIED"
"DOXYCYCLINE (MONOHYDRATE)","NURSE PRACTITIONER",31,5.47,"PHARMACY BENEFIT MANAGER"
AMOXICILLIN,"DERMATOLOGIC SURGERY",61,1.95,EMPLOYER
"CEFUROXIME AXETIL","GENERAL PRACTICE",60,10.00,"HEALTH INSURANCE EXCHANGE HMO GENERAL"
"CLINDAMYCIN HCL","NURSE PRACTITIONER",85,5.00,"UNSPECIFIED PLAN"
"AMOXICILLIN & POT CLAVULANATE","PHYSICIAN ASSISTANT",52,3.00,"FEE FOR SERVICE MEDICAID"
"AMOXICILLIN & POT CLAVULANATE","PLASTIC SURGERY",23,5.23,"UNSPECIFIED PLAN"
"CLINDAMYCIN HCL",PODIATRIST,76,2.00,"GENERAL MEDICARE D PRESCRIPTION DRUG PROGRAM"
AZITHROMYCIN,"OBSTETRICS & GYNECOLOGY",48,7.11,"DISCOUNT CARD PROGRAM"
CLARITHROMYCIN,OTOLARYNGOLOGY,37,10.00,"FEDERAL EMPLOYEE"
CEFDINIR,"FAMILY MEDICINE",80,1.30,"GENERAL MEDICARE D ADVANTAGE"
AZITHROMYCIN,"PHYSICIAN ASSISTANT",23,3.21,"UNSPECIFIED PLAN"
SULFAMETHOXAZOLE-TRIMETHOPRIM,"FAMILY MEDICINE",75,7.20,"GENERAL MEDICARE D PRESCRIPTION DRUG PROGRAM"
AZITHROMYCIN,"INTERNAL MEDICINE",51,6.49,"MEDICARE D UNSPECIFIED"
"OFLOXACIN (OPHTH)",OPHTHALMOLOGY,73,3.60,"GENERAL MEDICARE D PRESCRIPTION DRUG PROGRAM"
"DOXYCYCLINE HYCLATE","NURSE PRACTITIONER",58,3.26,"STATE EMPLOYEES"
LEVOFLOXACIN,"FAMILY MEDICINE",66,80.35,CASH
"DOXYCYCLINE HYCLATE","FAMILY MEDICINE",67,48.39,"GENERAL MEDICARE D PRESCRIPTION DRUG PROGRAM"
"CLINDAMYCIN HCL",DENTIST,51,1.00,"MANAGED MEDICAID/MEDICARE SUPPLEMENT/MEDIGAP/STATE ASSISTANCE"
AZITHROMYCIN,"FAMILY MEDICINE",50,5.26,"HEALTH INSURANCE EXCHANGE GENERAL"
"MINOCYCLINE HCL",DERMATOLOGY,17,65.00,"PBM BOOK OF BUSINESS - UNIDENTIFIED PLANS"
"AMOXICILLIN & POT CLAVULANATE",PEDIATRICS,15,5.15,"UNSPECIFIED PLAN"
"CIPROFLOXACIN HCL (OPHTH)",OPHTHALMOLOGY,37,5.00,"UNSPECIFIED PLAN"
"CEFUROXIME AXETIL","INTERNAL MEDICINE",71,30.05,"MEDICARE D UNSPECIFIED"
CEFDINIR,"NURSE PRACTITIONER",78,14.00,"GENERAL MEDICARE D PRESCRIPTION DRUG PROGRAM"
AZITHROMYCIN,"PHYSICIAN ASSISTANT",64,3.37,"UNSPECIFIED PLAN"
"DOXYCYCLINE (MONOHYDRATE)","FAMILY MEDICINE",47,10.00,"THIRD PARTY ADMINISTRATOR"
SULFAMETHOXAZOLE-TRIMETHOPRIM,DERMATOLOGY,46,0.01,CASH
CEFPROZIL,"ALLERGY & IMMUNOLOGY",69,42.30,"GENERAL MEDICARE D PRESCRIPTION DRUG PROGRAM"
"DOXYCYCLINE (MONOHYDRATE)",OTOLARYNGOLOGY,54,7.50,"PHARMACY BENEFIT MANAGER"
SULFAMETHOXAZOLE-TRIMETHOPRIM,"FAMILY MEDICINE",46,1.35,"FEDERAL EMPLOYEE"
SULFAMETHOXAZOLE-TRIMETHOPRIM,"NURSE PRACTITIONER",56,6.20,"PREFERRED PROVIDER ORGANIZATION"
AZITHROMYCIN,DENTIST,49,5.55,"FEDERAL EMPLOYEE"
AMOXICILLIN,"INTERNAL MEDICINE",70,5.00,"MEDICARE D UNSPECIFIED"
"AMOXICILLIN & POT CLAVULANATE","NURSE PRACTITIONER",82,10.00,"GENERAL MEDICARE D PRESCRIPTION DRUG PROGRAM"
"DOXYCYCLINE HYCLATE","NURSE PRACTITIONER",56,10.58,EMPLOYER
"AMOXICILLIN & POT CLAVULANATE","FAMILY MEDICINE",39,15.00,"PBM BOOK OF BUSINESS - UNIDENTIFIED PLANS"
"CEFPODOXIME PROXETIL","NURSE PRACTITIONER",52,3.60,"GENERAL MEDICARE D ADVANTAGE"
AMOXICILLIN,"NURSE PRACTITIONER",30,13.59,CASH
AZITHROMYCIN,"FAMILY MEDICINE",76,32.10,CASH
AZITHROMYCIN,"PHYSICIAN ASSISTANT",19,3.20,EMPLOYER
CEPHALEXIN,"PHYSICIAN ASSISTANT",75,1.00,"GENERAL MEDICARE D PRESCRIPTION DRUG PROGRAM"
AMOXICILLIN,DENTIST,42,4.89,"PREFERRED PROVIDER ORGANIZATION"
"CIPROFLOXACIN HCL","NURSE PRACTITIONER",62,5.57,"UNSPECIFIED PLAN"
"PENICILLIN V POTASSIUM",DENTIST,28,6.61,"FEDERAL EMPLOYEE"
"PENICILLIN V POTASSIUM",DENTIST,71,14.70,CASH
CEFDINIR,"PHYSICIAN ASSISTANT",2,14.00,"HEALTH INSURANCE EXCHANGE GENERAL"
SULFAMETHOXAZOLE-TRIMETHOPRIM,"NURSE PRACTITIONER",38,5.11,"UNSPECIFIED PLAN"
"AMOXICILLIN & POT CLAVULANATE","NURSE PRACTITIONER",44,6.19,"HMO - INDEPENDENT PRACTICE ASSOCIATION MODEL"
AZITHROMYCIN,"NURSE PRACTITIONER",28,32.10,CASH
"MINOCYCLINE HCL","FAMILY MEDICINE",71,5.00,"FEDERAL EMPLOYEE"
SULFAMETHOXAZOLE-TRIMETHOPRIM,"GENERAL SURGERY",61,2.25,"PHARMACY BENEFIT MANAGER"
AMOXICILLIN,"PHYSICIAN ASSISTANT",59,4.47,CASH
AMOXICILLIN,,63,4.70,"UNSPECIFIED PLAN"
CEFDINIR,"GENERAL PRACTICE",61,19.38,"DISCOUNT CARD PROGRAM"
AMOXICILLIN,DENTIST,62,2.01,"UNSPECIFIED PLAN"
AZITHROMYCIN,"INTERNAL MEDICINE",66,6.50,"MEDICARE D UNSPECIFIED"
SULFAMETHOXAZOLE-TRIMETHOPRIM,"FAMILY MEDICINE",65,3.00,EMPLOYER
"CEFPODOXIME PROXETIL","FAMILY MEDICINE",65,20.00,"GENERAL MEDICARE D PRESCRIPTION DRUG PROGRAM"
AZITHROMYCIN,"PULMONARY DISEASE",73,3.60,"GENERAL MEDICARE D ADVANTAGE"
"CIPROFLOXACIN HCL","EMERGENCY MEDICINE",65,5.78,"HMO - NETWORK MODEL"
AMOXICILLIN,DENTIST,74,3.50,"MEDICARE D UNSPECIFIED"
CEPHALEXIN,OPHTHALMOLOGY,84,4.04,"GENERAL MEDICARE D PRESCRIPTION DRUG PROGRAM"
"DOXYCYCLINE HYCLATE","FAMILY MEDICINE",51,8.05,"PREFERRED PROVIDER ORGANIZATION"
CEPHALEXIN,,19,0.51,EMPLOYER
CEPHALEXIN,"FAMILY MEDICINE",77,4.10,"MEDICARE D UNSPECIFIED"
CEFDINIR,HOSPITALIST,62,3.60,"GENERAL MEDICARE D ADVANTAGE"
AMOXICILLIN,"ORAL & MAXILLOFACIAL SURGERY",19,4.00,"PREFERRED PROVIDER ORGANIZATION"
"DOXYCYCLINE HYCLATE","NURSE PRACTITIONER",68,0.62,"MEDICARE D UNSPECIFIED"
"AMOXICILLIN & POT CLAVULANATE","FAMILY MEDICINE",48,5.00,"HMO - COMBINATION MODEL"
CEPHALEXIN,"PLASTIC SURGERY",77,1.46,"GENERAL MEDICARE D PRESCRIPTION DRUG PROGRAM"
CEPHALEXIN,"FAMILY MEDICINE",72,3.18,"FEDERAL EMPLOYEE"
"CEFPODOXIME PROXETIL","PHYSICIAN ASSISTANT",42,5.00,"UNSPECIFIED PLAN"
AMOXICILLIN,"INTERNAL MEDICINE",85,7.69,"GENERAL MEDICARE D PRESCRIPTION DRUG PROGRAM"
CEFDINIR,"NURSE PRACTITIONER",31,22.09,"PBM BOOK OF BUSINESS - UNIDENTIFIED PLANS"
CEPHALEXIN,"FAMILY MEDICINE",50,3.03,"UNSPECIFIED PLAN"
"PENICILLIN V POTASSIUM","FAMILY MEDICINE",31,10.00,"HMO - INDEPENDENT PRACTICE ASSOCIATION MODEL"
"AMOXICILLIN & POT CLAVULANATE","FAMILY MEDICINE",65,15.00,"PHARMACY BENEFIT MANAGER"
"DOXYCYCLINE HYCLATE","EMERGENCY MEDICINE",27,40.66,CASH
CEPHALEXIN,"INTERNAL MEDICINE",76,12.00,"GENERAL MEDICARE D ADVANTAGE"
AZITHROMYCIN,OPHTHALMOLOGY,62,4.00,"MEDICARE D UNSPECIFIED"
"CEFUROXIME AXETIL",DENTIST,69,9.95,"MEDICARE D UNSPECIFIED"
SULFAMETHOXAZOLE-TRIMETHOPRIM,"PHYSICIAN ASSISTANT",83,1.24,"GENERAL MEDICARE D ADVANTAGE"
CEPHALEXIN,DERMATOLOGY,85,6.99,"GENERAL MEDICARE D PRESCRIPTION DRUG PROGRAM"
"AMOXICILLIN & POT CLAVULANATE","PHYSICIAN ASSISTANT",23,5.00,"PHARMACY BENEFIT MANAGER"
"DOXYCYCLINE HYCLATE","PHYSICIAN ASSISTANT",68,18.53,"MEDICARE D UNSPECIFIED"
AZITHROMYCIN,"FAMILY MEDICINE",64,32.10,CASH
LEVOFLOXACIN,"NURSE PRACTITIONER",61,3.40,"PREFERRED PROVIDER ORGANIZATION"
"AMOXICILLIN & POT CLAVULANATE","INFECTIOUS DISEASE",44,10.54,"PHARMACY BENEFIT MANAGER"
AMOXICILLIN,PEDIATRICS,3,3.79,EMPLOYER
AMOXICILLIN,"CARDIOVASCULAR DISEASE",74,1.00,"GENERAL MEDICARE D PRESCRIPTION DRUG PROGRAM"
AMOXICILLIN,"ORAL & MAXILLOFACIAL SURGERY",50,1.13,"PHARMACY BENEFIT MANAGER"
AMOXICILLIN,DENTIST,57,3.18,"STATE EMPLOYEES"
"CIPROFLOXACIN HCL","GYNECOLOGICAL ONCOLOGY",56,1.30,"MEDICARE D UNSPECIFIED"
"CLINDAMYCIN HCL",DENTIST,65,17.78,CASH
CEFIXIME,PEDIATRICS,17,58.46,"PHARMACY BENEFIT MANAGER"
"CIPROFLOXACIN HCL","EMERGENCY MEDICINE",44,3.60,"MEDICARE D UNSPECIFIED"
AMOXICILLIN,"ORAL & MAXILLOFACIAL SURGERY",63,3.83,"UNSPECIFIED PLAN"
"DOXYCYCLINE HYCLATE","FAMILY MEDICINE",66,3.00,"UNSPECIFIED PLAN"
"AMOXICILLIN & POT CLAVULANATE","FAMILY MEDICINE",85,1.00,"GENERAL MEDICARE D PRESCRIPTION DRUG PROGRAM"
CEPHALEXIN,"PHYSICIAN ASSISTANT",59,14.84,CASH
CEPHALEXIN,"FAMILY MEDICINE",36,1.00,"GENERAL MEDICARE D PRESCRIPTION DRUG PROGRAM"
"CIPROFLOXACIN HCL","FAMILY MEDICINE",74,18.69,CASH
AMOXICILLIN,DENTIST,79,2.00,"GENERAL MEDICARE D ADVANTAGE"
"PENICILLIN V POTASSIUM",DENTIST,76,2.49,"FEDERAL EMPLOYEE"
"CIPROFLOXACIN HCL","INTERNAL MEDICINE",71,1.12,"PBM BOOK OF BUSINESS - UNIDENTIFIED PLANS"
AZITHROMYCIN,"FAMILY MEDICINE",53,2.67,"PHARMACY BENEFIT MANAGER"
AZITHROMYCIN,"NURSE PRACTITIONER",49,12.79,"HMO - COMBINATION MODEL"
SULFAMETHOXAZOLE-TRIMETHOPRIM,"PHYSICIAN ASSISTANT",15,7.63,"DISCOUNT CARD PROGRAM"
AZITHROMYCIN,"NURSE PRACTITIONER",25,11.46,"PHARMACY BENEFIT MANAGER"
CEPHALEXIN,"EMERGENCY MEDICINE",56,2.44,"FEDERAL EMPLOYEE"
AMOXICILLIN,"FAMILY MEDICINE",82,4.00,"MEDICARE D UNSPECIFIED"
AZITHROMYCIN,"OBSTETRICS & GYNECOLOGY",29,5.09,"DISCOUNT CARD PROGRAM"
AMOXICILLIN,"NURSE PRACTITIONER",73,3.54,"GENERAL MEDICARE D PRESCRIPTION DRUG PROGRAM"
"TOBRAMYCIN (OPHTH)","INTERNAL MEDICINE",84,5.00,"PHARMACY BENEFIT MANAGER"
AMOXICILLIN,"INTERNAL MEDICINE",26,3.90,"PBM BOOK OF BUSINESS - UNIDENTIFIED PLANS"
"CEFUROXIME AXETIL","FAMILY MEDICINE",78,21.52,"GENERAL MEDICARE D PRESCRIPTION DRUG PROGRAM"
"OFLOXACIN (OPHTH)",PEDIATRICS,10,17.82,"UNSPECIFIED PLAN"
"CIPROFLOXACIN HCL","NURSE PRACTITIONER",64,4.00,"PREFERRED PROVIDER ORGANIZATION"
"ACETIC ACID (OTIC)","PHYSICIAN ASSISTANT",61,1.00,"MANAGED MEDICAID/MEDICARE SUPPLEMENT/MEDIGAP/STATE ASSISTANCE"
AZITHROMYCIN,"FAMILY MEDICINE",29,7.94,"FEDERAL EMPLOYEE"
AMOXICILLIN,DENTIST,10,4.51,"UNSPECIFIED PLAN"
AMOXICILLIN,DENTIST,54,1.00,"PBM BOOK OF BUSINESS - UNIDENTIFIED PLANS"
"DOXYCYCLINE HYCLATE","PHYSICIAN ASSISTANT",44,5.00,EMPLOYER
CEPHALEXIN,DENTIST,85,6.67,"EMPLOYER-SPONSORED PBM RETIREE PRESCRIPTION DRUG PROGRAM"
"TERCONAZOLE VAGINAL","NURSE PRACTITIONER",81,3.60,"GENERAL MEDICARE D PRESCRIPTION DRUG PROGRAM"
"MINOCYCLINE HCL","CARDIOVASCULAR DISEASE",85,5.56,"FEDERAL EMPLOYEE"
CEPHALEXIN,"INTERNAL MEDICINE",71,12.61,"GENERAL MEDICARE D ADVANTAGE"
AMOXICILLIN,DENTIST,55,12.73,CASH
"CIPROFLOXACIN HCL","INTERNAL MEDICINE",63,3.69,"STATE EMPLOYEES"
SULFAMETHOXAZOLE-TRIMETHOPRIM,"CARDIOVASCULAR DISEASE",66,2.00,"MEDICARE D UNSPECIFIED"
"MOXIFLOXACIN HCL (OPHTH)",,27,19.64,"UNSPECIFIED PLAN"
"AMOXICILLIN & POT CLAVULANATE","EMERGENCY MEDICINE",55,7.50,"FEDERAL EMPLOYEE"
AMOXICILLIN,DENTIST,44,6.75,"DISCOUNT CARD PROGRAM"
"CLINDAMYCIN HCL",DENTIST,27,18.94,"DISCOUNT CARD PROGRAM"
AMOXICILLIN,"PHYSICIAN ASSISTANT",59,10.00,"PHARMACY BENEFIT MANAGER"
CEPHALEXIN,"CRITICAL CARE MEDICINE (INTERNAL MEDICINE)",37,1.00,"MANAGED MEDICAID/MEDICARE SUPPLEMENT/MEDIGAP/STATE ASSISTANCE"
AMOXICILLIN,"FAMILY MEDICINE",62,1.00,"MANAGED MEDICAID/MEDICARE SUPPLEMENT/MEDIGAP/STATE ASSISTANCE"
CEPHALEXIN,"FAMILY MEDICINE",79,1.00,"MEDICARE D UNSPECIFIED"
SULFAMETHOXAZOLE-TRIMETHOPRIM,"NURSE PRACTITIONER",58,4.74,"PREFERRED PROVIDER ORGANIZATION"
AMOXICILLIN,"GENERAL SURGERY",47,4.49,"MANAGED MEDICAID/MEDICARE SUPPLEMENT/MEDIGAP/STATE ASSISTANCE"
"AMOXICILLIN & POT CLAVULANATE","NURSE PRACTITIONER",33,1.00,"MANAGED MEDICAID/MEDICARE SUPPLEMENT/MEDIGAP/STATE ASSISTANCE"
"CLINDAMYCIN HCL",DENTIST,52,6.16,"HMO - COMBINATION MODEL"
AZITHROMYCIN,"NURSE PRACTITIONER",46,5.70,EMPLOYER
CEPHALEXIN,UROLOGY,60,3.65,EMPLOYER
AZITHROMYCIN,"NURSE PRACTITIONER",71,4.00,"MEDICARE D UNSPECIFIED"
"CLINDAMYCIN HCL","NURSE PRACTITIONER",20,8.62,"UNSPECIFIED PLAN"
"CLINDAMYCIN HCL",VETERINARIAN,2,34.29,"DISCOUNT CARD PROGRAM"
CEFDINIR,"INTERNAL MEDICINE",76,13.00,"FEDERAL EMPLOYEE"
CEFDINIR,PEDIATRICS,2,7.50,"FEDERAL EMPLOYEE"
CEPHALEXIN,"PHYSICIAN ASSISTANT",45,1.43,"PBM BOOK OF BUSINESS - UNIDENTIFIED PLANS"
AZITHROMYCIN,"NURSE PRACTITIONER",30,2.96,EMPLOYER
CEFDINIR,"INTERNAL MEDICINE",32,8.24,"UNSPECIFIED PLAN"
"AMOXICILLIN & POT CLAVULANATE","NURSE PRACTITIONER",49,12.00,"HMO - INDEPENDENT PRACTICE ASSOCIATION MODEL"
AMOXICILLIN,"NURSE PRACTITIONER",31,3.58,"STATE EMPLOYEES"
AZITHROMYCIN,"INTERNAL MEDICINE",69,6.44,"MEDICARE D UNSPECIFIED"
CEPHALEXIN,PEDIATRICS,18,1.70,"PREFERRED PROVIDER ORGANIZATION"
"OFLOXACIN (OTIC)","NURSE PRACTITIONER",9,10.00,"UNSPECIFIED PLAN"
AZITHROMYCIN,"FAMILY MEDICINE",54,5.00,"PBM BOOK OF BUSINESS - UNIDENTIFIED PLANS"
"TOBRAMYCIN (OPHTH)",OPHTHALMOLOGY,67,7.46,"MEDICARE D UNSPECIFIED"
CEPHALEXIN,"EMERGENCY MEDICINE",62,2.30,"MEDICARE D UNSPECIFIED"
CEFDINIR,"PHYSICIAN ASSISTANT",60,3.85,"MEDICARE D UNSPECIFIED"
AMOXICILLIN,PEDIATRICS,6,0.01,CASH
"ERYTHROMYCIN (OPHTH)",OPHTHALMOLOGY,76,8.00,"MEDICARE D UNSPECIFIED"
SULFAMETHOXAZOLE-TRIMETHOPRIM,"NURSE PRACTITIONER",36,9.67,"DISCOUNT CARD PROGRAM"
"METRONIDAZOLE VAGINAL","NURSE PRACTITIONER",72,47.00,"GENERAL MEDICARE D ADVANTAGE"
AMOXICILLIN,PEDIATRICS,1,4.61,"UNSPECIFIED PLAN"
"CIPROFLOXACIN HCL",NEPHROLOGY,52,7.20,"UNSPECIFIED PLAN"
"DOXYCYCLINE HYCLATE","INTERNAL MEDICINE",70,3.60,"GENERAL MEDICARE D PRESCRIPTION DRUG PROGRAM"
"AMOXICILLIN & POT CLAVULANATE","FAMILY MEDICINE",80,7.86,CASH
AZITHROMYCIN,"NURSE PRACTITIONER",55,1.00,"FEE FOR SERVICE MEDICAID"
LEVOFLOXACIN,"FAMILY MEDICINE",78,18.95,"PBM BOOK OF BUSINESS - UNIDENTIFIED PLANS"
AZITHROMYCIN,"FAMILY MEDICINE",26,4.04,"PHARMACY BENEFIT MANAGER"
"CIPROFLOXACIN HCL","INTERNAL MEDICINE",76,2.42,"GENERAL MEDICARE D ADVANTAGE"
AMOXICILLIN,"NURSE PRACTITIONER",1,1.93,"FEDERAL EMPLOYEE"
AMOXICILLIN,DENTIST,50,7.73,CASH
"METRONIDAZOLE VAGINAL",,33,1.30,"MEDICARE D UNSPECIFIED"
"DOXYCYCLINE (MONOHYDRATE)","FAMILY MEDICINE",49,10.00,"UNSPECIFIED PLAN"
"DOXYCYCLINE HYCLATE","EMERGENCY MEDICINE",69,10.00,"PHARMACY BENEFIT MANAGER"
SULFAMETHOXAZOLE-TRIMETHOPRIM,"NURSE PRACTITIONER",40,1.30,"GENERAL MEDICARE D PRESCRIPTION DRUG PROGRAM"
AMOXICILLIN,"FAMILY MEDICINE",58,1.01,EMPLOYER
AZITHROMYCIN,DERMATOLOGY,82,2.90,"GENERAL MEDICARE D PRESCRIPTION DRUG PROGRAM"
AMOXICILLIN,DENTIST,29,6.49,"PBM BOOK OF BUSINESS - UNIDENTIFIED PLANS"
CEFDINIR,"EMERGENCY MEDICINE",74,8.79,"HMO - INDEPENDENT PRACTICE ASSOCIATION MODEL"
"DOXYCYCLINE HYCLATE",DERMATOLOGY,64,27.04,"UNSPECIFIED PLAN"
AMOXICILLIN,"FAMILY MEDICINE",-2,12.69,"GENERAL MEDICARE D PRESCRIPTION DRUG PROGRAM"
"OFLOXACIN (OPHTH)",OPHTHALMOLOGY,68,8.00,"GENERAL MEDICARE D ADVANTAGE"
"DOXYCYCLINE (MONOHYDRATE)","NURSE PRACTITIONER",38,10.00,EMPLOYER
AMOXICILLIN,"INTERNAL MEDICINE",51,2.74,"HMO - INDEPENDENT PRACTICE ASSOCIATION MODEL"
AZITHROMYCIN,"PHYSICIAN ASSISTANT",46,8.90,"HMO - INDEPENDENT PRACTICE ASSOCIATION MODEL"
"SARECYCLINE HCL","NURSE PRACTITIONER",27,876.83,"PHARMACY BENEFIT MANAGER"
LEVOFLOXACIN,"NURSE PRACTITIONER",25,1.00,"MANAGED MEDICAID/MEDICARE SUPPLEMENT/MEDIGAP/STATE ASSISTANCE"
AMOXICILLIN,DENTIST,24,3.88,"UNSPECIFIED PLAN"
CEPHALEXIN,"FAMILY MEDICINE",48,7.27,"PHARMACY BENEFIT MANAGER"
AZITHROMYCIN,"OBSTETRICS & GYNECOLOGY",28,20.00,CASH
"AMOXICILLIN & POT CLAVULANATE","FAMILY MEDICINE",52,5.60,"UNSPECIFIED PLAN"
SULFAMETHOXAZOLE-TRIMETHOPRIM,"OBSTETRICS & GYNECOLOGY",20,7.07,"UNSPECIFIED PLAN"
AZITHROMYCIN,"PHYSICIAN ASSISTANT",47,4.49,"PREFERRED PROVIDER ORGANIZATION"
AMOXICILLIN,DENTIST,60,0.81,"PHARMACY BENEFIT MANAGER"
LEVOFLOXACIN,"FAMILY MEDICINE",26,1.50,"UNSPECIFIED PLAN"
"CIPROFLOXACIN HCL (OPHTH)","ALLERGY & IMMUNOLOGY",6,9.38,"PHARMACY BENEFIT MANAGER"
"CLINDAMYCIN HCL",DENTIST,16,2.19,EMPLOYER
"METRONIDAZOLE VAGINAL","FAMILY MEDICINE",85,85.76,"GENERAL MEDICARE D PRESCRIPTION DRUG PROGRAM"
AZITHROMYCIN,"PHYSICIAN ASSISTANT",21,3.39,EMPLOYER
"AMOXICILLIN & POT CLAVULANATE",,77,8.19,"PBM BOOK OF BUSINESS - UNIDENTIFIED PLANS"
AMOXICILLIN,"NURSE PRACTITIONER",48,3.88,"UNSPECIFIED PLAN"
AMOXICILLIN,DENTIST,82,1.69,"GENERAL MEDICARE D ADVANTAGE"
CEPHALEXIN,"NURSE PRACTITIONER",64,2.00,"STATE EMPLOYEES"
AZITHROMYCIN,"FAMILY MEDICINE",60,5.00,"HMO - COMBINATION MODEL"
AZITHROMYCIN,"FAMILY MEDICINE",59,10.00,"UNSPECIFIED PLAN"
"TETRACYCLINE HCL","PHYSICIAN ASSISTANT",85,10.00,"GENERAL MEDICARE D ADVANTAGE"
LEVOFLOXACIN,"PHYSICIAN ASSISTANT",79,2.97,"GENERAL MEDICARE D ADVANTAGE"
SULFAMETHOXAZOLE-TRIMETHOPRIM,"NURSE PRACTITIONER",80,2.29,"UNSPECIFIED PLAN"
CEFDINIR,"FAMILY MEDICINE",56,3.60,"GENERAL MEDICARE D ADVANTAGE"
CEPHALEXIN,UROLOGY,81,2.17,"GENERAL MEDICARE D PRESCRIPTION DRUG PROGRAM"
"DOXYCYCLINE HYCLATE","FAMILY MEDICINE",57,15.00,"UNSPECIFIED PLAN"
AZITHROMYCIN,"PHYSICIAN ASSISTANT",55,8.53,"FEDERAL EMPLOYEE"
CEFDINIR,OTOLARYNGOLOGY,13,11.01,"STATE EMPLOYEES"
CEPHALEXIN,"FAMILY MEDICINE",66,3.60,"GENERAL MEDICARE D ADVANTAGE"
"MINOCYCLINE HCL","PHYSICIAN ASSISTANT",15,17.14,"PHARMACY BENEFIT MANAGER"
"MINOCYCLINE HCL",PHARMACIST,15,4.00,"UNSPECIFIED PLAN"
AMOXICILLIN,DENTIST,42,2.56,EMPLOYER
"CIPROFLOXACIN HCL","INTERNAL MEDICINE",70,3.60,"GENERAL MEDICARE D ADVANTAGE"
AMOXICILLIN,DENTIST,46,3.23,"UNKNOWN THIRD PARTY"
AZITHROMYCIN,PEDIATRICS,57,5.00,EMPLOYER
AZITHROMYCIN,"NURSE PRACTITIONER",42,5.39,"PHARMACY BENEFIT MANAGER"
"MINOCYCLINE HCL",DERMATOLOGY,17,5.00,"PREFERRED PROVIDER ORGANIZATION"
"DOXYCYCLINE HYCLATE",,79,10.00,"GENERAL MEDICARE D PRESCRIPTION DRUG PROGRAM"
CEFDINIR,PEDIATRICS,17,10.00,EMPLOYER
AMOXICILLIN,DENTIST,63,3.00,"GENERAL MEDICARE D ADVANTAGE"
"OFLOXACIN (OPHTH)",OPHTHALMOLOGY,57,10.00,"STATE EMPLOYEES"
"MOXIFLOXACIN HCL (OPHTH)",OPHTHALMOLOGY,70,33.97,"GENERAL MEDICARE D PRESCRIPTION DRUG PROGRAM"
"ERYTHROMYCIN (OPHTH)","NURSE PRACTITIONER",47,6.29,EMPLOYER
"TOBRAMYCIN (OPHTH)",OPHTHALMOLOGY,85,5.00,"FEDERAL EMPLOYEE"
"DOXYCYCLINE HYCLATE","NURSE PRACTITIONER",62,12.22,"MEDICARE D UNSPECIFIED"
"CLINDAMYCIN HCL","NURSE PRACTITIONER",42,11.79,"PHARMACY BENEFIT MANAGER"
"OFLOXACIN (OPHTH)",OPHTHALMOLOGY,85,10.00,"GENERAL MEDICARE D PRESCRIPTION DRUG PROGRAM"
"CIPROFLOXACIN HCL","NURSE PRACTITIONER",54,3.45,"PBM BOOK OF BUSINESS - UNIDENTIFIED PLANS"
"CIPROFLOXACIN HCL","PHYSICIAN ASSISTANT",69,6.01,"MEDICARE D PRESCRIPTION DRUG PROGRAM - PLAN SPECIFIC"
CEFDINIR,"INTERNAL MEDICINE",22,10.00,"PHARMACY BENEFIT MANAGER"
CIPROFLOXACIN-DEXAMETHASONE,"PHYSICIAN ASSISTANT",55,100.00,"UNSPECIFIED PLAN"
AMOXICILLIN,"FAMILY MEDICINE",8,8.29,"FEDERAL EMPLOYEE"
"DOXYCYCLINE (MONOHYDRATE)","INTERNAL MEDICINE",38,5.00,"UNSPECIFIED PLAN"
"DOXYCYCLINE (MONOHYDRATE)","NURSE PRACTITIONER",40,5.00,"EXCLUSIVE PROVIDER ORGANIZATION"
"POLYMYXIN B-TRIMETHOPRIM","FAMILY MEDICINE",50,5.60,"DISCOUNT CARD PROGRAM"
"CLINDAMYCIN HCL","PHYSICIAN ASSISTANT",77,3.50,"MEDICARE D UNSPECIFIED"
AMOXICILLIN,"NURSE PRACTITIONER",11,4.83,EMPLOYER
"CIPROFLOXACIN HCL","INTERNAL MEDICINE",62,1.00,"MANAGED MEDICAID"
CEPHALEXIN,"FAMILY MEDICINE",68,7.35,"GENERAL MEDICARE D ADVANTAGE"
"DOXYCYCLINE HYCLATE","FAMILY MEDICINE",76,3.60,"GENERAL MEDICARE D PRESCRIPTION DRUG PROGRAM"
"METRONIDAZOLE VAGINAL","NURSE PRACTITIONER",49,1.00,"MANAGED MEDICAID/MEDICARE SUPPLEMENT/MEDIGAP/STATE ASSISTANCE"
AZITHROMYCIN,"PHYSICIAN ASSISTANT",43,1.00,"MANAGED MEDICAID/MEDICARE SUPPLEMENT/MEDIGAP/STATE ASSISTANCE"
AMOXICILLIN,DENTIST,55,2.60,"STATE EMPLOYEES"
"AMOXICILLIN & POT CLAVULANATE","NURSE PRACTITIONER",15,3.09,"UNSPECIFIED PLAN"
AMOXICILLIN,PEDIATRICS,8,0.01,CASH
"AMOXICILLIN & POT CLAVULANATE","OBSTETRICS & GYNECOLOGY",35,1.00,"HEALTH INSURANCE EXCHANGE HMO"
AZITHROMYCIN,"FAMILY MEDICINE",34,1.00,"MANAGED MEDICAID/MEDICARE SUPPLEMENT/MEDIGAP/STATE ASSISTANCE"
"PENICILLIN V POTASSIUM",DENTIST,62,0.01,CASH
CEPHALEXIN,"FAMILY MEDICINE",73,4.00,"GENERAL MEDICARE D PRESCRIPTION DRUG PROGRAM"
AMOXICILLIN,DENTIST,35,1.32,"PREFERRED PROVIDER ORGANIZATION"
"AMOXICILLIN & POT CLAVULANATE","PHYSICIAN ASSISTANT",74,10.00,"GENERAL MEDICARE D ADVANTAGE"
SULFAMETHOXAZOLE-TRIMETHOPRIM,"GENERAL SURGERY",45,2.52,EMPLOYER
"AMOXICILLIN & POT CLAVULANATE","PHYSICIAN ASSISTANT",59,10.00,EMPLOYER
"AMOXICILLIN & POT CLAVULANATE","FAMILY MEDICINE",67,1.30,"MEDICARE D UNSPECIFIED"
CEPHALEXIN,DERMATOLOGY,66,2.46,"GENERAL MEDICARE D ADVANTAGE"
AMOXICILLIN,"FAMILY MEDICINE",85,1.30,"GENERAL MEDICARE D PRESCRIPTION DRUG PROGRAM"
"AMOXICILLIN & POT CLAVULANATE","FAMILY MEDICINE",46,9.23,"PHARMACY BENEFIT MANAGER"
AMOXICILLIN,PEDIATRICS,3,10.00,"UNSPECIFIED PLAN"
CEPHALEXIN,"NURSE PRACTITIONER",85,4.10,"MEDICARE D UNSPECIFIED"
"PENICILLIN V POTASSIUM",DENTIST,81,2.53,"GENERAL MEDICARE D PRESCRIPTION DRUG PROGRAM"
"DOXYCYCLINE HYCLATE","INTERNAL MEDICINE/PEDIATRICS",40,1.20,"FEE FOR SERVICE MEDICAID"
"CLINDAMYCIN HCL","PHYSICIAN ASSISTANT",80,13.40,"GENERAL MEDICARE D PRESCRIPTION DRUG PROGRAM"
"DOXYCYCLINE HYCLATE","FAMILY MEDICINE",55,23.40,CASH
SULFAMETHOXAZOLE-TRIMETHOPRIM,"OBSTETRICS & GYNECOLOGY",59,2.70,"PREFERRED PROVIDER ORGANIZATION"
AMOXICILLIN,"INTERNAL MEDICINE",64,4.51,"UNSPECIFIED PLAN"
AZITHROMYCIN,"PHYSICIAN ASSISTANT",37,1.00,"MANAGED MEDICAID/MEDICARE SUPPLEMENT/MEDIGAP/STATE ASSISTANCE"
"MINOCYCLINE HCL","PHYSICIAN ASSISTANT",17,10.00,"PBM BOOK OF BUSINESS - UNIDENTIFIED PLANS"
AMOXICILLIN,DENTIST,76,0.78,"GENERAL MEDICARE D PRESCRIPTION DRUG PROGRAM"
CEPHALEXIN,"PROCEDURAL DERMATOLOGY",57,2.00,"UNSPECIFIED PLAN"
"DOXYCYCLINE HYCLATE","PHYSICIAN ASSISTANT",75,7.85,"GENERAL MEDICARE D PRESCRIPTION DRUG PROGRAM"
CEFDINIR,"NURSE PRACTITIONER",24,15.00,"UNSPECIFIED PLAN"
"NEOMYCIN-POLYMYXIN-HC (OTIC)","FAMILY MEDICINE",54,3.60,"MEDICARE D UNSPECIFIED"
"AMOXICILLIN & POT CLAVULANATE","INTERNAL MEDICINE",5,26.95,CASH
"AMOXICILLIN & POT CLAVULANATE","NURSE PRACTITIONER",34,9.75,"DISCOUNT CARD PROGRAM"
CEFDINIR,"INTERNAL MEDICINE/PEDIATRICS",28,10.00,"STATE EMPLOYEES"
CEPHALEXIN,"NURSE PRACTITIONER",27,2.24,"PBM BOOK OF BUSINESS - UNIDENTIFIED PLANS"
"AMOXICILLIN & POT CLAVULANATE","NURSE PRACTITIONER",66,3.00,"GENERAL MEDICARE D PRESCRIPTION DRUG PROGRAM"
"NEOMYCIN-POLYMYXIN-HC (OTIC)",,51,15.00,"PHARMACY BENEFIT MANAGER"
AMOXICILLIN,PEDIATRICS,5,4.91,"UNSPECIFIED PLAN"
"CIPROFLOXACIN HCL","FAMILY MEDICINE",40,2.71,"STATE EMPLOYEES"
"CLINDAMYCIN HCL","SPORTS MEDICINE (ORTHOPEDIC SURGERY)",62,5.48,"PBM BOOK OF BUSINESS - UNIDENTIFIED PLANS"
SULFAMETHOXAZOLE-TRIMETHOPRIM,NEPHROLOGY,83,32.41,"GENERAL MEDICARE D PRESCRIPTION DRUG PROGRAM"
"DOXYCYCLINE HYCLATE","EMERGENCY MEDICINE",59,8.04,"UNSPECIFIED PLAN"
"CLINDAMYCIN HCL","ORAL & MAXILLOFACIAL SURGERY",64,2.15,"MEDICARE D UNSPECIFIED"
"DOXYCYCLINE HYCLATE","FAMILY MEDICINE",83,3.87,"PREFERRED PROVIDER ORGANIZATION"
"NEOMYCIN-BACITRACIN ZN-POLYMYXIN","INTERNAL MEDICINE",61,10.00,EMPLOYER
AZITHROMYCIN,PEDIATRICS,13,7.37,"HMO - INDEPENDENT PRACTICE ASSOCIATION MODEL"
AZITHROMYCIN,"PEDIATRIC HEMATOLOGY/ONCOLOGY",17,4.62,"PHARMACY BENEFIT MANAGER"
AMOXICILLIN,DENTIST,72,5.94,"UNSPECIFIED PLAN"
SULFAMETHOXAZOLE-TRIMETHOPRIM,"FAMILY MEDICINE",35,1.58,"MEDICARE D UNSPECIFIED"
"AMOXICILLIN & POT CLAVULANATE","EMERGENCY MEDICINE",47,18.03,"DISCOUNT CARD PROGRAM"
CEPHALEXIN,"NURSE PRACTITIONER",77,2.69,"GENERAL MEDICARE D PRESCRIPTION DRUG PROGRAM"
"CIPROFLOXACIN HCL","SPORTS MEDICINE (FAMILY MEDICINE)",44,3.40,"UNSPECIFIED PLAN"
"DOXYCYCLINE HYCLATE","FAMILY MEDICINE",46,6.62,"UNSPECIFIED PLAN"
"DOXYCYCLINE (MONOHYDRATE)","GENERAL PRACTICE",75,2.95,EMPLOYER
"AMOXICILLIN & POT CLAVULANATE",PODIATRIST,67,5.66,"HMO - INDEPENDENT PRACTICE ASSOCIATION MODEL"
"CEFTRIAXONE SODIUM","INFECTIOUS DISEASE",76,7.00,"GENERAL MEDICARE D PRESCRIPTION DRUG PROGRAM"
"POLYMYXIN B-TRIMETHOPRIM","NURSE PRACTITIONER",54,5.00,"PHARMACY BENEFIT MANAGER"
CEPHALEXIN,PODIATRIST,48,1.00,"GENERAL MEDICARE D PRESCRIPTION DRUG PROGRAM"
AZITHROMYCIN,"FAMILY MEDICINE",58,3.60,"GENERAL MEDICARE D PRESCRIPTION DRUG PROGRAM"
AMOXICILLIN,DENTIST,67,2.20,"MEDICARE D ADVANTAGE - PLAN SPECIFIC"
"PENICILLIN V POTASSIUM",DENTIST,27,0.01,CASH
"CLINDAMYCIN HCL",DENTIST,21,15.28,"DISCOUNT CARD PROGRAM"
SULFAMETHOXAZOLE-TRIMETHOPRIM,"NURSE PRACTITIONER",74,8.00,"GENERAL MEDICARE D ADVANTAGE"
AZITHROMYCIN,"NURSE PRACTITIONER",19,3.00,"FEE FOR SERVICE MEDICAID"
CEPHALEXIN,"FAMILY MEDICINE",60,3.52,"HMO - INDEPENDENT PRACTICE ASSOCIATION MODEL"
CEFDINIR,"INTERNAL MEDICINE",75,7.85,"FEDERAL EMPLOYEE"
"CLOTRIMAZOLE VAGINAL","FAMILY MEDICINE",74,9.87,"DISCOUNT CARD PROGRAM"
"CLINDAMYCIN HCL",DENTIST,65,1.13,"FEDERAL EMPLOYEE"
CEPHALEXIN,"NURSE PRACTITIONER",60,5.58,CASH
AZITHROMYCIN,"EMERGENCY MEDICINE",76,1.30,"GENERAL MEDICARE D PRESCRIPTION DRUG PROGRAM"
SULFAMETHOXAZOLE-TRIMETHOPRIM,"PHYSICIAN ASSISTANT",1,14.98,"UNSPECIFIED PLAN"
CIPROFLOXACIN-HYDROCORTISONE,"PHYSICIAN ASSISTANT",46,30.00,"UNSPECIFIED PLAN"
