usc_lvl3_desc,unifm_prod_nm,pat_age_nbr,n
"ANTNFCT SYSTEMIC, OTHER",ATOVAQUONE,3,1
"ANTNFCT SYSTEMIC, OTHER",ATOVAQUONE,8,2
"ANTNFCT SYSTEMIC, OTHER",ATOVAQUONE,9,1
"ANTNFCT SYSTEMIC, OTHER",ATOVAQUONE,10,1
"ANTNFCT SYSTEMIC, OTHER",ATOVAQUONE,12,2
"ANTNFCT SYSTEMIC, OTHER",ATOVAQUONE,13,2
"ANTNFCT SYSTEMIC, OTHER",ATOVAQUONE,15,1
"ANTNFCT SYSTEMIC, OTHER",ATOVAQUONE,16,2
"ANTNFCT SYSTEMIC, OTHER",ATOVAQUONE,17,3
"ANTNFCT SYSTEMIC, OTHER",ATOVAQUONE,19,2
"ANTNFCT SYSTEMIC, OTHER",ATOVAQUONE,21,2
"ANTNFCT SYSTEMIC, OTHER",ATOVAQUONE,24,1
"ANTNFCT SYSTEMIC, OTHER",ATOVAQUONE,25,2
"ANTNFCT SYSTEMIC, OTHER",ATOVAQUONE,26,1
"ANTNFCT SYSTEMIC, OTHER",ATOVAQUONE,27,3
"ANTNFCT SYSTEMIC, OTHER",ATOVAQUONE,28,1
"ANTNFCT SYSTEMIC, OTHER",ATOVAQUONE,29,1
"ANTNFCT SYSTEMIC, OTHER",ATOVAQUONE,30,4
"ANTNFCT SYSTEMIC, OTHER",ATOVAQUONE,31,4
"ANTNFCT SYSTEMIC, OTHER",ATOVAQUONE,32,6
"ANTNFCT SYSTEMIC, OTHER",ATOVAQUONE,33,6
"ANTNFCT SYSTEMIC, OTHER",ATOVAQUONE,34,3
"ANTNFCT SYSTEMIC, OTHER",ATOVAQUONE,35,9
"ANTNFCT SYSTEMIC, OTHER",ATOVAQUONE,36,9
"ANTNFCT SYSTEMIC, OTHER",ATOVAQUONE,37,4
"ANTNFCT SYSTEMIC, OTHER",ATOVAQUONE,38,6
"ANTNFCT SYSTEMIC, OTHER",ATOVAQUONE,39,5
"ANTNFCT SYSTEMIC, OTHER",ATOVAQUONE,40,7
"ANTNFCT SYSTEMIC, OTHER",ATOVAQUONE,41,10
"ANTNFCT SYSTEMIC, OTHER",ATOVAQUONE,42,9
"ANTNFCT SYSTEMIC, OTHER",ATOVAQUONE,43,6
"ANTNFCT SYSTEMIC, OTHER",ATOVAQUONE,44,9
"ANTNFCT SYSTEMIC, OTHER",ATOVAQUONE,45,9
"ANTNFCT SYSTEMIC, OTHER",ATOVAQUONE,46,3
"ANTNFCT SYSTEMIC, OTHER",ATOVAQUONE,47,8
"ANTNFCT SYSTEMIC, OTHER",ATOVAQUONE,48,6
"ANTNFCT SYSTEMIC, OTHER",ATOVAQUONE,49,6
"ANTNFCT SYSTEMIC, OTHER",ATOVAQUONE,50,7
"ANTNFCT SYSTEMIC, OTHER",ATOVAQUONE,51,10
"ANTNFCT SYSTEMIC, OTHER",ATOVAQUONE,52,10
"ANTNFCT SYSTEMIC, OTHER",ATOVAQUONE,53,18
"ANTNFCT SYSTEMIC, OTHER",ATOVAQUONE,54,8
"ANTNFCT SYSTEMIC, OTHER",ATOVAQUONE,55,11
"ANTNFCT SYSTEMIC, OTHER",ATOVAQUONE,56,16
"ANTNFCT SYSTEMIC, OTHER",ATOVAQUONE,57,19
"ANTNFCT SYSTEMIC, OTHER",ATOVAQUONE,58,13
"ANTNFCT SYSTEMIC, OTHER",ATOVAQUONE,59,12
"ANTNFCT SYSTEMIC, OTHER",ATOVAQUONE,60,11
"ANTNFCT SYSTEMIC, OTHER",ATOVAQUONE,61,17
"ANTNFCT SYSTEMIC, OTHER",ATOVAQUONE,62,15
"ANTNFCT SYSTEMIC, OTHER",ATOVAQUONE,63,10
"ANTNFCT SYSTEMIC, OTHER",ATOVAQUONE,64,8
"ANTNFCT SYSTEMIC, OTHER",ATOVAQUONE,65,13
"ANTNFCT SYSTEMIC, OTHER",ATOVAQUONE,66,10
"ANTNFCT SYSTEMIC, OTHER",ATOVAQUONE,67,15
"ANTNFCT SYSTEMIC, OTHER",ATOVAQUONE,68,11
"ANTNFCT SYSTEMIC, OTHER",ATOVAQUONE,69,6
"ANTNFCT SYSTEMIC, OTHER",ATOVAQUONE,70,17
"ANTNFCT SYSTEMIC, OTHER",ATOVAQUONE,71,7
"ANTNFCT SYSTEMIC, OTHER",ATOVAQUONE,72,13
"ANTNFCT SYSTEMIC, OTHER",ATOVAQUONE,73,12
"ANTNFCT SYSTEMIC, OTHER",ATOVAQUONE,74,5
"ANTNFCT SYSTEMIC, OTHER",ATOVAQUONE,75,6
"ANTNFCT SYSTEMIC, OTHER",ATOVAQUONE,76,2
"ANTNFCT SYSTEMIC, OTHER",ATOVAQUONE,77,6
"ANTNFCT SYSTEMIC, OTHER",ATOVAQUONE,78,6
"ANTNFCT SYSTEMIC, OTHER",ATOVAQUONE,79,2
"ANTNFCT SYSTEMIC, OTHER",ATOVAQUONE,80,1
"ANTNFCT SYSTEMIC, OTHER",ATOVAQUONE,82,2
"ANTNFCT SYSTEMIC, OTHER",ATOVAQUONE,83,1
"ANTNFCT SYSTEMIC, OTHER",ATOVAQUONE,85,9
"ANTNFCT SYSTEMIC, OTHER",MILTEFOSINE,60,1
"ANTNFCT SYSTEMIC, OTHER",NITAZOXANIDE,2,2
"ANTNFCT SYSTEMIC, OTHER",NITAZOXANIDE,5,3
"ANTNFCT SYSTEMIC, OTHER",NITAZOXANIDE,7,1
"ANTNFCT SYSTEMIC, OTHER",NITAZOXANIDE,8,2
"ANTNFCT SYSTEMIC, OTHER",NITAZOXANIDE,10,1
"ANTNFCT SYSTEMIC, OTHER",NITAZOXANIDE,12,3
"ANTNFCT SYSTEMIC, OTHER",NITAZOXANIDE,13,1
"ANTNFCT SYSTEMIC, OTHER",NITAZOXANIDE,16,2
"ANTNFCT SYSTEMIC, OTHER",NITAZOXANIDE,17,2
"ANTNFCT SYSTEMIC, OTHER",NITAZOXANIDE,18,1
"ANTNFCT SYSTEMIC, OTHER",NITAZOXANIDE,19,2
"ANTNFCT SYSTEMIC, OTHER",NITAZOXANIDE,20,1
"ANTNFCT SYSTEMIC, OTHER",NITAZOXANIDE,23,1
"ANTNFCT SYSTEMIC, OTHER",NITAZOXANIDE,24,3
"ANTNFCT SYSTEMIC, OTHER",NITAZOXANIDE,27,3
"ANTNFCT SYSTEMIC, OTHER",NITAZOXANIDE,28,5
"ANTNFCT SYSTEMIC, OTHER",NITAZOXANIDE,29,1
"ANTNFCT SYSTEMIC, OTHER",NITAZOXANIDE,31,2
"ANTNFCT SYSTEMIC, OTHER",NITAZOXANIDE,32,1
"ANTNFCT SYSTEMIC, OTHER",NITAZOXANIDE,33,3
"ANTNFCT SYSTEMIC, OTHER",NITAZOXANIDE,34,1
"ANTNFCT SYSTEMIC, OTHER",NITAZOXANIDE,36,2
"ANTNFCT SYSTEMIC, OTHER",NITAZOXANIDE,38,1
"ANTNFCT SYSTEMIC, OTHER",NITAZOXANIDE,39,3
"ANTNFCT SYSTEMIC, OTHER",NITAZOXANIDE,40,2
"ANTNFCT SYSTEMIC, OTHER",NITAZOXANIDE,41,3
"ANTNFCT SYSTEMIC, OTHER",NITAZOXANIDE,42,2
"ANTNFCT SYSTEMIC, OTHER",NITAZOXANIDE,43,2
"ANTNFCT SYSTEMIC, OTHER",NITAZOXANIDE,44,1
"ANTNFCT SYSTEMIC, OTHER",NITAZOXANIDE,45,2
"ANTNFCT SYSTEMIC, OTHER",NITAZOXANIDE,46,3
"ANTNFCT SYSTEMIC, OTHER",NITAZOXANIDE,47,3
"ANTNFCT SYSTEMIC, OTHER",NITAZOXANIDE,49,2
"ANTNFCT SYSTEMIC, OTHER",NITAZOXANIDE,50,5
"ANTNFCT SYSTEMIC, OTHER",NITAZOXANIDE,51,2
"ANTNFCT SYSTEMIC, OTHER",NITAZOXANIDE,52,1
"ANTNFCT SYSTEMIC, OTHER",NITAZOXANIDE,53,1
"ANTNFCT SYSTEMIC, OTHER",NITAZOXANIDE,54,3
"ANTNFCT SYSTEMIC, OTHER",NITAZOXANIDE,55,2
"ANTNFCT SYSTEMIC, OTHER",NITAZOXANIDE,56,2
"ANTNFCT SYSTEMIC, OTHER",NITAZOXANIDE,57,2
"ANTNFCT SYSTEMIC, OTHER",NITAZOXANIDE,58,3
"ANTNFCT SYSTEMIC, OTHER",NITAZOXANIDE,59,3
"ANTNFCT SYSTEMIC, OTHER",NITAZOXANIDE,60,6
"ANTNFCT SYSTEMIC, OTHER",NITAZOXANIDE,63,3
"ANTNFCT SYSTEMIC, OTHER",NITAZOXANIDE,64,1
"ANTNFCT SYSTEMIC, OTHER",NITAZOXANIDE,65,2
"ANTNFCT SYSTEMIC, OTHER",NITAZOXANIDE,66,1
"ANTNFCT SYSTEMIC, OTHER",NITAZOXANIDE,67,2
"ANTNFCT SYSTEMIC, OTHER",NITAZOXANIDE,68,2
"ANTNFCT SYSTEMIC, OTHER",NITAZOXANIDE,69,2
"ANTNFCT SYSTEMIC, OTHER",NITAZOXANIDE,70,1
"ANTNFCT SYSTEMIC, OTHER",NITAZOXANIDE,71,3
"ANTNFCT SYSTEMIC, OTHER",NITAZOXANIDE,72,1
"ANTNFCT SYSTEMIC, OTHER",NITAZOXANIDE,73,1
"ANTNFCT SYSTEMIC, OTHER",NITAZOXANIDE,76,1
"ANTNFCT SYSTEMIC, OTHER",NITAZOXANIDE,77,1
"ANTNFCT SYSTEMIC, OTHER",NITAZOXANIDE,85,4
"ANTNFCT SYSTEMIC, OTHER","PENTAMIDINE ISETHIONATE",14,1
"ANTNFCT SYSTEMIC, OTHER","PENTAMIDINE ISETHIONATE",25,1
"ANTNFCT SYSTEMIC, OTHER","PENTAMIDINE ISETHIONATE",26,1
"ANTNFCT SYSTEMIC, OTHER","PENTAMIDINE ISETHIONATE",44,1
"ANTNFCT SYSTEMIC, OTHER","PENTAMIDINE ISETHIONATE",54,1
"ANTNFCT SYSTEMIC, OTHER","PENTAMIDINE ISETHIONATE",55,1
"ANTNFCT SYSTEMIC, OTHER","PENTAMIDINE ISETHIONATE",59,1
"ANTNFCT SYSTEMIC, OTHER","PENTAMIDINE ISETHIONATE",66,1
"ANTNFCT SYSTEMIC, OTHER","PENTAMIDINE ISETHIONATE",67,1
"ANTNFCT SYSTEMIC, OTHER",PRAZIQUANTEL,4,1
"ANTNFCT SYSTEMIC, OTHER",PRAZIQUANTEL,6,1
"ANTNFCT SYSTEMIC, OTHER",PRAZIQUANTEL,8,1
"ANTNFCT SYSTEMIC, OTHER",PRAZIQUANTEL,10,1
"ANTNFCT SYSTEMIC, OTHER",PRAZIQUANTEL,12,1
"ANTNFCT SYSTEMIC, OTHER",PRAZIQUANTEL,15,1
"ANTNFCT SYSTEMIC, OTHER",PRAZIQUANTEL,18,1
"ANTNFCT SYSTEMIC, OTHER",PRAZIQUANTEL,20,1
"ANTNFCT SYSTEMIC, OTHER",PRAZIQUANTEL,22,1
"ANTNFCT SYSTEMIC, OTHER",PRAZIQUANTEL,23,1
"ANTNFCT SYSTEMIC, OTHER",PRAZIQUANTEL,24,1
"ANTNFCT SYSTEMIC, OTHER",PRAZIQUANTEL,26,3
"ANTNFCT SYSTEMIC, OTHER",PRAZIQUANTEL,30,3
"ANTNFCT SYSTEMIC, OTHER",PRAZIQUANTEL,39,1
"ANTNFCT SYSTEMIC, OTHER",PRAZIQUANTEL,40,1
"ANTNFCT SYSTEMIC, OTHER",PRAZIQUANTEL,42,2
"ANTNFCT SYSTEMIC, OTHER",PRAZIQUANTEL,43,1
"ANTNFCT SYSTEMIC, OTHER",PRAZIQUANTEL,50,1
"ANTNFCT SYSTEMIC, OTHER",PRAZIQUANTEL,51,1
"ANTNFCT SYSTEMIC, OTHER",PRAZIQUANTEL,54,1
"ANTNFCT SYSTEMIC, OTHER",PRAZIQUANTEL,57,1
"ANTNFCT SYSTEMIC, OTHER",PRAZIQUANTEL,60,1
"ANTNFCT SYSTEMIC, OTHER",PRAZIQUANTEL,61,2
"ANTNFCT SYSTEMIC, OTHER",PRAZIQUANTEL,68,1
"ANTNFCT SYSTEMIC, OTHER",PRAZIQUANTEL,85,2
"ANTNFCT, BROAD/MEDIUM SPECTRUM","AMIKACIN SULFATE",6,1
"ANTNFCT, BROAD/MEDIUM SPECTRUM","AMIKACIN SULFATE",14,1
"ANTNFCT, BROAD/MEDIUM SPECTRUM","AMIKACIN SULFATE",32,1
"ANTNFCT, BROAD/MEDIUM SPECTRUM","AMIKACIN SULFATE",36,1
"ANTNFCT, BROAD/MEDIUM SPECTRUM","AMIKACIN SULFATE",50,1
"ANTNFCT, BROAD/MEDIUM SPECTRUM","AMIKACIN SULFATE",52,1
"ANTNFCT, BROAD/MEDIUM SPECTRUM","AMIKACIN SULFATE",62,1
"ANTNFCT, BROAD/MEDIUM SPECTRUM","AMIKACIN SULFATE",63,1
"ANTNFCT, BROAD/MEDIUM SPECTRUM","AMIKACIN SULFATE",67,1
"ANTNFCT, BROAD/MEDIUM SPECTRUM","AMIKACIN SULFATE",71,1
"ANTNFCT, BROAD/MEDIUM SPECTRUM","AMIKACIN SULFATE",72,1
"ANTNFCT, BROAD/MEDIUM SPECTRUM","AMIKACIN SULFATE",74,2
"ANTNFCT, BROAD/MEDIUM SPECTRUM","AMIKACIN SULFATE",75,2
"ANTNFCT, BROAD/MEDIUM SPECTRUM","AMIKACIN SULFATE",76,1
"ANTNFCT, BROAD/MEDIUM SPECTRUM","AMIKACIN SULFATE",77,1
"ANTNFCT, BROAD/MEDIUM SPECTRUM","AMIKACIN SULFATE",79,2
"ANTNFCT, BROAD/MEDIUM SPECTRUM","AMIKACIN SULFATE",82,1
"ANTNFCT, BROAD/MEDIUM SPECTRUM","AMIKACIN SULFATE",83,1
"ANTNFCT, BROAD/MEDIUM SPECTRUM","AMIKACIN SULFATE",85,6
"ANTNFCT, BROAD/MEDIUM SPECTRUM","AMIKACIN SULFATE LIPOSOME",13,1
"ANTNFCT, BROAD/MEDIUM SPECTRUM","AMIKACIN SULFATE LIPOSOME",44,1
"ANTNFCT, BROAD/MEDIUM SPECTRUM","AMIKACIN SULFATE LIPOSOME",65,1
"ANTNFCT, BROAD/MEDIUM SPECTRUM","AMIKACIN SULFATE LIPOSOME",77,1
"ANTNFCT, BROAD/MEDIUM SPECTRUM","AMIKACIN SULFATE LIPOSOME",80,1
"ANTNFCT, BROAD/MEDIUM SPECTRUM","AMIKACIN SULFATE LIPOSOME",85,1
"ANTNFCT, BROAD/MEDIUM SPECTRUM",AMOXICILLIN,-2,196
"ANTNFCT, BROAD/MEDIUM SPECTRUM",AMOXICILLIN,0,2057
"ANTNFCT, BROAD/MEDIUM SPECTRUM",AMOXICILLIN,1,8688
"ANTNFCT, BROAD/MEDIUM SPECTRUM",AMOXICILLIN,2,7388
"ANTNFCT, BROAD/MEDIUM SPECTRUM",AMOXICILLIN,3,6055
"ANTNFCT, BROAD/MEDIUM SPECTRUM",AMOXICILLIN,4,5906
"ANTNFCT, BROAD/MEDIUM SPECTRUM",AMOXICILLIN,5,5681
"ANTNFCT, BROAD/MEDIUM SPECTRUM",AMOXICILLIN,6,5811
"ANTNFCT, BROAD/MEDIUM SPECTRUM",AMOXICILLIN,7,4871
"ANTNFCT, BROAD/MEDIUM SPECTRUM",AMOXICILLIN,8,4167
"ANTNFCT, BROAD/MEDIUM SPECTRUM",AMOXICILLIN,9,3627
"ANTNFCT, BROAD/MEDIUM SPECTRUM",AMOXICILLIN,10,3345
"ANTNFCT, BROAD/MEDIUM SPECTRUM",AMOXICILLIN,11,2794
"ANTNFCT, BROAD/MEDIUM SPECTRUM",AMOXICILLIN,12,2474
"ANTNFCT, BROAD/MEDIUM SPECTRUM",AMOXICILLIN,13,2192
"ANTNFCT, BROAD/MEDIUM SPECTRUM",AMOXICILLIN,14,1991
"ANTNFCT, BROAD/MEDIUM SPECTRUM",AMOXICILLIN,15,2030
"ANTNFCT, BROAD/MEDIUM SPECTRUM",AMOXICILLIN,16,2111
"ANTNFCT, BROAD/MEDIUM SPECTRUM",AMOXICILLIN,17,2332
"ANTNFCT, BROAD/MEDIUM SPECTRUM",AMOXICILLIN,18,2478
"ANTNFCT, BROAD/MEDIUM SPECTRUM",AMOXICILLIN,19,2108
"ANTNFCT, BROAD/MEDIUM SPECTRUM",AMOXICILLIN,20,1811
"ANTNFCT, BROAD/MEDIUM SPECTRUM",AMOXICILLIN,21,1712
"ANTNFCT, BROAD/MEDIUM SPECTRUM",AMOXICILLIN,22,1709
"ANTNFCT, BROAD/MEDIUM SPECTRUM",AMOXICILLIN,23,1687
"ANTNFCT, BROAD/MEDIUM SPECTRUM",AMOXICILLIN,24,1657
"ANTNFCT, BROAD/MEDIUM SPECTRUM",AMOXICILLIN,25,1811
"ANTNFCT, BROAD/MEDIUM SPECTRUM",AMOXICILLIN,26,1875
"ANTNFCT, BROAD/MEDIUM SPECTRUM",AMOXICILLIN,27,1782
"ANTNFCT, BROAD/MEDIUM SPECTRUM",AMOXICILLIN,28,1904
"ANTNFCT, BROAD/MEDIUM SPECTRUM",AMOXICILLIN,29,1935
"ANTNFCT, BROAD/MEDIUM SPECTRUM",AMOXICILLIN,30,1957
"ANTNFCT, BROAD/MEDIUM SPECTRUM",AMOXICILLIN,31,1976
"ANTNFCT, BROAD/MEDIUM SPECTRUM",AMOXICILLIN,32,1935
"ANTNFCT, BROAD/MEDIUM SPECTRUM",AMOXICILLIN,33,1875
"ANTNFCT, BROAD/MEDIUM SPECTRUM",AMOXICILLIN,34,1921
"ANTNFCT, BROAD/MEDIUM SPECTRUM",AMOXICILLIN,35,1925
"ANTNFCT, BROAD/MEDIUM SPECTRUM",AMOXICILLIN,36,1948
"ANTNFCT, BROAD/MEDIUM SPECTRUM",AMOXICILLIN,37,1903
"ANTNFCT, BROAD/MEDIUM SPECTRUM",AMOXICILLIN,38,1923
"ANTNFCT, BROAD/MEDIUM SPECTRUM",AMOXICILLIN,39,1858
"ANTNFCT, BROAD/MEDIUM SPECTRUM",AMOXICILLIN,40,1746
"ANTNFCT, BROAD/MEDIUM SPECTRUM",AMOXICILLIN,41,1788
"ANTNFCT, BROAD/MEDIUM SPECTRUM",AMOXICILLIN,42,1690
"ANTNFCT, BROAD/MEDIUM SPECTRUM",AMOXICILLIN,43,1720
"ANTNFCT, BROAD/MEDIUM SPECTRUM",AMOXICILLIN,44,1617
"ANTNFCT, BROAD/MEDIUM SPECTRUM",AMOXICILLIN,45,1639
"ANTNFCT, BROAD/MEDIUM SPECTRUM",AMOXICILLIN,46,1670
"ANTNFCT, BROAD/MEDIUM SPECTRUM",AMOXICILLIN,47,1752
"ANTNFCT, BROAD/MEDIUM SPECTRUM",AMOXICILLIN,48,1832
"ANTNFCT, BROAD/MEDIUM SPECTRUM",AMOXICILLIN,49,1881
"ANTNFCT, BROAD/MEDIUM SPECTRUM",AMOXICILLIN,50,1830
"ANTNFCT, BROAD/MEDIUM SPECTRUM",AMOXICILLIN,51,1890
"ANTNFCT, BROAD/MEDIUM SPECTRUM",AMOXICILLIN,52,1865
"ANTNFCT, BROAD/MEDIUM SPECTRUM",AMOXICILLIN,53,1982
"ANTNFCT, BROAD/MEDIUM SPECTRUM",AMOXICILLIN,54,1974
"ANTNFCT, BROAD/MEDIUM SPECTRUM",AMOXICILLIN,55,2111
"ANTNFCT, BROAD/MEDIUM SPECTRUM",AMOXICILLIN,56,2222
"ANTNFCT, BROAD/MEDIUM SPECTRUM",AMOXICILLIN,57,2239
"ANTNFCT, BROAD/MEDIUM SPECTRUM",AMOXICILLIN,58,2372
"ANTNFCT, BROAD/MEDIUM SPECTRUM",AMOXICILLIN,59,2262
"ANTNFCT, BROAD/MEDIUM SPECTRUM",AMOXICILLIN,60,2285
"ANTNFCT, BROAD/MEDIUM SPECTRUM",AMOXICILLIN,61,2359
"ANTNFCT, BROAD/MEDIUM SPECTRUM",AMOXICILLIN,62,2340
"ANTNFCT, BROAD/MEDIUM SPECTRUM",AMOXICILLIN,63,2268
"ANTNFCT, BROAD/MEDIUM SPECTRUM",AMOXICILLIN,64,2220
"ANTNFCT, BROAD/MEDIUM SPECTRUM",AMOXICILLIN,65,2220
"ANTNFCT, BROAD/MEDIUM SPECTRUM",AMOXICILLIN,66,2229
"ANTNFCT, BROAD/MEDIUM SPECTRUM",AMOXICILLIN,67,2138
"ANTNFCT, BROAD/MEDIUM SPECTRUM",AMOXICILLIN,68,2124
"ANTNFCT, BROAD/MEDIUM SPECTRUM",AMOXICILLIN,69,2038
"ANTNFCT, BROAD/MEDIUM SPECTRUM",AMOXICILLIN,70,1988
"ANTNFCT, BROAD/MEDIUM SPECTRUM",AMOXICILLIN,71,1869
"ANTNFCT, BROAD/MEDIUM SPECTRUM",AMOXICILLIN,72,1901
"ANTNFCT, BROAD/MEDIUM SPECTRUM",AMOXICILLIN,73,1753
"ANTNFCT, BROAD/MEDIUM SPECTRUM",AMOXICILLIN,74,1571
"ANTNFCT, BROAD/MEDIUM SPECTRUM",AMOXICILLIN,75,1398
"ANTNFCT, BROAD/MEDIUM SPECTRUM",AMOXICILLIN,76,1354
"ANTNFCT, BROAD/MEDIUM SPECTRUM",AMOXICILLIN,77,1280
"ANTNFCT, BROAD/MEDIUM SPECTRUM",AMOXICILLIN,78,1136
"ANTNFCT, BROAD/MEDIUM SPECTRUM",AMOXICILLIN,79,989
"ANTNFCT, BROAD/MEDIUM SPECTRUM",AMOXICILLIN,80,926
"ANTNFCT, BROAD/MEDIUM SPECTRUM",AMOXICILLIN,81,786
"ANTNFCT, BROAD/MEDIUM SPECTRUM",AMOXICILLIN,82,766
"ANTNFCT, BROAD/MEDIUM SPECTRUM",AMOXICILLIN,83,450
"ANTNFCT, BROAD/MEDIUM SPECTRUM",AMOXICILLIN,84,188
"ANTNFCT, BROAD/MEDIUM SPECTRUM",AMOXICILLIN,85,4187
"ANTNFCT, BROAD/MEDIUM SPECTRUM",AMPICILLIN,2,1
"ANTNFCT, BROAD/MEDIUM SPECTRUM",AMPICILLIN,4,1
"ANTNFCT, BROAD/MEDIUM SPECTRUM",AMPICILLIN,7,1
"ANTNFCT, BROAD/MEDIUM SPECTRUM",AMPICILLIN,8,2
"ANTNFCT, BROAD/MEDIUM SPECTRUM",AMPICILLIN,10,4
"ANTNFCT, BROAD/MEDIUM SPECTRUM",AMPICILLIN,11,3
"ANTNFCT, BROAD/MEDIUM SPECTRUM",AMPICILLIN,12,6
"ANTNFCT, BROAD/MEDIUM SPECTRUM",AMPICILLIN,13,7
"ANTNFCT, BROAD/MEDIUM SPECTRUM",AMPICILLIN,14,10
"ANTNFCT, BROAD/MEDIUM SPECTRUM",AMPICILLIN,15,15
"ANTNFCT, BROAD/MEDIUM SPECTRUM",AMPICILLIN,16,26
"ANTNFCT, BROAD/MEDIUM SPECTRUM",AMPICILLIN,17,42
"ANTNFCT, BROAD/MEDIUM SPECTRUM",AMPICILLIN,18,30
"ANTNFCT, BROAD/MEDIUM SPECTRUM",AMPICILLIN,19,35
"ANTNFCT, BROAD/MEDIUM SPECTRUM",AMPICILLIN,20,36
"ANTNFCT, BROAD/MEDIUM SPECTRUM",AMPICILLIN,21,17
"ANTNFCT, BROAD/MEDIUM SPECTRUM",AMPICILLIN,22,22
"ANTNFCT, BROAD/MEDIUM SPECTRUM",AMPICILLIN,23,23
"ANTNFCT, BROAD/MEDIUM SPECTRUM",AMPICILLIN,24,25
"ANTNFCT, BROAD/MEDIUM SPECTRUM",AMPICILLIN,25,19
"ANTNFCT, BROAD/MEDIUM SPECTRUM",AMPICILLIN,26,16
"ANTNFCT, BROAD/MEDIUM SPECTRUM",AMPICILLIN,27,20
"ANTNFCT, BROAD/MEDIUM SPECTRUM",AMPICILLIN,28,22
"ANTNFCT, BROAD/MEDIUM SPECTRUM",AMPICILLIN,29,31
"ANTNFCT, BROAD/MEDIUM SPECTRUM",AMPICILLIN,30,26
"ANTNFCT, BROAD/MEDIUM SPECTRUM",AMPICILLIN,31,28
"ANTNFCT, BROAD/MEDIUM SPECTRUM",AMPICILLIN,32,24
"ANTNFCT, BROAD/MEDIUM SPECTRUM",AMPICILLIN,33,19
"ANTNFCT, BROAD/MEDIUM SPECTRUM",AMPICILLIN,34,19
"ANTNFCT, BROAD/MEDIUM SPECTRUM",AMPICILLIN,35,18
"ANTNFCT, BROAD/MEDIUM SPECTRUM",AMPICILLIN,36,18
"ANTNFCT, BROAD/MEDIUM SPECTRUM",AMPICILLIN,37,21
"ANTNFCT, BROAD/MEDIUM SPECTRUM",AMPICILLIN,38,17
"ANTNFCT, BROAD/MEDIUM SPECTRUM",AMPICILLIN,39,14
"ANTNFCT, BROAD/MEDIUM SPECTRUM",AMPICILLIN,40,10
"ANTNFCT, BROAD/MEDIUM SPECTRUM",AMPICILLIN,41,13
"ANTNFCT, BROAD/MEDIUM SPECTRUM",AMPICILLIN,42,20
"ANTNFCT, BROAD/MEDIUM SPECTRUM",AMPICILLIN,43,15
"ANTNFCT, BROAD/MEDIUM SPECTRUM",AMPICILLIN,44,11
"ANTNFCT, BROAD/MEDIUM SPECTRUM",AMPICILLIN,45,13
"ANTNFCT, BROAD/MEDIUM SPECTRUM",AMPICILLIN,46,14
"ANTNFCT, BROAD/MEDIUM SPECTRUM",AMPICILLIN,47,10
"ANTNFCT, BROAD/MEDIUM SPECTRUM",AMPICILLIN,48,15
"ANTNFCT, BROAD/MEDIUM SPECTRUM",AMPICILLIN,49,11
"ANTNFCT, BROAD/MEDIUM SPECTRUM",AMPICILLIN,50,17
"ANTNFCT, BROAD/MEDIUM SPECTRUM",AMPICILLIN,51,23
"ANTNFCT, BROAD/MEDIUM SPECTRUM",AMPICILLIN,52,8
"ANTNFCT, BROAD/MEDIUM SPECTRUM",AMPICILLIN,53,15
"ANTNFCT, BROAD/MEDIUM SPECTRUM",AMPICILLIN,54,14
"ANTNFCT, BROAD/MEDIUM SPECTRUM",AMPICILLIN,55,16
"ANTNFCT, BROAD/MEDIUM SPECTRUM",AMPICILLIN,56,17
"ANTNFCT, BROAD/MEDIUM SPECTRUM",AMPICILLIN,57,13
"ANTNFCT, BROAD/MEDIUM SPECTRUM",AMPICILLIN,58,16
"ANTNFCT, BROAD/MEDIUM SPECTRUM",AMPICILLIN,59,19
"ANTNFCT, BROAD/MEDIUM SPECTRUM",AMPICILLIN,60,21
"ANTNFCT, BROAD/MEDIUM SPECTRUM",AMPICILLIN,61,12
"ANTNFCT, BROAD/MEDIUM SPECTRUM",AMPICILLIN,62,18
"ANTNFCT, BROAD/MEDIUM SPECTRUM",AMPICILLIN,63,20
"ANTNFCT, BROAD/MEDIUM SPECTRUM",AMPICILLIN,64,27
"ANTNFCT, BROAD/MEDIUM SPECTRUM",AMPICILLIN,65,16
"ANTNFCT, BROAD/MEDIUM SPECTRUM",AMPICILLIN,66,19
"ANTNFCT, BROAD/MEDIUM SPECTRUM",AMPICILLIN,67,24
"ANTNFCT, BROAD/MEDIUM SPECTRUM",AMPICILLIN,68,19
"ANTNFCT, BROAD/MEDIUM SPECTRUM",AMPICILLIN,69,20
"ANTNFCT, BROAD/MEDIUM SPECTRUM",AMPICILLIN,70,16
"ANTNFCT, BROAD/MEDIUM SPECTRUM",AMPICILLIN,71,23
"ANTNFCT, BROAD/MEDIUM SPECTRUM",AMPICILLIN,72,20
"ANTNFCT, BROAD/MEDIUM SPECTRUM",AMPICILLIN,73,23
"ANTNFCT, BROAD/MEDIUM SPECTRUM",AMPICILLIN,74,21
"ANTNFCT, BROAD/MEDIUM SPECTRUM",AMPICILLIN,75,15
"ANTNFCT, BROAD/MEDIUM SPECTRUM",AMPICILLIN,76,16
"ANTNFCT, BROAD/MEDIUM SPECTRUM",AMPICILLIN,77,11
"ANTNFCT, BROAD/MEDIUM SPECTRUM",AMPICILLIN,78,21
"ANTNFCT, BROAD/MEDIUM SPECTRUM",AMPICILLIN,79,12
"ANTNFCT, BROAD/MEDIUM SPECTRUM",AMPICILLIN,80,19
"ANTNFCT, BROAD/MEDIUM SPECTRUM",AMPICILLIN,81,11
"ANTNFCT, BROAD/MEDIUM SPECTRUM",AMPICILLIN,82,14
"ANTNFCT, BROAD/MEDIUM SPECTRUM",AMPICILLIN,83,4
"ANTNFCT, BROAD/MEDIUM SPECTRUM",AMPICILLIN,84,5
"ANTNFCT, BROAD/MEDIUM SPECTRUM",AMPICILLIN,85,89
"ANTNFCT, BROAD/MEDIUM SPECTRUM","AMPICILLIN SODIUM",24,1
"ANTNFCT, BROAD/MEDIUM SPECTRUM","AMPICILLIN SODIUM",26,1
"ANTNFCT, BROAD/MEDIUM SPECTRUM","AMPICILLIN SODIUM",51,1
"ANTNFCT, BROAD/MEDIUM SPECTRUM","AMPICILLIN SODIUM",58,1
"ANTNFCT, BROAD/MEDIUM SPECTRUM","AMPICILLIN SODIUM",65,1
"ANTNFCT, BROAD/MEDIUM SPECTRUM","AMPICILLIN SODIUM",68,1
"ANTNFCT, BROAD/MEDIUM SPECTRUM","AMPICILLIN SODIUM",69,1
"ANTNFCT, BROAD/MEDIUM SPECTRUM","AMPICILLIN SODIUM",74,1
"ANTNFCT, BROAD/MEDIUM SPECTRUM","AMPICILLIN SODIUM",76,1
"ANTNFCT, BROAD/MEDIUM SPECTRUM","AMPICILLIN SODIUM",79,1
"ANTNFCT, BROAD/MEDIUM SPECTRUM","AMPICILLIN SODIUM",85,2
"ANTNFCT, BROAD/MEDIUM SPECTRUM",AZITHROMYCIN,-2,106
"ANTNFCT, BROAD/MEDIUM SPECTRUM",AZITHROMYCIN,0,285
"ANTNFCT, BROAD/MEDIUM SPECTRUM",AZITHROMYCIN,1,1381
"ANTNFCT, BROAD/MEDIUM SPECTRUM",AZITHROMYCIN,2,1559
"ANTNFCT, BROAD/MEDIUM SPECTRUM",AZITHROMYCIN,3,1432
"ANTNFCT, BROAD/MEDIUM SPECTRUM",AZITHROMYCIN,4,1446
"ANTNFCT, BROAD/MEDIUM SPECTRUM",AZITHROMYCIN,5,1506
"ANTNFCT, BROAD/MEDIUM SPECTRUM",AZITHROMYCIN,6,1467
"ANTNFCT, BROAD/MEDIUM SPECTRUM",AZITHROMYCIN,7,1336
"ANTNFCT, BROAD/MEDIUM SPECTRUM",AZITHROMYCIN,8,1160
"ANTNFCT, BROAD/MEDIUM SPECTRUM",AZITHROMYCIN,9,1202
"ANTNFCT, BROAD/MEDIUM SPECTRUM",AZITHROMYCIN,10,1156
"ANTNFCT, BROAD/MEDIUM SPECTRUM",AZITHROMYCIN,11,1132
"ANTNFCT, BROAD/MEDIUM SPECTRUM",AZITHROMYCIN,12,1226
"ANTNFCT, BROAD/MEDIUM SPECTRUM",AZITHROMYCIN,13,1254
"ANTNFCT, BROAD/MEDIUM SPECTRUM",AZITHROMYCIN,14,1238
"ANTNFCT, BROAD/MEDIUM SPECTRUM",AZITHROMYCIN,15,1297
"ANTNFCT, BROAD/MEDIUM SPECTRUM",AZITHROMYCIN,16,1336
"ANTNFCT, BROAD/MEDIUM SPECTRUM",AZITHROMYCIN,17,1614
"ANTNFCT, BROAD/MEDIUM SPECTRUM",AZITHROMYCIN,18,1785
"ANTNFCT, BROAD/MEDIUM SPECTRUM",AZITHROMYCIN,19,1736
"ANTNFCT, BROAD/MEDIUM SPECTRUM",AZITHROMYCIN,20,1684
"ANTNFCT, BROAD/MEDIUM SPECTRUM",AZITHROMYCIN,21,1746
"ANTNFCT, BROAD/MEDIUM SPECTRUM",AZITHROMYCIN,22,1730
"ANTNFCT, BROAD/MEDIUM SPECTRUM",AZITHROMYCIN,23,1615
"ANTNFCT, BROAD/MEDIUM SPECTRUM",AZITHROMYCIN,24,1650
"ANTNFCT, BROAD/MEDIUM SPECTRUM",AZITHROMYCIN,25,1552
"ANTNFCT, BROAD/MEDIUM SPECTRUM",AZITHROMYCIN,26,1632
"ANTNFCT, BROAD/MEDIUM SPECTRUM",AZITHROMYCIN,27,1555
"ANTNFCT, BROAD/MEDIUM SPECTRUM",AZITHROMYCIN,28,1662
"ANTNFCT, BROAD/MEDIUM SPECTRUM",AZITHROMYCIN,29,1640
"ANTNFCT, BROAD/MEDIUM SPECTRUM",AZITHROMYCIN,30,1697
"ANTNFCT, BROAD/MEDIUM SPECTRUM",AZITHROMYCIN,31,1622
"ANTNFCT, BROAD/MEDIUM SPECTRUM",AZITHROMYCIN,32,1696
"ANTNFCT, BROAD/MEDIUM SPECTRUM",AZITHROMYCIN,33,1723
"ANTNFCT, BROAD/MEDIUM SPECTRUM",AZITHROMYCIN,34,1738
"ANTNFCT, BROAD/MEDIUM SPECTRUM",AZITHROMYCIN,35,1692
"ANTNFCT, BROAD/MEDIUM SPECTRUM",AZITHROMYCIN,36,1824
"ANTNFCT, BROAD/MEDIUM SPECTRUM",AZITHROMYCIN,37,1815
"ANTNFCT, BROAD/MEDIUM SPECTRUM",AZITHROMYCIN,38,1791
"ANTNFCT, BROAD/MEDIUM SPECTRUM",AZITHROMYCIN,39,1825
"ANTNFCT, BROAD/MEDIUM SPECTRUM",AZITHROMYCIN,40,1761
"ANTNFCT, BROAD/MEDIUM SPECTRUM",AZITHROMYCIN,41,1709
"ANTNFCT, BROAD/MEDIUM SPECTRUM",AZITHROMYCIN,42,1749
"ANTNFCT, BROAD/MEDIUM SPECTRUM",AZITHROMYCIN,43,1684
"ANTNFCT, BROAD/MEDIUM SPECTRUM",AZITHROMYCIN,44,1769
"ANTNFCT, BROAD/MEDIUM SPECTRUM",AZITHROMYCIN,45,1718
"ANTNFCT, BROAD/MEDIUM SPECTRUM",AZITHROMYCIN,46,1798
"ANTNFCT, BROAD/MEDIUM SPECTRUM",AZITHROMYCIN,47,1879
"ANTNFCT, BROAD/MEDIUM SPECTRUM",AZITHROMYCIN,48,1923
"ANTNFCT, BROAD/MEDIUM SPECTRUM",AZITHROMYCIN,49,2029
"ANTNFCT, BROAD/MEDIUM SPECTRUM",AZITHROMYCIN,50,2021
"ANTNFCT, BROAD/MEDIUM SPECTRUM",AZITHROMYCIN,51,1901
"ANTNFCT, BROAD/MEDIUM SPECTRUM",AZITHROMYCIN,52,1928
"ANTNFCT, BROAD/MEDIUM SPECTRUM",AZITHROMYCIN,53,1948
"ANTNFCT, BROAD/MEDIUM SPECTRUM",AZITHROMYCIN,54,2185
"ANTNFCT, BROAD/MEDIUM SPECTRUM",AZITHROMYCIN,55,2227
"ANTNFCT, BROAD/MEDIUM SPECTRUM",AZITHROMYCIN,56,2336
"ANTNFCT, BROAD/MEDIUM SPECTRUM",AZITHROMYCIN,57,2336
"ANTNFCT, BROAD/MEDIUM SPECTRUM",AZITHROMYCIN,58,2189
"ANTNFCT, BROAD/MEDIUM SPECTRUM",AZITHROMYCIN,59,2237
"ANTNFCT, BROAD/MEDIUM SPECTRUM",AZITHROMYCIN,60,2295
"ANTNFCT, BROAD/MEDIUM SPECTRUM",AZITHROMYCIN,61,2333
"ANTNFCT, BROAD/MEDIUM SPECTRUM",AZITHROMYCIN,62,2229
"ANTNFCT, BROAD/MEDIUM SPECTRUM",AZITHROMYCIN,63,2177
"ANTNFCT, BROAD/MEDIUM SPECTRUM",AZITHROMYCIN,64,2109
"ANTNFCT, BROAD/MEDIUM SPECTRUM",AZITHROMYCIN,65,2061
"ANTNFCT, BROAD/MEDIUM SPECTRUM",AZITHROMYCIN,66,2074
"ANTNFCT, BROAD/MEDIUM SPECTRUM",AZITHROMYCIN,67,1935
"ANTNFCT, BROAD/MEDIUM SPECTRUM",AZITHROMYCIN,68,1852
"ANTNFCT, BROAD/MEDIUM SPECTRUM",AZITHROMYCIN,69,1764
"ANTNFCT, BROAD/MEDIUM SPECTRUM",AZITHROMYCIN,70,1748
"ANTNFCT, BROAD/MEDIUM SPECTRUM",AZITHROMYCIN,71,1762
"ANTNFCT, BROAD/MEDIUM SPECTRUM",AZITHROMYCIN,72,1712
"ANTNFCT, BROAD/MEDIUM SPECTRUM",AZITHROMYCIN,73,1580
"ANTNFCT, BROAD/MEDIUM SPECTRUM",AZITHROMYCIN,74,1354
"ANTNFCT, BROAD/MEDIUM SPECTRUM",AZITHROMYCIN,75,1269
"ANTNFCT, BROAD/MEDIUM SPECTRUM",AZITHROMYCIN,76,1255
"ANTNFCT, BROAD/MEDIUM SPECTRUM",AZITHROMYCIN,77,1162
"ANTNFCT, BROAD/MEDIUM SPECTRUM",AZITHROMYCIN,78,1008
"ANTNFCT, BROAD/MEDIUM SPECTRUM",AZITHROMYCIN,79,892
"ANTNFCT, BROAD/MEDIUM SPECTRUM",AZITHROMYCIN,80,819
"ANTNFCT, BROAD/MEDIUM SPECTRUM",AZITHROMYCIN,81,792
"ANTNFCT, BROAD/MEDIUM SPECTRUM",AZITHROMYCIN,82,682
"ANTNFCT, BROAD/MEDIUM SPECTRUM",AZITHROMYCIN,83,393
"ANTNFCT, BROAD/MEDIUM SPECTRUM",AZITHROMYCIN,84,129
"ANTNFCT, BROAD/MEDIUM SPECTRUM",AZITHROMYCIN,85,4041
"ANTNFCT, BROAD/MEDIUM SPECTRUM",CEFACLOR,4,1
"ANTNFCT, BROAD/MEDIUM SPECTRUM",CEFACLOR,5,1
"ANTNFCT, BROAD/MEDIUM SPECTRUM",CEFACLOR,6,1
"ANTNFCT, BROAD/MEDIUM SPECTRUM",CEFACLOR,9,1
"ANTNFCT, BROAD/MEDIUM SPECTRUM",CEFACLOR,10,2
"ANTNFCT, BROAD/MEDIUM SPECTRUM",CEFACLOR,12,1
"ANTNFCT, BROAD/MEDIUM SPECTRUM",CEFACLOR,13,1
"ANTNFCT, BROAD/MEDIUM SPECTRUM",CEFACLOR,15,1
"ANTNFCT, BROAD/MEDIUM SPECTRUM",CEFACLOR,16,1
"ANTNFCT, BROAD/MEDIUM SPECTRUM",CEFACLOR,18,1
"ANTNFCT, BROAD/MEDIUM SPECTRUM",CEFACLOR,24,1
"ANTNFCT, BROAD/MEDIUM SPECTRUM",CEFACLOR,25,1
"ANTNFCT, BROAD/MEDIUM SPECTRUM",CEFACLOR,26,2
"ANTNFCT, BROAD/MEDIUM SPECTRUM",CEFACLOR,29,1
"ANTNFCT, BROAD/MEDIUM SPECTRUM",CEFACLOR,30,1
"ANTNFCT, BROAD/MEDIUM SPECTRUM",CEFACLOR,33,1
"ANTNFCT, BROAD/MEDIUM SPECTRUM",CEFACLOR,35,1
"ANTNFCT, BROAD/MEDIUM SPECTRUM",CEFACLOR,36,1
"ANTNFCT, BROAD/MEDIUM SPECTRUM",CEFACLOR,38,1
"ANTNFCT, BROAD/MEDIUM SPECTRUM",CEFACLOR,39,1
"ANTNFCT, BROAD/MEDIUM SPECTRUM",CEFACLOR,40,1
"ANTNFCT, BROAD/MEDIUM SPECTRUM",CEFACLOR,41,1
"ANTNFCT, BROAD/MEDIUM SPECTRUM",CEFACLOR,42,1
"ANTNFCT, BROAD/MEDIUM SPECTRUM",CEFACLOR,45,1
"ANTNFCT, BROAD/MEDIUM SPECTRUM",CEFACLOR,48,1
"ANTNFCT, BROAD/MEDIUM SPECTRUM",CEFACLOR,49,1
"ANTNFCT, BROAD/MEDIUM SPECTRUM",CEFACLOR,50,1
"ANTNFCT, BROAD/MEDIUM SPECTRUM",CEFACLOR,51,1
"ANTNFCT, BROAD/MEDIUM SPECTRUM",CEFACLOR,52,1
"ANTNFCT, BROAD/MEDIUM SPECTRUM",CEFACLOR,54,4
"ANTNFCT, BROAD/MEDIUM SPECTRUM",CEFACLOR,55,1
"ANTNFCT, BROAD/MEDIUM SPECTRUM",CEFACLOR,56,1
"ANTNFCT, BROAD/MEDIUM SPECTRUM",CEFACLOR,57,5
"ANTNFCT, BROAD/MEDIUM SPECTRUM",CEFACLOR,58,1
"ANTNFCT, BROAD/MEDIUM SPECTRUM",CEFACLOR,59,2
"ANTNFCT, BROAD/MEDIUM SPECTRUM",CEFACLOR,60,2
"ANTNFCT, BROAD/MEDIUM SPECTRUM",CEFACLOR,61,1
"ANTNFCT, BROAD/MEDIUM SPECTRUM",CEFACLOR,62,1
"ANTNFCT, BROAD/MEDIUM SPECTRUM",CEFACLOR,63,4
"ANTNFCT, BROAD/MEDIUM SPECTRUM",CEFACLOR,64,4
"ANTNFCT, BROAD/MEDIUM SPECTRUM",CEFACLOR,65,4
"ANTNFCT, BROAD/MEDIUM SPECTRUM",CEFACLOR,66,2
"ANTNFCT, BROAD/MEDIUM SPECTRUM",CEFACLOR,67,1
"ANTNFCT, BROAD/MEDIUM SPECTRUM",CEFACLOR,68,3
"ANTNFCT, BROAD/MEDIUM SPECTRUM",CEFACLOR,69,3
"ANTNFCT, BROAD/MEDIUM SPECTRUM",CEFACLOR,70,3
"ANTNFCT, BROAD/MEDIUM SPECTRUM",CEFACLOR,71,1
"ANTNFCT, BROAD/MEDIUM SPECTRUM",CEFACLOR,73,2
"ANTNFCT, BROAD/MEDIUM SPECTRUM",CEFACLOR,75,2
"ANTNFCT, BROAD/MEDIUM SPECTRUM",CEFACLOR,76,1
"ANTNFCT, BROAD/MEDIUM SPECTRUM",CEFACLOR,78,3
"ANTNFCT, BROAD/MEDIUM SPECTRUM",CEFACLOR,79,1
"ANTNFCT, BROAD/MEDIUM SPECTRUM",CEFACLOR,80,3
"ANTNFCT, BROAD/MEDIUM SPECTRUM",CEFACLOR,81,5
"ANTNFCT, BROAD/MEDIUM SPECTRUM",CEFACLOR,82,2
"ANTNFCT, BROAD/MEDIUM SPECTRUM",CEFACLOR,83,2
"ANTNFCT, BROAD/MEDIUM SPECTRUM",CEFACLOR,85,16
"ANTNFCT, BROAD/MEDIUM SPECTRUM","CEFACLOR MONOHYDRATE",21,1
"ANTNFCT, BROAD/MEDIUM SPECTRUM","CEFACLOR MONOHYDRATE",58,1
"ANTNFCT, BROAD/MEDIUM SPECTRUM",CEFADROXIL,-2,3
"ANTNFCT, BROAD/MEDIUM SPECTRUM",CEFADROXIL,0,5
"ANTNFCT, BROAD/MEDIUM SPECTRUM",CEFADROXIL,1,12
"ANTNFCT, BROAD/MEDIUM SPECTRUM",CEFADROXIL,2,15
"ANTNFCT, BROAD/MEDIUM SPECTRUM",CEFADROXIL,3,15
"ANTNFCT, BROAD/MEDIUM SPECTRUM",CEFADROXIL,4,18
"ANTNFCT, BROAD/MEDIUM SPECTRUM",CEFADROXIL,5,34
"ANTNFCT, BROAD/MEDIUM SPECTRUM",CEFADROXIL,6,18
"ANTNFCT, BROAD/MEDIUM SPECTRUM",CEFADROXIL,7,27
"ANTNFCT, BROAD/MEDIUM SPECTRUM",CEFADROXIL,8,14
"ANTNFCT, BROAD/MEDIUM SPECTRUM",CEFADROXIL,9,18
"ANTNFCT, BROAD/MEDIUM SPECTRUM",CEFADROXIL,10,16
"ANTNFCT, BROAD/MEDIUM SPECTRUM",CEFADROXIL,11,23
"ANTNFCT, BROAD/MEDIUM SPECTRUM",CEFADROXIL,12,24
"ANTNFCT, BROAD/MEDIUM SPECTRUM",CEFADROXIL,13,21
"ANTNFCT, BROAD/MEDIUM SPECTRUM",CEFADROXIL,14,31
"ANTNFCT, BROAD/MEDIUM SPECTRUM",CEFADROXIL,15,18
"ANTNFCT, BROAD/MEDIUM SPECTRUM",CEFADROXIL,16,30
"ANTNFCT, BROAD/MEDIUM SPECTRUM",CEFADROXIL,17,36
"ANTNFCT, BROAD/MEDIUM SPECTRUM",CEFADROXIL,18,38
"ANTNFCT, BROAD/MEDIUM SPECTRUM",CEFADROXIL,19,27
"ANTNFCT, BROAD/MEDIUM SPECTRUM",CEFADROXIL,20,36
"ANTNFCT, BROAD/MEDIUM SPECTRUM",CEFADROXIL,21,37
"ANTNFCT, BROAD/MEDIUM SPECTRUM",CEFADROXIL,22,24
"ANTNFCT, BROAD/MEDIUM SPECTRUM",CEFADROXIL,23,20
"ANTNFCT, BROAD/MEDIUM SPECTRUM",CEFADROXIL,24,28
"ANTNFCT, BROAD/MEDIUM SPECTRUM",CEFADROXIL,25,24
"ANTNFCT, BROAD/MEDIUM SPECTRUM",CEFADROXIL,26,13
"ANTNFCT, BROAD/MEDIUM SPECTRUM",CEFADROXIL,27,15
"ANTNFCT, BROAD/MEDIUM SPECTRUM",CEFADROXIL,28,26
"ANTNFCT, BROAD/MEDIUM SPECTRUM",CEFADROXIL,29,19
"ANTNFCT, BROAD/MEDIUM SPECTRUM",CEFADROXIL,30,27
"ANTNFCT, BROAD/MEDIUM SPECTRUM",CEFADROXIL,31,16
"ANTNFCT, BROAD/MEDIUM SPECTRUM",CEFADROXIL,32,26
"ANTNFCT, BROAD/MEDIUM SPECTRUM",CEFADROXIL,33,30
"ANTNFCT, BROAD/MEDIUM SPECTRUM",CEFADROXIL,34,16
"ANTNFCT, BROAD/MEDIUM SPECTRUM",CEFADROXIL,35,24
"ANTNFCT, BROAD/MEDIUM SPECTRUM",CEFADROXIL,36,20
"ANTNFCT, BROAD/MEDIUM SPECTRUM",CEFADROXIL,37,22
"ANTNFCT, BROAD/MEDIUM SPECTRUM",CEFADROXIL,38,20
"ANTNFCT, BROAD/MEDIUM SPECTRUM",CEFADROXIL,39,22
"ANTNFCT, BROAD/MEDIUM SPECTRUM",CEFADROXIL,40,26
"ANTNFCT, BROAD/MEDIUM SPECTRUM",CEFADROXIL,41,33
"ANTNFCT, BROAD/MEDIUM SPECTRUM",CEFADROXIL,42,22
"ANTNFCT, BROAD/MEDIUM SPECTRUM",CEFADROXIL,43,34
"ANTNFCT, BROAD/MEDIUM SPECTRUM",CEFADROXIL,44,27
"ANTNFCT, BROAD/MEDIUM SPECTRUM",CEFADROXIL,45,35
"ANTNFCT, BROAD/MEDIUM SPECTRUM",CEFADROXIL,46,30
"ANTNFCT, BROAD/MEDIUM SPECTRUM",CEFADROXIL,47,36
"ANTNFCT, BROAD/MEDIUM SPECTRUM",CEFADROXIL,48,33
"ANTNFCT, BROAD/MEDIUM SPECTRUM",CEFADROXIL,49,42
"ANTNFCT, BROAD/MEDIUM SPECTRUM",CEFADROXIL,50,33
"ANTNFCT, BROAD/MEDIUM SPECTRUM",CEFADROXIL,51,32
"ANTNFCT, BROAD/MEDIUM SPECTRUM",CEFADROXIL,52,42
"ANTNFCT, BROAD/MEDIUM SPECTRUM",CEFADROXIL,53,27
"ANTNFCT, BROAD/MEDIUM SPECTRUM",CEFADROXIL,54,40
"ANTNFCT, BROAD/MEDIUM SPECTRUM",CEFADROXIL,55,44
"ANTNFCT, BROAD/MEDIUM SPECTRUM",CEFADROXIL,56,40
"ANTNFCT, BROAD/MEDIUM SPECTRUM",CEFADROXIL,57,47
"ANTNFCT, BROAD/MEDIUM SPECTRUM",CEFADROXIL,58,41
"ANTNFCT, BROAD/MEDIUM SPECTRUM",CEFADROXIL,59,42
"ANTNFCT, BROAD/MEDIUM SPECTRUM",CEFADROXIL,60,54
"ANTNFCT, BROAD/MEDIUM SPECTRUM",CEFADROXIL,61,47
"ANTNFCT, BROAD/MEDIUM SPECTRUM",CEFADROXIL,62,48
"ANTNFCT, BROAD/MEDIUM SPECTRUM",CEFADROXIL,63,52
"ANTNFCT, BROAD/MEDIUM SPECTRUM",CEFADROXIL,64,39
"ANTNFCT, BROAD/MEDIUM SPECTRUM",CEFADROXIL,65,47
"ANTNFCT, BROAD/MEDIUM SPECTRUM",CEFADROXIL,66,66
"ANTNFCT, BROAD/MEDIUM SPECTRUM",CEFADROXIL,67,59
"ANTNFCT, BROAD/MEDIUM SPECTRUM",CEFADROXIL,68,41
"ANTNFCT, BROAD/MEDIUM SPECTRUM",CEFADROXIL,69,52
"ANTNFCT, BROAD/MEDIUM SPECTRUM",CEFADROXIL,70,37
"ANTNFCT, BROAD/MEDIUM SPECTRUM",CEFADROXIL,71,51
"ANTNFCT, BROAD/MEDIUM SPECTRUM",CEFADROXIL,72,46
"ANTNFCT, BROAD/MEDIUM SPECTRUM",CEFADROXIL,73,32
"ANTNFCT, BROAD/MEDIUM SPECTRUM",CEFADROXIL,74,38
"ANTNFCT, BROAD/MEDIUM SPECTRUM",CEFADROXIL,75,40
"ANTNFCT, BROAD/MEDIUM SPECTRUM",CEFADROXIL,76,39
"ANTNFCT, BROAD/MEDIUM SPECTRUM",CEFADROXIL,77,35
"ANTNFCT, BROAD/MEDIUM SPECTRUM",CEFADROXIL,78,29
"ANTNFCT, BROAD/MEDIUM SPECTRUM",CEFADROXIL,79,24
"ANTNFCT, BROAD/MEDIUM SPECTRUM",CEFADROXIL,80,31
"ANTNFCT, BROAD/MEDIUM SPECTRUM",CEFADROXIL,81,22
"ANTNFCT, BROAD/MEDIUM SPECTRUM",CEFADROXIL,82,17
"ANTNFCT, BROAD/MEDIUM SPECTRUM",CEFADROXIL,83,13
"ANTNFCT, BROAD/MEDIUM SPECTRUM",CEFADROXIL,84,4
"ANTNFCT, BROAD/MEDIUM SPECTRUM",CEFADROXIL,85,164
"ANTNFCT, BROAD/MEDIUM SPECTRUM","CEFAZOLIN SODIUM",17,1
"ANTNFCT, BROAD/MEDIUM SPECTRUM","CEFAZOLIN SODIUM",26,1
"ANTNFCT, BROAD/MEDIUM SPECTRUM","CEFAZOLIN SODIUM",27,1
"ANTNFCT, BROAD/MEDIUM SPECTRUM","CEFAZOLIN SODIUM",31,1
"ANTNFCT, BROAD/MEDIUM SPECTRUM","CEFAZOLIN SODIUM",33,3
"ANTNFCT, BROAD/MEDIUM SPECTRUM","CEFAZOLIN SODIUM",34,1
"ANTNFCT, BROAD/MEDIUM SPECTRUM","CEFAZOLIN SODIUM",36,1
"ANTNFCT, BROAD/MEDIUM SPECTRUM","CEFAZOLIN SODIUM",39,1
"ANTNFCT, BROAD/MEDIUM SPECTRUM","CEFAZOLIN SODIUM",42,2
"ANTNFCT, BROAD/MEDIUM SPECTRUM","CEFAZOLIN SODIUM",44,1
"ANTNFCT, BROAD/MEDIUM SPECTRUM","CEFAZOLIN SODIUM",45,1
"ANTNFCT, BROAD/MEDIUM SPECTRUM","CEFAZOLIN SODIUM",46,1
"ANTNFCT, BROAD/MEDIUM SPECTRUM","CEFAZOLIN SODIUM",49,1
"ANTNFCT, BROAD/MEDIUM SPECTRUM","CEFAZOLIN SODIUM",52,2
"ANTNFCT, BROAD/MEDIUM SPECTRUM","CEFAZOLIN SODIUM",54,1
"ANTNFCT, BROAD/MEDIUM SPECTRUM","CEFAZOLIN SODIUM",55,1
"ANTNFCT, BROAD/MEDIUM SPECTRUM","CEFAZOLIN SODIUM",58,1
"ANTNFCT, BROAD/MEDIUM SPECTRUM","CEFAZOLIN SODIUM",59,1
"ANTNFCT, BROAD/MEDIUM SPECTRUM","CEFAZOLIN SODIUM",60,2
"ANTNFCT, BROAD/MEDIUM SPECTRUM","CEFAZOLIN SODIUM",62,1
"ANTNFCT, BROAD/MEDIUM SPECTRUM","CEFAZOLIN SODIUM",65,1
"ANTNFCT, BROAD/MEDIUM SPECTRUM","CEFAZOLIN SODIUM",67,2
"ANTNFCT, BROAD/MEDIUM SPECTRUM","CEFAZOLIN SODIUM",71,1
"ANTNFCT, BROAD/MEDIUM SPECTRUM","CEFAZOLIN SODIUM",72,2
"ANTNFCT, BROAD/MEDIUM SPECTRUM","CEFAZOLIN SODIUM",73,1
"ANTNFCT, BROAD/MEDIUM SPECTRUM","CEFAZOLIN SODIUM",74,1
"ANTNFCT, BROAD/MEDIUM SPECTRUM","CEFAZOLIN SODIUM",75,4
"ANTNFCT, BROAD/MEDIUM SPECTRUM","CEFAZOLIN SODIUM",76,1
"ANTNFCT, BROAD/MEDIUM SPECTRUM","CEFAZOLIN SODIUM",77,1
"ANTNFCT, BROAD/MEDIUM SPECTRUM","CEFAZOLIN SODIUM",79,1
"ANTNFCT, BROAD/MEDIUM SPECTRUM","CEFAZOLIN SODIUM",80,1
"ANTNFCT, BROAD/MEDIUM SPECTRUM","CEFAZOLIN SODIUM",85,6
"ANTNFCT, BROAD/MEDIUM SPECTRUM","CEFAZOLIN SODIUM IN SODIUM CHLORIDE",85,1
"ANTNFCT, BROAD/MEDIUM SPECTRUM","CEFAZOLIN SODIUM-DEXTROSE",19,1
"ANTNFCT, BROAD/MEDIUM SPECTRUM","CEFAZOLIN SODIUM-DEXTROSE",38,1
"ANTNFCT, BROAD/MEDIUM SPECTRUM","CEFAZOLIN SODIUM-DEXTROSE",47,1
"ANTNFCT, BROAD/MEDIUM SPECTRUM","CEFAZOLIN SODIUM-DEXTROSE",52,1
"ANTNFCT, BROAD/MEDIUM SPECTRUM","CEFAZOLIN SODIUM-DEXTROSE",69,1
"ANTNFCT, BROAD/MEDIUM SPECTRUM","CEFAZOLIN SODIUM-DEXTROSE",85,1
"ANTNFCT, BROAD/MEDIUM SPECTRUM",CEFDINIR,-2,42
"ANTNFCT, BROAD/MEDIUM SPECTRUM",CEFDINIR,0,427
"ANTNFCT, BROAD/MEDIUM SPECTRUM",CEFDINIR,1,2692
"ANTNFCT, BROAD/MEDIUM SPECTRUM",CEFDINIR,2,2425
"ANTNFCT, BROAD/MEDIUM SPECTRUM",CEFDINIR,3,1805
"ANTNFCT, BROAD/MEDIUM SPECTRUM",CEFDINIR,4,1585
"ANTNFCT, BROAD/MEDIUM SPECTRUM",CEFDINIR,5,1503
"ANTNFCT, BROAD/MEDIUM SPECTRUM",CEFDINIR,6,1215
"ANTNFCT, BROAD/MEDIUM SPECTRUM",CEFDINIR,7,973
"ANTNFCT, BROAD/MEDIUM SPECTRUM",CEFDINIR,8,957
"ANTNFCT, BROAD/MEDIUM SPECTRUM",CEFDINIR,9,726
"ANTNFCT, BROAD/MEDIUM SPECTRUM",CEFDINIR,10,676
"ANTNFCT, BROAD/MEDIUM SPECTRUM",CEFDINIR,11,618
"ANTNFCT, BROAD/MEDIUM SPECTRUM",CEFDINIR,12,571
"ANTNFCT, BROAD/MEDIUM SPECTRUM",CEFDINIR,13,452
"ANTNFCT, BROAD/MEDIUM SPECTRUM",CEFDINIR,14,411
"ANTNFCT, BROAD/MEDIUM SPECTRUM",CEFDINIR,15,454
"ANTNFCT, BROAD/MEDIUM SPECTRUM",CEFDINIR,16,416
"ANTNFCT, BROAD/MEDIUM SPECTRUM",CEFDINIR,17,461
"ANTNFCT, BROAD/MEDIUM SPECTRUM",CEFDINIR,18,404
"ANTNFCT, BROAD/MEDIUM SPECTRUM",CEFDINIR,19,315
"ANTNFCT, BROAD/MEDIUM SPECTRUM",CEFDINIR,20,282
"ANTNFCT, BROAD/MEDIUM SPECTRUM",CEFDINIR,21,235
"ANTNFCT, BROAD/MEDIUM SPECTRUM",CEFDINIR,22,238
"ANTNFCT, BROAD/MEDIUM SPECTRUM",CEFDINIR,23,210
"ANTNFCT, BROAD/MEDIUM SPECTRUM",CEFDINIR,24,204
"ANTNFCT, BROAD/MEDIUM SPECTRUM",CEFDINIR,25,208
"ANTNFCT, BROAD/MEDIUM SPECTRUM",CEFDINIR,26,199
"ANTNFCT, BROAD/MEDIUM SPECTRUM",CEFDINIR,27,192
"ANTNFCT, BROAD/MEDIUM SPECTRUM",CEFDINIR,28,205
"ANTNFCT, BROAD/MEDIUM SPECTRUM",CEFDINIR,29,209
"ANTNFCT, BROAD/MEDIUM SPECTRUM",CEFDINIR,30,198
"ANTNFCT, BROAD/MEDIUM SPECTRUM",CEFDINIR,31,251
"ANTNFCT, BROAD/MEDIUM SPECTRUM",CEFDINIR,32,237
"ANTNFCT, BROAD/MEDIUM SPECTRUM",CEFDINIR,33,254
"ANTNFCT, BROAD/MEDIUM SPECTRUM",CEFDINIR,34,264
"ANTNFCT, BROAD/MEDIUM SPECTRUM",CEFDINIR,35,266
"ANTNFCT, BROAD/MEDIUM SPECTRUM",CEFDINIR,36,244
"ANTNFCT, BROAD/MEDIUM SPECTRUM",CEFDINIR,37,278
"ANTNFCT, BROAD/MEDIUM SPECTRUM",CEFDINIR,38,277
"ANTNFCT, BROAD/MEDIUM SPECTRUM",CEFDINIR,39,264
"ANTNFCT, BROAD/MEDIUM SPECTRUM",CEFDINIR,40,279
"ANTNFCT, BROAD/MEDIUM SPECTRUM",CEFDINIR,41,275
"ANTNFCT, BROAD/MEDIUM SPECTRUM",CEFDINIR,42,268
"ANTNFCT, BROAD/MEDIUM SPECTRUM",CEFDINIR,43,263
"ANTNFCT, BROAD/MEDIUM SPECTRUM",CEFDINIR,44,259
"ANTNFCT, BROAD/MEDIUM SPECTRUM",CEFDINIR,45,256
"ANTNFCT, BROAD/MEDIUM SPECTRUM",CEFDINIR,46,253
"ANTNFCT, BROAD/MEDIUM SPECTRUM",CEFDINIR,47,321
"ANTNFCT, BROAD/MEDIUM SPECTRUM",CEFDINIR,48,300
"ANTNFCT, BROAD/MEDIUM SPECTRUM",CEFDINIR,49,307
"ANTNFCT, BROAD/MEDIUM SPECTRUM",CEFDINIR,50,300
"ANTNFCT, BROAD/MEDIUM SPECTRUM",CEFDINIR,51,299
"ANTNFCT, BROAD/MEDIUM SPECTRUM",CEFDINIR,52,270
"ANTNFCT, BROAD/MEDIUM SPECTRUM",CEFDINIR,53,272
"ANTNFCT, BROAD/MEDIUM SPECTRUM",CEFDINIR,54,359
"ANTNFCT, BROAD/MEDIUM SPECTRUM",CEFDINIR,55,285
"ANTNFCT, BROAD/MEDIUM SPECTRUM",CEFDINIR,56,372
"ANTNFCT, BROAD/MEDIUM SPECTRUM",CEFDINIR,57,358
"ANTNFCT, BROAD/MEDIUM SPECTRUM",CEFDINIR,58,360
"ANTNFCT, BROAD/MEDIUM SPECTRUM",CEFDINIR,59,383
"ANTNFCT, BROAD/MEDIUM SPECTRUM",CEFDINIR,60,344
"ANTNFCT, BROAD/MEDIUM SPECTRUM",CEFDINIR,61,334
"ANTNFCT, BROAD/MEDIUM SPECTRUM",CEFDINIR,62,390
"ANTNFCT, BROAD/MEDIUM SPECTRUM",CEFDINIR,63,331
"ANTNFCT, BROAD/MEDIUM SPECTRUM",CEFDINIR,64,347
"ANTNFCT, BROAD/MEDIUM SPECTRUM",CEFDINIR,65,343
"ANTNFCT, BROAD/MEDIUM SPECTRUM",CEFDINIR,66,357
"ANTNFCT, BROAD/MEDIUM SPECTRUM",CEFDINIR,67,350
"ANTNFCT, BROAD/MEDIUM SPECTRUM",CEFDINIR,68,326
"ANTNFCT, BROAD/MEDIUM SPECTRUM",CEFDINIR,69,260
"ANTNFCT, BROAD/MEDIUM SPECTRUM",CEFDINIR,70,314
"ANTNFCT, BROAD/MEDIUM SPECTRUM",CEFDINIR,71,347
"ANTNFCT, BROAD/MEDIUM SPECTRUM",CEFDINIR,72,327
"ANTNFCT, BROAD/MEDIUM SPECTRUM",CEFDINIR,73,284
"ANTNFCT, BROAD/MEDIUM SPECTRUM",CEFDINIR,74,263
"ANTNFCT, BROAD/MEDIUM SPECTRUM",CEFDINIR,75,255
"ANTNFCT, BROAD/MEDIUM SPECTRUM",CEFDINIR,76,235
"ANTNFCT, BROAD/MEDIUM SPECTRUM",CEFDINIR,77,247
"ANTNFCT, BROAD/MEDIUM SPECTRUM",CEFDINIR,78,229
"ANTNFCT, BROAD/MEDIUM SPECTRUM",CEFDINIR,79,173
"ANTNFCT, BROAD/MEDIUM SPECTRUM",CEFDINIR,80,184
"ANTNFCT, BROAD/MEDIUM SPECTRUM",CEFDINIR,81,197
"ANTNFCT, BROAD/MEDIUM SPECTRUM",CEFDINIR,82,187
"ANTNFCT, BROAD/MEDIUM SPECTRUM",CEFDINIR,83,106
"ANTNFCT, BROAD/MEDIUM SPECTRUM",CEFDINIR,84,40
"ANTNFCT, BROAD/MEDIUM SPECTRUM",CEFDINIR,85,1059
"ANTNFCT, BROAD/MEDIUM SPECTRUM","CEFEPIME HCL",18,1
"ANTNFCT, BROAD/MEDIUM SPECTRUM","CEFEPIME HCL",23,1
"ANTNFCT, BROAD/MEDIUM SPECTRUM","CEFEPIME HCL",25,1
"ANTNFCT, BROAD/MEDIUM SPECTRUM","CEFEPIME HCL",40,1
"ANTNFCT, BROAD/MEDIUM SPECTRUM","CEFEPIME HCL",42,1
"ANTNFCT, BROAD/MEDIUM SPECTRUM","CEFEPIME HCL",43,1
"ANTNFCT, BROAD/MEDIUM SPECTRUM","CEFEPIME HCL",48,2
"ANTNFCT, BROAD/MEDIUM SPECTRUM","CEFEPIME HCL",49,2
"ANTNFCT, BROAD/MEDIUM SPECTRUM","CEFEPIME HCL",50,1
"ANTNFCT, BROAD/MEDIUM SPECTRUM","CEFEPIME HCL",51,1
"ANTNFCT, BROAD/MEDIUM SPECTRUM","CEFEPIME HCL",53,1
"ANTNFCT, BROAD/MEDIUM SPECTRUM","CEFEPIME HCL",56,1
"ANTNFCT, BROAD/MEDIUM SPECTRUM","CEFEPIME HCL",57,1
"ANTNFCT, BROAD/MEDIUM SPECTRUM","CEFEPIME HCL",59,2
"ANTNFCT, BROAD/MEDIUM SPECTRUM","CEFEPIME HCL",60,1
"ANTNFCT, BROAD/MEDIUM SPECTRUM","CEFEPIME HCL",62,1
"ANTNFCT, BROAD/MEDIUM SPECTRUM","CEFEPIME HCL",64,1
"ANTNFCT, BROAD/MEDIUM SPECTRUM","CEFEPIME HCL",67,5
"ANTNFCT, BROAD/MEDIUM SPECTRUM","CEFEPIME HCL",68,2
"ANTNFCT, BROAD/MEDIUM SPECTRUM","CEFEPIME HCL",69,1
"ANTNFCT, BROAD/MEDIUM SPECTRUM","CEFEPIME HCL",70,1
"ANTNFCT, BROAD/MEDIUM SPECTRUM","CEFEPIME HCL",71,1
"ANTNFCT, BROAD/MEDIUM SPECTRUM","CEFEPIME HCL",72,1
"ANTNFCT, BROAD/MEDIUM SPECTRUM","CEFEPIME HCL",75,1
"ANTNFCT, BROAD/MEDIUM SPECTRUM","CEFEPIME HCL",76,1
"ANTNFCT, BROAD/MEDIUM SPECTRUM","CEFEPIME HCL",78,1
"ANTNFCT, BROAD/MEDIUM SPECTRUM","CEFEPIME HCL",79,1
"ANTNFCT, BROAD/MEDIUM SPECTRUM","CEFEPIME HCL",82,1
"ANTNFCT, BROAD/MEDIUM SPECTRUM","CEFEPIME HCL",85,6
"ANTNFCT, BROAD/MEDIUM SPECTRUM","CEFEPIME HCL-DEXTROSE",55,1
"ANTNFCT, BROAD/MEDIUM SPECTRUM","CEFEPIME HCL-DEXTROSE",58,1
"ANTNFCT, BROAD/MEDIUM SPECTRUM","CEFEPIME HCL-DEXTROSE",63,1
"ANTNFCT, BROAD/MEDIUM SPECTRUM",CEFIXIME,0,5
"ANTNFCT, BROAD/MEDIUM SPECTRUM",CEFIXIME,1,30
"ANTNFCT, BROAD/MEDIUM SPECTRUM",CEFIXIME,2,21
"ANTNFCT, BROAD/MEDIUM SPECTRUM",CEFIXIME,3,9
"ANTNFCT, BROAD/MEDIUM SPECTRUM",CEFIXIME,4,11
"ANTNFCT, BROAD/MEDIUM SPECTRUM",CEFIXIME,5,14
"ANTNFCT, BROAD/MEDIUM SPECTRUM",CEFIXIME,6,14
"ANTNFCT, BROAD/MEDIUM SPECTRUM",CEFIXIME,7,7
"ANTNFCT, BROAD/MEDIUM SPECTRUM",CEFIXIME,8,14
"ANTNFCT, BROAD/MEDIUM SPECTRUM",CEFIXIME,9,10
"ANTNFCT, BROAD/MEDIUM SPECTRUM",CEFIXIME,10,8
"ANTNFCT, BROAD/MEDIUM SPECTRUM",CEFIXIME,11,5
"ANTNFCT, BROAD/MEDIUM SPECTRUM",CEFIXIME,12,5
"ANTNFCT, BROAD/MEDIUM SPECTRUM",CEFIXIME,13,2
"ANTNFCT, BROAD/MEDIUM SPECTRUM",CEFIXIME,14,2
"ANTNFCT, BROAD/MEDIUM SPECTRUM",CEFIXIME,15,2
"ANTNFCT, BROAD/MEDIUM SPECTRUM",CEFIXIME,16,4
"ANTNFCT, BROAD/MEDIUM SPECTRUM",CEFIXIME,17,5
"ANTNFCT, BROAD/MEDIUM SPECTRUM",CEFIXIME,18,9
"ANTNFCT, BROAD/MEDIUM SPECTRUM",CEFIXIME,19,8
"ANTNFCT, BROAD/MEDIUM SPECTRUM",CEFIXIME,20,6
"ANTNFCT, BROAD/MEDIUM SPECTRUM",CEFIXIME,21,11
"ANTNFCT, BROAD/MEDIUM SPECTRUM",CEFIXIME,22,10
"ANTNFCT, BROAD/MEDIUM SPECTRUM",CEFIXIME,23,8
"ANTNFCT, BROAD/MEDIUM SPECTRUM",CEFIXIME,24,9
"ANTNFCT, BROAD/MEDIUM SPECTRUM",CEFIXIME,25,8
"ANTNFCT, BROAD/MEDIUM SPECTRUM",CEFIXIME,26,12
"ANTNFCT, BROAD/MEDIUM SPECTRUM",CEFIXIME,27,8
"ANTNFCT, BROAD/MEDIUM SPECTRUM",CEFIXIME,28,13
"ANTNFCT, BROAD/MEDIUM SPECTRUM",CEFIXIME,29,12
"ANTNFCT, BROAD/MEDIUM SPECTRUM",CEFIXIME,30,10
"ANTNFCT, BROAD/MEDIUM SPECTRUM",CEFIXIME,31,12
"ANTNFCT, BROAD/MEDIUM SPECTRUM",CEFIXIME,32,7
"ANTNFCT, BROAD/MEDIUM SPECTRUM",CEFIXIME,33,9
"ANTNFCT, BROAD/MEDIUM SPECTRUM",CEFIXIME,34,5
"ANTNFCT, BROAD/MEDIUM SPECTRUM",CEFIXIME,35,14
"ANTNFCT, BROAD/MEDIUM SPECTRUM",CEFIXIME,36,9
"ANTNFCT, BROAD/MEDIUM SPECTRUM",CEFIXIME,37,12
"ANTNFCT, BROAD/MEDIUM SPECTRUM",CEFIXIME,38,10
"ANTNFCT, BROAD/MEDIUM SPECTRUM",CEFIXIME,39,8
"ANTNFCT, BROAD/MEDIUM SPECTRUM",CEFIXIME,40,7
"ANTNFCT, BROAD/MEDIUM SPECTRUM",CEFIXIME,41,7
"ANTNFCT, BROAD/MEDIUM SPECTRUM",CEFIXIME,42,8
"ANTNFCT, BROAD/MEDIUM SPECTRUM",CEFIXIME,43,5
"ANTNFCT, BROAD/MEDIUM SPECTRUM",CEFIXIME,44,7
"ANTNFCT, BROAD/MEDIUM SPECTRUM",CEFIXIME,45,8
"ANTNFCT, BROAD/MEDIUM SPECTRUM",CEFIXIME,46,8
"ANTNFCT, BROAD/MEDIUM SPECTRUM",CEFIXIME,47,10
"ANTNFCT, BROAD/MEDIUM SPECTRUM",CEFIXIME,48,6
"ANTNFCT, BROAD/MEDIUM SPECTRUM",CEFIXIME,49,7
"ANTNFCT, BROAD/MEDIUM SPECTRUM",CEFIXIME,50,8
"ANTNFCT, BROAD/MEDIUM SPECTRUM",CEFIXIME,51,3
"ANTNFCT, BROAD/MEDIUM SPECTRUM",CEFIXIME,52,7
"ANTNFCT, BROAD/MEDIUM SPECTRUM",CEFIXIME,53,3
"ANTNFCT, BROAD/MEDIUM SPECTRUM",CEFIXIME,54,4
"ANTNFCT, BROAD/MEDIUM SPECTRUM",CEFIXIME,55,4
"ANTNFCT, BROAD/MEDIUM SPECTRUM",CEFIXIME,56,3
"ANTNFCT, BROAD/MEDIUM SPECTRUM",CEFIXIME,57,3
"ANTNFCT, BROAD/MEDIUM SPECTRUM",CEFIXIME,58,6
"ANTNFCT, BROAD/MEDIUM SPECTRUM",CEFIXIME,59,7
"ANTNFCT, BROAD/MEDIUM SPECTRUM",CEFIXIME,60,6
"ANTNFCT, BROAD/MEDIUM SPECTRUM",CEFIXIME,61,4
"ANTNFCT, BROAD/MEDIUM SPECTRUM",CEFIXIME,62,3
"ANTNFCT, BROAD/MEDIUM SPECTRUM",CEFIXIME,63,2
"ANTNFCT, BROAD/MEDIUM SPECTRUM",CEFIXIME,64,3
"ANTNFCT, BROAD/MEDIUM SPECTRUM",CEFIXIME,65,3
"ANTNFCT, BROAD/MEDIUM SPECTRUM",CEFIXIME,66,3
"ANTNFCT, BROAD/MEDIUM SPECTRUM",CEFIXIME,67,4
"ANTNFCT, BROAD/MEDIUM SPECTRUM",CEFIXIME,68,1
"ANTNFCT, BROAD/MEDIUM SPECTRUM",CEFIXIME,69,2
"ANTNFCT, BROAD/MEDIUM SPECTRUM",CEFIXIME,70,3
"ANTNFCT, BROAD/MEDIUM SPECTRUM",CEFIXIME,71,4
"ANTNFCT, BROAD/MEDIUM SPECTRUM",CEFIXIME,72,4
"ANTNFCT, BROAD/MEDIUM SPECTRUM",CEFIXIME,73,1
"ANTNFCT, BROAD/MEDIUM SPECTRUM",CEFIXIME,74,3
"ANTNFCT, BROAD/MEDIUM SPECTRUM",CEFIXIME,75,4
"ANTNFCT, BROAD/MEDIUM SPECTRUM",CEFIXIME,76,3
"ANTNFCT, BROAD/MEDIUM SPECTRUM",CEFIXIME,77,6
"ANTNFCT, BROAD/MEDIUM SPECTRUM",CEFIXIME,78,5
"ANTNFCT, BROAD/MEDIUM SPECTRUM",CEFIXIME,79,2
"ANTNFCT, BROAD/MEDIUM SPECTRUM",CEFIXIME,80,2
"ANTNFCT, BROAD/MEDIUM SPECTRUM",CEFIXIME,81,3
"ANTNFCT, BROAD/MEDIUM SPECTRUM",CEFIXIME,82,2
"ANTNFCT, BROAD/MEDIUM SPECTRUM",CEFIXIME,83,1
"ANTNFCT, BROAD/MEDIUM SPECTRUM",CEFIXIME,84,1
"ANTNFCT, BROAD/MEDIUM SPECTRUM",CEFIXIME,85,16
"ANTNFCT, BROAD/MEDIUM SPECTRUM","CEFOXITIN SODIUM",69,1
"ANTNFCT, BROAD/MEDIUM SPECTRUM","CEFPODOXIME PROXETIL",-2,2
"ANTNFCT, BROAD/MEDIUM SPECTRUM","CEFPODOXIME PROXETIL",0,3
"ANTNFCT, BROAD/MEDIUM SPECTRUM","CEFPODOXIME PROXETIL",1,4
"ANTNFCT, BROAD/MEDIUM SPECTRUM","CEFPODOXIME PROXETIL",2,6
"ANTNFCT, BROAD/MEDIUM SPECTRUM","CEFPODOXIME PROXETIL",3,7
"ANTNFCT, BROAD/MEDIUM SPECTRUM","CEFPODOXIME PROXETIL",4,4
"ANTNFCT, BROAD/MEDIUM SPECTRUM","CEFPODOXIME PROXETIL",5,3
"ANTNFCT, BROAD/MEDIUM SPECTRUM","CEFPODOXIME PROXETIL",6,6
"ANTNFCT, BROAD/MEDIUM SPECTRUM","CEFPODOXIME PROXETIL",7,5
"ANTNFCT, BROAD/MEDIUM SPECTRUM","CEFPODOXIME PROXETIL",8,8
"ANTNFCT, BROAD/MEDIUM SPECTRUM","CEFPODOXIME PROXETIL",9,8
"ANTNFCT, BROAD/MEDIUM SPECTRUM","CEFPODOXIME PROXETIL",10,7
"ANTNFCT, BROAD/MEDIUM SPECTRUM","CEFPODOXIME PROXETIL",11,4
"ANTNFCT, BROAD/MEDIUM SPECTRUM","CEFPODOXIME PROXETIL",12,5
"ANTNFCT, BROAD/MEDIUM SPECTRUM","CEFPODOXIME PROXETIL",13,8
"ANTNFCT, BROAD/MEDIUM SPECTRUM","CEFPODOXIME PROXETIL",14,3
"ANTNFCT, BROAD/MEDIUM SPECTRUM","CEFPODOXIME PROXETIL",15,4
"ANTNFCT, BROAD/MEDIUM SPECTRUM","CEFPODOXIME PROXETIL",16,1
"ANTNFCT, BROAD/MEDIUM SPECTRUM","CEFPODOXIME PROXETIL",17,5
"ANTNFCT, BROAD/MEDIUM SPECTRUM","CEFPODOXIME PROXETIL",18,5
"ANTNFCT, BROAD/MEDIUM SPECTRUM","CEFPODOXIME PROXETIL",19,15
"ANTNFCT, BROAD/MEDIUM SPECTRUM","CEFPODOXIME PROXETIL",20,6
"ANTNFCT, BROAD/MEDIUM SPECTRUM","CEFPODOXIME PROXETIL",21,10
"ANTNFCT, BROAD/MEDIUM SPECTRUM","CEFPODOXIME PROXETIL",22,3
"ANTNFCT, BROAD/MEDIUM SPECTRUM","CEFPODOXIME PROXETIL",23,9
"ANTNFCT, BROAD/MEDIUM SPECTRUM","CEFPODOXIME PROXETIL",24,8
"ANTNFCT, BROAD/MEDIUM SPECTRUM","CEFPODOXIME PROXETIL",25,6
"ANTNFCT, BROAD/MEDIUM SPECTRUM","CEFPODOXIME PROXETIL",26,5
"ANTNFCT, BROAD/MEDIUM SPECTRUM","CEFPODOXIME PROXETIL",27,8
"ANTNFCT, BROAD/MEDIUM SPECTRUM","CEFPODOXIME PROXETIL",28,7
"ANTNFCT, BROAD/MEDIUM SPECTRUM","CEFPODOXIME PROXETIL",29,8
"ANTNFCT, BROAD/MEDIUM SPECTRUM","CEFPODOXIME PROXETIL",30,9
"ANTNFCT, BROAD/MEDIUM SPECTRUM","CEFPODOXIME PROXETIL",31,8
"ANTNFCT, BROAD/MEDIUM SPECTRUM","CEFPODOXIME PROXETIL",32,11
"ANTNFCT, BROAD/MEDIUM SPECTRUM","CEFPODOXIME PROXETIL",33,8
"ANTNFCT, BROAD/MEDIUM SPECTRUM","CEFPODOXIME PROXETIL",34,15
"ANTNFCT, BROAD/MEDIUM SPECTRUM","CEFPODOXIME PROXETIL",35,10
"ANTNFCT, BROAD/MEDIUM SPECTRUM","CEFPODOXIME PROXETIL",36,6
"ANTNFCT, BROAD/MEDIUM SPECTRUM","CEFPODOXIME PROXETIL",37,5
"ANTNFCT, BROAD/MEDIUM SPECTRUM","CEFPODOXIME PROXETIL",38,11
"ANTNFCT, BROAD/MEDIUM SPECTRUM","CEFPODOXIME PROXETIL",39,9
"ANTNFCT, BROAD/MEDIUM SPECTRUM","CEFPODOXIME PROXETIL",40,8
"ANTNFCT, BROAD/MEDIUM SPECTRUM","CEFPODOXIME PROXETIL",41,16
"ANTNFCT, BROAD/MEDIUM SPECTRUM","CEFPODOXIME PROXETIL",42,9
"ANTNFCT, BROAD/MEDIUM SPECTRUM","CEFPODOXIME PROXETIL",43,6
"ANTNFCT, BROAD/MEDIUM SPECTRUM","CEFPODOXIME PROXETIL",44,10
"ANTNFCT, BROAD/MEDIUM SPECTRUM","CEFPODOXIME PROXETIL",45,4
"ANTNFCT, BROAD/MEDIUM SPECTRUM","CEFPODOXIME PROXETIL",46,14
"ANTNFCT, BROAD/MEDIUM SPECTRUM","CEFPODOXIME PROXETIL",47,11
"ANTNFCT, BROAD/MEDIUM SPECTRUM","CEFPODOXIME PROXETIL",48,9
"ANTNFCT, BROAD/MEDIUM SPECTRUM","CEFPODOXIME PROXETIL",49,13
"ANTNFCT, BROAD/MEDIUM SPECTRUM","CEFPODOXIME PROXETIL",50,16
"ANTNFCT, BROAD/MEDIUM SPECTRUM","CEFPODOXIME PROXETIL",51,5
"ANTNFCT, BROAD/MEDIUM SPECTRUM","CEFPODOXIME PROXETIL",52,9
"ANTNFCT, BROAD/MEDIUM SPECTRUM","CEFPODOXIME PROXETIL",53,13
"ANTNFCT, BROAD/MEDIUM SPECTRUM","CEFPODOXIME PROXETIL",54,18
"ANTNFCT, BROAD/MEDIUM SPECTRUM","CEFPODOXIME PROXETIL",55,17
"ANTNFCT, BROAD/MEDIUM SPECTRUM","CEFPODOXIME PROXETIL",56,15
"ANTNFCT, BROAD/MEDIUM SPECTRUM","CEFPODOXIME PROXETIL",57,21
"ANTNFCT, BROAD/MEDIUM SPECTRUM","CEFPODOXIME PROXETIL",58,19
"ANTNFCT, BROAD/MEDIUM SPECTRUM","CEFPODOXIME PROXETIL",59,24
"ANTNFCT, BROAD/MEDIUM SPECTRUM","CEFPODOXIME PROXETIL",60,16
"ANTNFCT, BROAD/MEDIUM SPECTRUM","CEFPODOXIME PROXETIL",61,33
"ANTNFCT, BROAD/MEDIUM SPECTRUM","CEFPODOXIME PROXETIL",62,22
"ANTNFCT, BROAD/MEDIUM SPECTRUM","CEFPODOXIME PROXETIL",63,28
"ANTNFCT, BROAD/MEDIUM SPECTRUM","CEFPODOXIME PROXETIL",64,27
"ANTNFCT, BROAD/MEDIUM SPECTRUM","CEFPODOXIME PROXETIL",65,22
"ANTNFCT, BROAD/MEDIUM SPECTRUM","CEFPODOXIME PROXETIL",66,29
"ANTNFCT, BROAD/MEDIUM SPECTRUM","CEFPODOXIME PROXETIL",67,30
"ANTNFCT, BROAD/MEDIUM SPECTRUM","CEFPODOXIME PROXETIL",68,26
"ANTNFCT, BROAD/MEDIUM SPECTRUM","CEFPODOXIME PROXETIL",69,38
"ANTNFCT, BROAD/MEDIUM SPECTRUM","CEFPODOXIME PROXETIL",70,30
"ANTNFCT, BROAD/MEDIUM SPECTRUM","CEFPODOXIME PROXETIL",71,40
"ANTNFCT, BROAD/MEDIUM SPECTRUM","CEFPODOXIME PROXETIL",72,32
"ANTNFCT, BROAD/MEDIUM SPECTRUM","CEFPODOXIME PROXETIL",73,35
"ANTNFCT, BROAD/MEDIUM SPECTRUM","CEFPODOXIME PROXETIL",74,34
"ANTNFCT, BROAD/MEDIUM SPECTRUM","CEFPODOXIME PROXETIL",75,25
"ANTNFCT, BROAD/MEDIUM SPECTRUM","CEFPODOXIME PROXETIL",76,14
"ANTNFCT, BROAD/MEDIUM SPECTRUM","CEFPODOXIME PROXETIL",77,26
"ANTNFCT, BROAD/MEDIUM SPECTRUM","CEFPODOXIME PROXETIL",78,14
"ANTNFCT, BROAD/MEDIUM SPECTRUM","CEFPODOXIME PROXETIL",79,18
"ANTNFCT, BROAD/MEDIUM SPECTRUM","CEFPODOXIME PROXETIL",80,16
"ANTNFCT, BROAD/MEDIUM SPECTRUM","CEFPODOXIME PROXETIL",81,30
"ANTNFCT, BROAD/MEDIUM SPECTRUM","CEFPODOXIME PROXETIL",82,21
"ANTNFCT, BROAD/MEDIUM SPECTRUM","CEFPODOXIME PROXETIL",83,21
"ANTNFCT, BROAD/MEDIUM SPECTRUM","CEFPODOXIME PROXETIL",84,7
"ANTNFCT, BROAD/MEDIUM SPECTRUM","CEFPODOXIME PROXETIL",85,199
"ANTNFCT, BROAD/MEDIUM SPECTRUM",CEFPROZIL,0,25
"ANTNFCT, BROAD/MEDIUM SPECTRUM",CEFPROZIL,1,168
"ANTNFCT, BROAD/MEDIUM SPECTRUM",CEFPROZIL,2,164
"ANTNFCT, BROAD/MEDIUM SPECTRUM",CEFPROZIL,3,123
"ANTNFCT, BROAD/MEDIUM SPECTRUM",CEFPROZIL,4,109
"ANTNFCT, BROAD/MEDIUM SPECTRUM",CEFPROZIL,5,94
"ANTNFCT, BROAD/MEDIUM SPECTRUM",CEFPROZIL,6,84
"ANTNFCT, BROAD/MEDIUM SPECTRUM",CEFPROZIL,7,77
"ANTNFCT, BROAD/MEDIUM SPECTRUM",CEFPROZIL,8,64
"ANTNFCT, BROAD/MEDIUM SPECTRUM",CEFPROZIL,9,62
"ANTNFCT, BROAD/MEDIUM SPECTRUM",CEFPROZIL,10,45
"ANTNFCT, BROAD/MEDIUM SPECTRUM",CEFPROZIL,11,50
"ANTNFCT, BROAD/MEDIUM SPECTRUM",CEFPROZIL,12,38
"ANTNFCT, BROAD/MEDIUM SPECTRUM",CEFPROZIL,13,34
"ANTNFCT, BROAD/MEDIUM SPECTRUM",CEFPROZIL,14,35
"ANTNFCT, BROAD/MEDIUM SPECTRUM",CEFPROZIL,15,34
"ANTNFCT, BROAD/MEDIUM SPECTRUM",CEFPROZIL,16,26
"ANTNFCT, BROAD/MEDIUM SPECTRUM",CEFPROZIL,17,26
"ANTNFCT, BROAD/MEDIUM SPECTRUM",CEFPROZIL,18,27
"ANTNFCT, BROAD/MEDIUM SPECTRUM",CEFPROZIL,19,23
"ANTNFCT, BROAD/MEDIUM SPECTRUM",CEFPROZIL,20,14
"ANTNFCT, BROAD/MEDIUM SPECTRUM",CEFPROZIL,21,11
"ANTNFCT, BROAD/MEDIUM SPECTRUM",CEFPROZIL,22,6
"ANTNFCT, BROAD/MEDIUM SPECTRUM",CEFPROZIL,23,5
"ANTNFCT, BROAD/MEDIUM SPECTRUM",CEFPROZIL,24,9
"ANTNFCT, BROAD/MEDIUM SPECTRUM",CEFPROZIL,25,7
"ANTNFCT, BROAD/MEDIUM SPECTRUM",CEFPROZIL,26,6
"ANTNFCT, BROAD/MEDIUM SPECTRUM",CEFPROZIL,27,5
"ANTNFCT, BROAD/MEDIUM SPECTRUM",CEFPROZIL,28,8
"ANTNFCT, BROAD/MEDIUM SPECTRUM",CEFPROZIL,29,5
"ANTNFCT, BROAD/MEDIUM SPECTRUM",CEFPROZIL,30,7
"ANTNFCT, BROAD/MEDIUM SPECTRUM",CEFPROZIL,31,3
"ANTNFCT, BROAD/MEDIUM SPECTRUM",CEFPROZIL,32,3
"ANTNFCT, BROAD/MEDIUM SPECTRUM",CEFPROZIL,33,8
"ANTNFCT, BROAD/MEDIUM SPECTRUM",CEFPROZIL,34,12
"ANTNFCT, BROAD/MEDIUM SPECTRUM",CEFPROZIL,35,7
"ANTNFCT, BROAD/MEDIUM SPECTRUM",CEFPROZIL,36,13
"ANTNFCT, BROAD/MEDIUM SPECTRUM",CEFPROZIL,37,12
"ANTNFCT, BROAD/MEDIUM SPECTRUM",CEFPROZIL,38,17
"ANTNFCT, BROAD/MEDIUM SPECTRUM",CEFPROZIL,39,1
"ANTNFCT, BROAD/MEDIUM SPECTRUM",CEFPROZIL,40,7
"ANTNFCT, BROAD/MEDIUM SPECTRUM",CEFPROZIL,41,12
"ANTNFCT, BROAD/MEDIUM SPECTRUM",CEFPROZIL,42,6
"ANTNFCT, BROAD/MEDIUM SPECTRUM",CEFPROZIL,43,12
"ANTNFCT, BROAD/MEDIUM SPECTRUM",CEFPROZIL,44,12
"ANTNFCT, BROAD/MEDIUM SPECTRUM",CEFPROZIL,45,10
"ANTNFCT, BROAD/MEDIUM SPECTRUM",CEFPROZIL,46,12
"ANTNFCT, BROAD/MEDIUM SPECTRUM",CEFPROZIL,47,11
"ANTNFCT, BROAD/MEDIUM SPECTRUM",CEFPROZIL,48,12
"ANTNFCT, BROAD/MEDIUM SPECTRUM",CEFPROZIL,49,12
"ANTNFCT, BROAD/MEDIUM SPECTRUM",CEFPROZIL,50,8
"ANTNFCT, BROAD/MEDIUM SPECTRUM",CEFPROZIL,51,14
"ANTNFCT, BROAD/MEDIUM SPECTRUM",CEFPROZIL,52,9
"ANTNFCT, BROAD/MEDIUM SPECTRUM",CEFPROZIL,53,10
"ANTNFCT, BROAD/MEDIUM SPECTRUM",CEFPROZIL,54,12
"ANTNFCT, BROAD/MEDIUM SPECTRUM",CEFPROZIL,55,11
"ANTNFCT, BROAD/MEDIUM SPECTRUM",CEFPROZIL,56,10
"ANTNFCT, BROAD/MEDIUM SPECTRUM",CEFPROZIL,57,9
"ANTNFCT, BROAD/MEDIUM SPECTRUM",CEFPROZIL,58,17
"ANTNFCT, BROAD/MEDIUM SPECTRUM",CEFPROZIL,59,10
"ANTNFCT, BROAD/MEDIUM SPECTRUM",CEFPROZIL,60,16
"ANTNFCT, BROAD/MEDIUM SPECTRUM",CEFPROZIL,61,14
"ANTNFCT, BROAD/MEDIUM SPECTRUM",CEFPROZIL,62,8
"ANTNFCT, BROAD/MEDIUM SPECTRUM",CEFPROZIL,63,16
"ANTNFCT, BROAD/MEDIUM SPECTRUM",CEFPROZIL,64,14
"ANTNFCT, BROAD/MEDIUM SPECTRUM",CEFPROZIL,65,15
"ANTNFCT, BROAD/MEDIUM SPECTRUM",CEFPROZIL,66,13
"ANTNFCT, BROAD/MEDIUM SPECTRUM",CEFPROZIL,67,5
"ANTNFCT, BROAD/MEDIUM SPECTRUM",CEFPROZIL,68,17
"ANTNFCT, BROAD/MEDIUM SPECTRUM",CEFPROZIL,69,10
"ANTNFCT, BROAD/MEDIUM SPECTRUM",CEFPROZIL,70,7
"ANTNFCT, BROAD/MEDIUM SPECTRUM",CEFPROZIL,71,11
"ANTNFCT, BROAD/MEDIUM SPECTRUM",CEFPROZIL,72,16
"ANTNFCT, BROAD/MEDIUM SPECTRUM",CEFPROZIL,73,4
"ANTNFCT, BROAD/MEDIUM SPECTRUM",CEFPROZIL,74,9
"ANTNFCT, BROAD/MEDIUM SPECTRUM",CEFPROZIL,75,8
"ANTNFCT, BROAD/MEDIUM SPECTRUM",CEFPROZIL,76,9
"ANTNFCT, BROAD/MEDIUM SPECTRUM",CEFPROZIL,77,2
"ANTNFCT, BROAD/MEDIUM SPECTRUM",CEFPROZIL,78,7
"ANTNFCT, BROAD/MEDIUM SPECTRUM",CEFPROZIL,79,8
"ANTNFCT, BROAD/MEDIUM SPECTRUM",CEFPROZIL,80,7
"ANTNFCT, BROAD/MEDIUM SPECTRUM",CEFPROZIL,81,6
"ANTNFCT, BROAD/MEDIUM SPECTRUM",CEFPROZIL,82,2
"ANTNFCT, BROAD/MEDIUM SPECTRUM",CEFPROZIL,83,1
"ANTNFCT, BROAD/MEDIUM SPECTRUM",CEFPROZIL,84,2
"ANTNFCT, BROAD/MEDIUM SPECTRUM",CEFPROZIL,85,30
"ANTNFCT, BROAD/MEDIUM SPECTRUM","CEFTAROLINE FOSAMIL",50,1
"ANTNFCT, BROAD/MEDIUM SPECTRUM","CEFTAROLINE FOSAMIL",55,1
"ANTNFCT, BROAD/MEDIUM SPECTRUM","CEFTAROLINE FOSAMIL",57,1
"ANTNFCT, BROAD/MEDIUM SPECTRUM",CEFTAZIDIME,14,1
"ANTNFCT, BROAD/MEDIUM SPECTRUM",CEFTAZIDIME,29,1
"ANTNFCT, BROAD/MEDIUM SPECTRUM",CEFTAZIDIME,31,1
"ANTNFCT, BROAD/MEDIUM SPECTRUM",CEFTAZIDIME,36,1
"ANTNFCT, BROAD/MEDIUM SPECTRUM",CEFTAZIDIME,38,1
"ANTNFCT, BROAD/MEDIUM SPECTRUM",CEFTAZIDIME,42,1
"ANTNFCT, BROAD/MEDIUM SPECTRUM",CEFTAZIDIME,43,1
"ANTNFCT, BROAD/MEDIUM SPECTRUM",CEFTAZIDIME,46,3
"ANTNFCT, BROAD/MEDIUM SPECTRUM",CEFTAZIDIME,48,4
"ANTNFCT, BROAD/MEDIUM SPECTRUM",CEFTAZIDIME,49,2
"ANTNFCT, BROAD/MEDIUM SPECTRUM",CEFTAZIDIME,51,1
"ANTNFCT, BROAD/MEDIUM SPECTRUM",CEFTAZIDIME,52,2
"ANTNFCT, BROAD/MEDIUM SPECTRUM",CEFTAZIDIME,53,1
"ANTNFCT, BROAD/MEDIUM SPECTRUM",CEFTAZIDIME,54,1
"ANTNFCT, BROAD/MEDIUM SPECTRUM",CEFTAZIDIME,55,3
"ANTNFCT, BROAD/MEDIUM SPECTRUM",CEFTAZIDIME,60,2
"ANTNFCT, BROAD/MEDIUM SPECTRUM",CEFTAZIDIME,61,2
"ANTNFCT, BROAD/MEDIUM SPECTRUM",CEFTAZIDIME,64,3
"ANTNFCT, BROAD/MEDIUM SPECTRUM",CEFTAZIDIME,65,3
"ANTNFCT, BROAD/MEDIUM SPECTRUM",CEFTAZIDIME,66,1
"ANTNFCT, BROAD/MEDIUM SPECTRUM",CEFTAZIDIME,67,2
"ANTNFCT, BROAD/MEDIUM SPECTRUM",CEFTAZIDIME,68,2
"ANTNFCT, BROAD/MEDIUM SPECTRUM",CEFTAZIDIME,69,1
"ANTNFCT, BROAD/MEDIUM SPECTRUM",CEFTAZIDIME,70,4
"ANTNFCT, BROAD/MEDIUM SPECTRUM",CEFTAZIDIME,71,3
"ANTNFCT, BROAD/MEDIUM SPECTRUM",CEFTAZIDIME,72,3
"ANTNFCT, BROAD/MEDIUM SPECTRUM",CEFTAZIDIME,73,1
"ANTNFCT, BROAD/MEDIUM SPECTRUM",CEFTAZIDIME,74,2
"ANTNFCT, BROAD/MEDIUM SPECTRUM",CEFTAZIDIME,75,3
"ANTNFCT, BROAD/MEDIUM SPECTRUM",CEFTAZIDIME,76,2
"ANTNFCT, BROAD/MEDIUM SPECTRUM",CEFTAZIDIME,77,2
"ANTNFCT, BROAD/MEDIUM SPECTRUM",CEFTAZIDIME,78,1
"ANTNFCT, BROAD/MEDIUM SPECTRUM",CEFTAZIDIME,79,1
"ANTNFCT, BROAD/MEDIUM SPECTRUM",CEFTAZIDIME,81,2
"ANTNFCT, BROAD/MEDIUM SPECTRUM",CEFTAZIDIME,85,3
"ANTNFCT, BROAD/MEDIUM SPECTRUM","CEFTRIAXONE SODIUM",-2,3
"ANTNFCT, BROAD/MEDIUM SPECTRUM","CEFTRIAXONE SODIUM",1,7
"ANTNFCT, BROAD/MEDIUM SPECTRUM","CEFTRIAXONE SODIUM",2,11
"ANTNFCT, BROAD/MEDIUM SPECTRUM","CEFTRIAXONE SODIUM",3,7
"ANTNFCT, BROAD/MEDIUM SPECTRUM","CEFTRIAXONE SODIUM",4,2
"ANTNFCT, BROAD/MEDIUM SPECTRUM","CEFTRIAXONE SODIUM",5,8
"ANTNFCT, BROAD/MEDIUM SPECTRUM","CEFTRIAXONE SODIUM",6,1
"ANTNFCT, BROAD/MEDIUM SPECTRUM","CEFTRIAXONE SODIUM",7,3
"ANTNFCT, BROAD/MEDIUM SPECTRUM","CEFTRIAXONE SODIUM",9,1
"ANTNFCT, BROAD/MEDIUM SPECTRUM","CEFTRIAXONE SODIUM",10,3
"ANTNFCT, BROAD/MEDIUM SPECTRUM","CEFTRIAXONE SODIUM",11,1
"ANTNFCT, BROAD/MEDIUM SPECTRUM","CEFTRIAXONE SODIUM",12,2
"ANTNFCT, BROAD/MEDIUM SPECTRUM","CEFTRIAXONE SODIUM",13,1
"ANTNFCT, BROAD/MEDIUM SPECTRUM","CEFTRIAXONE SODIUM",14,2
"ANTNFCT, BROAD/MEDIUM SPECTRUM","CEFTRIAXONE SODIUM",15,6
"ANTNFCT, BROAD/MEDIUM SPECTRUM","CEFTRIAXONE SODIUM",16,2
"ANTNFCT, BROAD/MEDIUM SPECTRUM","CEFTRIAXONE SODIUM",17,6
"ANTNFCT, BROAD/MEDIUM SPECTRUM","CEFTRIAXONE SODIUM",18,9
"ANTNFCT, BROAD/MEDIUM SPECTRUM","CEFTRIAXONE SODIUM",19,9
"ANTNFCT, BROAD/MEDIUM SPECTRUM","CEFTRIAXONE SODIUM",20,7
"ANTNFCT, BROAD/MEDIUM SPECTRUM","CEFTRIAXONE SODIUM",21,6
"ANTNFCT, BROAD/MEDIUM SPECTRUM","CEFTRIAXONE SODIUM",22,10
"ANTNFCT, BROAD/MEDIUM SPECTRUM","CEFTRIAXONE SODIUM",23,4
"ANTNFCT, BROAD/MEDIUM SPECTRUM","CEFTRIAXONE SODIUM",24,7
"ANTNFCT, BROAD/MEDIUM SPECTRUM","CEFTRIAXONE SODIUM",25,7
"ANTNFCT, BROAD/MEDIUM SPECTRUM","CEFTRIAXONE SODIUM",26,4
"ANTNFCT, BROAD/MEDIUM SPECTRUM","CEFTRIAXONE SODIUM",27,11
"ANTNFCT, BROAD/MEDIUM SPECTRUM","CEFTRIAXONE SODIUM",28,6
"ANTNFCT, BROAD/MEDIUM SPECTRUM","CEFTRIAXONE SODIUM",29,4
"ANTNFCT, BROAD/MEDIUM SPECTRUM","CEFTRIAXONE SODIUM",30,5
"ANTNFCT, BROAD/MEDIUM SPECTRUM","CEFTRIAXONE SODIUM",31,7
"ANTNFCT, BROAD/MEDIUM SPECTRUM","CEFTRIAXONE SODIUM",32,6
"ANTNFCT, BROAD/MEDIUM SPECTRUM","CEFTRIAXONE SODIUM",33,7
"ANTNFCT, BROAD/MEDIUM SPECTRUM","CEFTRIAXONE SODIUM",34,4
"ANTNFCT, BROAD/MEDIUM SPECTRUM","CEFTRIAXONE SODIUM",35,5
"ANTNFCT, BROAD/MEDIUM SPECTRUM","CEFTRIAXONE SODIUM",36,4
"ANTNFCT, BROAD/MEDIUM SPECTRUM","CEFTRIAXONE SODIUM",37,6
"ANTNFCT, BROAD/MEDIUM SPECTRUM","CEFTRIAXONE SODIUM",38,2
"ANTNFCT, BROAD/MEDIUM SPECTRUM","CEFTRIAXONE SODIUM",39,4
"ANTNFCT, BROAD/MEDIUM SPECTRUM","CEFTRIAXONE SODIUM",40,7
"ANTNFCT, BROAD/MEDIUM SPECTRUM","CEFTRIAXONE SODIUM",41,4
"ANTNFCT, BROAD/MEDIUM SPECTRUM","CEFTRIAXONE SODIUM",42,4
"ANTNFCT, BROAD/MEDIUM SPECTRUM","CEFTRIAXONE SODIUM",43,2
"ANTNFCT, BROAD/MEDIUM SPECTRUM","CEFTRIAXONE SODIUM",44,11
"ANTNFCT, BROAD/MEDIUM SPECTRUM","CEFTRIAXONE SODIUM",45,3
"ANTNFCT, BROAD/MEDIUM SPECTRUM","CEFTRIAXONE SODIUM",46,4
"ANTNFCT, BROAD/MEDIUM SPECTRUM","CEFTRIAXONE SODIUM",47,1
"ANTNFCT, BROAD/MEDIUM SPECTRUM","CEFTRIAXONE SODIUM",48,4
"ANTNFCT, BROAD/MEDIUM SPECTRUM","CEFTRIAXONE SODIUM",49,6
"ANTNFCT, BROAD/MEDIUM SPECTRUM","CEFTRIAXONE SODIUM",50,8
"ANTNFCT, BROAD/MEDIUM SPECTRUM","CEFTRIAXONE SODIUM",51,4
"ANTNFCT, BROAD/MEDIUM SPECTRUM","CEFTRIAXONE SODIUM",52,6
"ANTNFCT, BROAD/MEDIUM SPECTRUM","CEFTRIAXONE SODIUM",53,2
"ANTNFCT, BROAD/MEDIUM SPECTRUM","CEFTRIAXONE SODIUM",54,8
"ANTNFCT, BROAD/MEDIUM SPECTRUM","CEFTRIAXONE SODIUM",55,6
"ANTNFCT, BROAD/MEDIUM SPECTRUM","CEFTRIAXONE SODIUM",56,4
"ANTNFCT, BROAD/MEDIUM SPECTRUM","CEFTRIAXONE SODIUM",57,7
"ANTNFCT, BROAD/MEDIUM SPECTRUM","CEFTRIAXONE SODIUM",58,7
"ANTNFCT, BROAD/MEDIUM SPECTRUM","CEFTRIAXONE SODIUM",59,5
"ANTNFCT, BROAD/MEDIUM SPECTRUM","CEFTRIAXONE SODIUM",60,2
"ANTNFCT, BROAD/MEDIUM SPECTRUM","CEFTRIAXONE SODIUM",61,3
"ANTNFCT, BROAD/MEDIUM SPECTRUM","CEFTRIAXONE SODIUM",62,9
"ANTNFCT, BROAD/MEDIUM SPECTRUM","CEFTRIAXONE SODIUM",63,6
"ANTNFCT, BROAD/MEDIUM SPECTRUM","CEFTRIAXONE SODIUM",64,3
"ANTNFCT, BROAD/MEDIUM SPECTRUM","CEFTRIAXONE SODIUM",65,4
"ANTNFCT, BROAD/MEDIUM SPECTRUM","CEFTRIAXONE SODIUM",66,9
"ANTNFCT, BROAD/MEDIUM SPECTRUM","CEFTRIAXONE SODIUM",67,4
"ANTNFCT, BROAD/MEDIUM SPECTRUM","CEFTRIAXONE SODIUM",68,7
"ANTNFCT, BROAD/MEDIUM SPECTRUM","CEFTRIAXONE SODIUM",69,9
"ANTNFCT, BROAD/MEDIUM SPECTRUM","CEFTRIAXONE SODIUM",70,3
"ANTNFCT, BROAD/MEDIUM SPECTRUM","CEFTRIAXONE SODIUM",71,12
"ANTNFCT, BROAD/MEDIUM SPECTRUM","CEFTRIAXONE SODIUM",72,5
"ANTNFCT, BROAD/MEDIUM SPECTRUM","CEFTRIAXONE SODIUM",73,4
"ANTNFCT, BROAD/MEDIUM SPECTRUM","CEFTRIAXONE SODIUM",74,3
"ANTNFCT, BROAD/MEDIUM SPECTRUM","CEFTRIAXONE SODIUM",75,8
"ANTNFCT, BROAD/MEDIUM SPECTRUM","CEFTRIAXONE SODIUM",76,11
"ANTNFCT, BROAD/MEDIUM SPECTRUM","CEFTRIAXONE SODIUM",77,10
"ANTNFCT, BROAD/MEDIUM SPECTRUM","CEFTRIAXONE SODIUM",78,9
"ANTNFCT, BROAD/MEDIUM SPECTRUM","CEFTRIAXONE SODIUM",79,9
"ANTNFCT, BROAD/MEDIUM SPECTRUM","CEFTRIAXONE SODIUM",80,4
"ANTNFCT, BROAD/MEDIUM SPECTRUM","CEFTRIAXONE SODIUM",81,11
"ANTNFCT, BROAD/MEDIUM SPECTRUM","CEFTRIAXONE SODIUM",82,4
"ANTNFCT, BROAD/MEDIUM SPECTRUM","CEFTRIAXONE SODIUM",83,5
"ANTNFCT, BROAD/MEDIUM SPECTRUM","CEFTRIAXONE SODIUM",84,2
"ANTNFCT, BROAD/MEDIUM SPECTRUM","CEFTRIAXONE SODIUM",85,85
"ANTNFCT, BROAD/MEDIUM SPECTRUM","CEFTRIAXONE SODIUM AND DEXTROSE",41,1
"ANTNFCT, BROAD/MEDIUM SPECTRUM","CEFTRIAXONE SODIUM AND DEXTROSE",42,1
"ANTNFCT, BROAD/MEDIUM SPECTRUM","CEFTRIAXONE SODIUM AND DEXTROSE",48,1
"ANTNFCT, BROAD/MEDIUM SPECTRUM","CEFTRIAXONE SODIUM AND DEXTROSE",77,1
"ANTNFCT, BROAD/MEDIUM SPECTRUM","CEFTRIAXONE SODIUM AND DEXTROSE",78,1
"ANTNFCT, BROAD/MEDIUM SPECTRUM","CEFTRIAXONE SODIUM AND DEXTROSE",81,1
"ANTNFCT, BROAD/MEDIUM SPECTRUM","CEFUROXIME AXETIL",-2,13
"ANTNFCT, BROAD/MEDIUM SPECTRUM","CEFUROXIME AXETIL",1,3
"ANTNFCT, BROAD/MEDIUM SPECTRUM","CEFUROXIME AXETIL",3,2
"ANTNFCT, BROAD/MEDIUM SPECTRUM","CEFUROXIME AXETIL",4,5
"ANTNFCT, BROAD/MEDIUM SPECTRUM","CEFUROXIME AXETIL",5,10
"ANTNFCT, BROAD/MEDIUM SPECTRUM","CEFUROXIME AXETIL",6,7
"ANTNFCT, BROAD/MEDIUM SPECTRUM","CEFUROXIME AXETIL",7,9
"ANTNFCT, BROAD/MEDIUM SPECTRUM","CEFUROXIME AXETIL",8,11
"ANTNFCT, BROAD/MEDIUM SPECTRUM","CEFUROXIME AXETIL",9,18
"ANTNFCT, BROAD/MEDIUM SPECTRUM","CEFUROXIME AXETIL",10,17
"ANTNFCT, BROAD/MEDIUM SPECTRUM","CEFUROXIME AXETIL",11,34
"ANTNFCT, BROAD/MEDIUM SPECTRUM","CEFUROXIME AXETIL",12,36
"ANTNFCT, BROAD/MEDIUM SPECTRUM","CEFUROXIME AXETIL",13,34
"ANTNFCT, BROAD/MEDIUM SPECTRUM","CEFUROXIME AXETIL",14,43
"ANTNFCT, BROAD/MEDIUM SPECTRUM","CEFUROXIME AXETIL",15,56
"ANTNFCT, BROAD/MEDIUM SPECTRUM","CEFUROXIME AXETIL",16,44
"ANTNFCT, BROAD/MEDIUM SPECTRUM","CEFUROXIME AXETIL",17,72
"ANTNFCT, BROAD/MEDIUM SPECTRUM","CEFUROXIME AXETIL",18,64
"ANTNFCT, BROAD/MEDIUM SPECTRUM","CEFUROXIME AXETIL",19,77
"ANTNFCT, BROAD/MEDIUM SPECTRUM","CEFUROXIME AXETIL",20,79
"ANTNFCT, BROAD/MEDIUM SPECTRUM","CEFUROXIME AXETIL",21,88
"ANTNFCT, BROAD/MEDIUM SPECTRUM","CEFUROXIME AXETIL",22,62
"ANTNFCT, BROAD/MEDIUM SPECTRUM","CEFUROXIME AXETIL",23,62
"ANTNFCT, BROAD/MEDIUM SPECTRUM","CEFUROXIME AXETIL",24,71
"ANTNFCT, BROAD/MEDIUM SPECTRUM","CEFUROXIME AXETIL",25,70
"ANTNFCT, BROAD/MEDIUM SPECTRUM","CEFUROXIME AXETIL",26,82
"ANTNFCT, BROAD/MEDIUM SPECTRUM","CEFUROXIME AXETIL",27,70
"ANTNFCT, BROAD/MEDIUM SPECTRUM","CEFUROXIME AXETIL",28,59
"ANTNFCT, BROAD/MEDIUM SPECTRUM","CEFUROXIME AXETIL",29,56
"ANTNFCT, BROAD/MEDIUM SPECTRUM","CEFUROXIME AXETIL",30,77
"ANTNFCT, BROAD/MEDIUM SPECTRUM","CEFUROXIME AXETIL",31,64
"ANTNFCT, BROAD/MEDIUM SPECTRUM","CEFUROXIME AXETIL",32,74
"ANTNFCT, BROAD/MEDIUM SPECTRUM","CEFUROXIME AXETIL",33,83
"ANTNFCT, BROAD/MEDIUM SPECTRUM","CEFUROXIME AXETIL",34,106
"ANTNFCT, BROAD/MEDIUM SPECTRUM","CEFUROXIME AXETIL",35,77
"ANTNFCT, BROAD/MEDIUM SPECTRUM","CEFUROXIME AXETIL",36,93
"ANTNFCT, BROAD/MEDIUM SPECTRUM","CEFUROXIME AXETIL",37,103
"ANTNFCT, BROAD/MEDIUM SPECTRUM","CEFUROXIME AXETIL",38,113
"ANTNFCT, BROAD/MEDIUM SPECTRUM","CEFUROXIME AXETIL",39,112
"ANTNFCT, BROAD/MEDIUM SPECTRUM","CEFUROXIME AXETIL",40,96
"ANTNFCT, BROAD/MEDIUM SPECTRUM","CEFUROXIME AXETIL",41,116
"ANTNFCT, BROAD/MEDIUM SPECTRUM","CEFUROXIME AXETIL",42,108
"ANTNFCT, BROAD/MEDIUM SPECTRUM","CEFUROXIME AXETIL",43,105
"ANTNFCT, BROAD/MEDIUM SPECTRUM","CEFUROXIME AXETIL",44,103
"ANTNFCT, BROAD/MEDIUM SPECTRUM","CEFUROXIME AXETIL",45,107
"ANTNFCT, BROAD/MEDIUM SPECTRUM","CEFUROXIME AXETIL",46,110
"ANTNFCT, BROAD/MEDIUM SPECTRUM","CEFUROXIME AXETIL",47,112
"ANTNFCT, BROAD/MEDIUM SPECTRUM","CEFUROXIME AXETIL",48,119
"ANTNFCT, BROAD/MEDIUM SPECTRUM","CEFUROXIME AXETIL",49,152
"ANTNFCT, BROAD/MEDIUM SPECTRUM","CEFUROXIME AXETIL",50,142
"ANTNFCT, BROAD/MEDIUM SPECTRUM","CEFUROXIME AXETIL",51,161
"ANTNFCT, BROAD/MEDIUM SPECTRUM","CEFUROXIME AXETIL",52,145
"ANTNFCT, BROAD/MEDIUM SPECTRUM","CEFUROXIME AXETIL",53,185
"ANTNFCT, BROAD/MEDIUM SPECTRUM","CEFUROXIME AXETIL",54,163
"ANTNFCT, BROAD/MEDIUM SPECTRUM","CEFUROXIME AXETIL",55,173
"ANTNFCT, BROAD/MEDIUM SPECTRUM","CEFUROXIME AXETIL",56,177
"ANTNFCT, BROAD/MEDIUM SPECTRUM","CEFUROXIME AXETIL",57,170
"ANTNFCT, BROAD/MEDIUM SPECTRUM","CEFUROXIME AXETIL",58,180
"ANTNFCT, BROAD/MEDIUM SPECTRUM","CEFUROXIME AXETIL",59,206
"ANTNFCT, BROAD/MEDIUM SPECTRUM","CEFUROXIME AXETIL",60,198
"ANTNFCT, BROAD/MEDIUM SPECTRUM","CEFUROXIME AXETIL",61,197
"ANTNFCT, BROAD/MEDIUM SPECTRUM","CEFUROXIME AXETIL",62,207
"ANTNFCT, BROAD/MEDIUM SPECTRUM","CEFUROXIME AXETIL",63,206
"ANTNFCT, BROAD/MEDIUM SPECTRUM","CEFUROXIME AXETIL",64,212
"ANTNFCT, BROAD/MEDIUM SPECTRUM","CEFUROXIME AXETIL",65,229
"ANTNFCT, BROAD/MEDIUM SPECTRUM","CEFUROXIME AXETIL",66,218
"ANTNFCT, BROAD/MEDIUM SPECTRUM","CEFUROXIME AXETIL",67,213
"ANTNFCT, BROAD/MEDIUM SPECTRUM","CEFUROXIME AXETIL",68,208
"ANTNFCT, BROAD/MEDIUM SPECTRUM","CEFUROXIME AXETIL",69,221
"ANTNFCT, BROAD/MEDIUM SPECTRUM","CEFUROXIME AXETIL",70,218
"ANTNFCT, BROAD/MEDIUM SPECTRUM","CEFUROXIME AXETIL",71,217
"ANTNFCT, BROAD/MEDIUM SPECTRUM","CEFUROXIME AXETIL",72,214
"ANTNFCT, BROAD/MEDIUM SPECTRUM","CEFUROXIME AXETIL",73,203
"ANTNFCT, BROAD/MEDIUM SPECTRUM","CEFUROXIME AXETIL",74,188
"ANTNFCT, BROAD/MEDIUM SPECTRUM","CEFUROXIME AXETIL",75,193
"ANTNFCT, BROAD/MEDIUM SPECTRUM","CEFUROXIME AXETIL",76,190
"ANTNFCT, BROAD/MEDIUM SPECTRUM","CEFUROXIME AXETIL",77,191
"ANTNFCT, BROAD/MEDIUM SPECTRUM","CEFUROXIME AXETIL",78,164
"ANTNFCT, BROAD/MEDIUM SPECTRUM","CEFUROXIME AXETIL",79,161
"ANTNFCT, BROAD/MEDIUM SPECTRUM","CEFUROXIME AXETIL",80,153
"ANTNFCT, BROAD/MEDIUM SPECTRUM","CEFUROXIME AXETIL",81,130
"ANTNFCT, BROAD/MEDIUM SPECTRUM","CEFUROXIME AXETIL",82,126
"ANTNFCT, BROAD/MEDIUM SPECTRUM","CEFUROXIME AXETIL",83,96
"ANTNFCT, BROAD/MEDIUM SPECTRUM","CEFUROXIME AXETIL",84,20
"ANTNFCT, BROAD/MEDIUM SPECTRUM","CEFUROXIME AXETIL",85,962
"ANTNFCT, BROAD/MEDIUM SPECTRUM",CEPHALEXIN,-2,66
"ANTNFCT, BROAD/MEDIUM SPECTRUM",CEPHALEXIN,0,208
"ANTNFCT, BROAD/MEDIUM SPECTRUM",CEPHALEXIN,1,669
"ANTNFCT, BROAD/MEDIUM SPECTRUM",CEPHALEXIN,2,813
"ANTNFCT, BROAD/MEDIUM SPECTRUM",CEPHALEXIN,3,786
"ANTNFCT, BROAD/MEDIUM SPECTRUM",CEPHALEXIN,4,863
"ANTNFCT, BROAD/MEDIUM SPECTRUM",CEPHALEXIN,5,814
"ANTNFCT, BROAD/MEDIUM SPECTRUM",CEPHALEXIN,6,874
"ANTNFCT, BROAD/MEDIUM SPECTRUM",CEPHALEXIN,7,811
"ANTNFCT, BROAD/MEDIUM SPECTRUM",CEPHALEXIN,8,795
"ANTNFCT, BROAD/MEDIUM SPECTRUM",CEPHALEXIN,9,746
"ANTNFCT, BROAD/MEDIUM SPECTRUM",CEPHALEXIN,10,757
"ANTNFCT, BROAD/MEDIUM SPECTRUM",CEPHALEXIN,11,670
"ANTNFCT, BROAD/MEDIUM SPECTRUM",CEPHALEXIN,12,645
"ANTNFCT, BROAD/MEDIUM SPECTRUM",CEPHALEXIN,13,709
"ANTNFCT, BROAD/MEDIUM SPECTRUM",CEPHALEXIN,14,636
"ANTNFCT, BROAD/MEDIUM SPECTRUM",CEPHALEXIN,15,730
"ANTNFCT, BROAD/MEDIUM SPECTRUM",CEPHALEXIN,16,778
"ANTNFCT, BROAD/MEDIUM SPECTRUM",CEPHALEXIN,17,908
"ANTNFCT, BROAD/MEDIUM SPECTRUM",CEPHALEXIN,18,960
"ANTNFCT, BROAD/MEDIUM SPECTRUM",CEPHALEXIN,19,999
"ANTNFCT, BROAD/MEDIUM SPECTRUM",CEPHALEXIN,20,961
"ANTNFCT, BROAD/MEDIUM SPECTRUM",CEPHALEXIN,21,918
"ANTNFCT, BROAD/MEDIUM SPECTRUM",CEPHALEXIN,22,949
"ANTNFCT, BROAD/MEDIUM SPECTRUM",CEPHALEXIN,23,855
"ANTNFCT, BROAD/MEDIUM SPECTRUM",CEPHALEXIN,24,829
"ANTNFCT, BROAD/MEDIUM SPECTRUM",CEPHALEXIN,25,933
"ANTNFCT, BROAD/MEDIUM SPECTRUM",CEPHALEXIN,26,945
"ANTNFCT, BROAD/MEDIUM SPECTRUM",CEPHALEXIN,27,946
"ANTNFCT, BROAD/MEDIUM SPECTRUM",CEPHALEXIN,28,947
"ANTNFCT, BROAD/MEDIUM SPECTRUM",CEPHALEXIN,29,997
"ANTNFCT, BROAD/MEDIUM SPECTRUM",CEPHALEXIN,30,993
"ANTNFCT, BROAD/MEDIUM SPECTRUM",CEPHALEXIN,31,998
"ANTNFCT, BROAD/MEDIUM SPECTRUM",CEPHALEXIN,32,960
"ANTNFCT, BROAD/MEDIUM SPECTRUM",CEPHALEXIN,33,969
"ANTNFCT, BROAD/MEDIUM SPECTRUM",CEPHALEXIN,34,914
"ANTNFCT, BROAD/MEDIUM SPECTRUM",CEPHALEXIN,35,915
"ANTNFCT, BROAD/MEDIUM SPECTRUM",CEPHALEXIN,36,931
"ANTNFCT, BROAD/MEDIUM SPECTRUM",CEPHALEXIN,37,953
"ANTNFCT, BROAD/MEDIUM SPECTRUM",CEPHALEXIN,38,939
"ANTNFCT, BROAD/MEDIUM SPECTRUM",CEPHALEXIN,39,915
"ANTNFCT, BROAD/MEDIUM SPECTRUM",CEPHALEXIN,40,963
"ANTNFCT, BROAD/MEDIUM SPECTRUM",CEPHALEXIN,41,902
"ANTNFCT, BROAD/MEDIUM SPECTRUM",CEPHALEXIN,42,849
"ANTNFCT, BROAD/MEDIUM SPECTRUM",CEPHALEXIN,43,812
"ANTNFCT, BROAD/MEDIUM SPECTRUM",CEPHALEXIN,44,822
"ANTNFCT, BROAD/MEDIUM SPECTRUM",CEPHALEXIN,45,836
"ANTNFCT, BROAD/MEDIUM SPECTRUM",CEPHALEXIN,46,916
"ANTNFCT, BROAD/MEDIUM SPECTRUM",CEPHALEXIN,47,942
"ANTNFCT, BROAD/MEDIUM SPECTRUM",CEPHALEXIN,48,1007
"ANTNFCT, BROAD/MEDIUM SPECTRUM",CEPHALEXIN,49,952
"ANTNFCT, BROAD/MEDIUM SPECTRUM",CEPHALEXIN,50,1018
"ANTNFCT, BROAD/MEDIUM SPECTRUM",CEPHALEXIN,51,976
"ANTNFCT, BROAD/MEDIUM SPECTRUM",CEPHALEXIN,52,966
"ANTNFCT, BROAD/MEDIUM SPECTRUM",CEPHALEXIN,53,1053
"ANTNFCT, BROAD/MEDIUM SPECTRUM",CEPHALEXIN,54,1112
"ANTNFCT, BROAD/MEDIUM SPECTRUM",CEPHALEXIN,55,1135
"ANTNFCT, BROAD/MEDIUM SPECTRUM",CEPHALEXIN,56,1122
"ANTNFCT, BROAD/MEDIUM SPECTRUM",CEPHALEXIN,57,1200
"ANTNFCT, BROAD/MEDIUM SPECTRUM",CEPHALEXIN,58,1228
"ANTNFCT, BROAD/MEDIUM SPECTRUM",CEPHALEXIN,59,1191
"ANTNFCT, BROAD/MEDIUM SPECTRUM",CEPHALEXIN,60,1280
"ANTNFCT, BROAD/MEDIUM SPECTRUM",CEPHALEXIN,61,1244
"ANTNFCT, BROAD/MEDIUM SPECTRUM",CEPHALEXIN,62,1295
"ANTNFCT, BROAD/MEDIUM SPECTRUM",CEPHALEXIN,63,1288
"ANTNFCT, BROAD/MEDIUM SPECTRUM",CEPHALEXIN,64,1213
"ANTNFCT, BROAD/MEDIUM SPECTRUM",CEPHALEXIN,65,1179
"ANTNFCT, BROAD/MEDIUM SPECTRUM",CEPHALEXIN,66,1233
"ANTNFCT, BROAD/MEDIUM SPECTRUM",CEPHALEXIN,67,1238
"ANTNFCT, BROAD/MEDIUM SPECTRUM",CEPHALEXIN,68,1176
"ANTNFCT, BROAD/MEDIUM SPECTRUM",CEPHALEXIN,69,1240
"ANTNFCT, BROAD/MEDIUM SPECTRUM",CEPHALEXIN,70,1164
"ANTNFCT, BROAD/MEDIUM SPECTRUM",CEPHALEXIN,71,1228
"ANTNFCT, BROAD/MEDIUM SPECTRUM",CEPHALEXIN,72,1232
"ANTNFCT, BROAD/MEDIUM SPECTRUM",CEPHALEXIN,73,1138
"ANTNFCT, BROAD/MEDIUM SPECTRUM",CEPHALEXIN,74,1053
"ANTNFCT, BROAD/MEDIUM SPECTRUM",CEPHALEXIN,75,1026
"ANTNFCT, BROAD/MEDIUM SPECTRUM",CEPHALEXIN,76,1016
"ANTNFCT, BROAD/MEDIUM SPECTRUM",CEPHALEXIN,77,1001
"ANTNFCT, BROAD/MEDIUM SPECTRUM",CEPHALEXIN,78,924
"ANTNFCT, BROAD/MEDIUM SPECTRUM",CEPHALEXIN,79,843
"ANTNFCT, BROAD/MEDIUM SPECTRUM",CEPHALEXIN,80,851
"ANTNFCT, BROAD/MEDIUM SPECTRUM",CEPHALEXIN,81,749
"ANTNFCT, BROAD/MEDIUM SPECTRUM",CEPHALEXIN,82,764
"ANTNFCT, BROAD/MEDIUM SPECTRUM",CEPHALEXIN,83,453
"ANTNFCT, BROAD/MEDIUM SPECTRUM",CEPHALEXIN,84,175
"ANTNFCT, BROAD/MEDIUM SPECTRUM",CEPHALEXIN,85,5252
"ANTNFCT, BROAD/MEDIUM SPECTRUM",CIPROFLOXACIN,0,3
"ANTNFCT, BROAD/MEDIUM SPECTRUM",CIPROFLOXACIN,1,4
"ANTNFCT, BROAD/MEDIUM SPECTRUM",CIPROFLOXACIN,2,2
"ANTNFCT, BROAD/MEDIUM SPECTRUM",CIPROFLOXACIN,3,3
"ANTNFCT, BROAD/MEDIUM SPECTRUM",CIPROFLOXACIN,4,2
"ANTNFCT, BROAD/MEDIUM SPECTRUM",CIPROFLOXACIN,5,4
"ANTNFCT, BROAD/MEDIUM SPECTRUM",CIPROFLOXACIN,6,3
"ANTNFCT, BROAD/MEDIUM SPECTRUM",CIPROFLOXACIN,7,2
"ANTNFCT, BROAD/MEDIUM SPECTRUM",CIPROFLOXACIN,8,8
"ANTNFCT, BROAD/MEDIUM SPECTRUM",CIPROFLOXACIN,9,3
"ANTNFCT, BROAD/MEDIUM SPECTRUM",CIPROFLOXACIN,10,4
"ANTNFCT, BROAD/MEDIUM SPECTRUM",CIPROFLOXACIN,11,1
"ANTNFCT, BROAD/MEDIUM SPECTRUM",CIPROFLOXACIN,12,1
"ANTNFCT, BROAD/MEDIUM SPECTRUM",CIPROFLOXACIN,13,1
"ANTNFCT, BROAD/MEDIUM SPECTRUM",CIPROFLOXACIN,14,4
"ANTNFCT, BROAD/MEDIUM SPECTRUM",CIPROFLOXACIN,18,2
"ANTNFCT, BROAD/MEDIUM SPECTRUM",CIPROFLOXACIN,19,1
"ANTNFCT, BROAD/MEDIUM SPECTRUM",CIPROFLOXACIN,33,1
"ANTNFCT, BROAD/MEDIUM SPECTRUM",CIPROFLOXACIN,35,1
"ANTNFCT, BROAD/MEDIUM SPECTRUM",CIPROFLOXACIN,36,1
"ANTNFCT, BROAD/MEDIUM SPECTRUM",CIPROFLOXACIN,38,1
"ANTNFCT, BROAD/MEDIUM SPECTRUM",CIPROFLOXACIN,40,1
"ANTNFCT, BROAD/MEDIUM SPECTRUM",CIPROFLOXACIN,48,1
"ANTNFCT, BROAD/MEDIUM SPECTRUM",CIPROFLOXACIN,57,3
"ANTNFCT, BROAD/MEDIUM SPECTRUM",CIPROFLOXACIN,61,2
"ANTNFCT, BROAD/MEDIUM SPECTRUM",CIPROFLOXACIN,62,1
"ANTNFCT, BROAD/MEDIUM SPECTRUM",CIPROFLOXACIN,64,1
"ANTNFCT, BROAD/MEDIUM SPECTRUM",CIPROFLOXACIN,66,1
"ANTNFCT, BROAD/MEDIUM SPECTRUM",CIPROFLOXACIN,67,1
"ANTNFCT, BROAD/MEDIUM SPECTRUM",CIPROFLOXACIN,69,2
"ANTNFCT, BROAD/MEDIUM SPECTRUM",CIPROFLOXACIN,70,1
"ANTNFCT, BROAD/MEDIUM SPECTRUM",CIPROFLOXACIN,73,1
"ANTNFCT, BROAD/MEDIUM SPECTRUM",CIPROFLOXACIN,75,1
"ANTNFCT, BROAD/MEDIUM SPECTRUM",CIPROFLOXACIN,76,1
"ANTNFCT, BROAD/MEDIUM SPECTRUM",CIPROFLOXACIN,77,1
"ANTNFCT, BROAD/MEDIUM SPECTRUM",CIPROFLOXACIN,79,1
"ANTNFCT, BROAD/MEDIUM SPECTRUM",CIPROFLOXACIN,80,1
"ANTNFCT, BROAD/MEDIUM SPECTRUM",CIPROFLOXACIN,85,7
"ANTNFCT, BROAD/MEDIUM SPECTRUM","CIPROFLOXACIN HCL",-2,30
"ANTNFCT, BROAD/MEDIUM SPECTRUM","CIPROFLOXACIN HCL",0,7
"ANTNFCT, BROAD/MEDIUM SPECTRUM","CIPROFLOXACIN HCL",1,2
"ANTNFCT, BROAD/MEDIUM SPECTRUM","CIPROFLOXACIN HCL",2,14
"ANTNFCT, BROAD/MEDIUM SPECTRUM","CIPROFLOXACIN HCL",3,22
"ANTNFCT, BROAD/MEDIUM SPECTRUM","CIPROFLOXACIN HCL",4,16
"ANTNFCT, BROAD/MEDIUM SPECTRUM","CIPROFLOXACIN HCL",5,28
"ANTNFCT, BROAD/MEDIUM SPECTRUM","CIPROFLOXACIN HCL",6,24
"ANTNFCT, BROAD/MEDIUM SPECTRUM","CIPROFLOXACIN HCL",7,18
"ANTNFCT, BROAD/MEDIUM SPECTRUM","CIPROFLOXACIN HCL",8,34
"ANTNFCT, BROAD/MEDIUM SPECTRUM","CIPROFLOXACIN HCL",9,36
"ANTNFCT, BROAD/MEDIUM SPECTRUM","CIPROFLOXACIN HCL",10,34
"ANTNFCT, BROAD/MEDIUM SPECTRUM","CIPROFLOXACIN HCL",11,32
"ANTNFCT, BROAD/MEDIUM SPECTRUM","CIPROFLOXACIN HCL",12,43
"ANTNFCT, BROAD/MEDIUM SPECTRUM","CIPROFLOXACIN HCL",13,37
"ANTNFCT, BROAD/MEDIUM SPECTRUM","CIPROFLOXACIN HCL",14,45
"ANTNFCT, BROAD/MEDIUM SPECTRUM","CIPROFLOXACIN HCL",15,52
"ANTNFCT, BROAD/MEDIUM SPECTRUM","CIPROFLOXACIN HCL",16,106
"ANTNFCT, BROAD/MEDIUM SPECTRUM","CIPROFLOXACIN HCL",17,141
"ANTNFCT, BROAD/MEDIUM SPECTRUM","CIPROFLOXACIN HCL",18,215
"ANTNFCT, BROAD/MEDIUM SPECTRUM","CIPROFLOXACIN HCL",19,280
"ANTNFCT, BROAD/MEDIUM SPECTRUM","CIPROFLOXACIN HCL",20,355
"ANTNFCT, BROAD/MEDIUM SPECTRUM","CIPROFLOXACIN HCL",21,376
"ANTNFCT, BROAD/MEDIUM SPECTRUM","CIPROFLOXACIN HCL",22,373
"ANTNFCT, BROAD/MEDIUM SPECTRUM","CIPROFLOXACIN HCL",23,371
"ANTNFCT, BROAD/MEDIUM SPECTRUM","CIPROFLOXACIN HCL",24,370
"ANTNFCT, BROAD/MEDIUM SPECTRUM","CIPROFLOXACIN HCL",25,382
"ANTNFCT, BROAD/MEDIUM SPECTRUM","CIPROFLOXACIN HCL",26,387
"ANTNFCT, BROAD/MEDIUM SPECTRUM","CIPROFLOXACIN HCL",27,413
"ANTNFCT, BROAD/MEDIUM SPECTRUM","CIPROFLOXACIN HCL",28,440
"ANTNFCT, BROAD/MEDIUM SPECTRUM","CIPROFLOXACIN HCL",29,465
"ANTNFCT, BROAD/MEDIUM SPECTRUM","CIPROFLOXACIN HCL",30,475
"ANTNFCT, BROAD/MEDIUM SPECTRUM","CIPROFLOXACIN HCL",31,450
"ANTNFCT, BROAD/MEDIUM SPECTRUM","CIPROFLOXACIN HCL",32,451
"ANTNFCT, BROAD/MEDIUM SPECTRUM","CIPROFLOXACIN HCL",33,448
"ANTNFCT, BROAD/MEDIUM SPECTRUM","CIPROFLOXACIN HCL",34,476
"ANTNFCT, BROAD/MEDIUM SPECTRUM","CIPROFLOXACIN HCL",35,511
"ANTNFCT, BROAD/MEDIUM SPECTRUM","CIPROFLOXACIN HCL",36,523
"ANTNFCT, BROAD/MEDIUM SPECTRUM","CIPROFLOXACIN HCL",37,514
"ANTNFCT, BROAD/MEDIUM SPECTRUM","CIPROFLOXACIN HCL",38,557
"ANTNFCT, BROAD/MEDIUM SPECTRUM","CIPROFLOXACIN HCL",39,502
"ANTNFCT, BROAD/MEDIUM SPECTRUM","CIPROFLOXACIN HCL",40,543
"ANTNFCT, BROAD/MEDIUM SPECTRUM","CIPROFLOXACIN HCL",41,569
"ANTNFCT, BROAD/MEDIUM SPECTRUM","CIPROFLOXACIN HCL",42,612
"ANTNFCT, BROAD/MEDIUM SPECTRUM","CIPROFLOXACIN HCL",43,554
"ANTNFCT, BROAD/MEDIUM SPECTRUM","CIPROFLOXACIN HCL",44,613
"ANTNFCT, BROAD/MEDIUM SPECTRUM","CIPROFLOXACIN HCL",45,586
"ANTNFCT, BROAD/MEDIUM SPECTRUM","CIPROFLOXACIN HCL",46,647
"ANTNFCT, BROAD/MEDIUM SPECTRUM","CIPROFLOXACIN HCL",47,676
"ANTNFCT, BROAD/MEDIUM SPECTRUM","CIPROFLOXACIN HCL",48,721
"ANTNFCT, BROAD/MEDIUM SPECTRUM","CIPROFLOXACIN HCL",49,731
"ANTNFCT, BROAD/MEDIUM SPECTRUM","CIPROFLOXACIN HCL",50,738
"ANTNFCT, BROAD/MEDIUM SPECTRUM","CIPROFLOXACIN HCL",51,735
"ANTNFCT, BROAD/MEDIUM SPECTRUM","CIPROFLOXACIN HCL",52,739
"ANTNFCT, BROAD/MEDIUM SPECTRUM","CIPROFLOXACIN HCL",53,767
"ANTNFCT, BROAD/MEDIUM SPECTRUM","CIPROFLOXACIN HCL",54,876
"ANTNFCT, BROAD/MEDIUM SPECTRUM","CIPROFLOXACIN HCL",55,848
"ANTNFCT, BROAD/MEDIUM SPECTRUM","CIPROFLOXACIN HCL",56,926
"ANTNFCT, BROAD/MEDIUM SPECTRUM","CIPROFLOXACIN HCL",57,960
"ANTNFCT, BROAD/MEDIUM SPECTRUM","CIPROFLOXACIN HCL",58,951
"ANTNFCT, BROAD/MEDIUM SPECTRUM","CIPROFLOXACIN HCL",59,1041
"ANTNFCT, BROAD/MEDIUM SPECTRUM","CIPROFLOXACIN HCL",60,1001
"ANTNFCT, BROAD/MEDIUM SPECTRUM","CIPROFLOXACIN HCL",61,1000
"ANTNFCT, BROAD/MEDIUM SPECTRUM","CIPROFLOXACIN HCL",62,1076
"ANTNFCT, BROAD/MEDIUM SPECTRUM","CIPROFLOXACIN HCL",63,1024
"ANTNFCT, BROAD/MEDIUM SPECTRUM","CIPROFLOXACIN HCL",64,999
"ANTNFCT, BROAD/MEDIUM SPECTRUM","CIPROFLOXACIN HCL",65,997
"ANTNFCT, BROAD/MEDIUM SPECTRUM","CIPROFLOXACIN HCL",66,1091
"ANTNFCT, BROAD/MEDIUM SPECTRUM","CIPROFLOXACIN HCL",67,1080
"ANTNFCT, BROAD/MEDIUM SPECTRUM","CIPROFLOXACIN HCL",68,1064
"ANTNFCT, BROAD/MEDIUM SPECTRUM","CIPROFLOXACIN HCL",69,1054
"ANTNFCT, BROAD/MEDIUM SPECTRUM","CIPROFLOXACIN HCL",70,1048
"ANTNFCT, BROAD/MEDIUM SPECTRUM","CIPROFLOXACIN HCL",71,1061
"ANTNFCT, BROAD/MEDIUM SPECTRUM","CIPROFLOXACIN HCL",72,1119
"ANTNFCT, BROAD/MEDIUM SPECTRUM","CIPROFLOXACIN HCL",73,1006
"ANTNFCT, BROAD/MEDIUM SPECTRUM","CIPROFLOXACIN HCL",74,954
"ANTNFCT, BROAD/MEDIUM SPECTRUM","CIPROFLOXACIN HCL",75,905
"ANTNFCT, BROAD/MEDIUM SPECTRUM","CIPROFLOXACIN HCL",76,872
"ANTNFCT, BROAD/MEDIUM SPECTRUM","CIPROFLOXACIN HCL",77,818
"ANTNFCT, BROAD/MEDIUM SPECTRUM","CIPROFLOXACIN HCL",78,809
"ANTNFCT, BROAD/MEDIUM SPECTRUM","CIPROFLOXACIN HCL",79,693
"ANTNFCT, BROAD/MEDIUM SPECTRUM","CIPROFLOXACIN HCL",80,678
"ANTNFCT, BROAD/MEDIUM SPECTRUM","CIPROFLOXACIN HCL",81,638
"ANTNFCT, BROAD/MEDIUM SPECTRUM","CIPROFLOXACIN HCL",82,537
"ANTNFCT, BROAD/MEDIUM SPECTRUM","CIPROFLOXACIN HCL",83,325
"ANTNFCT, BROAD/MEDIUM SPECTRUM","CIPROFLOXACIN HCL",84,137
"ANTNFCT, BROAD/MEDIUM SPECTRUM","CIPROFLOXACIN HCL",85,3882
"ANTNFCT, BROAD/MEDIUM SPECTRUM","CIPROFLOXACIN IN D5W",31,1
"ANTNFCT, BROAD/MEDIUM SPECTRUM","CIPROFLOXACIN IN D5W",70,1
"ANTNFCT, BROAD/MEDIUM SPECTRUM","CIPROFLOXACIN IN D5W",73,1
"ANTNFCT, BROAD/MEDIUM SPECTRUM","CIPROFLOXACIN IN D5W",76,1
"ANTNFCT, BROAD/MEDIUM SPECTRUM","CIPROFLOXACIN IN D5W",82,1
"ANTNFCT, BROAD/MEDIUM SPECTRUM","CIPROFLOXACIN IN D5W",85,1
"ANTNFCT, BROAD/MEDIUM SPECTRUM","CIPROFLOXACIN-CIPROFLOXACIN HCL",19,2
"ANTNFCT, BROAD/MEDIUM SPECTRUM","CIPROFLOXACIN-CIPROFLOXACIN HCL",27,2
"ANTNFCT, BROAD/MEDIUM SPECTRUM","CIPROFLOXACIN-CIPROFLOXACIN HCL",44,1
"ANTNFCT, BROAD/MEDIUM SPECTRUM","CIPROFLOXACIN-CIPROFLOXACIN HCL",47,1
"ANTNFCT, BROAD/MEDIUM SPECTRUM","CIPROFLOXACIN-CIPROFLOXACIN HCL",52,1
"ANTNFCT, BROAD/MEDIUM SPECTRUM","CIPROFLOXACIN-CIPROFLOXACIN HCL",58,1
"ANTNFCT, BROAD/MEDIUM SPECTRUM","CIPROFLOXACIN-CIPROFLOXACIN HCL",67,1
"ANTNFCT, BROAD/MEDIUM SPECTRUM","CIPROFLOXACIN-CIPROFLOXACIN HCL",68,1
"ANTNFCT, BROAD/MEDIUM SPECTRUM","CIPROFLOXACIN-CIPROFLOXACIN HCL",69,1
"ANTNFCT, BROAD/MEDIUM SPECTRUM","CIPROFLOXACIN-CIPROFLOXACIN HCL",71,1
"ANTNFCT, BROAD/MEDIUM SPECTRUM","CIPROFLOXACIN-CIPROFLOXACIN HCL",76,1
"ANTNFCT, BROAD/MEDIUM SPECTRUM",CLARITHROMYCIN,-2,6
"ANTNFCT, BROAD/MEDIUM SPECTRUM",CLARITHROMYCIN,0,4
"ANTNFCT, BROAD/MEDIUM SPECTRUM",CLARITHROMYCIN,1,21
"ANTNFCT, BROAD/MEDIUM SPECTRUM",CLARITHROMYCIN,2,30
"ANTNFCT, BROAD/MEDIUM SPECTRUM",CLARITHROMYCIN,3,18
"ANTNFCT, BROAD/MEDIUM SPECTRUM",CLARITHROMYCIN,4,23
"ANTNFCT, BROAD/MEDIUM SPECTRUM",CLARITHROMYCIN,5,15
"ANTNFCT, BROAD/MEDIUM SPECTRUM",CLARITHROMYCIN,6,29
"ANTNFCT, BROAD/MEDIUM SPECTRUM",CLARITHROMYCIN,7,29
"ANTNFCT, BROAD/MEDIUM SPECTRUM",CLARITHROMYCIN,8,23
"ANTNFCT, BROAD/MEDIUM SPECTRUM",CLARITHROMYCIN,9,37
"ANTNFCT, BROAD/MEDIUM SPECTRUM",CLARITHROMYCIN,10,21
"ANTNFCT, BROAD/MEDIUM SPECTRUM",CLARITHROMYCIN,11,38
"ANTNFCT, BROAD/MEDIUM SPECTRUM",CLARITHROMYCIN,12,23
"ANTNFCT, BROAD/MEDIUM SPECTRUM",CLARITHROMYCIN,13,34
"ANTNFCT, BROAD/MEDIUM SPECTRUM",CLARITHROMYCIN,14,25
"ANTNFCT, BROAD/MEDIUM SPECTRUM",CLARITHROMYCIN,15,29
"ANTNFCT, BROAD/MEDIUM SPECTRUM",CLARITHROMYCIN,16,48
"ANTNFCT, BROAD/MEDIUM SPECTRUM",CLARITHROMYCIN,17,51
"ANTNFCT, BROAD/MEDIUM SPECTRUM",CLARITHROMYCIN,18,50
"ANTNFCT, BROAD/MEDIUM SPECTRUM",CLARITHROMYCIN,19,58
"ANTNFCT, BROAD/MEDIUM SPECTRUM",CLARITHROMYCIN,20,65
"ANTNFCT, BROAD/MEDIUM SPECTRUM",CLARITHROMYCIN,21,50
"ANTNFCT, BROAD/MEDIUM SPECTRUM",CLARITHROMYCIN,22,43
"ANTNFCT, BROAD/MEDIUM SPECTRUM",CLARITHROMYCIN,23,54
"ANTNFCT, BROAD/MEDIUM SPECTRUM",CLARITHROMYCIN,24,61
"ANTNFCT, BROAD/MEDIUM SPECTRUM",CLARITHROMYCIN,25,43
"ANTNFCT, BROAD/MEDIUM SPECTRUM",CLARITHROMYCIN,26,51
"ANTNFCT, BROAD/MEDIUM SPECTRUM",CLARITHROMYCIN,27,50
"ANTNFCT, BROAD/MEDIUM SPECTRUM",CLARITHROMYCIN,28,56
"ANTNFCT, BROAD/MEDIUM SPECTRUM",CLARITHROMYCIN,29,68
"ANTNFCT, BROAD/MEDIUM SPECTRUM",CLARITHROMYCIN,30,55
"ANTNFCT, BROAD/MEDIUM SPECTRUM",CLARITHROMYCIN,31,68
"ANTNFCT, BROAD/MEDIUM SPECTRUM",CLARITHROMYCIN,32,96
"ANTNFCT, BROAD/MEDIUM SPECTRUM",CLARITHROMYCIN,33,75
"ANTNFCT, BROAD/MEDIUM SPECTRUM",CLARITHROMYCIN,34,84
"ANTNFCT, BROAD/MEDIUM SPECTRUM",CLARITHROMYCIN,35,96
"ANTNFCT, BROAD/MEDIUM SPECTRUM",CLARITHROMYCIN,36,93
"ANTNFCT, BROAD/MEDIUM SPECTRUM",CLARITHROMYCIN,37,95
"ANTNFCT, BROAD/MEDIUM SPECTRUM",CLARITHROMYCIN,38,103
"ANTNFCT, BROAD/MEDIUM SPECTRUM",CLARITHROMYCIN,39,87
"ANTNFCT, BROAD/MEDIUM SPECTRUM",CLARITHROMYCIN,40,100
"ANTNFCT, BROAD/MEDIUM SPECTRUM",CLARITHROMYCIN,41,81
"ANTNFCT, BROAD/MEDIUM SPECTRUM",CLARITHROMYCIN,42,102
"ANTNFCT, BROAD/MEDIUM SPECTRUM",CLARITHROMYCIN,43,80
"ANTNFCT, BROAD/MEDIUM SPECTRUM",CLARITHROMYCIN,44,90
"ANTNFCT, BROAD/MEDIUM SPECTRUM",CLARITHROMYCIN,45,94
"ANTNFCT, BROAD/MEDIUM SPECTRUM",CLARITHROMYCIN,46,98
"ANTNFCT, BROAD/MEDIUM SPECTRUM",CLARITHROMYCIN,47,121
"ANTNFCT, BROAD/MEDIUM SPECTRUM",CLARITHROMYCIN,48,116
"ANTNFCT, BROAD/MEDIUM SPECTRUM",CLARITHROMYCIN,49,102
"ANTNFCT, BROAD/MEDIUM SPECTRUM",CLARITHROMYCIN,50,111
"ANTNFCT, BROAD/MEDIUM SPECTRUM",CLARITHROMYCIN,51,134
"ANTNFCT, BROAD/MEDIUM SPECTRUM",CLARITHROMYCIN,52,100
"ANTNFCT, BROAD/MEDIUM SPECTRUM",CLARITHROMYCIN,53,124
"ANTNFCT, BROAD/MEDIUM SPECTRUM",CLARITHROMYCIN,54,127
"ANTNFCT, BROAD/MEDIUM SPECTRUM",CLARITHROMYCIN,55,121
"ANTNFCT, BROAD/MEDIUM SPECTRUM",CLARITHROMYCIN,56,139
"ANTNFCT, BROAD/MEDIUM SPECTRUM",CLARITHROMYCIN,57,128
"ANTNFCT, BROAD/MEDIUM SPECTRUM",CLARITHROMYCIN,58,117
"ANTNFCT, BROAD/MEDIUM SPECTRUM",CLARITHROMYCIN,59,120
"ANTNFCT, BROAD/MEDIUM SPECTRUM",CLARITHROMYCIN,60,116
"ANTNFCT, BROAD/MEDIUM SPECTRUM",CLARITHROMYCIN,61,103
"ANTNFCT, BROAD/MEDIUM SPECTRUM",CLARITHROMYCIN,62,138
"ANTNFCT, BROAD/MEDIUM SPECTRUM",CLARITHROMYCIN,63,124
"ANTNFCT, BROAD/MEDIUM SPECTRUM",CLARITHROMYCIN,64,105
"ANTNFCT, BROAD/MEDIUM SPECTRUM",CLARITHROMYCIN,65,116
"ANTNFCT, BROAD/MEDIUM SPECTRUM",CLARITHROMYCIN,66,103
"ANTNFCT, BROAD/MEDIUM SPECTRUM",CLARITHROMYCIN,67,115
"ANTNFCT, BROAD/MEDIUM SPECTRUM",CLARITHROMYCIN,68,85
"ANTNFCT, BROAD/MEDIUM SPECTRUM",CLARITHROMYCIN,69,89
"ANTNFCT, BROAD/MEDIUM SPECTRUM",CLARITHROMYCIN,70,94
"ANTNFCT, BROAD/MEDIUM SPECTRUM",CLARITHROMYCIN,71,90
"ANTNFCT, BROAD/MEDIUM SPECTRUM",CLARITHROMYCIN,72,82
"ANTNFCT, BROAD/MEDIUM SPECTRUM",CLARITHROMYCIN,73,62
"ANTNFCT, BROAD/MEDIUM SPECTRUM",CLARITHROMYCIN,74,56
"ANTNFCT, BROAD/MEDIUM SPECTRUM",CLARITHROMYCIN,75,64
"ANTNFCT, BROAD/MEDIUM SPECTRUM",CLARITHROMYCIN,76,54
"ANTNFCT, BROAD/MEDIUM SPECTRUM",CLARITHROMYCIN,77,30
"ANTNFCT, BROAD/MEDIUM SPECTRUM",CLARITHROMYCIN,78,49
"ANTNFCT, BROAD/MEDIUM SPECTRUM",CLARITHROMYCIN,79,43
"ANTNFCT, BROAD/MEDIUM SPECTRUM",CLARITHROMYCIN,80,29
"ANTNFCT, BROAD/MEDIUM SPECTRUM",CLARITHROMYCIN,81,26
"ANTNFCT, BROAD/MEDIUM SPECTRUM",CLARITHROMYCIN,82,24
"ANTNFCT, BROAD/MEDIUM SPECTRUM",CLARITHROMYCIN,83,19
"ANTNFCT, BROAD/MEDIUM SPECTRUM",CLARITHROMYCIN,84,4
"ANTNFCT, BROAD/MEDIUM SPECTRUM",CLARITHROMYCIN,85,119
"ANTNFCT, BROAD/MEDIUM SPECTRUM","CLINDAMYCIN HCL",-2,33
"ANTNFCT, BROAD/MEDIUM SPECTRUM","CLINDAMYCIN HCL",0,6
"ANTNFCT, BROAD/MEDIUM SPECTRUM","CLINDAMYCIN HCL",1,6
"ANTNFCT, BROAD/MEDIUM SPECTRUM","CLINDAMYCIN HCL",2,13
"ANTNFCT, BROAD/MEDIUM SPECTRUM","CLINDAMYCIN HCL",3,12
"ANTNFCT, BROAD/MEDIUM SPECTRUM","CLINDAMYCIN HCL",4,28
"ANTNFCT, BROAD/MEDIUM SPECTRUM","CLINDAMYCIN HCL",5,23
"ANTNFCT, BROAD/MEDIUM SPECTRUM","CLINDAMYCIN HCL",6,31
"ANTNFCT, BROAD/MEDIUM SPECTRUM","CLINDAMYCIN HCL",7,36
"ANTNFCT, BROAD/MEDIUM SPECTRUM","CLINDAMYCIN HCL",8,56
"ANTNFCT, BROAD/MEDIUM SPECTRUM","CLINDAMYCIN HCL",9,81
"ANTNFCT, BROAD/MEDIUM SPECTRUM","CLINDAMYCIN HCL",10,101
"ANTNFCT, BROAD/MEDIUM SPECTRUM","CLINDAMYCIN HCL",11,120
"ANTNFCT, BROAD/MEDIUM SPECTRUM","CLINDAMYCIN HCL",12,113
"ANTNFCT, BROAD/MEDIUM SPECTRUM","CLINDAMYCIN HCL",13,156
"ANTNFCT, BROAD/MEDIUM SPECTRUM","CLINDAMYCIN HCL",14,186
"ANTNFCT, BROAD/MEDIUM SPECTRUM","CLINDAMYCIN HCL",15,215
"ANTNFCT, BROAD/MEDIUM SPECTRUM","CLINDAMYCIN HCL",16,297
"ANTNFCT, BROAD/MEDIUM SPECTRUM","CLINDAMYCIN HCL",17,323
"ANTNFCT, BROAD/MEDIUM SPECTRUM","CLINDAMYCIN HCL",18,378
"ANTNFCT, BROAD/MEDIUM SPECTRUM","CLINDAMYCIN HCL",19,343
"ANTNFCT, BROAD/MEDIUM SPECTRUM","CLINDAMYCIN HCL",20,329
"ANTNFCT, BROAD/MEDIUM SPECTRUM","CLINDAMYCIN HCL",21,341
"ANTNFCT, BROAD/MEDIUM SPECTRUM","CLINDAMYCIN HCL",22,375
"ANTNFCT, BROAD/MEDIUM SPECTRUM","CLINDAMYCIN HCL",23,358
"ANTNFCT, BROAD/MEDIUM SPECTRUM","CLINDAMYCIN HCL",24,414
"ANTNFCT, BROAD/MEDIUM SPECTRUM","CLINDAMYCIN HCL",25,425
"ANTNFCT, BROAD/MEDIUM SPECTRUM","CLINDAMYCIN HCL",26,455
"ANTNFCT, BROAD/MEDIUM SPECTRUM","CLINDAMYCIN HCL",27,426
"ANTNFCT, BROAD/MEDIUM SPECTRUM","CLINDAMYCIN HCL",28,505
"ANTNFCT, BROAD/MEDIUM SPECTRUM","CLINDAMYCIN HCL",29,547
"ANTNFCT, BROAD/MEDIUM SPECTRUM","CLINDAMYCIN HCL",30,506
"ANTNFCT, BROAD/MEDIUM SPECTRUM","CLINDAMYCIN HCL",31,584
"ANTNFCT, BROAD/MEDIUM SPECTRUM","CLINDAMYCIN HCL",32,482
"ANTNFCT, BROAD/MEDIUM SPECTRUM","CLINDAMYCIN HCL",33,558
"ANTNFCT, BROAD/MEDIUM SPECTRUM","CLINDAMYCIN HCL",34,537
"ANTNFCT, BROAD/MEDIUM SPECTRUM","CLINDAMYCIN HCL",35,563
"ANTNFCT, BROAD/MEDIUM SPECTRUM","CLINDAMYCIN HCL",36,556
"ANTNFCT, BROAD/MEDIUM SPECTRUM","CLINDAMYCIN HCL",37,534
"ANTNFCT, BROAD/MEDIUM SPECTRUM","CLINDAMYCIN HCL",38,525
"ANTNFCT, BROAD/MEDIUM SPECTRUM","CLINDAMYCIN HCL",39,503
"ANTNFCT, BROAD/MEDIUM SPECTRUM","CLINDAMYCIN HCL",40,469
"ANTNFCT, BROAD/MEDIUM SPECTRUM","CLINDAMYCIN HCL",41,491
"ANTNFCT, BROAD/MEDIUM SPECTRUM","CLINDAMYCIN HCL",42,513
"ANTNFCT, BROAD/MEDIUM SPECTRUM","CLINDAMYCIN HCL",43,475
"ANTNFCT, BROAD/MEDIUM SPECTRUM","CLINDAMYCIN HCL",44,476
"ANTNFCT, BROAD/MEDIUM SPECTRUM","CLINDAMYCIN HCL",45,477
"ANTNFCT, BROAD/MEDIUM SPECTRUM","CLINDAMYCIN HCL",46,539
"ANTNFCT, BROAD/MEDIUM SPECTRUM","CLINDAMYCIN HCL",47,502
"ANTNFCT, BROAD/MEDIUM SPECTRUM","CLINDAMYCIN HCL",48,515
"ANTNFCT, BROAD/MEDIUM SPECTRUM","CLINDAMYCIN HCL",49,558
"ANTNFCT, BROAD/MEDIUM SPECTRUM","CLINDAMYCIN HCL",50,573
"ANTNFCT, BROAD/MEDIUM SPECTRUM","CLINDAMYCIN HCL",51,558
"ANTNFCT, BROAD/MEDIUM SPECTRUM","CLINDAMYCIN HCL",52,541
"ANTNFCT, BROAD/MEDIUM SPECTRUM","CLINDAMYCIN HCL",53,544
"ANTNFCT, BROAD/MEDIUM SPECTRUM","CLINDAMYCIN HCL",54,620
"ANTNFCT, BROAD/MEDIUM SPECTRUM","CLINDAMYCIN HCL",55,613
"ANTNFCT, BROAD/MEDIUM SPECTRUM","CLINDAMYCIN HCL",56,619
"ANTNFCT, BROAD/MEDIUM SPECTRUM","CLINDAMYCIN HCL",57,658
"ANTNFCT, BROAD/MEDIUM SPECTRUM","CLINDAMYCIN HCL",58,626
"ANTNFCT, BROAD/MEDIUM SPECTRUM","CLINDAMYCIN HCL",59,674
"ANTNFCT, BROAD/MEDIUM SPECTRUM","CLINDAMYCIN HCL",60,641
"ANTNFCT, BROAD/MEDIUM SPECTRUM","CLINDAMYCIN HCL",61,644
"ANTNFCT, BROAD/MEDIUM SPECTRUM","CLINDAMYCIN HCL",62,701
"ANTNFCT, BROAD/MEDIUM SPECTRUM","CLINDAMYCIN HCL",63,640
"ANTNFCT, BROAD/MEDIUM SPECTRUM","CLINDAMYCIN HCL",64,630
"ANTNFCT, BROAD/MEDIUM SPECTRUM","CLINDAMYCIN HCL",65,595
"ANTNFCT, BROAD/MEDIUM SPECTRUM","CLINDAMYCIN HCL",66,620
"ANTNFCT, BROAD/MEDIUM SPECTRUM","CLINDAMYCIN HCL",67,583
"ANTNFCT, BROAD/MEDIUM SPECTRUM","CLINDAMYCIN HCL",68,598
"ANTNFCT, BROAD/MEDIUM SPECTRUM","CLINDAMYCIN HCL",69,574
"ANTNFCT, BROAD/MEDIUM SPECTRUM","CLINDAMYCIN HCL",70,543
"ANTNFCT, BROAD/MEDIUM SPECTRUM","CLINDAMYCIN HCL",71,569
"ANTNFCT, BROAD/MEDIUM SPECTRUM","CLINDAMYCIN HCL",72,518
"ANTNFCT, BROAD/MEDIUM SPECTRUM","CLINDAMYCIN HCL",73,456
"ANTNFCT, BROAD/MEDIUM SPECTRUM","CLINDAMYCIN HCL",74,413
"ANTNFCT, BROAD/MEDIUM SPECTRUM","CLINDAMYCIN HCL",75,374
"ANTNFCT, BROAD/MEDIUM SPECTRUM","CLINDAMYCIN HCL",76,368
"ANTNFCT, BROAD/MEDIUM SPECTRUM","CLINDAMYCIN HCL",77,374
"ANTNFCT, BROAD/MEDIUM SPECTRUM","CLINDAMYCIN HCL",78,332
"ANTNFCT, BROAD/MEDIUM SPECTRUM","CLINDAMYCIN HCL",79,279
"ANTNFCT, BROAD/MEDIUM SPECTRUM","CLINDAMYCIN HCL",80,257
"ANTNFCT, BROAD/MEDIUM SPECTRUM","CLINDAMYCIN HCL",81,250
"ANTNFCT, BROAD/MEDIUM SPECTRUM","CLINDAMYCIN HCL",82,215
"ANTNFCT, BROAD/MEDIUM SPECTRUM","CLINDAMYCIN HCL",83,119
"ANTNFCT, BROAD/MEDIUM SPECTRUM","CLINDAMYCIN HCL",84,45
"ANTNFCT, BROAD/MEDIUM SPECTRUM","CLINDAMYCIN HCL",85,1291
"ANTNFCT, BROAD/MEDIUM SPECTRUM","CLINDAMYCIN PALMITATE HYDROCHLORIDE",-2,2
"ANTNFCT, BROAD/MEDIUM SPECTRUM","CLINDAMYCIN PALMITATE HYDROCHLORIDE",0,31
"ANTNFCT, BROAD/MEDIUM SPECTRUM","CLINDAMYCIN PALMITATE HYDROCHLORIDE",1,166
"ANTNFCT, BROAD/MEDIUM SPECTRUM","CLINDAMYCIN PALMITATE HYDROCHLORIDE",2,204
"ANTNFCT, BROAD/MEDIUM SPECTRUM","CLINDAMYCIN PALMITATE HYDROCHLORIDE",3,177
"ANTNFCT, BROAD/MEDIUM SPECTRUM","CLINDAMYCIN PALMITATE HYDROCHLORIDE",4,132
"ANTNFCT, BROAD/MEDIUM SPECTRUM","CLINDAMYCIN PALMITATE HYDROCHLORIDE",5,147
"ANTNFCT, BROAD/MEDIUM SPECTRUM","CLINDAMYCIN PALMITATE HYDROCHLORIDE",6,133
"ANTNFCT, BROAD/MEDIUM SPECTRUM","CLINDAMYCIN PALMITATE HYDROCHLORIDE",7,167
"ANTNFCT, BROAD/MEDIUM SPECTRUM","CLINDAMYCIN PALMITATE HYDROCHLORIDE",8,141
"ANTNFCT, BROAD/MEDIUM SPECTRUM","CLINDAMYCIN PALMITATE HYDROCHLORIDE",9,102
"ANTNFCT, BROAD/MEDIUM SPECTRUM","CLINDAMYCIN PALMITATE HYDROCHLORIDE",10,73
"ANTNFCT, BROAD/MEDIUM SPECTRUM","CLINDAMYCIN PALMITATE HYDROCHLORIDE",11,43
"ANTNFCT, BROAD/MEDIUM SPECTRUM","CLINDAMYCIN PALMITATE HYDROCHLORIDE",12,27
"ANTNFCT, BROAD/MEDIUM SPECTRUM","CLINDAMYCIN PALMITATE HYDROCHLORIDE",13,19
"ANTNFCT, BROAD/MEDIUM SPECTRUM","CLINDAMYCIN PALMITATE HYDROCHLORIDE",14,9
"ANTNFCT, BROAD/MEDIUM SPECTRUM","CLINDAMYCIN PALMITATE HYDROCHLORIDE",15,9
"ANTNFCT, BROAD/MEDIUM SPECTRUM","CLINDAMYCIN PALMITATE HYDROCHLORIDE",16,7
"ANTNFCT, BROAD/MEDIUM SPECTRUM","CLINDAMYCIN PALMITATE HYDROCHLORIDE",17,7
"ANTNFCT, BROAD/MEDIUM SPECTRUM","CLINDAMYCIN PALMITATE HYDROCHLORIDE",18,5
"ANTNFCT, BROAD/MEDIUM SPECTRUM","CLINDAMYCIN PALMITATE HYDROCHLORIDE",19,2
"ANTNFCT, BROAD/MEDIUM SPECTRUM","CLINDAMYCIN PALMITATE HYDROCHLORIDE",20,5
"ANTNFCT, BROAD/MEDIUM SPECTRUM","CLINDAMYCIN PALMITATE HYDROCHLORIDE",21,4
"ANTNFCT, BROAD/MEDIUM SPECTRUM","CLINDAMYCIN PALMITATE HYDROCHLORIDE",22,3
"ANTNFCT, BROAD/MEDIUM SPECTRUM","CLINDAMYCIN PALMITATE HYDROCHLORIDE",23,2
"ANTNFCT, BROAD/MEDIUM SPECTRUM","CLINDAMYCIN PALMITATE HYDROCHLORIDE",24,2
"ANTNFCT, BROAD/MEDIUM SPECTRUM","CLINDAMYCIN PALMITATE HYDROCHLORIDE",25,2
"ANTNFCT, BROAD/MEDIUM SPECTRUM","CLINDAMYCIN PALMITATE HYDROCHLORIDE",26,4
"ANTNFCT, BROAD/MEDIUM SPECTRUM","CLINDAMYCIN PALMITATE HYDROCHLORIDE",27,3
"ANTNFCT, BROAD/MEDIUM SPECTRUM","CLINDAMYCIN PALMITATE HYDROCHLORIDE",28,1
"ANTNFCT, BROAD/MEDIUM SPECTRUM","CLINDAMYCIN PALMITATE HYDROCHLORIDE",29,5
"ANTNFCT, BROAD/MEDIUM SPECTRUM","CLINDAMYCIN PALMITATE HYDROCHLORIDE",30,3
"ANTNFCT, BROAD/MEDIUM SPECTRUM","CLINDAMYCIN PALMITATE HYDROCHLORIDE",31,1
"ANTNFCT, BROAD/MEDIUM SPECTRUM","CLINDAMYCIN PALMITATE HYDROCHLORIDE",32,2
"ANTNFCT, BROAD/MEDIUM SPECTRUM","CLINDAMYCIN PALMITATE HYDROCHLORIDE",33,4
"ANTNFCT, BROAD/MEDIUM SPECTRUM","CLINDAMYCIN PALMITATE HYDROCHLORIDE",34,1
"ANTNFCT, BROAD/MEDIUM SPECTRUM","CLINDAMYCIN PALMITATE HYDROCHLORIDE",35,6
"ANTNFCT, BROAD/MEDIUM SPECTRUM","CLINDAMYCIN PALMITATE HYDROCHLORIDE",36,2
"ANTNFCT, BROAD/MEDIUM SPECTRUM","CLINDAMYCIN PALMITATE HYDROCHLORIDE",37,3
"ANTNFCT, BROAD/MEDIUM SPECTRUM","CLINDAMYCIN PALMITATE HYDROCHLORIDE",38,2
"ANTNFCT, BROAD/MEDIUM SPECTRUM","CLINDAMYCIN PALMITATE HYDROCHLORIDE",39,1
"ANTNFCT, BROAD/MEDIUM SPECTRUM","CLINDAMYCIN PALMITATE HYDROCHLORIDE",40,2
"ANTNFCT, BROAD/MEDIUM SPECTRUM","CLINDAMYCIN PALMITATE HYDROCHLORIDE",41,2
"ANTNFCT, BROAD/MEDIUM SPECTRUM","CLINDAMYCIN PALMITATE HYDROCHLORIDE",42,1
"ANTNFCT, BROAD/MEDIUM SPECTRUM","CLINDAMYCIN PALMITATE HYDROCHLORIDE",43,1
"ANTNFCT, BROAD/MEDIUM SPECTRUM","CLINDAMYCIN PALMITATE HYDROCHLORIDE",45,4
"ANTNFCT, BROAD/MEDIUM SPECTRUM","CLINDAMYCIN PALMITATE HYDROCHLORIDE",46,1
"ANTNFCT, BROAD/MEDIUM SPECTRUM","CLINDAMYCIN PALMITATE HYDROCHLORIDE",47,2
"ANTNFCT, BROAD/MEDIUM SPECTRUM","CLINDAMYCIN PALMITATE HYDROCHLORIDE",48,1
"ANTNFCT, BROAD/MEDIUM SPECTRUM","CLINDAMYCIN PALMITATE HYDROCHLORIDE",49,2
"ANTNFCT, BROAD/MEDIUM SPECTRUM","CLINDAMYCIN PALMITATE HYDROCHLORIDE",50,1
"ANTNFCT, BROAD/MEDIUM SPECTRUM","CLINDAMYCIN PALMITATE HYDROCHLORIDE",51,3
"ANTNFCT, BROAD/MEDIUM SPECTRUM","CLINDAMYCIN PALMITATE HYDROCHLORIDE",52,3
"ANTNFCT, BROAD/MEDIUM SPECTRUM","CLINDAMYCIN PALMITATE HYDROCHLORIDE",53,3
"ANTNFCT, BROAD/MEDIUM SPECTRUM","CLINDAMYCIN PALMITATE HYDROCHLORIDE",54,5
"ANTNFCT, BROAD/MEDIUM SPECTRUM","CLINDAMYCIN PALMITATE HYDROCHLORIDE",55,2
"ANTNFCT, BROAD/MEDIUM SPECTRUM","CLINDAMYCIN PALMITATE HYDROCHLORIDE",56,1
"ANTNFCT, BROAD/MEDIUM SPECTRUM","CLINDAMYCIN PALMITATE HYDROCHLORIDE",57,3
"ANTNFCT, BROAD/MEDIUM SPECTRUM","CLINDAMYCIN PALMITATE HYDROCHLORIDE",58,2
"ANTNFCT, BROAD/MEDIUM SPECTRUM","CLINDAMYCIN PALMITATE HYDROCHLORIDE",59,1
"ANTNFCT, BROAD/MEDIUM SPECTRUM","CLINDAMYCIN PALMITATE HYDROCHLORIDE",60,2
"ANTNFCT, BROAD/MEDIUM SPECTRUM","CLINDAMYCIN PALMITATE HYDROCHLORIDE",61,2
"ANTNFCT, BROAD/MEDIUM SPECTRUM","CLINDAMYCIN PALMITATE HYDROCHLORIDE",62,3
"ANTNFCT, BROAD/MEDIUM SPECTRUM","CLINDAMYCIN PALMITATE HYDROCHLORIDE",63,1
"ANTNFCT, BROAD/MEDIUM SPECTRUM","CLINDAMYCIN PALMITATE HYDROCHLORIDE",64,3
"ANTNFCT, BROAD/MEDIUM SPECTRUM","CLINDAMYCIN PALMITATE HYDROCHLORIDE",65,2
"ANTNFCT, BROAD/MEDIUM SPECTRUM","CLINDAMYCIN PALMITATE HYDROCHLORIDE",66,4
"ANTNFCT, BROAD/MEDIUM SPECTRUM","CLINDAMYCIN PALMITATE HYDROCHLORIDE",67,3
"ANTNFCT, BROAD/MEDIUM SPECTRUM","CLINDAMYCIN PALMITATE HYDROCHLORIDE",68,2
"ANTNFCT, BROAD/MEDIUM SPECTRUM","CLINDAMYCIN PALMITATE HYDROCHLORIDE",70,2
"ANTNFCT, BROAD/MEDIUM SPECTRUM","CLINDAMYCIN PALMITATE HYDROCHLORIDE",71,1
"ANTNFCT, BROAD/MEDIUM SPECTRUM","CLINDAMYCIN PALMITATE HYDROCHLORIDE",72,1
"ANTNFCT, BROAD/MEDIUM SPECTRUM","CLINDAMYCIN PALMITATE HYDROCHLORIDE",73,5
"ANTNFCT, BROAD/MEDIUM SPECTRUM","CLINDAMYCIN PALMITATE HYDROCHLORIDE",74,1
"ANTNFCT, BROAD/MEDIUM SPECTRUM","CLINDAMYCIN PALMITATE HYDROCHLORIDE",75,1
"ANTNFCT, BROAD/MEDIUM SPECTRUM","CLINDAMYCIN PALMITATE HYDROCHLORIDE",76,2
"ANTNFCT, BROAD/MEDIUM SPECTRUM","CLINDAMYCIN PALMITATE HYDROCHLORIDE",82,2
"ANTNFCT, BROAD/MEDIUM SPECTRUM","CLINDAMYCIN PALMITATE HYDROCHLORIDE",85,9
"ANTNFCT, BROAD/MEDIUM SPECTRUM","CLINDAMYCIN PHOSPHATE",44,1
"ANTNFCT, BROAD/MEDIUM SPECTRUM","CLINDAMYCIN PHOSPHATE",48,1
"ANTNFCT, BROAD/MEDIUM SPECTRUM","CLINDAMYCIN PHOSPHATE",53,1
"ANTNFCT, BROAD/MEDIUM SPECTRUM","CLINDAMYCIN PHOSPHATE",59,1
"ANTNFCT, BROAD/MEDIUM SPECTRUM","CLINDAMYCIN PHOSPHATE IN D5W",41,1
"ANTNFCT, BROAD/MEDIUM SPECTRUM","CLINDAMYCIN PHOSPHATE IN D5W",61,1
"ANTNFCT, BROAD/MEDIUM SPECTRUM","CLINDAMYCIN PHOSPHATE IN D5W",65,1
"ANTNFCT, BROAD/MEDIUM SPECTRUM","COLISTIMETHATE SODIUM",9,1
"ANTNFCT, BROAD/MEDIUM SPECTRUM","COLISTIMETHATE SODIUM",10,2
"ANTNFCT, BROAD/MEDIUM SPECTRUM","COLISTIMETHATE SODIUM",16,1
"ANTNFCT, BROAD/MEDIUM SPECTRUM","COLISTIMETHATE SODIUM",19,2
"ANTNFCT, BROAD/MEDIUM SPECTRUM","COLISTIMETHATE SODIUM",21,1
"ANTNFCT, BROAD/MEDIUM SPECTRUM","COLISTIMETHATE SODIUM",22,2
"ANTNFCT, BROAD/MEDIUM SPECTRUM","COLISTIMETHATE SODIUM",25,1
"ANTNFCT, BROAD/MEDIUM SPECTRUM","COLISTIMETHATE SODIUM",29,1
"ANTNFCT, BROAD/MEDIUM SPECTRUM","COLISTIMETHATE SODIUM",33,1
"ANTNFCT, BROAD/MEDIUM SPECTRUM","COLISTIMETHATE SODIUM",34,1
"ANTNFCT, BROAD/MEDIUM SPECTRUM","COLISTIMETHATE SODIUM",35,1
"ANTNFCT, BROAD/MEDIUM SPECTRUM","COLISTIMETHATE SODIUM",37,1
"ANTNFCT, BROAD/MEDIUM SPECTRUM","COLISTIMETHATE SODIUM",48,1
"ANTNFCT, BROAD/MEDIUM SPECTRUM","COLISTIMETHATE SODIUM",53,1
"ANTNFCT, BROAD/MEDIUM SPECTRUM","COLISTIMETHATE SODIUM",61,2
"ANTNFCT, BROAD/MEDIUM SPECTRUM","COLISTIMETHATE SODIUM",63,1
"ANTNFCT, BROAD/MEDIUM SPECTRUM","COLISTIMETHATE SODIUM",66,1
"ANTNFCT, BROAD/MEDIUM SPECTRUM","COLISTIMETHATE SODIUM",68,1
"ANTNFCT, BROAD/MEDIUM SPECTRUM","COLISTIMETHATE SODIUM",69,2
"ANTNFCT, BROAD/MEDIUM SPECTRUM","COLISTIMETHATE SODIUM",73,1
"ANTNFCT, BROAD/MEDIUM SPECTRUM","COLISTIMETHATE SODIUM",79,1
"ANTNFCT, BROAD/MEDIUM SPECTRUM","COLISTIMETHATE SODIUM",82,1
"ANTNFCT, BROAD/MEDIUM SPECTRUM","COLISTIMETHATE SODIUM",84,1
"ANTNFCT, BROAD/MEDIUM SPECTRUM","COLISTIMETHATE SODIUM",85,2
"ANTNFCT, BROAD/MEDIUM SPECTRUM",DAPTOMYCIN,40,1
"ANTNFCT, BROAD/MEDIUM SPECTRUM",DAPTOMYCIN,43,1
"ANTNFCT, BROAD/MEDIUM SPECTRUM",DAPTOMYCIN,49,3
"ANTNFCT, BROAD/MEDIUM SPECTRUM",DAPTOMYCIN,50,1
"ANTNFCT, BROAD/MEDIUM SPECTRUM",DAPTOMYCIN,51,1
"ANTNFCT, BROAD/MEDIUM SPECTRUM",DAPTOMYCIN,56,1
"ANTNFCT, BROAD/MEDIUM SPECTRUM",DAPTOMYCIN,59,1
"ANTNFCT, BROAD/MEDIUM SPECTRUM",DAPTOMYCIN,62,1
"ANTNFCT, BROAD/MEDIUM SPECTRUM",DAPTOMYCIN,63,2
"ANTNFCT, BROAD/MEDIUM SPECTRUM",DAPTOMYCIN,68,1
"ANTNFCT, BROAD/MEDIUM SPECTRUM",DAPTOMYCIN,70,1
"ANTNFCT, BROAD/MEDIUM SPECTRUM",DAPTOMYCIN,72,1
"ANTNFCT, BROAD/MEDIUM SPECTRUM",DAPTOMYCIN,85,2
"ANTNFCT, BROAD/MEDIUM SPECTRUM","DELAFLOXACIN MEGLUMINE",31,1
"ANTNFCT, BROAD/MEDIUM SPECTRUM","DELAFLOXACIN MEGLUMINE",35,1
"ANTNFCT, BROAD/MEDIUM SPECTRUM","DELAFLOXACIN MEGLUMINE",40,1
"ANTNFCT, BROAD/MEDIUM SPECTRUM","DELAFLOXACIN MEGLUMINE",41,1
"ANTNFCT, BROAD/MEDIUM SPECTRUM","DELAFLOXACIN MEGLUMINE",46,2
"ANTNFCT, BROAD/MEDIUM SPECTRUM","DELAFLOXACIN MEGLUMINE",52,1
"ANTNFCT, BROAD/MEDIUM SPECTRUM","DELAFLOXACIN MEGLUMINE",53,3
"ANTNFCT, BROAD/MEDIUM SPECTRUM","DELAFLOXACIN MEGLUMINE",56,2
"ANTNFCT, BROAD/MEDIUM SPECTRUM","DELAFLOXACIN MEGLUMINE",57,1
"ANTNFCT, BROAD/MEDIUM SPECTRUM","DELAFLOXACIN MEGLUMINE",58,1
"ANTNFCT, BROAD/MEDIUM SPECTRUM","DELAFLOXACIN MEGLUMINE",62,1
"ANTNFCT, BROAD/MEDIUM SPECTRUM","DELAFLOXACIN MEGLUMINE",63,2
"ANTNFCT, BROAD/MEDIUM SPECTRUM","DELAFLOXACIN MEGLUMINE",64,1
"ANTNFCT, BROAD/MEDIUM SPECTRUM","DELAFLOXACIN MEGLUMINE",72,1
"ANTNFCT, BROAD/MEDIUM SPECTRUM","DELAFLOXACIN MEGLUMINE",73,1
"ANTNFCT, BROAD/MEDIUM SPECTRUM","DELAFLOXACIN MEGLUMINE",80,1
"ANTNFCT, BROAD/MEDIUM SPECTRUM","DEMECLOCYCLINE HCL",37,1
"ANTNFCT, BROAD/MEDIUM SPECTRUM","DEMECLOCYCLINE HCL",50,1
"ANTNFCT, BROAD/MEDIUM SPECTRUM","DEMECLOCYCLINE HCL",51,1
"ANTNFCT, BROAD/MEDIUM SPECTRUM","DEMECLOCYCLINE HCL",55,2
"ANTNFCT, BROAD/MEDIUM SPECTRUM","DEMECLOCYCLINE HCL",58,1
"ANTNFCT, BROAD/MEDIUM SPECTRUM","DEMECLOCYCLINE HCL",59,3
"ANTNFCT, BROAD/MEDIUM SPECTRUM","DEMECLOCYCLINE HCL",60,1
"ANTNFCT, BROAD/MEDIUM SPECTRUM","DEMECLOCYCLINE HCL",61,4
"ANTNFCT, BROAD/MEDIUM SPECTRUM","DEMECLOCYCLINE HCL",62,1
"ANTNFCT, BROAD/MEDIUM SPECTRUM","DEMECLOCYCLINE HCL",63,1
"ANTNFCT, BROAD/MEDIUM SPECTRUM","DEMECLOCYCLINE HCL",66,1
"ANTNFCT, BROAD/MEDIUM SPECTRUM","DEMECLOCYCLINE HCL",68,3
"ANTNFCT, BROAD/MEDIUM SPECTRUM","DEMECLOCYCLINE HCL",69,1
"ANTNFCT, BROAD/MEDIUM SPECTRUM","DEMECLOCYCLINE HCL",70,1
"ANTNFCT, BROAD/MEDIUM SPECTRUM","DEMECLOCYCLINE HCL",71,2
"ANTNFCT, BROAD/MEDIUM SPECTRUM","DEMECLOCYCLINE HCL",74,1
"ANTNFCT, BROAD/MEDIUM SPECTRUM","DEMECLOCYCLINE HCL",76,1
"ANTNFCT, BROAD/MEDIUM SPECTRUM","DEMECLOCYCLINE HCL",77,2
"ANTNFCT, BROAD/MEDIUM SPECTRUM","DEMECLOCYCLINE HCL",80,2
"ANTNFCT, BROAD/MEDIUM SPECTRUM","DEMECLOCYCLINE HCL",81,1
"ANTNFCT, BROAD/MEDIUM SPECTRUM","DEMECLOCYCLINE HCL",82,2
"ANTNFCT, BROAD/MEDIUM SPECTRUM","DEMECLOCYCLINE HCL",84,1
"ANTNFCT, BROAD/MEDIUM SPECTRUM","DEMECLOCYCLINE HCL",85,23
"ANTNFCT, BROAD/MEDIUM SPECTRUM","DICLOXACILLIN SODIUM",-2,3
"ANTNFCT, BROAD/MEDIUM SPECTRUM","DICLOXACILLIN SODIUM",1,1
"ANTNFCT, BROAD/MEDIUM SPECTRUM","DICLOXACILLIN SODIUM",4,1
"ANTNFCT, BROAD/MEDIUM SPECTRUM","DICLOXACILLIN SODIUM",9,2
"ANTNFCT, BROAD/MEDIUM SPECTRUM","DICLOXACILLIN SODIUM",11,2
"ANTNFCT, BROAD/MEDIUM SPECTRUM","DICLOXACILLIN SODIUM",12,1
"ANTNFCT, BROAD/MEDIUM SPECTRUM","DICLOXACILLIN SODIUM",14,3
"ANTNFCT, BROAD/MEDIUM SPECTRUM","DICLOXACILLIN SODIUM",15,1
"ANTNFCT, BROAD/MEDIUM SPECTRUM","DICLOXACILLIN SODIUM",17,2
"ANTNFCT, BROAD/MEDIUM SPECTRUM","DICLOXACILLIN SODIUM",18,4
"ANTNFCT, BROAD/MEDIUM SPECTRUM","DICLOXACILLIN SODIUM",19,5
"ANTNFCT, BROAD/MEDIUM SPECTRUM","DICLOXACILLIN SODIUM",20,5
"ANTNFCT, BROAD/MEDIUM SPECTRUM","DICLOXACILLIN SODIUM",21,10
"ANTNFCT, BROAD/MEDIUM SPECTRUM","DICLOXACILLIN SODIUM",22,16
"ANTNFCT, BROAD/MEDIUM SPECTRUM","DICLOXACILLIN SODIUM",23,13
"ANTNFCT, BROAD/MEDIUM SPECTRUM","DICLOXACILLIN SODIUM",24,21
"ANTNFCT, BROAD/MEDIUM SPECTRUM","DICLOXACILLIN SODIUM",25,23
"ANTNFCT, BROAD/MEDIUM SPECTRUM","DICLOXACILLIN SODIUM",26,26
"ANTNFCT, BROAD/MEDIUM SPECTRUM","DICLOXACILLIN SODIUM",27,23
"ANTNFCT, BROAD/MEDIUM SPECTRUM","DICLOXACILLIN SODIUM",28,40
"ANTNFCT, BROAD/MEDIUM SPECTRUM","DICLOXACILLIN SODIUM",29,53
"ANTNFCT, BROAD/MEDIUM SPECTRUM","DICLOXACILLIN SODIUM",30,32
"ANTNFCT, BROAD/MEDIUM SPECTRUM","DICLOXACILLIN SODIUM",31,45
"ANTNFCT, BROAD/MEDIUM SPECTRUM","DICLOXACILLIN SODIUM",32,44
"ANTNFCT, BROAD/MEDIUM SPECTRUM","DICLOXACILLIN SODIUM",33,42
"ANTNFCT, BROAD/MEDIUM SPECTRUM","DICLOXACILLIN SODIUM",34,40
"ANTNFCT, BROAD/MEDIUM SPECTRUM","DICLOXACILLIN SODIUM",35,42
"ANTNFCT, BROAD/MEDIUM SPECTRUM","DICLOXACILLIN SODIUM",36,33
"ANTNFCT, BROAD/MEDIUM SPECTRUM","DICLOXACILLIN SODIUM",37,31
"ANTNFCT, BROAD/MEDIUM SPECTRUM","DICLOXACILLIN SODIUM",38,27
"ANTNFCT, BROAD/MEDIUM SPECTRUM","DICLOXACILLIN SODIUM",39,22
"ANTNFCT, BROAD/MEDIUM SPECTRUM","DICLOXACILLIN SODIUM",40,13
"ANTNFCT, BROAD/MEDIUM SPECTRUM","DICLOXACILLIN SODIUM",41,11
"ANTNFCT, BROAD/MEDIUM SPECTRUM","DICLOXACILLIN SODIUM",42,11
"ANTNFCT, BROAD/MEDIUM SPECTRUM","DICLOXACILLIN SODIUM",43,13
"ANTNFCT, BROAD/MEDIUM SPECTRUM","DICLOXACILLIN SODIUM",44,7
"ANTNFCT, BROAD/MEDIUM SPECTRUM","DICLOXACILLIN SODIUM",45,7
"ANTNFCT, BROAD/MEDIUM SPECTRUM","DICLOXACILLIN SODIUM",46,10
"ANTNFCT, BROAD/MEDIUM SPECTRUM","DICLOXACILLIN SODIUM",47,9
"ANTNFCT, BROAD/MEDIUM SPECTRUM","DICLOXACILLIN SODIUM",48,8
"ANTNFCT, BROAD/MEDIUM SPECTRUM","DICLOXACILLIN SODIUM",49,9
"ANTNFCT, BROAD/MEDIUM SPECTRUM","DICLOXACILLIN SODIUM",50,2
"ANTNFCT, BROAD/MEDIUM SPECTRUM","DICLOXACILLIN SODIUM",51,11
"ANTNFCT, BROAD/MEDIUM SPECTRUM","DICLOXACILLIN SODIUM",52,4
"ANTNFCT, BROAD/MEDIUM SPECTRUM","DICLOXACILLIN SODIUM",53,3
"ANTNFCT, BROAD/MEDIUM SPECTRUM","DICLOXACILLIN SODIUM",54,6
"ANTNFCT, BROAD/MEDIUM SPECTRUM","DICLOXACILLIN SODIUM",55,11
"ANTNFCT, BROAD/MEDIUM SPECTRUM","DICLOXACILLIN SODIUM",56,8
"ANTNFCT, BROAD/MEDIUM SPECTRUM","DICLOXACILLIN SODIUM",57,16
"ANTNFCT, BROAD/MEDIUM SPECTRUM","DICLOXACILLIN SODIUM",58,9
"ANTNFCT, BROAD/MEDIUM SPECTRUM","DICLOXACILLIN SODIUM",59,11
"ANTNFCT, BROAD/MEDIUM SPECTRUM","DICLOXACILLIN SODIUM",60,12
"ANTNFCT, BROAD/MEDIUM SPECTRUM","DICLOXACILLIN SODIUM",61,6
"ANTNFCT, BROAD/MEDIUM SPECTRUM","DICLOXACILLIN SODIUM",62,11
"ANTNFCT, BROAD/MEDIUM SPECTRUM","DICLOXACILLIN SODIUM",63,6
"ANTNFCT, BROAD/MEDIUM SPECTRUM","DICLOXACILLIN SODIUM",64,11
"ANTNFCT, BROAD/MEDIUM SPECTRUM","DICLOXACILLIN SODIUM",65,13
"ANTNFCT, BROAD/MEDIUM SPECTRUM","DICLOXACILLIN SODIUM",66,6
"ANTNFCT, BROAD/MEDIUM SPECTRUM","DICLOXACILLIN SODIUM",67,15
"ANTNFCT, BROAD/MEDIUM SPECTRUM","DICLOXACILLIN SODIUM",68,10
"ANTNFCT, BROAD/MEDIUM SPECTRUM","DICLOXACILLIN SODIUM",69,5
"ANTNFCT, BROAD/MEDIUM SPECTRUM","DICLOXACILLIN SODIUM",70,6
"ANTNFCT, BROAD/MEDIUM SPECTRUM","DICLOXACILLIN SODIUM",71,6
"ANTNFCT, BROAD/MEDIUM SPECTRUM","DICLOXACILLIN SODIUM",72,7
"ANTNFCT, BROAD/MEDIUM SPECTRUM","DICLOXACILLIN SODIUM",73,12
"ANTNFCT, BROAD/MEDIUM SPECTRUM","DICLOXACILLIN SODIUM",74,9
"ANTNFCT, BROAD/MEDIUM SPECTRUM","DICLOXACILLIN SODIUM",75,7
"ANTNFCT, BROAD/MEDIUM SPECTRUM","DICLOXACILLIN SODIUM",76,7
"ANTNFCT, BROAD/MEDIUM SPECTRUM","DICLOXACILLIN SODIUM",77,6
"ANTNFCT, BROAD/MEDIUM SPECTRUM","DICLOXACILLIN SODIUM",78,4
"ANTNFCT, BROAD/MEDIUM SPECTRUM","DICLOXACILLIN SODIUM",79,5
"ANTNFCT, BROAD/MEDIUM SPECTRUM","DICLOXACILLIN SODIUM",80,8
"ANTNFCT, BROAD/MEDIUM SPECTRUM","DICLOXACILLIN SODIUM",81,6
"ANTNFCT, BROAD/MEDIUM SPECTRUM","DICLOXACILLIN SODIUM",82,3
"ANTNFCT, BROAD/MEDIUM SPECTRUM","DICLOXACILLIN SODIUM",83,2
"ANTNFCT, BROAD/MEDIUM SPECTRUM","DICLOXACILLIN SODIUM",85,31
"ANTNFCT, BROAD/MEDIUM SPECTRUM","DOXYCYCLINE (MONOHYDRATE)",-2,9
"ANTNFCT, BROAD/MEDIUM SPECTRUM","DOXYCYCLINE (MONOHYDRATE)",0,5
"ANTNFCT, BROAD/MEDIUM SPECTRUM","DOXYCYCLINE (MONOHYDRATE)",1,2
"ANTNFCT, BROAD/MEDIUM SPECTRUM","DOXYCYCLINE (MONOHYDRATE)",2,7
"ANTNFCT, BROAD/MEDIUM SPECTRUM","DOXYCYCLINE (MONOHYDRATE)",3,9
"ANTNFCT, BROAD/MEDIUM SPECTRUM","DOXYCYCLINE (MONOHYDRATE)",4,18
"ANTNFCT, BROAD/MEDIUM SPECTRUM","DOXYCYCLINE (MONOHYDRATE)",5,13
"ANTNFCT, BROAD/MEDIUM SPECTRUM","DOXYCYCLINE (MONOHYDRATE)",6,15
"ANTNFCT, BROAD/MEDIUM SPECTRUM","DOXYCYCLINE (MONOHYDRATE)",7,10
"ANTNFCT, BROAD/MEDIUM SPECTRUM","DOXYCYCLINE (MONOHYDRATE)",8,16
"ANTNFCT, BROAD/MEDIUM SPECTRUM","DOXYCYCLINE (MONOHYDRATE)",9,24
"ANTNFCT, BROAD/MEDIUM SPECTRUM","DOXYCYCLINE (MONOHYDRATE)",10,21
"ANTNFCT, BROAD/MEDIUM SPECTRUM","DOXYCYCLINE (MONOHYDRATE)",11,23
"ANTNFCT, BROAD/MEDIUM SPECTRUM","DOXYCYCLINE (MONOHYDRATE)",12,55
"ANTNFCT, BROAD/MEDIUM SPECTRUM","DOXYCYCLINE (MONOHYDRATE)",13,107
"ANTNFCT, BROAD/MEDIUM SPECTRUM","DOXYCYCLINE (MONOHYDRATE)",14,187
"ANTNFCT, BROAD/MEDIUM SPECTRUM","DOXYCYCLINE (MONOHYDRATE)",15,255
"ANTNFCT, BROAD/MEDIUM SPECTRUM","DOXYCYCLINE (MONOHYDRATE)",16,315
"ANTNFCT, BROAD/MEDIUM SPECTRUM","DOXYCYCLINE (MONOHYDRATE)",17,337
"ANTNFCT, BROAD/MEDIUM SPECTRUM","DOXYCYCLINE (MONOHYDRATE)",18,340
"ANTNFCT, BROAD/MEDIUM SPECTRUM","DOXYCYCLINE (MONOHYDRATE)",19,300
"ANTNFCT, BROAD/MEDIUM SPECTRUM","DOXYCYCLINE (MONOHYDRATE)",20,256
"ANTNFCT, BROAD/MEDIUM SPECTRUM","DOXYCYCLINE (MONOHYDRATE)",21,221
"ANTNFCT, BROAD/MEDIUM SPECTRUM","DOXYCYCLINE (MONOHYDRATE)",22,227
"ANTNFCT, BROAD/MEDIUM SPECTRUM","DOXYCYCLINE (MONOHYDRATE)",23,216
"ANTNFCT, BROAD/MEDIUM SPECTRUM","DOXYCYCLINE (MONOHYDRATE)",24,211
"ANTNFCT, BROAD/MEDIUM SPECTRUM","DOXYCYCLINE (MONOHYDRATE)",25,216
"ANTNFCT, BROAD/MEDIUM SPECTRUM","DOXYCYCLINE (MONOHYDRATE)",26,210
"ANTNFCT, BROAD/MEDIUM SPECTRUM","DOXYCYCLINE (MONOHYDRATE)",27,222
"ANTNFCT, BROAD/MEDIUM SPECTRUM","DOXYCYCLINE (MONOHYDRATE)",28,217
"ANTNFCT, BROAD/MEDIUM SPECTRUM","DOXYCYCLINE (MONOHYDRATE)",29,215
"ANTNFCT, BROAD/MEDIUM SPECTRUM","DOXYCYCLINE (MONOHYDRATE)",30,207
"ANTNFCT, BROAD/MEDIUM SPECTRUM","DOXYCYCLINE (MONOHYDRATE)",31,216
"ANTNFCT, BROAD/MEDIUM SPECTRUM","DOXYCYCLINE (MONOHYDRATE)",32,224
"ANTNFCT, BROAD/MEDIUM SPECTRUM","DOXYCYCLINE (MONOHYDRATE)",33,200
"ANTNFCT, BROAD/MEDIUM SPECTRUM","DOXYCYCLINE (MONOHYDRATE)",34,236
"ANTNFCT, BROAD/MEDIUM SPECTRUM","DOXYCYCLINE (MONOHYDRATE)",35,231
"ANTNFCT, BROAD/MEDIUM SPECTRUM","DOXYCYCLINE (MONOHYDRATE)",36,206
"ANTNFCT, BROAD/MEDIUM SPECTRUM","DOXYCYCLINE (MONOHYDRATE)",37,235
"ANTNFCT, BROAD/MEDIUM SPECTRUM","DOXYCYCLINE (MONOHYDRATE)",38,218
"ANTNFCT, BROAD/MEDIUM SPECTRUM","DOXYCYCLINE (MONOHYDRATE)",39,240
"ANTNFCT, BROAD/MEDIUM SPECTRUM","DOXYCYCLINE (MONOHYDRATE)",40,248
"ANTNFCT, BROAD/MEDIUM SPECTRUM","DOXYCYCLINE (MONOHYDRATE)",41,260
"ANTNFCT, BROAD/MEDIUM SPECTRUM","DOXYCYCLINE (MONOHYDRATE)",42,220
"ANTNFCT, BROAD/MEDIUM SPECTRUM","DOXYCYCLINE (MONOHYDRATE)",43,203
"ANTNFCT, BROAD/MEDIUM SPECTRUM","DOXYCYCLINE (MONOHYDRATE)",44,230
"ANTNFCT, BROAD/MEDIUM SPECTRUM","DOXYCYCLINE (MONOHYDRATE)",45,205
"ANTNFCT, BROAD/MEDIUM SPECTRUM","DOXYCYCLINE (MONOHYDRATE)",46,227
"ANTNFCT, BROAD/MEDIUM SPECTRUM","DOXYCYCLINE (MONOHYDRATE)",47,262
"ANTNFCT, BROAD/MEDIUM SPECTRUM","DOXYCYCLINE (MONOHYDRATE)",48,250
"ANTNFCT, BROAD/MEDIUM SPECTRUM","DOXYCYCLINE (MONOHYDRATE)",49,245
"ANTNFCT, BROAD/MEDIUM SPECTRUM","DOXYCYCLINE (MONOHYDRATE)",50,276
"ANTNFCT, BROAD/MEDIUM SPECTRUM","DOXYCYCLINE (MONOHYDRATE)",51,265
"ANTNFCT, BROAD/MEDIUM SPECTRUM","DOXYCYCLINE (MONOHYDRATE)",52,295
"ANTNFCT, BROAD/MEDIUM SPECTRUM","DOXYCYCLINE (MONOHYDRATE)",53,257
"ANTNFCT, BROAD/MEDIUM SPECTRUM","DOXYCYCLINE (MONOHYDRATE)",54,291
"ANTNFCT, BROAD/MEDIUM SPECTRUM","DOXYCYCLINE (MONOHYDRATE)",55,285
"ANTNFCT, BROAD/MEDIUM SPECTRUM","DOXYCYCLINE (MONOHYDRATE)",56,318
"ANTNFCT, BROAD/MEDIUM SPECTRUM","DOXYCYCLINE (MONOHYDRATE)",57,292
"ANTNFCT, BROAD/MEDIUM SPECTRUM","DOXYCYCLINE (MONOHYDRATE)",58,339
"ANTNFCT, BROAD/MEDIUM SPECTRUM","DOXYCYCLINE (MONOHYDRATE)",59,296
"ANTNFCT, BROAD/MEDIUM SPECTRUM","DOXYCYCLINE (MONOHYDRATE)",60,319
"ANTNFCT, BROAD/MEDIUM SPECTRUM","DOXYCYCLINE (MONOHYDRATE)",61,310
"ANTNFCT, BROAD/MEDIUM SPECTRUM","DOXYCYCLINE (MONOHYDRATE)",62,327
"ANTNFCT, BROAD/MEDIUM SPECTRUM","DOXYCYCLINE (MONOHYDRATE)",63,329
"ANTNFCT, BROAD/MEDIUM SPECTRUM","DOXYCYCLINE (MONOHYDRATE)",64,321
"ANTNFCT, BROAD/MEDIUM SPECTRUM","DOXYCYCLINE (MONOHYDRATE)",65,307
"ANTNFCT, BROAD/MEDIUM SPECTRUM","DOXYCYCLINE (MONOHYDRATE)",66,305
"ANTNFCT, BROAD/MEDIUM SPECTRUM","DOXYCYCLINE (MONOHYDRATE)",67,314
"ANTNFCT, BROAD/MEDIUM SPECTRUM","DOXYCYCLINE (MONOHYDRATE)",68,307
"ANTNFCT, BROAD/MEDIUM SPECTRUM","DOXYCYCLINE (MONOHYDRATE)",69,271
"ANTNFCT, BROAD/MEDIUM SPECTRUM","DOXYCYCLINE (MONOHYDRATE)",70,269
"ANTNFCT, BROAD/MEDIUM SPECTRUM","DOXYCYCLINE (MONOHYDRATE)",71,236
"ANTNFCT, BROAD/MEDIUM SPECTRUM","DOXYCYCLINE (MONOHYDRATE)",72,237
"ANTNFCT, BROAD/MEDIUM SPECTRUM","DOXYCYCLINE (MONOHYDRATE)",73,236
"ANTNFCT, BROAD/MEDIUM SPECTRUM","DOXYCYCLINE (MONOHYDRATE)",74,180
"ANTNFCT, BROAD/MEDIUM SPECTRUM","DOXYCYCLINE (MONOHYDRATE)",75,225
"ANTNFCT, BROAD/MEDIUM SPECTRUM","DOXYCYCLINE (MONOHYDRATE)",76,171
"ANTNFCT, BROAD/MEDIUM SPECTRUM","DOXYCYCLINE (MONOHYDRATE)",77,200
"ANTNFCT, BROAD/MEDIUM SPECTRUM","DOXYCYCLINE (MONOHYDRATE)",78,148
"ANTNFCT, BROAD/MEDIUM SPECTRUM","DOXYCYCLINE (MONOHYDRATE)",79,141
"ANTNFCT, BROAD/MEDIUM SPECTRUM","DOXYCYCLINE (MONOHYDRATE)",80,129
"ANTNFCT, BROAD/MEDIUM SPECTRUM","DOXYCYCLINE (MONOHYDRATE)",81,122
"ANTNFCT, BROAD/MEDIUM SPECTRUM","DOXYCYCLINE (MONOHYDRATE)",82,110
"ANTNFCT, BROAD/MEDIUM SPECTRUM","DOXYCYCLINE (MONOHYDRATE)",83,66
"ANTNFCT, BROAD/MEDIUM SPECTRUM","DOXYCYCLINE (MONOHYDRATE)",84,23
"ANTNFCT, BROAD/MEDIUM SPECTRUM","DOXYCYCLINE (MONOHYDRATE)",85,669
"ANTNFCT, BROAD/MEDIUM SPECTRUM","DOXYCYCLINE (ROSACEA)",-2,2
"ANTNFCT, BROAD/MEDIUM SPECTRUM","DOXYCYCLINE (ROSACEA)",12,3
"ANTNFCT, BROAD/MEDIUM SPECTRUM","DOXYCYCLINE (ROSACEA)",14,13
"ANTNFCT, BROAD/MEDIUM SPECTRUM","DOXYCYCLINE (ROSACEA)",15,25
"ANTNFCT, BROAD/MEDIUM SPECTRUM","DOXYCYCLINE (ROSACEA)",16,33
"ANTNFCT, BROAD/MEDIUM SPECTRUM","DOXYCYCLINE (ROSACEA)",17,29
"ANTNFCT, BROAD/MEDIUM SPECTRUM","DOXYCYCLINE (ROSACEA)",18,23
"ANTNFCT, BROAD/MEDIUM SPECTRUM","DOXYCYCLINE (ROSACEA)",19,21
"ANTNFCT, BROAD/MEDIUM SPECTRUM","DOXYCYCLINE (ROSACEA)",20,23
"ANTNFCT, BROAD/MEDIUM SPECTRUM","DOXYCYCLINE (ROSACEA)",21,13
"ANTNFCT, BROAD/MEDIUM SPECTRUM","DOXYCYCLINE (ROSACEA)",22,13
"ANTNFCT, BROAD/MEDIUM SPECTRUM","DOXYCYCLINE (ROSACEA)",23,21
"ANTNFCT, BROAD/MEDIUM SPECTRUM","DOXYCYCLINE (ROSACEA)",24,15
"ANTNFCT, BROAD/MEDIUM SPECTRUM","DOXYCYCLINE (ROSACEA)",25,9
"ANTNFCT, BROAD/MEDIUM SPECTRUM","DOXYCYCLINE (ROSACEA)",26,17
"ANTNFCT, BROAD/MEDIUM SPECTRUM","DOXYCYCLINE (ROSACEA)",27,13
"ANTNFCT, BROAD/MEDIUM SPECTRUM","DOXYCYCLINE (ROSACEA)",28,9
"ANTNFCT, BROAD/MEDIUM SPECTRUM","DOXYCYCLINE (ROSACEA)",29,14
"ANTNFCT, BROAD/MEDIUM SPECTRUM","DOXYCYCLINE (ROSACEA)",30,25
"ANTNFCT, BROAD/MEDIUM SPECTRUM","DOXYCYCLINE (ROSACEA)",31,18
"ANTNFCT, BROAD/MEDIUM SPECTRUM","DOXYCYCLINE (ROSACEA)",32,19
"ANTNFCT, BROAD/MEDIUM SPECTRUM","DOXYCYCLINE (ROSACEA)",33,19
"ANTNFCT, BROAD/MEDIUM SPECTRUM","DOXYCYCLINE (ROSACEA)",34,13
"ANTNFCT, BROAD/MEDIUM SPECTRUM","DOXYCYCLINE (ROSACEA)",35,17
"ANTNFCT, BROAD/MEDIUM SPECTRUM","DOXYCYCLINE (ROSACEA)",36,19
"ANTNFCT, BROAD/MEDIUM SPECTRUM","DOXYCYCLINE (ROSACEA)",37,25
"ANTNFCT, BROAD/MEDIUM SPECTRUM","DOXYCYCLINE (ROSACEA)",38,25
"ANTNFCT, BROAD/MEDIUM SPECTRUM","DOXYCYCLINE (ROSACEA)",39,28
"ANTNFCT, BROAD/MEDIUM SPECTRUM","DOXYCYCLINE (ROSACEA)",40,30
"ANTNFCT, BROAD/MEDIUM SPECTRUM","DOXYCYCLINE (ROSACEA)",41,31
"ANTNFCT, BROAD/MEDIUM SPECTRUM","DOXYCYCLINE (ROSACEA)",42,30
"ANTNFCT, BROAD/MEDIUM SPECTRUM","DOXYCYCLINE (ROSACEA)",43,43
"ANTNFCT, BROAD/MEDIUM SPECTRUM","DOXYCYCLINE (ROSACEA)",44,38
"ANTNFCT, BROAD/MEDIUM SPECTRUM","DOXYCYCLINE (ROSACEA)",45,34
"ANTNFCT, BROAD/MEDIUM SPECTRUM","DOXYCYCLINE (ROSACEA)",46,40
"ANTNFCT, BROAD/MEDIUM SPECTRUM","DOXYCYCLINE (ROSACEA)",47,35
"ANTNFCT, BROAD/MEDIUM SPECTRUM","DOXYCYCLINE (ROSACEA)",48,49
"ANTNFCT, BROAD/MEDIUM SPECTRUM","DOXYCYCLINE (ROSACEA)",49,34
"ANTNFCT, BROAD/MEDIUM SPECTRUM","DOXYCYCLINE (ROSACEA)",50,48
"ANTNFCT, BROAD/MEDIUM SPECTRUM","DOXYCYCLINE (ROSACEA)",51,45
"ANTNFCT, BROAD/MEDIUM SPECTRUM","DOXYCYCLINE (ROSACEA)",52,35
"ANTNFCT, BROAD/MEDIUM SPECTRUM","DOXYCYCLINE (ROSACEA)",53,38
"ANTNFCT, BROAD/MEDIUM SPECTRUM","DOXYCYCLINE (ROSACEA)",54,50
"ANTNFCT, BROAD/MEDIUM SPECTRUM","DOXYCYCLINE (ROSACEA)",55,47
"ANTNFCT, BROAD/MEDIUM SPECTRUM","DOXYCYCLINE (ROSACEA)",56,44
"ANTNFCT, BROAD/MEDIUM SPECTRUM","DOXYCYCLINE (ROSACEA)",57,46
"ANTNFCT, BROAD/MEDIUM SPECTRUM","DOXYCYCLINE (ROSACEA)",58,40
"ANTNFCT, BROAD/MEDIUM SPECTRUM","DOXYCYCLINE (ROSACEA)",59,35
"ANTNFCT, BROAD/MEDIUM SPECTRUM","DOXYCYCLINE (ROSACEA)",60,43
"ANTNFCT, BROAD/MEDIUM SPECTRUM","DOXYCYCLINE (ROSACEA)",61,38
"ANTNFCT, BROAD/MEDIUM SPECTRUM","DOXYCYCLINE (ROSACEA)",62,37
"ANTNFCT, BROAD/MEDIUM SPECTRUM","DOXYCYCLINE (ROSACEA)",63,37
"ANTNFCT, BROAD/MEDIUM SPECTRUM","DOXYCYCLINE (ROSACEA)",64,32
"ANTNFCT, BROAD/MEDIUM SPECTRUM","DOXYCYCLINE (ROSACEA)",65,33
"ANTNFCT, BROAD/MEDIUM SPECTRUM","DOXYCYCLINE (ROSACEA)",66,26
"ANTNFCT, BROAD/MEDIUM SPECTRUM","DOXYCYCLINE (ROSACEA)",67,19
"ANTNFCT, BROAD/MEDIUM SPECTRUM","DOXYCYCLINE (ROSACEA)",68,18
"ANTNFCT, BROAD/MEDIUM SPECTRUM","DOXYCYCLINE (ROSACEA)",69,22
"ANTNFCT, BROAD/MEDIUM SPECTRUM","DOXYCYCLINE (ROSACEA)",70,17
"ANTNFCT, BROAD/MEDIUM SPECTRUM","DOXYCYCLINE (ROSACEA)",71,13
"ANTNFCT, BROAD/MEDIUM SPECTRUM","DOXYCYCLINE (ROSACEA)",72,16
"ANTNFCT, BROAD/MEDIUM SPECTRUM","DOXYCYCLINE (ROSACEA)",73,9
"ANTNFCT, BROAD/MEDIUM SPECTRUM","DOXYCYCLINE (ROSACEA)",74,6
"ANTNFCT, BROAD/MEDIUM SPECTRUM","DOXYCYCLINE (ROSACEA)",75,4
"ANTNFCT, BROAD/MEDIUM SPECTRUM","DOXYCYCLINE (ROSACEA)",76,6
"ANTNFCT, BROAD/MEDIUM SPECTRUM","DOXYCYCLINE (ROSACEA)",77,6
"ANTNFCT, BROAD/MEDIUM SPECTRUM","DOXYCYCLINE (ROSACEA)",78,4
"ANTNFCT, BROAD/MEDIUM SPECTRUM","DOXYCYCLINE (ROSACEA)",79,2
"ANTNFCT, BROAD/MEDIUM SPECTRUM","DOXYCYCLINE (ROSACEA)",80,4
"ANTNFCT, BROAD/MEDIUM SPECTRUM","DOXYCYCLINE (ROSACEA)",81,2
"ANTNFCT, BROAD/MEDIUM SPECTRUM","DOXYCYCLINE (ROSACEA)",82,6
"ANTNFCT, BROAD/MEDIUM SPECTRUM","DOXYCYCLINE (ROSACEA)",84,1
"ANTNFCT, BROAD/MEDIUM SPECTRUM","DOXYCYCLINE (ROSACEA)",85,9
"ANTNFCT, BROAD/MEDIUM SPECTRUM","DOXYCYCLINE CALCIUM",1,2
"ANTNFCT, BROAD/MEDIUM SPECTRUM","DOXYCYCLINE CALCIUM",2,1
"ANTNFCT, BROAD/MEDIUM SPECTRUM","DOXYCYCLINE CALCIUM",4,1
"ANTNFCT, BROAD/MEDIUM SPECTRUM","DOXYCYCLINE CALCIUM",5,4
"ANTNFCT, BROAD/MEDIUM SPECTRUM","DOXYCYCLINE CALCIUM",6,2
"ANTNFCT, BROAD/MEDIUM SPECTRUM","DOXYCYCLINE CALCIUM",7,1
"ANTNFCT, BROAD/MEDIUM SPECTRUM","DOXYCYCLINE CALCIUM",8,4
"ANTNFCT, BROAD/MEDIUM SPECTRUM","DOXYCYCLINE CALCIUM",10,6
"ANTNFCT, BROAD/MEDIUM SPECTRUM","DOXYCYCLINE CALCIUM",11,5
"ANTNFCT, BROAD/MEDIUM SPECTRUM","DOXYCYCLINE CALCIUM",12,3
"ANTNFCT, BROAD/MEDIUM SPECTRUM","DOXYCYCLINE CALCIUM",13,1
"ANTNFCT, BROAD/MEDIUM SPECTRUM","DOXYCYCLINE CALCIUM",14,1
"ANTNFCT, BROAD/MEDIUM SPECTRUM","DOXYCYCLINE CALCIUM",15,1
"ANTNFCT, BROAD/MEDIUM SPECTRUM","DOXYCYCLINE CALCIUM",16,1
"ANTNFCT, BROAD/MEDIUM SPECTRUM","DOXYCYCLINE CALCIUM",19,1
"ANTNFCT, BROAD/MEDIUM SPECTRUM","DOXYCYCLINE CALCIUM",21,1
"ANTNFCT, BROAD/MEDIUM SPECTRUM","DOXYCYCLINE CALCIUM",24,1
"ANTNFCT, BROAD/MEDIUM SPECTRUM","DOXYCYCLINE CALCIUM",28,1
"ANTNFCT, BROAD/MEDIUM SPECTRUM","DOXYCYCLINE CALCIUM",33,2
"ANTNFCT, BROAD/MEDIUM SPECTRUM","DOXYCYCLINE CALCIUM",48,1
"ANTNFCT, BROAD/MEDIUM SPECTRUM","DOXYCYCLINE CALCIUM",49,1
"ANTNFCT, BROAD/MEDIUM SPECTRUM","DOXYCYCLINE CALCIUM",52,2
"ANTNFCT, BROAD/MEDIUM SPECTRUM","DOXYCYCLINE CALCIUM",54,1
"ANTNFCT, BROAD/MEDIUM SPECTRUM","DOXYCYCLINE CALCIUM",56,1
"ANTNFCT, BROAD/MEDIUM SPECTRUM","DOXYCYCLINE CALCIUM",58,1
"ANTNFCT, BROAD/MEDIUM SPECTRUM","DOXYCYCLINE CALCIUM",59,2
"ANTNFCT, BROAD/MEDIUM SPECTRUM","DOXYCYCLINE CALCIUM",62,2
"ANTNFCT, BROAD/MEDIUM SPECTRUM","DOXYCYCLINE CALCIUM",63,1
"ANTNFCT, BROAD/MEDIUM SPECTRUM","DOXYCYCLINE CALCIUM",65,1
"ANTNFCT, BROAD/MEDIUM SPECTRUM","DOXYCYCLINE CALCIUM",67,1
"ANTNFCT, BROAD/MEDIUM SPECTRUM","DOXYCYCLINE CALCIUM",68,1
"ANTNFCT, BROAD/MEDIUM SPECTRUM","DOXYCYCLINE CALCIUM",69,3
"ANTNFCT, BROAD/MEDIUM SPECTRUM","DOXYCYCLINE CALCIUM",71,2
"ANTNFCT, BROAD/MEDIUM SPECTRUM","DOXYCYCLINE CALCIUM",73,1
"ANTNFCT, BROAD/MEDIUM SPECTRUM","DOXYCYCLINE CALCIUM",76,1
"ANTNFCT, BROAD/MEDIUM SPECTRUM","DOXYCYCLINE CALCIUM",83,1
"ANTNFCT, BROAD/MEDIUM SPECTRUM","DOXYCYCLINE CALCIUM",85,1
"ANTNFCT, BROAD/MEDIUM SPECTRUM","DOXYCYCLINE HYCLATE",-2,58
"ANTNFCT, BROAD/MEDIUM SPECTRUM","DOXYCYCLINE HYCLATE",0,9
"ANTNFCT, BROAD/MEDIUM SPECTRUM","DOXYCYCLINE HYCLATE",1,12
"ANTNFCT, BROAD/MEDIUM SPECTRUM","DOXYCYCLINE HYCLATE",2,14
"ANTNFCT, BROAD/MEDIUM SPECTRUM","DOXYCYCLINE HYCLATE",3,15
"ANTNFCT, BROAD/MEDIUM SPECTRUM","DOXYCYCLINE HYCLATE",4,15
"ANTNFCT, BROAD/MEDIUM SPECTRUM","DOXYCYCLINE HYCLATE",5,19
"ANTNFCT, BROAD/MEDIUM SPECTRUM","DOXYCYCLINE HYCLATE",6,26
"ANTNFCT, BROAD/MEDIUM SPECTRUM","DOXYCYCLINE HYCLATE",7,27
"ANTNFCT, BROAD/MEDIUM SPECTRUM","DOXYCYCLINE HYCLATE",8,28
"ANTNFCT, BROAD/MEDIUM SPECTRUM","DOXYCYCLINE HYCLATE",9,40
"ANTNFCT, BROAD/MEDIUM SPECTRUM","DOXYCYCLINE HYCLATE",10,42
"ANTNFCT, BROAD/MEDIUM SPECTRUM","DOXYCYCLINE HYCLATE",11,55
"ANTNFCT, BROAD/MEDIUM SPECTRUM","DOXYCYCLINE HYCLATE",12,111
"ANTNFCT, BROAD/MEDIUM SPECTRUM","DOXYCYCLINE HYCLATE",13,242
"ANTNFCT, BROAD/MEDIUM SPECTRUM","DOXYCYCLINE HYCLATE",14,514
"ANTNFCT, BROAD/MEDIUM SPECTRUM","DOXYCYCLINE HYCLATE",15,802
"ANTNFCT, BROAD/MEDIUM SPECTRUM","DOXYCYCLINE HYCLATE",16,926
"ANTNFCT, BROAD/MEDIUM SPECTRUM","DOXYCYCLINE HYCLATE",17,956
"ANTNFCT, BROAD/MEDIUM SPECTRUM","DOXYCYCLINE HYCLATE",18,961
"ANTNFCT, BROAD/MEDIUM SPECTRUM","DOXYCYCLINE HYCLATE",19,880
"ANTNFCT, BROAD/MEDIUM SPECTRUM","DOXYCYCLINE HYCLATE",20,778
"ANTNFCT, BROAD/MEDIUM SPECTRUM","DOXYCYCLINE HYCLATE",21,731
"ANTNFCT, BROAD/MEDIUM SPECTRUM","DOXYCYCLINE HYCLATE",22,717
"ANTNFCT, BROAD/MEDIUM SPECTRUM","DOXYCYCLINE HYCLATE",23,632
"ANTNFCT, BROAD/MEDIUM SPECTRUM","DOXYCYCLINE HYCLATE",24,655
"ANTNFCT, BROAD/MEDIUM SPECTRUM","DOXYCYCLINE HYCLATE",25,666
"ANTNFCT, BROAD/MEDIUM SPECTRUM","DOXYCYCLINE HYCLATE",26,621
"ANTNFCT, BROAD/MEDIUM SPECTRUM","DOXYCYCLINE HYCLATE",27,572
"ANTNFCT, BROAD/MEDIUM SPECTRUM","DOXYCYCLINE HYCLATE",28,662
"ANTNFCT, BROAD/MEDIUM SPECTRUM","DOXYCYCLINE HYCLATE",29,711
"ANTNFCT, BROAD/MEDIUM SPECTRUM","DOXYCYCLINE HYCLATE",30,717
"ANTNFCT, BROAD/MEDIUM SPECTRUM","DOXYCYCLINE HYCLATE",31,714
"ANTNFCT, BROAD/MEDIUM SPECTRUM","DOXYCYCLINE HYCLATE",32,742
"ANTNFCT, BROAD/MEDIUM SPECTRUM","DOXYCYCLINE HYCLATE",33,779
"ANTNFCT, BROAD/MEDIUM SPECTRUM","DOXYCYCLINE HYCLATE",34,752
"ANTNFCT, BROAD/MEDIUM SPECTRUM","DOXYCYCLINE HYCLATE",35,805
"ANTNFCT, BROAD/MEDIUM SPECTRUM","DOXYCYCLINE HYCLATE",36,728
"ANTNFCT, BROAD/MEDIUM SPECTRUM","DOXYCYCLINE HYCLATE",37,758
"ANTNFCT, BROAD/MEDIUM SPECTRUM","DOXYCYCLINE HYCLATE",38,798
"ANTNFCT, BROAD/MEDIUM SPECTRUM","DOXYCYCLINE HYCLATE",39,817
"ANTNFCT, BROAD/MEDIUM SPECTRUM","DOXYCYCLINE HYCLATE",40,866
"ANTNFCT, BROAD/MEDIUM SPECTRUM","DOXYCYCLINE HYCLATE",41,794
"ANTNFCT, BROAD/MEDIUM SPECTRUM","DOXYCYCLINE HYCLATE",42,783
"ANTNFCT, BROAD/MEDIUM SPECTRUM","DOXYCYCLINE HYCLATE",43,799
"ANTNFCT, BROAD/MEDIUM SPECTRUM","DOXYCYCLINE HYCLATE",44,763
"ANTNFCT, BROAD/MEDIUM SPECTRUM","DOXYCYCLINE HYCLATE",45,851
"ANTNFCT, BROAD/MEDIUM SPECTRUM","DOXYCYCLINE HYCLATE",46,796
"ANTNFCT, BROAD/MEDIUM SPECTRUM","DOXYCYCLINE HYCLATE",47,849
"ANTNFCT, BROAD/MEDIUM SPECTRUM","DOXYCYCLINE HYCLATE",48,908
"ANTNFCT, BROAD/MEDIUM SPECTRUM","DOXYCYCLINE HYCLATE",49,900
"ANTNFCT, BROAD/MEDIUM SPECTRUM","DOXYCYCLINE HYCLATE",50,904
"ANTNFCT, BROAD/MEDIUM SPECTRUM","DOXYCYCLINE HYCLATE",51,893
"ANTNFCT, BROAD/MEDIUM SPECTRUM","DOXYCYCLINE HYCLATE",52,865
"ANTNFCT, BROAD/MEDIUM SPECTRUM","DOXYCYCLINE HYCLATE",53,954
"ANTNFCT, BROAD/MEDIUM SPECTRUM","DOXYCYCLINE HYCLATE",54,951
"ANTNFCT, BROAD/MEDIUM SPECTRUM","DOXYCYCLINE HYCLATE",55,1025
"ANTNFCT, BROAD/MEDIUM SPECTRUM","DOXYCYCLINE HYCLATE",56,1098
"ANTNFCT, BROAD/MEDIUM SPECTRUM","DOXYCYCLINE HYCLATE",57,1069
"ANTNFCT, BROAD/MEDIUM SPECTRUM","DOXYCYCLINE HYCLATE",58,1120
"ANTNFCT, BROAD/MEDIUM SPECTRUM","DOXYCYCLINE HYCLATE",59,1159
"ANTNFCT, BROAD/MEDIUM SPECTRUM","DOXYCYCLINE HYCLATE",60,1176
"ANTNFCT, BROAD/MEDIUM SPECTRUM","DOXYCYCLINE HYCLATE",61,1183
"ANTNFCT, BROAD/MEDIUM SPECTRUM","DOXYCYCLINE HYCLATE",62,1116
"ANTNFCT, BROAD/MEDIUM SPECTRUM","DOXYCYCLINE HYCLATE",63,1103
"ANTNFCT, BROAD/MEDIUM SPECTRUM","DOXYCYCLINE HYCLATE",64,1151
"ANTNFCT, BROAD/MEDIUM SPECTRUM","DOXYCYCLINE HYCLATE",65,1097
"ANTNFCT, BROAD/MEDIUM SPECTRUM","DOXYCYCLINE HYCLATE",66,1123
"ANTNFCT, BROAD/MEDIUM SPECTRUM","DOXYCYCLINE HYCLATE",67,1066
"ANTNFCT, BROAD/MEDIUM SPECTRUM","DOXYCYCLINE HYCLATE",68,1025
"ANTNFCT, BROAD/MEDIUM SPECTRUM","DOXYCYCLINE HYCLATE",69,1067
"ANTNFCT, BROAD/MEDIUM SPECTRUM","DOXYCYCLINE HYCLATE",70,1000
"ANTNFCT, BROAD/MEDIUM SPECTRUM","DOXYCYCLINE HYCLATE",71,1015
"ANTNFCT, BROAD/MEDIUM SPECTRUM","DOXYCYCLINE HYCLATE",72,997
"ANTNFCT, BROAD/MEDIUM SPECTRUM","DOXYCYCLINE HYCLATE",73,903
"ANTNFCT, BROAD/MEDIUM SPECTRUM","DOXYCYCLINE HYCLATE",74,853
"ANTNFCT, BROAD/MEDIUM SPECTRUM","DOXYCYCLINE HYCLATE",75,754
"ANTNFCT, BROAD/MEDIUM SPECTRUM","DOXYCYCLINE HYCLATE",76,735
"ANTNFCT, BROAD/MEDIUM SPECTRUM","DOXYCYCLINE HYCLATE",77,723
"ANTNFCT, BROAD/MEDIUM SPECTRUM","DOXYCYCLINE HYCLATE",78,684
"ANTNFCT, BROAD/MEDIUM SPECTRUM","DOXYCYCLINE HYCLATE",79,578
"ANTNFCT, BROAD/MEDIUM SPECTRUM","DOXYCYCLINE HYCLATE",80,538
"ANTNFCT, BROAD/MEDIUM SPECTRUM","DOXYCYCLINE HYCLATE",81,455
"ANTNFCT, BROAD/MEDIUM SPECTRUM","DOXYCYCLINE HYCLATE",82,435
"ANTNFCT, BROAD/MEDIUM SPECTRUM","DOXYCYCLINE HYCLATE",83,287
"ANTNFCT, BROAD/MEDIUM SPECTRUM","DOXYCYCLINE HYCLATE",84,97
"ANTNFCT, BROAD/MEDIUM SPECTRUM","DOXYCYCLINE HYCLATE",85,2592
"ANTNFCT, BROAD/MEDIUM SPECTRUM","DOXYCYCLINE HYCLATE W/ CLEANSER",33,1
"ANTNFCT, BROAD/MEDIUM SPECTRUM","DOXYCYCLINE HYCLATE W/ CLEANSER",49,1
"ANTNFCT, BROAD/MEDIUM SPECTRUM","ERTAPENEM SODIUM",32,1
"ANTNFCT, BROAD/MEDIUM SPECTRUM","ERTAPENEM SODIUM",36,1
"ANTNFCT, BROAD/MEDIUM SPECTRUM","ERTAPENEM SODIUM",38,1
"ANTNFCT, BROAD/MEDIUM SPECTRUM","ERTAPENEM SODIUM",43,1
"ANTNFCT, BROAD/MEDIUM SPECTRUM","ERTAPENEM SODIUM",48,1
"ANTNFCT, BROAD/MEDIUM SPECTRUM","ERTAPENEM SODIUM",49,1
"ANTNFCT, BROAD/MEDIUM SPECTRUM","ERTAPENEM SODIUM",50,1
"ANTNFCT, BROAD/MEDIUM SPECTRUM","ERTAPENEM SODIUM",51,1
"ANTNFCT, BROAD/MEDIUM SPECTRUM","ERTAPENEM SODIUM",52,1
"ANTNFCT, BROAD/MEDIUM SPECTRUM","ERTAPENEM SODIUM",55,2
"ANTNFCT, BROAD/MEDIUM SPECTRUM","ERTAPENEM SODIUM",57,1
"ANTNFCT, BROAD/MEDIUM SPECTRUM","ERTAPENEM SODIUM",59,2
"ANTNFCT, BROAD/MEDIUM SPECTRUM","ERTAPENEM SODIUM",62,1
"ANTNFCT, BROAD/MEDIUM SPECTRUM","ERTAPENEM SODIUM",63,1
"ANTNFCT, BROAD/MEDIUM SPECTRUM","ERTAPENEM SODIUM",65,1
"ANTNFCT, BROAD/MEDIUM SPECTRUM","ERTAPENEM SODIUM",67,1
"ANTNFCT, BROAD/MEDIUM SPECTRUM","ERTAPENEM SODIUM",68,2
"ANTNFCT, BROAD/MEDIUM SPECTRUM","ERTAPENEM SODIUM",69,1
"ANTNFCT, BROAD/MEDIUM SPECTRUM","ERTAPENEM SODIUM",72,2
"ANTNFCT, BROAD/MEDIUM SPECTRUM","ERTAPENEM SODIUM",76,2
"ANTNFCT, BROAD/MEDIUM SPECTRUM","ERTAPENEM SODIUM",77,1
"ANTNFCT, BROAD/MEDIUM SPECTRUM","ERTAPENEM SODIUM",78,1
"ANTNFCT, BROAD/MEDIUM SPECTRUM","ERTAPENEM SODIUM",79,1
"ANTNFCT, BROAD/MEDIUM SPECTRUM","ERTAPENEM SODIUM",81,2
"ANTNFCT, BROAD/MEDIUM SPECTRUM","ERTAPENEM SODIUM",82,1
"ANTNFCT, BROAD/MEDIUM SPECTRUM","ERTAPENEM SODIUM",83,1
"ANTNFCT, BROAD/MEDIUM SPECTRUM","ERTAPENEM SODIUM",84,2
"ANTNFCT, BROAD/MEDIUM SPECTRUM","ERTAPENEM SODIUM",85,10
"ANTNFCT, BROAD/MEDIUM SPECTRUM","ERYTHROMYCIN BASE",1,1
"ANTNFCT, BROAD/MEDIUM SPECTRUM","ERYTHROMYCIN BASE",7,2
"ANTNFCT, BROAD/MEDIUM SPECTRUM","ERYTHROMYCIN BASE",8,4
"ANTNFCT, BROAD/MEDIUM SPECTRUM","ERYTHROMYCIN BASE",9,2
"ANTNFCT, BROAD/MEDIUM SPECTRUM","ERYTHROMYCIN BASE",10,3
"ANTNFCT, BROAD/MEDIUM SPECTRUM","ERYTHROMYCIN BASE",11,2
"ANTNFCT, BROAD/MEDIUM SPECTRUM","ERYTHROMYCIN BASE",12,3
"ANTNFCT, BROAD/MEDIUM SPECTRUM","ERYTHROMYCIN BASE",13,7
"ANTNFCT, BROAD/MEDIUM SPECTRUM","ERYTHROMYCIN BASE",14,6
"ANTNFCT, BROAD/MEDIUM SPECTRUM","ERYTHROMYCIN BASE",15,10
"ANTNFCT, BROAD/MEDIUM SPECTRUM","ERYTHROMYCIN BASE",16,11
"ANTNFCT, BROAD/MEDIUM SPECTRUM","ERYTHROMYCIN BASE",17,12
"ANTNFCT, BROAD/MEDIUM SPECTRUM","ERYTHROMYCIN BASE",18,8
"ANTNFCT, BROAD/MEDIUM SPECTRUM","ERYTHROMYCIN BASE",19,9
"ANTNFCT, BROAD/MEDIUM SPECTRUM","ERYTHROMYCIN BASE",20,4
"ANTNFCT, BROAD/MEDIUM SPECTRUM","ERYTHROMYCIN BASE",21,8
"ANTNFCT, BROAD/MEDIUM SPECTRUM","ERYTHROMYCIN BASE",22,5
"ANTNFCT, BROAD/MEDIUM SPECTRUM","ERYTHROMYCIN BASE",23,7
"ANTNFCT, BROAD/MEDIUM SPECTRUM","ERYTHROMYCIN BASE",24,8
"ANTNFCT, BROAD/MEDIUM SPECTRUM","ERYTHROMYCIN BASE",25,7
"ANTNFCT, BROAD/MEDIUM SPECTRUM","ERYTHROMYCIN BASE",26,8
"ANTNFCT, BROAD/MEDIUM SPECTRUM","ERYTHROMYCIN BASE",27,4
"ANTNFCT, BROAD/MEDIUM SPECTRUM","ERYTHROMYCIN BASE",28,10
"ANTNFCT, BROAD/MEDIUM SPECTRUM","ERYTHROMYCIN BASE",29,7
"ANTNFCT, BROAD/MEDIUM SPECTRUM","ERYTHROMYCIN BASE",30,11
"ANTNFCT, BROAD/MEDIUM SPECTRUM","ERYTHROMYCIN BASE",31,9
"ANTNFCT, BROAD/MEDIUM SPECTRUM","ERYTHROMYCIN BASE",32,5
"ANTNFCT, BROAD/MEDIUM SPECTRUM","ERYTHROMYCIN BASE",33,8
"ANTNFCT, BROAD/MEDIUM SPECTRUM","ERYTHROMYCIN BASE",34,11
"ANTNFCT, BROAD/MEDIUM SPECTRUM","ERYTHROMYCIN BASE",35,9
"ANTNFCT, BROAD/MEDIUM SPECTRUM","ERYTHROMYCIN BASE",36,8
"ANTNFCT, BROAD/MEDIUM SPECTRUM","ERYTHROMYCIN BASE",37,7
"ANTNFCT, BROAD/MEDIUM SPECTRUM","ERYTHROMYCIN BASE",38,7
"ANTNFCT, BROAD/MEDIUM SPECTRUM","ERYTHROMYCIN BASE",39,3
"ANTNFCT, BROAD/MEDIUM SPECTRUM","ERYTHROMYCIN BASE",40,4
"ANTNFCT, BROAD/MEDIUM SPECTRUM","ERYTHROMYCIN BASE",41,8
"ANTNFCT, BROAD/MEDIUM SPECTRUM","ERYTHROMYCIN BASE",42,12
"ANTNFCT, BROAD/MEDIUM SPECTRUM","ERYTHROMYCIN BASE",43,10
"ANTNFCT, BROAD/MEDIUM SPECTRUM","ERYTHROMYCIN BASE",44,15
"ANTNFCT, BROAD/MEDIUM SPECTRUM","ERYTHROMYCIN BASE",45,10
"ANTNFCT, BROAD/MEDIUM SPECTRUM","ERYTHROMYCIN BASE",46,4
"ANTNFCT, BROAD/MEDIUM SPECTRUM","ERYTHROMYCIN BASE",47,9
"ANTNFCT, BROAD/MEDIUM SPECTRUM","ERYTHROMYCIN BASE",48,6
"ANTNFCT, BROAD/MEDIUM SPECTRUM","ERYTHROMYCIN BASE",49,18
"ANTNFCT, BROAD/MEDIUM SPECTRUM","ERYTHROMYCIN BASE",50,13
"ANTNFCT, BROAD/MEDIUM SPECTRUM","ERYTHROMYCIN BASE",51,9
"ANTNFCT, BROAD/MEDIUM SPECTRUM","ERYTHROMYCIN BASE",52,9
"ANTNFCT, BROAD/MEDIUM SPECTRUM","ERYTHROMYCIN BASE",53,21
"ANTNFCT, BROAD/MEDIUM SPECTRUM","ERYTHROMYCIN BASE",54,14
"ANTNFCT, BROAD/MEDIUM SPECTRUM","ERYTHROMYCIN BASE",55,13
"ANTNFCT, BROAD/MEDIUM SPECTRUM","ERYTHROMYCIN BASE",56,10
"ANTNFCT, BROAD/MEDIUM SPECTRUM","ERYTHROMYCIN BASE",57,15
"ANTNFCT, BROAD/MEDIUM SPECTRUM","ERYTHROMYCIN BASE",58,15
"ANTNFCT, BROAD/MEDIUM SPECTRUM","ERYTHROMYCIN BASE",59,12
"ANTNFCT, BROAD/MEDIUM SPECTRUM","ERYTHROMYCIN BASE",60,18
"ANTNFCT, BROAD/MEDIUM SPECTRUM","ERYTHROMYCIN BASE",61,14
"ANTNFCT, BROAD/MEDIUM SPECTRUM","ERYTHROMYCIN BASE",62,20
"ANTNFCT, BROAD/MEDIUM SPECTRUM","ERYTHROMYCIN BASE",63,19
"ANTNFCT, BROAD/MEDIUM SPECTRUM","ERYTHROMYCIN BASE",64,17
"ANTNFCT, BROAD/MEDIUM SPECTRUM","ERYTHROMYCIN BASE",65,15
"ANTNFCT, BROAD/MEDIUM SPECTRUM","ERYTHROMYCIN BASE",66,16
"ANTNFCT, BROAD/MEDIUM SPECTRUM","ERYTHROMYCIN BASE",67,14
"ANTNFCT, BROAD/MEDIUM SPECTRUM","ERYTHROMYCIN BASE",68,9
"ANTNFCT, BROAD/MEDIUM SPECTRUM","ERYTHROMYCIN BASE",69,12
"ANTNFCT, BROAD/MEDIUM SPECTRUM","ERYTHROMYCIN BASE",70,10
"ANTNFCT, BROAD/MEDIUM SPECTRUM","ERYTHROMYCIN BASE",71,16
"ANTNFCT, BROAD/MEDIUM SPECTRUM","ERYTHROMYCIN BASE",72,14
"ANTNFCT, BROAD/MEDIUM SPECTRUM","ERYTHROMYCIN BASE",73,9
"ANTNFCT, BROAD/MEDIUM SPECTRUM","ERYTHROMYCIN BASE",74,13
"ANTNFCT, BROAD/MEDIUM SPECTRUM","ERYTHROMYCIN BASE",75,10
"ANTNFCT, BROAD/MEDIUM SPECTRUM","ERYTHROMYCIN BASE",76,17
"ANTNFCT, BROAD/MEDIUM SPECTRUM","ERYTHROMYCIN BASE",77,8
"ANTNFCT, BROAD/MEDIUM SPECTRUM","ERYTHROMYCIN BASE",78,7
"ANTNFCT, BROAD/MEDIUM SPECTRUM","ERYTHROMYCIN BASE",79,6
"ANTNFCT, BROAD/MEDIUM SPECTRUM","ERYTHROMYCIN BASE",80,5
"ANTNFCT, BROAD/MEDIUM SPECTRUM","ERYTHROMYCIN BASE",81,3
"ANTNFCT, BROAD/MEDIUM SPECTRUM","ERYTHROMYCIN BASE",82,6
"ANTNFCT, BROAD/MEDIUM SPECTRUM","ERYTHROMYCIN BASE",83,3
"ANTNFCT, BROAD/MEDIUM SPECTRUM","ERYTHROMYCIN BASE",84,1
"ANTNFCT, BROAD/MEDIUM SPECTRUM","ERYTHROMYCIN BASE",85,39
"ANTNFCT, BROAD/MEDIUM SPECTRUM","ERYTHROMYCIN ETHYLSUCCINATE",0,19
"ANTNFCT, BROAD/MEDIUM SPECTRUM","ERYTHROMYCIN ETHYLSUCCINATE",1,50
"ANTNFCT, BROAD/MEDIUM SPECTRUM","ERYTHROMYCIN ETHYLSUCCINATE",2,36
"ANTNFCT, BROAD/MEDIUM SPECTRUM","ERYTHROMYCIN ETHYLSUCCINATE",3,31
"ANTNFCT, BROAD/MEDIUM SPECTRUM","ERYTHROMYCIN ETHYLSUCCINATE",4,15
"ANTNFCT, BROAD/MEDIUM SPECTRUM","ERYTHROMYCIN ETHYLSUCCINATE",5,31
"ANTNFCT, BROAD/MEDIUM SPECTRUM","ERYTHROMYCIN ETHYLSUCCINATE",6,15
"ANTNFCT, BROAD/MEDIUM SPECTRUM","ERYTHROMYCIN ETHYLSUCCINATE",7,18
"ANTNFCT, BROAD/MEDIUM SPECTRUM","ERYTHROMYCIN ETHYLSUCCINATE",8,20
"ANTNFCT, BROAD/MEDIUM SPECTRUM","ERYTHROMYCIN ETHYLSUCCINATE",9,14
"ANTNFCT, BROAD/MEDIUM SPECTRUM","ERYTHROMYCIN ETHYLSUCCINATE",10,13
"ANTNFCT, BROAD/MEDIUM SPECTRUM","ERYTHROMYCIN ETHYLSUCCINATE",11,10
"ANTNFCT, BROAD/MEDIUM SPECTRUM","ERYTHROMYCIN ETHYLSUCCINATE",12,7
"ANTNFCT, BROAD/MEDIUM SPECTRUM","ERYTHROMYCIN ETHYLSUCCINATE",13,11
"ANTNFCT, BROAD/MEDIUM SPECTRUM","ERYTHROMYCIN ETHYLSUCCINATE",14,5
"ANTNFCT, BROAD/MEDIUM SPECTRUM","ERYTHROMYCIN ETHYLSUCCINATE",15,9
"ANTNFCT, BROAD/MEDIUM SPECTRUM","ERYTHROMYCIN ETHYLSUCCINATE",16,14
"ANTNFCT, BROAD/MEDIUM SPECTRUM","ERYTHROMYCIN ETHYLSUCCINATE",17,8
"ANTNFCT, BROAD/MEDIUM SPECTRUM","ERYTHROMYCIN ETHYLSUCCINATE",18,3
"ANTNFCT, BROAD/MEDIUM SPECTRUM","ERYTHROMYCIN ETHYLSUCCINATE",19,7
"ANTNFCT, BROAD/MEDIUM SPECTRUM","ERYTHROMYCIN ETHYLSUCCINATE",20,3
"ANTNFCT, BROAD/MEDIUM SPECTRUM","ERYTHROMYCIN ETHYLSUCCINATE",21,2
"ANTNFCT, BROAD/MEDIUM SPECTRUM","ERYTHROMYCIN ETHYLSUCCINATE",22,3
"ANTNFCT, BROAD/MEDIUM SPECTRUM","ERYTHROMYCIN ETHYLSUCCINATE",23,3
"ANTNFCT, BROAD/MEDIUM SPECTRUM","ERYTHROMYCIN ETHYLSUCCINATE",24,5
"ANTNFCT, BROAD/MEDIUM SPECTRUM","ERYTHROMYCIN ETHYLSUCCINATE",25,3
"ANTNFCT, BROAD/MEDIUM SPECTRUM","ERYTHROMYCIN ETHYLSUCCINATE",26,1
"ANTNFCT, BROAD/MEDIUM SPECTRUM","ERYTHROMYCIN ETHYLSUCCINATE",27,1
"ANTNFCT, BROAD/MEDIUM SPECTRUM","ERYTHROMYCIN ETHYLSUCCINATE",28,1
"ANTNFCT, BROAD/MEDIUM SPECTRUM","ERYTHROMYCIN ETHYLSUCCINATE",32,2
"ANTNFCT, BROAD/MEDIUM SPECTRUM","ERYTHROMYCIN ETHYLSUCCINATE",33,1
"ANTNFCT, BROAD/MEDIUM SPECTRUM","ERYTHROMYCIN ETHYLSUCCINATE",35,1
"ANTNFCT, BROAD/MEDIUM SPECTRUM","ERYTHROMYCIN ETHYLSUCCINATE",36,1
"ANTNFCT, BROAD/MEDIUM SPECTRUM","ERYTHROMYCIN ETHYLSUCCINATE",38,2
"ANTNFCT, BROAD/MEDIUM SPECTRUM","ERYTHROMYCIN ETHYLSUCCINATE",40,3
"ANTNFCT, BROAD/MEDIUM SPECTRUM","ERYTHROMYCIN ETHYLSUCCINATE",43,1
"ANTNFCT, BROAD/MEDIUM SPECTRUM","ERYTHROMYCIN ETHYLSUCCINATE",44,4
"ANTNFCT, BROAD/MEDIUM SPECTRUM","ERYTHROMYCIN ETHYLSUCCINATE",45,1
"ANTNFCT, BROAD/MEDIUM SPECTRUM","ERYTHROMYCIN ETHYLSUCCINATE",46,1
"ANTNFCT, BROAD/MEDIUM SPECTRUM","ERYTHROMYCIN ETHYLSUCCINATE",47,1
"ANTNFCT, BROAD/MEDIUM SPECTRUM","ERYTHROMYCIN ETHYLSUCCINATE",49,1
"ANTNFCT, BROAD/MEDIUM SPECTRUM","ERYTHROMYCIN ETHYLSUCCINATE",50,1
"ANTNFCT, BROAD/MEDIUM SPECTRUM","ERYTHROMYCIN ETHYLSUCCINATE",51,2
"ANTNFCT, BROAD/MEDIUM SPECTRUM","ERYTHROMYCIN ETHYLSUCCINATE",52,2
"ANTNFCT, BROAD/MEDIUM SPECTRUM","ERYTHROMYCIN ETHYLSUCCINATE",53,4
"ANTNFCT, BROAD/MEDIUM SPECTRUM","ERYTHROMYCIN ETHYLSUCCINATE",54,4
"ANTNFCT, BROAD/MEDIUM SPECTRUM","ERYTHROMYCIN ETHYLSUCCINATE",55,4
"ANTNFCT, BROAD/MEDIUM SPECTRUM","ERYTHROMYCIN ETHYLSUCCINATE",56,6
"ANTNFCT, BROAD/MEDIUM SPECTRUM","ERYTHROMYCIN ETHYLSUCCINATE",57,1
"ANTNFCT, BROAD/MEDIUM SPECTRUM","ERYTHROMYCIN ETHYLSUCCINATE",58,1
"ANTNFCT, BROAD/MEDIUM SPECTRUM","ERYTHROMYCIN ETHYLSUCCINATE",59,4
"ANTNFCT, BROAD/MEDIUM SPECTRUM","ERYTHROMYCIN ETHYLSUCCINATE",60,3
"ANTNFCT, BROAD/MEDIUM SPECTRUM","ERYTHROMYCIN ETHYLSUCCINATE",61,4
"ANTNFCT, BROAD/MEDIUM SPECTRUM","ERYTHROMYCIN ETHYLSUCCINATE",62,2
"ANTNFCT, BROAD/MEDIUM SPECTRUM","ERYTHROMYCIN ETHYLSUCCINATE",63,2
"ANTNFCT, BROAD/MEDIUM SPECTRUM","ERYTHROMYCIN ETHYLSUCCINATE",64,3
"ANTNFCT, BROAD/MEDIUM SPECTRUM","ERYTHROMYCIN ETHYLSUCCINATE",65,4
"ANTNFCT, BROAD/MEDIUM SPECTRUM","ERYTHROMYCIN ETHYLSUCCINATE",66,3
"ANTNFCT, BROAD/MEDIUM SPECTRUM","ERYTHROMYCIN ETHYLSUCCINATE",68,1
"ANTNFCT, BROAD/MEDIUM SPECTRUM","ERYTHROMYCIN ETHYLSUCCINATE",69,2
"ANTNFCT, BROAD/MEDIUM SPECTRUM","ERYTHROMYCIN ETHYLSUCCINATE",70,1
"ANTNFCT, BROAD/MEDIUM SPECTRUM","ERYTHROMYCIN ETHYLSUCCINATE",71,1
"ANTNFCT, BROAD/MEDIUM SPECTRUM","ERYTHROMYCIN ETHYLSUCCINATE",72,3
"ANTNFCT, BROAD/MEDIUM SPECTRUM","ERYTHROMYCIN ETHYLSUCCINATE",75,1
"ANTNFCT, BROAD/MEDIUM SPECTRUM","ERYTHROMYCIN ETHYLSUCCINATE",77,2
"ANTNFCT, BROAD/MEDIUM SPECTRUM","ERYTHROMYCIN ETHYLSUCCINATE",83,1
"ANTNFCT, BROAD/MEDIUM SPECTRUM","ERYTHROMYCIN ETHYLSUCCINATE",85,6
"ANTNFCT, BROAD/MEDIUM SPECTRUM","ERYTHROMYCIN STEARATE",16,1
"ANTNFCT, BROAD/MEDIUM SPECTRUM","ERYTHROMYCIN STEARATE",17,1
"ANTNFCT, BROAD/MEDIUM SPECTRUM","ERYTHROMYCIN STEARATE",18,3
"ANTNFCT, BROAD/MEDIUM SPECTRUM","ERYTHROMYCIN STEARATE",19,1
"ANTNFCT, BROAD/MEDIUM SPECTRUM","ERYTHROMYCIN STEARATE",21,1
"ANTNFCT, BROAD/MEDIUM SPECTRUM","ERYTHROMYCIN STEARATE",22,1
"ANTNFCT, BROAD/MEDIUM SPECTRUM","ERYTHROMYCIN STEARATE",26,1
"ANTNFCT, BROAD/MEDIUM SPECTRUM","ERYTHROMYCIN STEARATE",27,1
"ANTNFCT, BROAD/MEDIUM SPECTRUM","ERYTHROMYCIN STEARATE",28,1
"ANTNFCT, BROAD/MEDIUM SPECTRUM","ERYTHROMYCIN STEARATE",35,1
"ANTNFCT, BROAD/MEDIUM SPECTRUM","ERYTHROMYCIN STEARATE",36,2
"ANTNFCT, BROAD/MEDIUM SPECTRUM","ERYTHROMYCIN STEARATE",41,1
"ANTNFCT, BROAD/MEDIUM SPECTRUM","ERYTHROMYCIN STEARATE",42,1
"ANTNFCT, BROAD/MEDIUM SPECTRUM","ERYTHROMYCIN STEARATE",44,1
"ANTNFCT, BROAD/MEDIUM SPECTRUM","ERYTHROMYCIN STEARATE",47,2
"ANTNFCT, BROAD/MEDIUM SPECTRUM","ERYTHROMYCIN STEARATE",48,1
"ANTNFCT, BROAD/MEDIUM SPECTRUM","ERYTHROMYCIN STEARATE",51,1
"ANTNFCT, BROAD/MEDIUM SPECTRUM","ERYTHROMYCIN STEARATE",53,1
"ANTNFCT, BROAD/MEDIUM SPECTRUM","ERYTHROMYCIN STEARATE",54,1
"ANTNFCT, BROAD/MEDIUM SPECTRUM","ERYTHROMYCIN STEARATE",56,1
"ANTNFCT, BROAD/MEDIUM SPECTRUM","ERYTHROMYCIN STEARATE",57,2
"ANTNFCT, BROAD/MEDIUM SPECTRUM","ERYTHROMYCIN STEARATE",62,1
"ANTNFCT, BROAD/MEDIUM SPECTRUM","ERYTHROMYCIN STEARATE",64,1
"ANTNFCT, BROAD/MEDIUM SPECTRUM","ERYTHROMYCIN STEARATE",65,1
"ANTNFCT, BROAD/MEDIUM SPECTRUM","ERYTHROMYCIN STEARATE",67,2
"ANTNFCT, BROAD/MEDIUM SPECTRUM","ERYTHROMYCIN STEARATE",69,1
"ANTNFCT, BROAD/MEDIUM SPECTRUM","ERYTHROMYCIN STEARATE",71,1
"ANTNFCT, BROAD/MEDIUM SPECTRUM","ERYTHROMYCIN STEARATE",74,1
"ANTNFCT, BROAD/MEDIUM SPECTRUM","ERYTHROMYCIN STEARATE",78,2
"ANTNFCT, BROAD/MEDIUM SPECTRUM","ERYTHROMYCIN STEARATE",82,1
"ANTNFCT, BROAD/MEDIUM SPECTRUM",FIDAXOMICIN,18,1
"ANTNFCT, BROAD/MEDIUM SPECTRUM",FIDAXOMICIN,20,1
"ANTNFCT, BROAD/MEDIUM SPECTRUM",FIDAXOMICIN,22,1
"ANTNFCT, BROAD/MEDIUM SPECTRUM",FIDAXOMICIN,23,1
"ANTNFCT, BROAD/MEDIUM SPECTRUM",FIDAXOMICIN,26,1
"ANTNFCT, BROAD/MEDIUM SPECTRUM",FIDAXOMICIN,28,1
"ANTNFCT, BROAD/MEDIUM SPECTRUM",FIDAXOMICIN,32,1
"ANTNFCT, BROAD/MEDIUM SPECTRUM",FIDAXOMICIN,33,1
"ANTNFCT, BROAD/MEDIUM SPECTRUM",FIDAXOMICIN,34,1
"ANTNFCT, BROAD/MEDIUM SPECTRUM",FIDAXOMICIN,35,1
"ANTNFCT, BROAD/MEDIUM SPECTRUM",FIDAXOMICIN,36,1
"ANTNFCT, BROAD/MEDIUM SPECTRUM",FIDAXOMICIN,37,2
"ANTNFCT, BROAD/MEDIUM SPECTRUM",FIDAXOMICIN,38,1
"ANTNFCT, BROAD/MEDIUM SPECTRUM",FIDAXOMICIN,40,1
"ANTNFCT, BROAD/MEDIUM SPECTRUM",FIDAXOMICIN,41,1
"ANTNFCT, BROAD/MEDIUM SPECTRUM",FIDAXOMICIN,42,1
"ANTNFCT, BROAD/MEDIUM SPECTRUM",FIDAXOMICIN,43,1
"ANTNFCT, BROAD/MEDIUM SPECTRUM",FIDAXOMICIN,44,2
"ANTNFCT, BROAD/MEDIUM SPECTRUM",FIDAXOMICIN,45,1
"ANTNFCT, BROAD/MEDIUM SPECTRUM",FIDAXOMICIN,46,1
"ANTNFCT, BROAD/MEDIUM SPECTRUM",FIDAXOMICIN,47,3
"ANTNFCT, BROAD/MEDIUM SPECTRUM",FIDAXOMICIN,49,1
"ANTNFCT, BROAD/MEDIUM SPECTRUM",FIDAXOMICIN,50,1
"ANTNFCT, BROAD/MEDIUM SPECTRUM",FIDAXOMICIN,52,1
"ANTNFCT, BROAD/MEDIUM SPECTRUM",FIDAXOMICIN,53,1
"ANTNFCT, BROAD/MEDIUM SPECTRUM",FIDAXOMICIN,54,3
"ANTNFCT, BROAD/MEDIUM SPECTRUM",FIDAXOMICIN,55,2
"ANTNFCT, BROAD/MEDIUM SPECTRUM",FIDAXOMICIN,57,2
"ANTNFCT, BROAD/MEDIUM SPECTRUM",FIDAXOMICIN,58,1
"ANTNFCT, BROAD/MEDIUM SPECTRUM",FIDAXOMICIN,60,1
"ANTNFCT, BROAD/MEDIUM SPECTRUM",FIDAXOMICIN,61,2
"ANTNFCT, BROAD/MEDIUM SPECTRUM",FIDAXOMICIN,63,2
"ANTNFCT, BROAD/MEDIUM SPECTRUM",FIDAXOMICIN,65,2
"ANTNFCT, BROAD/MEDIUM SPECTRUM",FIDAXOMICIN,66,4
"ANTNFCT, BROAD/MEDIUM SPECTRUM",FIDAXOMICIN,68,2
"ANTNFCT, BROAD/MEDIUM SPECTRUM",FIDAXOMICIN,70,1
"ANTNFCT, BROAD/MEDIUM SPECTRUM",FIDAXOMICIN,71,2
"ANTNFCT, BROAD/MEDIUM SPECTRUM",FIDAXOMICIN,72,2
"ANTNFCT, BROAD/MEDIUM SPECTRUM",FIDAXOMICIN,73,5
"ANTNFCT, BROAD/MEDIUM SPECTRUM",FIDAXOMICIN,74,1
"ANTNFCT, BROAD/MEDIUM SPECTRUM",FIDAXOMICIN,76,4
"ANTNFCT, BROAD/MEDIUM SPECTRUM",FIDAXOMICIN,77,3
"ANTNFCT, BROAD/MEDIUM SPECTRUM",FIDAXOMICIN,79,1
"ANTNFCT, BROAD/MEDIUM SPECTRUM",FIDAXOMICIN,80,3
"ANTNFCT, BROAD/MEDIUM SPECTRUM",FIDAXOMICIN,81,1
"ANTNFCT, BROAD/MEDIUM SPECTRUM",FIDAXOMICIN,82,3
"ANTNFCT, BROAD/MEDIUM SPECTRUM",FIDAXOMICIN,83,1
"ANTNFCT, BROAD/MEDIUM SPECTRUM",FIDAXOMICIN,85,9
"ANTNFCT, BROAD/MEDIUM SPECTRUM","GENTAMICIN IN SALINE",34,1
"ANTNFCT, BROAD/MEDIUM SPECTRUM","GENTAMICIN IN SALINE",39,1
"ANTNFCT, BROAD/MEDIUM SPECTRUM","GENTAMICIN SULFATE",1,2
"ANTNFCT, BROAD/MEDIUM SPECTRUM","GENTAMICIN SULFATE",2,1
"ANTNFCT, BROAD/MEDIUM SPECTRUM","GENTAMICIN SULFATE",3,1
"ANTNFCT, BROAD/MEDIUM SPECTRUM","GENTAMICIN SULFATE",5,1
"ANTNFCT, BROAD/MEDIUM SPECTRUM","GENTAMICIN SULFATE",12,1
"ANTNFCT, BROAD/MEDIUM SPECTRUM","GENTAMICIN SULFATE",13,1
"ANTNFCT, BROAD/MEDIUM SPECTRUM","GENTAMICIN SULFATE",15,1
"ANTNFCT, BROAD/MEDIUM SPECTRUM","GENTAMICIN SULFATE",16,1
"ANTNFCT, BROAD/MEDIUM SPECTRUM","GENTAMICIN SULFATE",17,1
"ANTNFCT, BROAD/MEDIUM SPECTRUM","GENTAMICIN SULFATE",18,1
"ANTNFCT, BROAD/MEDIUM SPECTRUM","GENTAMICIN SULFATE",19,1
"ANTNFCT, BROAD/MEDIUM SPECTRUM","GENTAMICIN SULFATE",26,1
"ANTNFCT, BROAD/MEDIUM SPECTRUM","GENTAMICIN SULFATE",28,1
"ANTNFCT, BROAD/MEDIUM SPECTRUM","GENTAMICIN SULFATE",29,1
"ANTNFCT, BROAD/MEDIUM SPECTRUM","GENTAMICIN SULFATE",31,3
"ANTNFCT, BROAD/MEDIUM SPECTRUM","GENTAMICIN SULFATE",32,1
"ANTNFCT, BROAD/MEDIUM SPECTRUM","GENTAMICIN SULFATE",35,1
"ANTNFCT, BROAD/MEDIUM SPECTRUM","GENTAMICIN SULFATE",37,1
"ANTNFCT, BROAD/MEDIUM SPECTRUM","GENTAMICIN SULFATE",38,1
"ANTNFCT, BROAD/MEDIUM SPECTRUM","GENTAMICIN SULFATE",40,3
"ANTNFCT, BROAD/MEDIUM SPECTRUM","GENTAMICIN SULFATE",41,2
"ANTNFCT, BROAD/MEDIUM SPECTRUM","GENTAMICIN SULFATE",44,2
"ANTNFCT, BROAD/MEDIUM SPECTRUM","GENTAMICIN SULFATE",47,1
"ANTNFCT, BROAD/MEDIUM SPECTRUM","GENTAMICIN SULFATE",48,1
"ANTNFCT, BROAD/MEDIUM SPECTRUM","GENTAMICIN SULFATE",49,4
"ANTNFCT, BROAD/MEDIUM SPECTRUM","GENTAMICIN SULFATE",50,1
"ANTNFCT, BROAD/MEDIUM SPECTRUM","GENTAMICIN SULFATE",52,1
"ANTNFCT, BROAD/MEDIUM SPECTRUM","GENTAMICIN SULFATE",53,2
"ANTNFCT, BROAD/MEDIUM SPECTRUM","GENTAMICIN SULFATE",54,3
"ANTNFCT, BROAD/MEDIUM SPECTRUM","GENTAMICIN SULFATE",55,1
"ANTNFCT, BROAD/MEDIUM SPECTRUM","GENTAMICIN SULFATE",56,3
"ANTNFCT, BROAD/MEDIUM SPECTRUM","GENTAMICIN SULFATE",57,3
"ANTNFCT, BROAD/MEDIUM SPECTRUM","GENTAMICIN SULFATE",58,3
"ANTNFCT, BROAD/MEDIUM SPECTRUM","GENTAMICIN SULFATE",59,2
"ANTNFCT, BROAD/MEDIUM SPECTRUM","GENTAMICIN SULFATE",60,4
"ANTNFCT, BROAD/MEDIUM SPECTRUM","GENTAMICIN SULFATE",61,1
"ANTNFCT, BROAD/MEDIUM SPECTRUM","GENTAMICIN SULFATE",62,2
"ANTNFCT, BROAD/MEDIUM SPECTRUM","GENTAMICIN SULFATE",63,1
"ANTNFCT, BROAD/MEDIUM SPECTRUM","GENTAMICIN SULFATE",64,5
"ANTNFCT, BROAD/MEDIUM SPECTRUM","GENTAMICIN SULFATE",65,1
"ANTNFCT, BROAD/MEDIUM SPECTRUM","GENTAMICIN SULFATE",66,3
"ANTNFCT, BROAD/MEDIUM SPECTRUM","GENTAMICIN SULFATE",67,4
"ANTNFCT, BROAD/MEDIUM SPECTRUM","GENTAMICIN SULFATE",68,5
"ANTNFCT, BROAD/MEDIUM SPECTRUM","GENTAMICIN SULFATE",69,6
"ANTNFCT, BROAD/MEDIUM SPECTRUM","GENTAMICIN SULFATE",70,1
"ANTNFCT, BROAD/MEDIUM SPECTRUM","GENTAMICIN SULFATE",72,2
"ANTNFCT, BROAD/MEDIUM SPECTRUM","GENTAMICIN SULFATE",73,2
"ANTNFCT, BROAD/MEDIUM SPECTRUM","GENTAMICIN SULFATE",74,2
"ANTNFCT, BROAD/MEDIUM SPECTRUM","GENTAMICIN SULFATE",75,1
"ANTNFCT, BROAD/MEDIUM SPECTRUM","GENTAMICIN SULFATE",76,2
"ANTNFCT, BROAD/MEDIUM SPECTRUM","GENTAMICIN SULFATE",77,2
"ANTNFCT, BROAD/MEDIUM SPECTRUM","GENTAMICIN SULFATE",78,3
"ANTNFCT, BROAD/MEDIUM SPECTRUM","GENTAMICIN SULFATE",79,1
"ANTNFCT, BROAD/MEDIUM SPECTRUM","GENTAMICIN SULFATE",80,1
"ANTNFCT, BROAD/MEDIUM SPECTRUM","GENTAMICIN SULFATE",81,1
"ANTNFCT, BROAD/MEDIUM SPECTRUM","GENTAMICIN SULFATE",82,3
"ANTNFCT, BROAD/MEDIUM SPECTRUM","GENTAMICIN SULFATE",83,1
"ANTNFCT, BROAD/MEDIUM SPECTRUM","GENTAMICIN SULFATE",85,11
"ANTNFCT, BROAD/MEDIUM SPECTRUM",IMIPENEM-CILASTATIN,61,1
"ANTNFCT, BROAD/MEDIUM SPECTRUM",IMIPENEM-CILASTATIN,64,1
"ANTNFCT, BROAD/MEDIUM SPECTRUM",IMIPENEM-CILASTATIN,66,1
"ANTNFCT, BROAD/MEDIUM SPECTRUM",IMIPENEM-CILASTATIN,76,1
"ANTNFCT, BROAD/MEDIUM SPECTRUM",LEVOFLOXACIN,-2,29
"ANTNFCT, BROAD/MEDIUM SPECTRUM",LEVOFLOXACIN,1,4
"ANTNFCT, BROAD/MEDIUM SPECTRUM",LEVOFLOXACIN,2,7
"ANTNFCT, BROAD/MEDIUM SPECTRUM",LEVOFLOXACIN,4,12
"ANTNFCT, BROAD/MEDIUM SPECTRUM",LEVOFLOXACIN,5,6
"ANTNFCT, BROAD/MEDIUM SPECTRUM",LEVOFLOXACIN,6,6
"ANTNFCT, BROAD/MEDIUM SPECTRUM",LEVOFLOXACIN,7,8
"ANTNFCT, BROAD/MEDIUM SPECTRUM",LEVOFLOXACIN,8,9
"ANTNFCT, BROAD/MEDIUM SPECTRUM",LEVOFLOXACIN,9,6
"ANTNFCT, BROAD/MEDIUM SPECTRUM",LEVOFLOXACIN,10,7
"ANTNFCT, BROAD/MEDIUM SPECTRUM",LEVOFLOXACIN,11,10
"ANTNFCT, BROAD/MEDIUM SPECTRUM",LEVOFLOXACIN,12,10
"ANTNFCT, BROAD/MEDIUM SPECTRUM",LEVOFLOXACIN,13,3
"ANTNFCT, BROAD/MEDIUM SPECTRUM",LEVOFLOXACIN,14,11
"ANTNFCT, BROAD/MEDIUM SPECTRUM",LEVOFLOXACIN,15,15
"ANTNFCT, BROAD/MEDIUM SPECTRUM",LEVOFLOXACIN,16,27
"ANTNFCT, BROAD/MEDIUM SPECTRUM",LEVOFLOXACIN,17,34
"ANTNFCT, BROAD/MEDIUM SPECTRUM",LEVOFLOXACIN,18,48
"ANTNFCT, BROAD/MEDIUM SPECTRUM",LEVOFLOXACIN,19,82
"ANTNFCT, BROAD/MEDIUM SPECTRUM",LEVOFLOXACIN,20,88
"ANTNFCT, BROAD/MEDIUM SPECTRUM",LEVOFLOXACIN,21,93
"ANTNFCT, BROAD/MEDIUM SPECTRUM",LEVOFLOXACIN,22,92
"ANTNFCT, BROAD/MEDIUM SPECTRUM",LEVOFLOXACIN,23,105
"ANTNFCT, BROAD/MEDIUM SPECTRUM",LEVOFLOXACIN,24,143
"ANTNFCT, BROAD/MEDIUM SPECTRUM",LEVOFLOXACIN,25,137
"ANTNFCT, BROAD/MEDIUM SPECTRUM",LEVOFLOXACIN,26,122
"ANTNFCT, BROAD/MEDIUM SPECTRUM",LEVOFLOXACIN,27,123
"ANTNFCT, BROAD/MEDIUM SPECTRUM",LEVOFLOXACIN,28,150
"ANTNFCT, BROAD/MEDIUM SPECTRUM",LEVOFLOXACIN,29,148
"ANTNFCT, BROAD/MEDIUM SPECTRUM",LEVOFLOXACIN,30,174
"ANTNFCT, BROAD/MEDIUM SPECTRUM",LEVOFLOXACIN,31,160
"ANTNFCT, BROAD/MEDIUM SPECTRUM",LEVOFLOXACIN,32,207
"ANTNFCT, BROAD/MEDIUM SPECTRUM",LEVOFLOXACIN,33,183
"ANTNFCT, BROAD/MEDIUM SPECTRUM",LEVOFLOXACIN,34,223
"ANTNFCT, BROAD/MEDIUM SPECTRUM",LEVOFLOXACIN,35,224
"ANTNFCT, BROAD/MEDIUM SPECTRUM",LEVOFLOXACIN,36,223
"ANTNFCT, BROAD/MEDIUM SPECTRUM",LEVOFLOXACIN,37,255
"ANTNFCT, BROAD/MEDIUM SPECTRUM",LEVOFLOXACIN,38,292
"ANTNFCT, BROAD/MEDIUM SPECTRUM",LEVOFLOXACIN,39,272
"ANTNFCT, BROAD/MEDIUM SPECTRUM",LEVOFLOXACIN,40,271
"ANTNFCT, BROAD/MEDIUM SPECTRUM",LEVOFLOXACIN,41,295
"ANTNFCT, BROAD/MEDIUM SPECTRUM",LEVOFLOXACIN,42,312
"ANTNFCT, BROAD/MEDIUM SPECTRUM",LEVOFLOXACIN,43,270
"ANTNFCT, BROAD/MEDIUM SPECTRUM",LEVOFLOXACIN,44,320
"ANTNFCT, BROAD/MEDIUM SPECTRUM",LEVOFLOXACIN,45,306
"ANTNFCT, BROAD/MEDIUM SPECTRUM",LEVOFLOXACIN,46,349
"ANTNFCT, BROAD/MEDIUM SPECTRUM",LEVOFLOXACIN,47,308
"ANTNFCT, BROAD/MEDIUM SPECTRUM",LEVOFLOXACIN,48,415
"ANTNFCT, BROAD/MEDIUM SPECTRUM",LEVOFLOXACIN,49,444
"ANTNFCT, BROAD/MEDIUM SPECTRUM",LEVOFLOXACIN,50,413
"ANTNFCT, BROAD/MEDIUM SPECTRUM",LEVOFLOXACIN,51,431
"ANTNFCT, BROAD/MEDIUM SPECTRUM",LEVOFLOXACIN,52,451
"ANTNFCT, BROAD/MEDIUM SPECTRUM",LEVOFLOXACIN,53,423
"ANTNFCT, BROAD/MEDIUM SPECTRUM",LEVOFLOXACIN,54,524
"ANTNFCT, BROAD/MEDIUM SPECTRUM",LEVOFLOXACIN,55,566
"ANTNFCT, BROAD/MEDIUM SPECTRUM",LEVOFLOXACIN,56,592
"ANTNFCT, BROAD/MEDIUM SPECTRUM",LEVOFLOXACIN,57,591
"ANTNFCT, BROAD/MEDIUM SPECTRUM",LEVOFLOXACIN,58,605
"ANTNFCT, BROAD/MEDIUM SPECTRUM",LEVOFLOXACIN,59,626
"ANTNFCT, BROAD/MEDIUM SPECTRUM",LEVOFLOXACIN,60,611
"ANTNFCT, BROAD/MEDIUM SPECTRUM",LEVOFLOXACIN,61,620
"ANTNFCT, BROAD/MEDIUM SPECTRUM",LEVOFLOXACIN,62,650
"ANTNFCT, BROAD/MEDIUM SPECTRUM",LEVOFLOXACIN,63,662
"ANTNFCT, BROAD/MEDIUM SPECTRUM",LEVOFLOXACIN,64,643
"ANTNFCT, BROAD/MEDIUM SPECTRUM",LEVOFLOXACIN,65,645
"ANTNFCT, BROAD/MEDIUM SPECTRUM",LEVOFLOXACIN,66,631
"ANTNFCT, BROAD/MEDIUM SPECTRUM",LEVOFLOXACIN,67,659
"ANTNFCT, BROAD/MEDIUM SPECTRUM",LEVOFLOXACIN,68,612
"ANTNFCT, BROAD/MEDIUM SPECTRUM",LEVOFLOXACIN,69,588
"ANTNFCT, BROAD/MEDIUM SPECTRUM",LEVOFLOXACIN,70,634
"ANTNFCT, BROAD/MEDIUM SPECTRUM",LEVOFLOXACIN,71,639
"ANTNFCT, BROAD/MEDIUM SPECTRUM",LEVOFLOXACIN,72,627
"ANTNFCT, BROAD/MEDIUM SPECTRUM",LEVOFLOXACIN,73,529
"ANTNFCT, BROAD/MEDIUM SPECTRUM",LEVOFLOXACIN,74,524
"ANTNFCT, BROAD/MEDIUM SPECTRUM",LEVOFLOXACIN,75,460
"ANTNFCT, BROAD/MEDIUM SPECTRUM",LEVOFLOXACIN,76,495
"ANTNFCT, BROAD/MEDIUM SPECTRUM",LEVOFLOXACIN,77,426
"ANTNFCT, BROAD/MEDIUM SPECTRUM",LEVOFLOXACIN,78,400
"ANTNFCT, BROAD/MEDIUM SPECTRUM",LEVOFLOXACIN,79,400
"ANTNFCT, BROAD/MEDIUM SPECTRUM",LEVOFLOXACIN,80,351
"ANTNFCT, BROAD/MEDIUM SPECTRUM",LEVOFLOXACIN,81,339
"ANTNFCT, BROAD/MEDIUM SPECTRUM",LEVOFLOXACIN,82,304
"ANTNFCT, BROAD/MEDIUM SPECTRUM",LEVOFLOXACIN,83,159
"ANTNFCT, BROAD/MEDIUM SPECTRUM",LEVOFLOXACIN,84,67
"ANTNFCT, BROAD/MEDIUM SPECTRUM",LEVOFLOXACIN,85,2106
"ANTNFCT, BROAD/MEDIUM SPECTRUM","LEVOFLOXACIN IN D5W",5,1
"ANTNFCT, BROAD/MEDIUM SPECTRUM","LEVOFLOXACIN IN D5W",29,1
"ANTNFCT, BROAD/MEDIUM SPECTRUM","LEVOFLOXACIN IN D5W",30,1
"ANTNFCT, BROAD/MEDIUM SPECTRUM","LEVOFLOXACIN IN D5W",35,1
"ANTNFCT, BROAD/MEDIUM SPECTRUM","LEVOFLOXACIN IN D5W",37,1
"ANTNFCT, BROAD/MEDIUM SPECTRUM","LEVOFLOXACIN IN D5W",48,1
"ANTNFCT, BROAD/MEDIUM SPECTRUM","LEVOFLOXACIN IN D5W",52,1
"ANTNFCT, BROAD/MEDIUM SPECTRUM","LEVOFLOXACIN IN D5W",59,1
"ANTNFCT, BROAD/MEDIUM SPECTRUM","LEVOFLOXACIN IN D5W",66,1
"ANTNFCT, BROAD/MEDIUM SPECTRUM","LEVOFLOXACIN IN D5W",69,1
"ANTNFCT, BROAD/MEDIUM SPECTRUM","LEVOFLOXACIN IN D5W",71,1
"ANTNFCT, BROAD/MEDIUM SPECTRUM","LEVOFLOXACIN IN D5W",72,1
"ANTNFCT, BROAD/MEDIUM SPECTRUM","LEVOFLOXACIN IN D5W",73,1
"ANTNFCT, BROAD/MEDIUM SPECTRUM","LEVOFLOXACIN IN D5W",80,1
"ANTNFCT, BROAD/MEDIUM SPECTRUM","LEVOFLOXACIN IN D5W",83,1
"ANTNFCT, BROAD/MEDIUM SPECTRUM","LEVOFLOXACIN IN D5W",85,2
"ANTNFCT, BROAD/MEDIUM SPECTRUM","LINCOMYCIN HCL",22,1
"ANTNFCT, BROAD/MEDIUM SPECTRUM","LINCOMYCIN HCL",59,1
"ANTNFCT, BROAD/MEDIUM SPECTRUM",MEROPENEM,3,1
"ANTNFCT, BROAD/MEDIUM SPECTRUM",MEROPENEM,5,1
"ANTNFCT, BROAD/MEDIUM SPECTRUM",MEROPENEM,16,1
"ANTNFCT, BROAD/MEDIUM SPECTRUM",MEROPENEM,18,1
"ANTNFCT, BROAD/MEDIUM SPECTRUM",MEROPENEM,23,1
"ANTNFCT, BROAD/MEDIUM SPECTRUM",MEROPENEM,30,1
"ANTNFCT, BROAD/MEDIUM SPECTRUM",MEROPENEM,37,1
"ANTNFCT, BROAD/MEDIUM SPECTRUM",MEROPENEM,40,1
"ANTNFCT, BROAD/MEDIUM SPECTRUM",MEROPENEM,41,1
"ANTNFCT, BROAD/MEDIUM SPECTRUM",MEROPENEM,43,1
"ANTNFCT, BROAD/MEDIUM SPECTRUM",MEROPENEM,46,1
"ANTNFCT, BROAD/MEDIUM SPECTRUM",MEROPENEM,47,2
"ANTNFCT, BROAD/MEDIUM SPECTRUM",MEROPENEM,49,1
"ANTNFCT, BROAD/MEDIUM SPECTRUM",MEROPENEM,51,1
"ANTNFCT, BROAD/MEDIUM SPECTRUM",MEROPENEM,53,1
"ANTNFCT, BROAD/MEDIUM SPECTRUM",MEROPENEM,56,2
"ANTNFCT, BROAD/MEDIUM SPECTRUM",MEROPENEM,57,1
"ANTNFCT, BROAD/MEDIUM SPECTRUM",MEROPENEM,58,1
"ANTNFCT, BROAD/MEDIUM SPECTRUM",MEROPENEM,59,2
"ANTNFCT, BROAD/MEDIUM SPECTRUM",MEROPENEM,60,1
"ANTNFCT, BROAD/MEDIUM SPECTRUM",MEROPENEM,61,1
"ANTNFCT, BROAD/MEDIUM SPECTRUM",MEROPENEM,62,1
"ANTNFCT, BROAD/MEDIUM SPECTRUM",MEROPENEM,65,3
"ANTNFCT, BROAD/MEDIUM SPECTRUM",MEROPENEM,68,1
"ANTNFCT, BROAD/MEDIUM SPECTRUM",MEROPENEM,70,1
"ANTNFCT, BROAD/MEDIUM SPECTRUM",MEROPENEM,71,2
"ANTNFCT, BROAD/MEDIUM SPECTRUM",MEROPENEM,72,2
"ANTNFCT, BROAD/MEDIUM SPECTRUM",MEROPENEM,74,3
"ANTNFCT, BROAD/MEDIUM SPECTRUM",MEROPENEM,75,1
"ANTNFCT, BROAD/MEDIUM SPECTRUM",MEROPENEM,76,2
"ANTNFCT, BROAD/MEDIUM SPECTRUM",MEROPENEM,79,1
"ANTNFCT, BROAD/MEDIUM SPECTRUM",MEROPENEM,80,2
"ANTNFCT, BROAD/MEDIUM SPECTRUM",MEROPENEM,81,2
"ANTNFCT, BROAD/MEDIUM SPECTRUM",MEROPENEM,83,2
"ANTNFCT, BROAD/MEDIUM SPECTRUM",MEROPENEM,85,4
"ANTNFCT, BROAD/MEDIUM SPECTRUM","MEROPENEM & SODIUM CHLORIDE",71,2
"ANTNFCT, BROAD/MEDIUM SPECTRUM","MEROPENEM & SODIUM CHLORIDE",78,1
"ANTNFCT, BROAD/MEDIUM SPECTRUM","MEROPENEM & SODIUM CHLORIDE",85,1
"ANTNFCT, BROAD/MEDIUM SPECTRUM","METRONIDAZOLE IN NACL",47,1
"ANTNFCT, BROAD/MEDIUM SPECTRUM","METRONIDAZOLE IN NACL",56,1
"ANTNFCT, BROAD/MEDIUM SPECTRUM","METRONIDAZOLE IN NACL",62,1
"ANTNFCT, BROAD/MEDIUM SPECTRUM","METRONIDAZOLE IN NACL",70,1
"ANTNFCT, BROAD/MEDIUM SPECTRUM","METRONIDAZOLE IN NACL",85,2
"ANTNFCT, BROAD/MEDIUM SPECTRUM","MINOCYCLINE HCL",-2,9
"ANTNFCT, BROAD/MEDIUM SPECTRUM","MINOCYCLINE HCL",1,1
"ANTNFCT, BROAD/MEDIUM SPECTRUM","MINOCYCLINE HCL",2,1
"ANTNFCT, BROAD/MEDIUM SPECTRUM","MINOCYCLINE HCL",3,3
"ANTNFCT, BROAD/MEDIUM SPECTRUM","MINOCYCLINE HCL",4,2
"ANTNFCT, BROAD/MEDIUM SPECTRUM","MINOCYCLINE HCL",5,4
"ANTNFCT, BROAD/MEDIUM SPECTRUM","MINOCYCLINE HCL",6,1
"ANTNFCT, BROAD/MEDIUM SPECTRUM","MINOCYCLINE HCL",8,3
"ANTNFCT, BROAD/MEDIUM SPECTRUM","MINOCYCLINE HCL",9,3
"ANTNFCT, BROAD/MEDIUM SPECTRUM","MINOCYCLINE HCL",10,4
"ANTNFCT, BROAD/MEDIUM SPECTRUM","MINOCYCLINE HCL",11,21
"ANTNFCT, BROAD/MEDIUM SPECTRUM","MINOCYCLINE HCL",12,64
"ANTNFCT, BROAD/MEDIUM SPECTRUM","MINOCYCLINE HCL",13,202
"ANTNFCT, BROAD/MEDIUM SPECTRUM","MINOCYCLINE HCL",14,393
"ANTNFCT, BROAD/MEDIUM SPECTRUM","MINOCYCLINE HCL",15,708
"ANTNFCT, BROAD/MEDIUM SPECTRUM","MINOCYCLINE HCL",16,904
"ANTNFCT, BROAD/MEDIUM SPECTRUM","MINOCYCLINE HCL",17,875
"ANTNFCT, BROAD/MEDIUM SPECTRUM","MINOCYCLINE HCL",18,748
"ANTNFCT, BROAD/MEDIUM SPECTRUM","MINOCYCLINE HCL",19,557
"ANTNFCT, BROAD/MEDIUM SPECTRUM","MINOCYCLINE HCL",20,466
"ANTNFCT, BROAD/MEDIUM SPECTRUM","MINOCYCLINE HCL",21,351
"ANTNFCT, BROAD/MEDIUM SPECTRUM","MINOCYCLINE HCL",22,267
"ANTNFCT, BROAD/MEDIUM SPECTRUM","MINOCYCLINE HCL",23,260
"ANTNFCT, BROAD/MEDIUM SPECTRUM","MINOCYCLINE HCL",24,235
"ANTNFCT, BROAD/MEDIUM SPECTRUM","MINOCYCLINE HCL",25,186
"ANTNFCT, BROAD/MEDIUM SPECTRUM","MINOCYCLINE HCL",26,180
"ANTNFCT, BROAD/MEDIUM SPECTRUM","MINOCYCLINE HCL",27,173
"ANTNFCT, BROAD/MEDIUM SPECTRUM","MINOCYCLINE HCL",28,142
"ANTNFCT, BROAD/MEDIUM SPECTRUM","MINOCYCLINE HCL",29,153
"ANTNFCT, BROAD/MEDIUM SPECTRUM","MINOCYCLINE HCL",30,130
"ANTNFCT, BROAD/MEDIUM SPECTRUM","MINOCYCLINE HCL",31,124
"ANTNFCT, BROAD/MEDIUM SPECTRUM","MINOCYCLINE HCL",32,144
"ANTNFCT, BROAD/MEDIUM SPECTRUM","MINOCYCLINE HCL",33,132
"ANTNFCT, BROAD/MEDIUM SPECTRUM","MINOCYCLINE HCL",34,140
"ANTNFCT, BROAD/MEDIUM SPECTRUM","MINOCYCLINE HCL",35,122
"ANTNFCT, BROAD/MEDIUM SPECTRUM","MINOCYCLINE HCL",36,125
"ANTNFCT, BROAD/MEDIUM SPECTRUM","MINOCYCLINE HCL",37,124
"ANTNFCT, BROAD/MEDIUM SPECTRUM","MINOCYCLINE HCL",38,160
"ANTNFCT, BROAD/MEDIUM SPECTRUM","MINOCYCLINE HCL",39,121
"ANTNFCT, BROAD/MEDIUM SPECTRUM","MINOCYCLINE HCL",40,132
"ANTNFCT, BROAD/MEDIUM SPECTRUM","MINOCYCLINE HCL",41,135
"ANTNFCT, BROAD/MEDIUM SPECTRUM","MINOCYCLINE HCL",42,144
"ANTNFCT, BROAD/MEDIUM SPECTRUM","MINOCYCLINE HCL",43,123
"ANTNFCT, BROAD/MEDIUM SPECTRUM","MINOCYCLINE HCL",44,127
"ANTNFCT, BROAD/MEDIUM SPECTRUM","MINOCYCLINE HCL",45,137
"ANTNFCT, BROAD/MEDIUM SPECTRUM","MINOCYCLINE HCL",46,129
"ANTNFCT, BROAD/MEDIUM SPECTRUM","MINOCYCLINE HCL",47,133
"ANTNFCT, BROAD/MEDIUM SPECTRUM","MINOCYCLINE HCL",48,144
"ANTNFCT, BROAD/MEDIUM SPECTRUM","MINOCYCLINE HCL",49,151
"ANTNFCT, BROAD/MEDIUM SPECTRUM","MINOCYCLINE HCL",50,142
"ANTNFCT, BROAD/MEDIUM SPECTRUM","MINOCYCLINE HCL",51,164
"ANTNFCT, BROAD/MEDIUM SPECTRUM","MINOCYCLINE HCL",52,141
"ANTNFCT, BROAD/MEDIUM SPECTRUM","MINOCYCLINE HCL",53,151
"ANTNFCT, BROAD/MEDIUM SPECTRUM","MINOCYCLINE HCL",54,150
"ANTNFCT, BROAD/MEDIUM SPECTRUM","MINOCYCLINE HCL",55,134
"ANTNFCT, BROAD/MEDIUM SPECTRUM","MINOCYCLINE HCL",56,141
"ANTNFCT, BROAD/MEDIUM SPECTRUM","MINOCYCLINE HCL",57,165
"ANTNFCT, BROAD/MEDIUM SPECTRUM","MINOCYCLINE HCL",58,127
"ANTNFCT, BROAD/MEDIUM SPECTRUM","MINOCYCLINE HCL",59,133
"ANTNFCT, BROAD/MEDIUM SPECTRUM","MINOCYCLINE HCL",60,129
"ANTNFCT, BROAD/MEDIUM SPECTRUM","MINOCYCLINE HCL",61,129
"ANTNFCT, BROAD/MEDIUM SPECTRUM","MINOCYCLINE HCL",62,124
"ANTNFCT, BROAD/MEDIUM SPECTRUM","MINOCYCLINE HCL",63,132
"ANTNFCT, BROAD/MEDIUM SPECTRUM","MINOCYCLINE HCL",64,130
"ANTNFCT, BROAD/MEDIUM SPECTRUM","MINOCYCLINE HCL",65,124
"ANTNFCT, BROAD/MEDIUM SPECTRUM","MINOCYCLINE HCL",66,107
"ANTNFCT, BROAD/MEDIUM SPECTRUM","MINOCYCLINE HCL",67,119
"ANTNFCT, BROAD/MEDIUM SPECTRUM","MINOCYCLINE HCL",68,85
"ANTNFCT, BROAD/MEDIUM SPECTRUM","MINOCYCLINE HCL",69,114
"ANTNFCT, BROAD/MEDIUM SPECTRUM","MINOCYCLINE HCL",70,73
"ANTNFCT, BROAD/MEDIUM SPECTRUM","MINOCYCLINE HCL",71,88
"ANTNFCT, BROAD/MEDIUM SPECTRUM","MINOCYCLINE HCL",72,102
"ANTNFCT, BROAD/MEDIUM SPECTRUM","MINOCYCLINE HCL",73,87
"ANTNFCT, BROAD/MEDIUM SPECTRUM","MINOCYCLINE HCL",74,82
"ANTNFCT, BROAD/MEDIUM SPECTRUM","MINOCYCLINE HCL",75,57
"ANTNFCT, BROAD/MEDIUM SPECTRUM","MINOCYCLINE HCL",76,58
"ANTNFCT, BROAD/MEDIUM SPECTRUM","MINOCYCLINE HCL",77,77
"ANTNFCT, BROAD/MEDIUM SPECTRUM","MINOCYCLINE HCL",78,53
"ANTNFCT, BROAD/MEDIUM SPECTRUM","MINOCYCLINE HCL",79,49
"ANTNFCT, BROAD/MEDIUM SPECTRUM","MINOCYCLINE HCL",80,42
"ANTNFCT, BROAD/MEDIUM SPECTRUM","MINOCYCLINE HCL",81,42
"ANTNFCT, BROAD/MEDIUM SPECTRUM","MINOCYCLINE HCL",82,35
"ANTNFCT, BROAD/MEDIUM SPECTRUM","MINOCYCLINE HCL",83,19
"ANTNFCT, BROAD/MEDIUM SPECTRUM","MINOCYCLINE HCL",84,8
"ANTNFCT, BROAD/MEDIUM SPECTRUM","MINOCYCLINE HCL",85,173
"ANTNFCT, BROAD/MEDIUM SPECTRUM","MOXIFLOXACIN HCL",1,1
"ANTNFCT, BROAD/MEDIUM SPECTRUM","MOXIFLOXACIN HCL",3,1
"ANTNFCT, BROAD/MEDIUM SPECTRUM","MOXIFLOXACIN HCL",8,2
"ANTNFCT, BROAD/MEDIUM SPECTRUM","MOXIFLOXACIN HCL",9,1
"ANTNFCT, BROAD/MEDIUM SPECTRUM","MOXIFLOXACIN HCL",12,1
"ANTNFCT, BROAD/MEDIUM SPECTRUM","MOXIFLOXACIN HCL",14,1
"ANTNFCT, BROAD/MEDIUM SPECTRUM","MOXIFLOXACIN HCL",15,1
"ANTNFCT, BROAD/MEDIUM SPECTRUM","MOXIFLOXACIN HCL",16,1
"ANTNFCT, BROAD/MEDIUM SPECTRUM","MOXIFLOXACIN HCL",17,1
"ANTNFCT, BROAD/MEDIUM SPECTRUM","MOXIFLOXACIN HCL",18,2
"ANTNFCT, BROAD/MEDIUM SPECTRUM","MOXIFLOXACIN HCL",19,3
"ANTNFCT, BROAD/MEDIUM SPECTRUM","MOXIFLOXACIN HCL",20,3
"ANTNFCT, BROAD/MEDIUM SPECTRUM","MOXIFLOXACIN HCL",21,2
"ANTNFCT, BROAD/MEDIUM SPECTRUM","MOXIFLOXACIN HCL",22,3
"ANTNFCT, BROAD/MEDIUM SPECTRUM","MOXIFLOXACIN HCL",23,2
"ANTNFCT, BROAD/MEDIUM SPECTRUM","MOXIFLOXACIN HCL",24,5
"ANTNFCT, BROAD/MEDIUM SPECTRUM","MOXIFLOXACIN HCL",25,5
"ANTNFCT, BROAD/MEDIUM SPECTRUM","MOXIFLOXACIN HCL",26,2
"ANTNFCT, BROAD/MEDIUM SPECTRUM","MOXIFLOXACIN HCL",27,4
"ANTNFCT, BROAD/MEDIUM SPECTRUM","MOXIFLOXACIN HCL",28,6
"ANTNFCT, BROAD/MEDIUM SPECTRUM","MOXIFLOXACIN HCL",29,2
"ANTNFCT, BROAD/MEDIUM SPECTRUM","MOXIFLOXACIN HCL",30,4
"ANTNFCT, BROAD/MEDIUM SPECTRUM","MOXIFLOXACIN HCL",31,1
"ANTNFCT, BROAD/MEDIUM SPECTRUM","MOXIFLOXACIN HCL",32,13
"ANTNFCT, BROAD/MEDIUM SPECTRUM","MOXIFLOXACIN HCL",33,8
"ANTNFCT, BROAD/MEDIUM SPECTRUM","MOXIFLOXACIN HCL",34,8
"ANTNFCT, BROAD/MEDIUM SPECTRUM","MOXIFLOXACIN HCL",35,3
"ANTNFCT, BROAD/MEDIUM SPECTRUM","MOXIFLOXACIN HCL",36,7
"ANTNFCT, BROAD/MEDIUM SPECTRUM","MOXIFLOXACIN HCL",37,14
"ANTNFCT, BROAD/MEDIUM SPECTRUM","MOXIFLOXACIN HCL",38,7
"ANTNFCT, BROAD/MEDIUM SPECTRUM","MOXIFLOXACIN HCL",39,5
"ANTNFCT, BROAD/MEDIUM SPECTRUM","MOXIFLOXACIN HCL",40,7
"ANTNFCT, BROAD/MEDIUM SPECTRUM","MOXIFLOXACIN HCL",41,7
"ANTNFCT, BROAD/MEDIUM SPECTRUM","MOXIFLOXACIN HCL",42,5
"ANTNFCT, BROAD/MEDIUM SPECTRUM","MOXIFLOXACIN HCL",43,9
"ANTNFCT, BROAD/MEDIUM SPECTRUM","MOXIFLOXACIN HCL",44,10
"ANTNFCT, BROAD/MEDIUM SPECTRUM","MOXIFLOXACIN HCL",45,13
"ANTNFCT, BROAD/MEDIUM SPECTRUM","MOXIFLOXACIN HCL",46,12
"ANTNFCT, BROAD/MEDIUM SPECTRUM","MOXIFLOXACIN HCL",47,13
"ANTNFCT, BROAD/MEDIUM SPECTRUM","MOXIFLOXACIN HCL",48,11
"ANTNFCT, BROAD/MEDIUM SPECTRUM","MOXIFLOXACIN HCL",49,14
"ANTNFCT, BROAD/MEDIUM SPECTRUM","MOXIFLOXACIN HCL",50,13
"ANTNFCT, BROAD/MEDIUM SPECTRUM","MOXIFLOXACIN HCL",51,13
"ANTNFCT, BROAD/MEDIUM SPECTRUM","MOXIFLOXACIN HCL",52,17
"ANTNFCT, BROAD/MEDIUM SPECTRUM","MOXIFLOXACIN HCL",53,16
"ANTNFCT, BROAD/MEDIUM SPECTRUM","MOXIFLOXACIN HCL",54,11
"ANTNFCT, BROAD/MEDIUM SPECTRUM","MOXIFLOXACIN HCL",55,32
"ANTNFCT, BROAD/MEDIUM SPECTRUM","MOXIFLOXACIN HCL",56,16
"ANTNFCT, BROAD/MEDIUM SPECTRUM","MOXIFLOXACIN HCL",57,15
"ANTNFCT, BROAD/MEDIUM SPECTRUM","MOXIFLOXACIN HCL",58,17
"ANTNFCT, BROAD/MEDIUM SPECTRUM","MOXIFLOXACIN HCL",59,13
"ANTNFCT, BROAD/MEDIUM SPECTRUM","MOXIFLOXACIN HCL",60,20
"ANTNFCT, BROAD/MEDIUM SPECTRUM","MOXIFLOXACIN HCL",61,20
"ANTNFCT, BROAD/MEDIUM SPECTRUM","MOXIFLOXACIN HCL",62,15
"ANTNFCT, BROAD/MEDIUM SPECTRUM","MOXIFLOXACIN HCL",63,20
"ANTNFCT, BROAD/MEDIUM SPECTRUM","MOXIFLOXACIN HCL",64,24
"ANTNFCT, BROAD/MEDIUM SPECTRUM","MOXIFLOXACIN HCL",65,16
"ANTNFCT, BROAD/MEDIUM SPECTRUM","MOXIFLOXACIN HCL",66,22
"ANTNFCT, BROAD/MEDIUM SPECTRUM","MOXIFLOXACIN HCL",67,18
"ANTNFCT, BROAD/MEDIUM SPECTRUM","MOXIFLOXACIN HCL",68,19
"ANTNFCT, BROAD/MEDIUM SPECTRUM","MOXIFLOXACIN HCL",69,22
"ANTNFCT, BROAD/MEDIUM SPECTRUM","MOXIFLOXACIN HCL",70,13
"ANTNFCT, BROAD/MEDIUM SPECTRUM","MOXIFLOXACIN HCL",71,26
"ANTNFCT, BROAD/MEDIUM SPECTRUM","MOXIFLOXACIN HCL",72,18
"ANTNFCT, BROAD/MEDIUM SPECTRUM","MOXIFLOXACIN HCL",73,10
"ANTNFCT, BROAD/MEDIUM SPECTRUM","MOXIFLOXACIN HCL",74,14
"ANTNFCT, BROAD/MEDIUM SPECTRUM","MOXIFLOXACIN HCL",75,12
"ANTNFCT, BROAD/MEDIUM SPECTRUM","MOXIFLOXACIN HCL",76,14
"ANTNFCT, BROAD/MEDIUM SPECTRUM","MOXIFLOXACIN HCL",77,14
"ANTNFCT, BROAD/MEDIUM SPECTRUM","MOXIFLOXACIN HCL",78,7
"ANTNFCT, BROAD/MEDIUM SPECTRUM","MOXIFLOXACIN HCL",79,10
"ANTNFCT, BROAD/MEDIUM SPECTRUM","MOXIFLOXACIN HCL",80,6
"ANTNFCT, BROAD/MEDIUM SPECTRUM","MOXIFLOXACIN HCL",81,10
"ANTNFCT, BROAD/MEDIUM SPECTRUM","MOXIFLOXACIN HCL",82,10
"ANTNFCT, BROAD/MEDIUM SPECTRUM","MOXIFLOXACIN HCL",83,2
"ANTNFCT, BROAD/MEDIUM SPECTRUM","MOXIFLOXACIN HCL",84,1
"ANTNFCT, BROAD/MEDIUM SPECTRUM","MOXIFLOXACIN HCL",85,53
"ANTNFCT, BROAD/MEDIUM SPECTRUM","MOXIFLOXACIN HCL IN SODIUM CHLORIDE",52,1
"ANTNFCT, BROAD/MEDIUM SPECTRUM","MOXIFLOXACIN HCL IN SODIUM CHLORIDE",62,2
"ANTNFCT, BROAD/MEDIUM SPECTRUM","MOXIFLOXACIN HCL IN SODIUM CHLORIDE",72,1
"ANTNFCT, BROAD/MEDIUM SPECTRUM","MOXIFLOXACIN HCL IN SODIUM CHLORIDE",75,1
"ANTNFCT, BROAD/MEDIUM SPECTRUM","MOXIFLOXACIN HCL IN SODIUM CHLORIDE",85,1
"ANTNFCT, BROAD/MEDIUM SPECTRUM","NAFCILLIN SODIUM",32,1
"ANTNFCT, BROAD/MEDIUM SPECTRUM","NAFCILLIN SODIUM",54,1
"ANTNFCT, BROAD/MEDIUM SPECTRUM","NAFCILLIN SODIUM",55,1
"ANTNFCT, BROAD/MEDIUM SPECTRUM","NEOMYCIN SULFATE",-2,1
"ANTNFCT, BROAD/MEDIUM SPECTRUM","NEOMYCIN SULFATE",2,1
"ANTNFCT, BROAD/MEDIUM SPECTRUM","NEOMYCIN SULFATE",6,2
"ANTNFCT, BROAD/MEDIUM SPECTRUM","NEOMYCIN SULFATE",10,1
"ANTNFCT, BROAD/MEDIUM SPECTRUM","NEOMYCIN SULFATE",11,1
"ANTNFCT, BROAD/MEDIUM SPECTRUM","NEOMYCIN SULFATE",15,1
"ANTNFCT, BROAD/MEDIUM SPECTRUM","NEOMYCIN SULFATE",16,1
"ANTNFCT, BROAD/MEDIUM SPECTRUM","NEOMYCIN SULFATE",18,4
"ANTNFCT, BROAD/MEDIUM SPECTRUM","NEOMYCIN SULFATE",19,4
"ANTNFCT, BROAD/MEDIUM SPECTRUM","NEOMYCIN SULFATE",20,5
"ANTNFCT, BROAD/MEDIUM SPECTRUM","NEOMYCIN SULFATE",21,2
"ANTNFCT, BROAD/MEDIUM SPECTRUM","NEOMYCIN SULFATE",22,1
"ANTNFCT, BROAD/MEDIUM SPECTRUM","NEOMYCIN SULFATE",23,2
"ANTNFCT, BROAD/MEDIUM SPECTRUM","NEOMYCIN SULFATE",24,2
"ANTNFCT, BROAD/MEDIUM SPECTRUM","NEOMYCIN SULFATE",25,1
"ANTNFCT, BROAD/MEDIUM SPECTRUM","NEOMYCIN SULFATE",26,2
"ANTNFCT, BROAD/MEDIUM SPECTRUM","NEOMYCIN SULFATE",27,6
"ANTNFCT, BROAD/MEDIUM SPECTRUM","NEOMYCIN SULFATE",28,3
"ANTNFCT, BROAD/MEDIUM SPECTRUM","NEOMYCIN SULFATE",29,4
"ANTNFCT, BROAD/MEDIUM SPECTRUM","NEOMYCIN SULFATE",30,5
"ANTNFCT, BROAD/MEDIUM SPECTRUM","NEOMYCIN SULFATE",31,5
"ANTNFCT, BROAD/MEDIUM SPECTRUM","NEOMYCIN SULFATE",32,1
"ANTNFCT, BROAD/MEDIUM SPECTRUM","NEOMYCIN SULFATE",33,7
"ANTNFCT, BROAD/MEDIUM SPECTRUM","NEOMYCIN SULFATE",34,3
"ANTNFCT, BROAD/MEDIUM SPECTRUM","NEOMYCIN SULFATE",35,8
"ANTNFCT, BROAD/MEDIUM SPECTRUM","NEOMYCIN SULFATE",36,7
"ANTNFCT, BROAD/MEDIUM SPECTRUM","NEOMYCIN SULFATE",37,2
"ANTNFCT, BROAD/MEDIUM SPECTRUM","NEOMYCIN SULFATE",38,4
"ANTNFCT, BROAD/MEDIUM SPECTRUM","NEOMYCIN SULFATE",39,8
"ANTNFCT, BROAD/MEDIUM SPECTRUM","NEOMYCIN SULFATE",40,3
"ANTNFCT, BROAD/MEDIUM SPECTRUM","NEOMYCIN SULFATE",41,8
"ANTNFCT, BROAD/MEDIUM SPECTRUM","NEOMYCIN SULFATE",42,4
"ANTNFCT, BROAD/MEDIUM SPECTRUM","NEOMYCIN SULFATE",43,6
"ANTNFCT, BROAD/MEDIUM SPECTRUM","NEOMYCIN SULFATE",44,7
"ANTNFCT, BROAD/MEDIUM SPECTRUM","NEOMYCIN SULFATE",45,8
"ANTNFCT, BROAD/MEDIUM SPECTRUM","NEOMYCIN SULFATE",46,9
"ANTNFCT, BROAD/MEDIUM SPECTRUM","NEOMYCIN SULFATE",47,9
"ANTNFCT, BROAD/MEDIUM SPECTRUM","NEOMYCIN SULFATE",48,15
"ANTNFCT, BROAD/MEDIUM SPECTRUM","NEOMYCIN SULFATE",49,19
"ANTNFCT, BROAD/MEDIUM SPECTRUM","NEOMYCIN SULFATE",50,19
"ANTNFCT, BROAD/MEDIUM SPECTRUM","NEOMYCIN SULFATE",51,14
"ANTNFCT, BROAD/MEDIUM SPECTRUM","NEOMYCIN SULFATE",52,11
"ANTNFCT, BROAD/MEDIUM SPECTRUM","NEOMYCIN SULFATE",53,11
"ANTNFCT, BROAD/MEDIUM SPECTRUM","NEOMYCIN SULFATE",54,16
"ANTNFCT, BROAD/MEDIUM SPECTRUM","NEOMYCIN SULFATE",55,15
"ANTNFCT, BROAD/MEDIUM SPECTRUM","NEOMYCIN SULFATE",56,20
"ANTNFCT, BROAD/MEDIUM SPECTRUM","NEOMYCIN SULFATE",57,14
"ANTNFCT, BROAD/MEDIUM SPECTRUM","NEOMYCIN SULFATE",58,25
"ANTNFCT, BROAD/MEDIUM SPECTRUM","NEOMYCIN SULFATE",59,16
"ANTNFCT, BROAD/MEDIUM SPECTRUM","NEOMYCIN SULFATE",60,20
"ANTNFCT, BROAD/MEDIUM SPECTRUM","NEOMYCIN SULFATE",61,19
"ANTNFCT, BROAD/MEDIUM SPECTRUM","NEOMYCIN SULFATE",62,12
"ANTNFCT, BROAD/MEDIUM SPECTRUM","NEOMYCIN SULFATE",63,27
"ANTNFCT, BROAD/MEDIUM SPECTRUM","NEOMYCIN SULFATE",64,19
"ANTNFCT, BROAD/MEDIUM SPECTRUM","NEOMYCIN SULFATE",65,12
"ANTNFCT, BROAD/MEDIUM SPECTRUM","NEOMYCIN SULFATE",66,16
"ANTNFCT, BROAD/MEDIUM SPECTRUM","NEOMYCIN SULFATE",67,26
"ANTNFCT, BROAD/MEDIUM SPECTRUM","NEOMYCIN SULFATE",68,22
"ANTNFCT, BROAD/MEDIUM SPECTRUM","NEOMYCIN SULFATE",69,18
"ANTNFCT, BROAD/MEDIUM SPECTRUM","NEOMYCIN SULFATE",70,19
"ANTNFCT, BROAD/MEDIUM SPECTRUM","NEOMYCIN SULFATE",71,21
"ANTNFCT, BROAD/MEDIUM SPECTRUM","NEOMYCIN SULFATE",72,24
"ANTNFCT, BROAD/MEDIUM SPECTRUM","NEOMYCIN SULFATE",73,12
"ANTNFCT, BROAD/MEDIUM SPECTRUM","NEOMYCIN SULFATE",74,14
"ANTNFCT, BROAD/MEDIUM SPECTRUM","NEOMYCIN SULFATE",75,13
"ANTNFCT, BROAD/MEDIUM SPECTRUM","NEOMYCIN SULFATE",76,23
"ANTNFCT, BROAD/MEDIUM SPECTRUM","NEOMYCIN SULFATE",77,15
"ANTNFCT, BROAD/MEDIUM SPECTRUM","NEOMYCIN SULFATE",78,9
"ANTNFCT, BROAD/MEDIUM SPECTRUM","NEOMYCIN SULFATE",79,8
"ANTNFCT, BROAD/MEDIUM SPECTRUM","NEOMYCIN SULFATE",80,12
"ANTNFCT, BROAD/MEDIUM SPECTRUM","NEOMYCIN SULFATE",81,11
"ANTNFCT, BROAD/MEDIUM SPECTRUM","NEOMYCIN SULFATE",82,8
"ANTNFCT, BROAD/MEDIUM SPECTRUM","NEOMYCIN SULFATE",83,4
"ANTNFCT, BROAD/MEDIUM SPECTRUM","NEOMYCIN SULFATE",84,1
"ANTNFCT, BROAD/MEDIUM SPECTRUM","NEOMYCIN SULFATE",85,29
"ANTNFCT, BROAD/MEDIUM SPECTRUM","NEOMYCIN/POLYMYXIN B GU",10,1
"ANTNFCT, BROAD/MEDIUM SPECTRUM","NEOMYCIN/POLYMYXIN B GU",15,2
"ANTNFCT, BROAD/MEDIUM SPECTRUM","NEOMYCIN/POLYMYXIN B GU",41,1
"ANTNFCT, BROAD/MEDIUM SPECTRUM","NEOMYCIN/POLYMYXIN B GU",49,1
"ANTNFCT, BROAD/MEDIUM SPECTRUM","NEOMYCIN/POLYMYXIN B GU",51,1
"ANTNFCT, BROAD/MEDIUM SPECTRUM","NEOMYCIN/POLYMYXIN B GU",56,1
"ANTNFCT, BROAD/MEDIUM SPECTRUM","NEOMYCIN/POLYMYXIN B GU",70,1
"ANTNFCT, BROAD/MEDIUM SPECTRUM","NEOMYCIN/POLYMYXIN B GU",72,1
"ANTNFCT, BROAD/MEDIUM SPECTRUM","NEOMYCIN/POLYMYXIN B GU",79,1
"ANTNFCT, BROAD/MEDIUM SPECTRUM","NEOMYCIN/POLYMYXIN B GU",80,1
"ANTNFCT, BROAD/MEDIUM SPECTRUM","NEOMYCIN/POLYMYXIN B GU",85,1
"ANTNFCT, BROAD/MEDIUM SPECTRUM",OFLOXACIN,24,3
"ANTNFCT, BROAD/MEDIUM SPECTRUM",OFLOXACIN,26,1
"ANTNFCT, BROAD/MEDIUM SPECTRUM",OFLOXACIN,28,1
"ANTNFCT, BROAD/MEDIUM SPECTRUM",OFLOXACIN,32,1
"ANTNFCT, BROAD/MEDIUM SPECTRUM",OFLOXACIN,38,1
"ANTNFCT, BROAD/MEDIUM SPECTRUM",OFLOXACIN,47,1
"ANTNFCT, BROAD/MEDIUM SPECTRUM",OFLOXACIN,52,1
"ANTNFCT, BROAD/MEDIUM SPECTRUM",OFLOXACIN,53,1
"ANTNFCT, BROAD/MEDIUM SPECTRUM",OFLOXACIN,54,2
"ANTNFCT, BROAD/MEDIUM SPECTRUM",OFLOXACIN,57,2
"ANTNFCT, BROAD/MEDIUM SPECTRUM",OFLOXACIN,58,1
"ANTNFCT, BROAD/MEDIUM SPECTRUM",OFLOXACIN,60,1
"ANTNFCT, BROAD/MEDIUM SPECTRUM",OFLOXACIN,65,1
"ANTNFCT, BROAD/MEDIUM SPECTRUM",OFLOXACIN,66,2
"ANTNFCT, BROAD/MEDIUM SPECTRUM",OFLOXACIN,68,2
"ANTNFCT, BROAD/MEDIUM SPECTRUM",OFLOXACIN,70,1
"ANTNFCT, BROAD/MEDIUM SPECTRUM",OFLOXACIN,80,1
"ANTNFCT, BROAD/MEDIUM SPECTRUM","OMADACYCLINE TOSYLATE",53,2
"ANTNFCT, BROAD/MEDIUM SPECTRUM","OMADACYCLINE TOSYLATE",55,1
"ANTNFCT, BROAD/MEDIUM SPECTRUM","OXACILLIN SODIUM",56,1
"ANTNFCT, BROAD/MEDIUM SPECTRUM","OXACILLIN SODIUM",68,1
"ANTNFCT, BROAD/MEDIUM SPECTRUM","PENICILLIN G BENZATHINE",2,2
"ANTNFCT, BROAD/MEDIUM SPECTRUM","PENICILLIN G BENZATHINE",3,2
"ANTNFCT, BROAD/MEDIUM SPECTRUM","PENICILLIN G BENZATHINE",6,2
"ANTNFCT, BROAD/MEDIUM SPECTRUM","PENICILLIN G BENZATHINE",7,2
"ANTNFCT, BROAD/MEDIUM SPECTRUM","PENICILLIN G BENZATHINE",9,2
"ANTNFCT, BROAD/MEDIUM SPECTRUM","PENICILLIN G BENZATHINE",11,2
"ANTNFCT, BROAD/MEDIUM SPECTRUM","PENICILLIN G BENZATHINE",12,2
"ANTNFCT, BROAD/MEDIUM SPECTRUM","PENICILLIN G BENZATHINE",13,1
"ANTNFCT, BROAD/MEDIUM SPECTRUM","PENICILLIN G BENZATHINE",14,1
"ANTNFCT, BROAD/MEDIUM SPECTRUM","PENICILLIN G BENZATHINE",15,2
"ANTNFCT, BROAD/MEDIUM SPECTRUM","PENICILLIN G BENZATHINE",16,2
"ANTNFCT, BROAD/MEDIUM SPECTRUM","PENICILLIN G BENZATHINE",17,2
"ANTNFCT, BROAD/MEDIUM SPECTRUM","PENICILLIN G BENZATHINE",18,3
"ANTNFCT, BROAD/MEDIUM SPECTRUM","PENICILLIN G BENZATHINE",19,1
"ANTNFCT, BROAD/MEDIUM SPECTRUM","PENICILLIN G BENZATHINE",22,1
"ANTNFCT, BROAD/MEDIUM SPECTRUM","PENICILLIN G BENZATHINE",23,1
"ANTNFCT, BROAD/MEDIUM SPECTRUM","PENICILLIN G BENZATHINE",25,5
"ANTNFCT, BROAD/MEDIUM SPECTRUM","PENICILLIN G BENZATHINE",26,1
"ANTNFCT, BROAD/MEDIUM SPECTRUM","PENICILLIN G BENZATHINE",27,2
"ANTNFCT, BROAD/MEDIUM SPECTRUM","PENICILLIN G BENZATHINE",29,2
"ANTNFCT, BROAD/MEDIUM SPECTRUM","PENICILLIN G BENZATHINE",30,2
"ANTNFCT, BROAD/MEDIUM SPECTRUM","PENICILLIN G BENZATHINE",31,2
"ANTNFCT, BROAD/MEDIUM SPECTRUM","PENICILLIN G BENZATHINE",32,3
"ANTNFCT, BROAD/MEDIUM SPECTRUM","PENICILLIN G BENZATHINE",34,4
"ANTNFCT, BROAD/MEDIUM SPECTRUM","PENICILLIN G BENZATHINE",35,2
"ANTNFCT, BROAD/MEDIUM SPECTRUM","PENICILLIN G BENZATHINE",36,1
"ANTNFCT, BROAD/MEDIUM SPECTRUM","PENICILLIN G BENZATHINE",38,2
"ANTNFCT, BROAD/MEDIUM SPECTRUM","PENICILLIN G BENZATHINE",39,3
"ANTNFCT, BROAD/MEDIUM SPECTRUM","PENICILLIN G BENZATHINE",41,1
"ANTNFCT, BROAD/MEDIUM SPECTRUM","PENICILLIN G BENZATHINE",42,1
"ANTNFCT, BROAD/MEDIUM SPECTRUM","PENICILLIN G BENZATHINE",43,1
"ANTNFCT, BROAD/MEDIUM SPECTRUM","PENICILLIN G BENZATHINE",44,1
"ANTNFCT, BROAD/MEDIUM SPECTRUM","PENICILLIN G BENZATHINE",45,1
"ANTNFCT, BROAD/MEDIUM SPECTRUM","PENICILLIN G BENZATHINE",46,1
"ANTNFCT, BROAD/MEDIUM SPECTRUM","PENICILLIN G BENZATHINE",48,1
"ANTNFCT, BROAD/MEDIUM SPECTRUM","PENICILLIN G BENZATHINE",49,1
"ANTNFCT, BROAD/MEDIUM SPECTRUM","PENICILLIN G BENZATHINE",50,2
"ANTNFCT, BROAD/MEDIUM SPECTRUM","PENICILLIN G BENZATHINE",51,2
"ANTNFCT, BROAD/MEDIUM SPECTRUM","PENICILLIN G BENZATHINE",52,2
"ANTNFCT, BROAD/MEDIUM SPECTRUM","PENICILLIN G BENZATHINE",53,3
"ANTNFCT, BROAD/MEDIUM SPECTRUM","PENICILLIN G BENZATHINE",54,1
"ANTNFCT, BROAD/MEDIUM SPECTRUM","PENICILLIN G BENZATHINE",55,1
"ANTNFCT, BROAD/MEDIUM SPECTRUM","PENICILLIN G BENZATHINE",56,3
"ANTNFCT, BROAD/MEDIUM SPECTRUM","PENICILLIN G BENZATHINE",58,2
"ANTNFCT, BROAD/MEDIUM SPECTRUM","PENICILLIN G BENZATHINE",59,1
"ANTNFCT, BROAD/MEDIUM SPECTRUM","PENICILLIN G BENZATHINE",60,1
"ANTNFCT, BROAD/MEDIUM SPECTRUM","PENICILLIN G BENZATHINE",61,1
"ANTNFCT, BROAD/MEDIUM SPECTRUM","PENICILLIN G BENZATHINE",62,1
"ANTNFCT, BROAD/MEDIUM SPECTRUM","PENICILLIN G BENZATHINE",63,1
"ANTNFCT, BROAD/MEDIUM SPECTRUM","PENICILLIN G BENZATHINE",64,1
"ANTNFCT, BROAD/MEDIUM SPECTRUM","PENICILLIN G BENZATHINE",65,1
"ANTNFCT, BROAD/MEDIUM SPECTRUM","PENICILLIN G BENZATHINE",66,5
"ANTNFCT, BROAD/MEDIUM SPECTRUM","PENICILLIN G BENZATHINE",68,1
"ANTNFCT, BROAD/MEDIUM SPECTRUM","PENICILLIN G BENZATHINE",69,1
"ANTNFCT, BROAD/MEDIUM SPECTRUM","PENICILLIN G BENZATHINE",70,1
"ANTNFCT, BROAD/MEDIUM SPECTRUM","PENICILLIN G BENZATHINE",71,1
"ANTNFCT, BROAD/MEDIUM SPECTRUM","PENICILLIN G BENZATHINE",72,1
"ANTNFCT, BROAD/MEDIUM SPECTRUM","PENICILLIN G BENZATHINE",75,1
"ANTNFCT, BROAD/MEDIUM SPECTRUM","PENICILLIN G BENZATHINE",79,2
"ANTNFCT, BROAD/MEDIUM SPECTRUM","PENICILLIN G BENZATHINE",85,3
"ANTNFCT, BROAD/MEDIUM SPECTRUM","PENICILLIN G BENZATHINE & PROCAINE",4,1
"ANTNFCT, BROAD/MEDIUM SPECTRUM","PENICILLIN G BENZATHINE & PROCAINE",19,1
"ANTNFCT, BROAD/MEDIUM SPECTRUM","PENICILLIN G BENZATHINE & PROCAINE",20,1
"ANTNFCT, BROAD/MEDIUM SPECTRUM","PENICILLIN G BENZATHINE & PROCAINE",38,1
"ANTNFCT, BROAD/MEDIUM SPECTRUM","PENICILLIN G BENZATHINE & PROCAINE",44,1
"ANTNFCT, BROAD/MEDIUM SPECTRUM","PENICILLIN G POTASSIUM",12,1
"ANTNFCT, BROAD/MEDIUM SPECTRUM","PENICILLIN G POTASSIUM",41,1
"ANTNFCT, BROAD/MEDIUM SPECTRUM","PENICILLIN G POTASSIUM",71,1
"ANTNFCT, BROAD/MEDIUM SPECTRUM","PENICILLIN G POTASSIUM",76,1
"ANTNFCT, BROAD/MEDIUM SPECTRUM","PENICILLIN G PROCAINE",30,1
"ANTNFCT, BROAD/MEDIUM SPECTRUM","PENICILLIN V POTASSIUM",-2,20
"ANTNFCT, BROAD/MEDIUM SPECTRUM","PENICILLIN V POTASSIUM",0,34
"ANTNFCT, BROAD/MEDIUM SPECTRUM","PENICILLIN V POTASSIUM",1,95
"ANTNFCT, BROAD/MEDIUM SPECTRUM","PENICILLIN V POTASSIUM",2,91
"ANTNFCT, BROAD/MEDIUM SPECTRUM","PENICILLIN V POTASSIUM",3,108
"ANTNFCT, BROAD/MEDIUM SPECTRUM","PENICILLIN V POTASSIUM",4,130
"ANTNFCT, BROAD/MEDIUM SPECTRUM","PENICILLIN V POTASSIUM",5,150
"ANTNFCT, BROAD/MEDIUM SPECTRUM","PENICILLIN V POTASSIUM",6,123
"ANTNFCT, BROAD/MEDIUM SPECTRUM","PENICILLIN V POTASSIUM",7,122
"ANTNFCT, BROAD/MEDIUM SPECTRUM","PENICILLIN V POTASSIUM",8,104
"ANTNFCT, BROAD/MEDIUM SPECTRUM","PENICILLIN V POTASSIUM",9,106
"ANTNFCT, BROAD/MEDIUM SPECTRUM","PENICILLIN V POTASSIUM",10,111
"ANTNFCT, BROAD/MEDIUM SPECTRUM","PENICILLIN V POTASSIUM",11,116
"ANTNFCT, BROAD/MEDIUM SPECTRUM","PENICILLIN V POTASSIUM",12,131
"ANTNFCT, BROAD/MEDIUM SPECTRUM","PENICILLIN V POTASSIUM",13,148
"ANTNFCT, BROAD/MEDIUM SPECTRUM","PENICILLIN V POTASSIUM",14,127
"ANTNFCT, BROAD/MEDIUM SPECTRUM","PENICILLIN V POTASSIUM",15,157
"ANTNFCT, BROAD/MEDIUM SPECTRUM","PENICILLIN V POTASSIUM",16,171
"ANTNFCT, BROAD/MEDIUM SPECTRUM","PENICILLIN V POTASSIUM",17,256
"ANTNFCT, BROAD/MEDIUM SPECTRUM","PENICILLIN V POTASSIUM",18,287
"ANTNFCT, BROAD/MEDIUM SPECTRUM","PENICILLIN V POTASSIUM",19,307
"ANTNFCT, BROAD/MEDIUM SPECTRUM","PENICILLIN V POTASSIUM",20,279
"ANTNFCT, BROAD/MEDIUM SPECTRUM","PENICILLIN V POTASSIUM",21,262
"ANTNFCT, BROAD/MEDIUM SPECTRUM","PENICILLIN V POTASSIUM",22,271
"ANTNFCT, BROAD/MEDIUM SPECTRUM","PENICILLIN V POTASSIUM",23,237
"ANTNFCT, BROAD/MEDIUM SPECTRUM","PENICILLIN V POTASSIUM",24,268
"ANTNFCT, BROAD/MEDIUM SPECTRUM","PENICILLIN V POTASSIUM",25,248
"ANTNFCT, BROAD/MEDIUM SPECTRUM","PENICILLIN V POTASSIUM",26,243
"ANTNFCT, BROAD/MEDIUM SPECTRUM","PENICILLIN V POTASSIUM",27,275
"ANTNFCT, BROAD/MEDIUM SPECTRUM","PENICILLIN V POTASSIUM",28,305
"ANTNFCT, BROAD/MEDIUM SPECTRUM","PENICILLIN V POTASSIUM",29,298
"ANTNFCT, BROAD/MEDIUM SPECTRUM","PENICILLIN V POTASSIUM",30,278
"ANTNFCT, BROAD/MEDIUM SPECTRUM","PENICILLIN V POTASSIUM",31,306
"ANTNFCT, BROAD/MEDIUM SPECTRUM","PENICILLIN V POTASSIUM",32,264
"ANTNFCT, BROAD/MEDIUM SPECTRUM","PENICILLIN V POTASSIUM",33,266
"ANTNFCT, BROAD/MEDIUM SPECTRUM","PENICILLIN V POTASSIUM",34,268
"ANTNFCT, BROAD/MEDIUM SPECTRUM","PENICILLIN V POTASSIUM",35,250
"ANTNFCT, BROAD/MEDIUM SPECTRUM","PENICILLIN V POTASSIUM",36,257
"ANTNFCT, BROAD/MEDIUM SPECTRUM","PENICILLIN V POTASSIUM",37,268
"ANTNFCT, BROAD/MEDIUM SPECTRUM","PENICILLIN V POTASSIUM",38,247
"ANTNFCT, BROAD/MEDIUM SPECTRUM","PENICILLIN V POTASSIUM",39,221
"ANTNFCT, BROAD/MEDIUM SPECTRUM","PENICILLIN V POTASSIUM",40,219
"ANTNFCT, BROAD/MEDIUM SPECTRUM","PENICILLIN V POTASSIUM",41,202
"ANTNFCT, BROAD/MEDIUM SPECTRUM","PENICILLIN V POTASSIUM",42,185
"ANTNFCT, BROAD/MEDIUM SPECTRUM","PENICILLIN V POTASSIUM",43,207
"ANTNFCT, BROAD/MEDIUM SPECTRUM","PENICILLIN V POTASSIUM",44,220
"ANTNFCT, BROAD/MEDIUM SPECTRUM","PENICILLIN V POTASSIUM",45,208
"ANTNFCT, BROAD/MEDIUM SPECTRUM","PENICILLIN V POTASSIUM",46,196
"ANTNFCT, BROAD/MEDIUM SPECTRUM","PENICILLIN V POTASSIUM",47,206
"ANTNFCT, BROAD/MEDIUM SPECTRUM","PENICILLIN V POTASSIUM",48,200
"ANTNFCT, BROAD/MEDIUM SPECTRUM","PENICILLIN V POTASSIUM",49,212
"ANTNFCT, BROAD/MEDIUM SPECTRUM","PENICILLIN V POTASSIUM",50,216
"ANTNFCT, BROAD/MEDIUM SPECTRUM","PENICILLIN V POTASSIUM",51,212
"ANTNFCT, BROAD/MEDIUM SPECTRUM","PENICILLIN V POTASSIUM",52,209
"ANTNFCT, BROAD/MEDIUM SPECTRUM","PENICILLIN V POTASSIUM",53,194
"ANTNFCT, BROAD/MEDIUM SPECTRUM","PENICILLIN V POTASSIUM",54,200
"ANTNFCT, BROAD/MEDIUM SPECTRUM","PENICILLIN V POTASSIUM",55,214
"ANTNFCT, BROAD/MEDIUM SPECTRUM","PENICILLIN V POTASSIUM",56,228
"ANTNFCT, BROAD/MEDIUM SPECTRUM","PENICILLIN V POTASSIUM",57,250
"ANTNFCT, BROAD/MEDIUM SPECTRUM","PENICILLIN V POTASSIUM",58,234
"ANTNFCT, BROAD/MEDIUM SPECTRUM","PENICILLIN V POTASSIUM",59,236
"ANTNFCT, BROAD/MEDIUM SPECTRUM","PENICILLIN V POTASSIUM",60,213
"ANTNFCT, BROAD/MEDIUM SPECTRUM","PENICILLIN V POTASSIUM",61,222
"ANTNFCT, BROAD/MEDIUM SPECTRUM","PENICILLIN V POTASSIUM",62,237
"ANTNFCT, BROAD/MEDIUM SPECTRUM","PENICILLIN V POTASSIUM",63,222
"ANTNFCT, BROAD/MEDIUM SPECTRUM","PENICILLIN V POTASSIUM",64,220
"ANTNFCT, BROAD/MEDIUM SPECTRUM","PENICILLIN V POTASSIUM",65,200
"ANTNFCT, BROAD/MEDIUM SPECTRUM","PENICILLIN V POTASSIUM",66,203
"ANTNFCT, BROAD/MEDIUM SPECTRUM","PENICILLIN V POTASSIUM",67,202
"ANTNFCT, BROAD/MEDIUM SPECTRUM","PENICILLIN V POTASSIUM",68,196
"ANTNFCT, BROAD/MEDIUM SPECTRUM","PENICILLIN V POTASSIUM",69,166
"ANTNFCT, BROAD/MEDIUM SPECTRUM","PENICILLIN V POTASSIUM",70,184
"ANTNFCT, BROAD/MEDIUM SPECTRUM","PENICILLIN V POTASSIUM",71,126
"ANTNFCT, BROAD/MEDIUM SPECTRUM","PENICILLIN V POTASSIUM",72,147
"ANTNFCT, BROAD/MEDIUM SPECTRUM","PENICILLIN V POTASSIUM",73,138
"ANTNFCT, BROAD/MEDIUM SPECTRUM","PENICILLIN V POTASSIUM",74,113
"ANTNFCT, BROAD/MEDIUM SPECTRUM","PENICILLIN V POTASSIUM",75,84
"ANTNFCT, BROAD/MEDIUM SPECTRUM","PENICILLIN V POTASSIUM",76,112
"ANTNFCT, BROAD/MEDIUM SPECTRUM","PENICILLIN V POTASSIUM",77,101
"ANTNFCT, BROAD/MEDIUM SPECTRUM","PENICILLIN V POTASSIUM",78,70
"ANTNFCT, BROAD/MEDIUM SPECTRUM","PENICILLIN V POTASSIUM",79,80
"ANTNFCT, BROAD/MEDIUM SPECTRUM","PENICILLIN V POTASSIUM",80,75
"ANTNFCT, BROAD/MEDIUM SPECTRUM","PENICILLIN V POTASSIUM",81,61
"ANTNFCT, BROAD/MEDIUM SPECTRUM","PENICILLIN V POTASSIUM",82,57
"ANTNFCT, BROAD/MEDIUM SPECTRUM","PENICILLIN V POTASSIUM",83,21
"ANTNFCT, BROAD/MEDIUM SPECTRUM","PENICILLIN V POTASSIUM",84,12
"ANTNFCT, BROAD/MEDIUM SPECTRUM","PENICILLIN V POTASSIUM",85,289
"ANTNFCT, BROAD/MEDIUM SPECTRUM","POLYMYXIN B SULFATE",64,1
"ANTNFCT, BROAD/MEDIUM SPECTRUM","SARECYCLINE HCL",-2,1
"ANTNFCT, BROAD/MEDIUM SPECTRUM","SARECYCLINE HCL",11,1
"ANTNFCT, BROAD/MEDIUM SPECTRUM","SARECYCLINE HCL",12,8
"ANTNFCT, BROAD/MEDIUM SPECTRUM","SARECYCLINE HCL",13,16
"ANTNFCT, BROAD/MEDIUM SPECTRUM","SARECYCLINE HCL",14,28
"ANTNFCT, BROAD/MEDIUM SPECTRUM","SARECYCLINE HCL",15,33
"ANTNFCT, BROAD/MEDIUM SPECTRUM","SARECYCLINE HCL",16,50
"ANTNFCT, BROAD/MEDIUM SPECTRUM","SARECYCLINE HCL",17,55
"ANTNFCT, BROAD/MEDIUM SPECTRUM","SARECYCLINE HCL",18,25
"ANTNFCT, BROAD/MEDIUM SPECTRUM","SARECYCLINE HCL",19,25
"ANTNFCT, BROAD/MEDIUM SPECTRUM","SARECYCLINE HCL",20,24
"ANTNFCT, BROAD/MEDIUM SPECTRUM","SARECYCLINE HCL",21,21
"ANTNFCT, BROAD/MEDIUM SPECTRUM","SARECYCLINE HCL",22,16
"ANTNFCT, BROAD/MEDIUM SPECTRUM","SARECYCLINE HCL",23,14
"ANTNFCT, BROAD/MEDIUM SPECTRUM","SARECYCLINE HCL",24,7
"ANTNFCT, BROAD/MEDIUM SPECTRUM","SARECYCLINE HCL",25,5
"ANTNFCT, BROAD/MEDIUM SPECTRUM","SARECYCLINE HCL",26,3
"ANTNFCT, BROAD/MEDIUM SPECTRUM","SARECYCLINE HCL",27,11
"ANTNFCT, BROAD/MEDIUM SPECTRUM","SARECYCLINE HCL",28,4
"ANTNFCT, BROAD/MEDIUM SPECTRUM","SARECYCLINE HCL",29,4
"ANTNFCT, BROAD/MEDIUM SPECTRUM","SARECYCLINE HCL",30,5
"ANTNFCT, BROAD/MEDIUM SPECTRUM","SARECYCLINE HCL",31,1
"ANTNFCT, BROAD/MEDIUM SPECTRUM","SARECYCLINE HCL",32,1
"ANTNFCT, BROAD/MEDIUM SPECTRUM","SARECYCLINE HCL",33,8
"ANTNFCT, BROAD/MEDIUM SPECTRUM","SARECYCLINE HCL",34,7
"ANTNFCT, BROAD/MEDIUM SPECTRUM","SARECYCLINE HCL",35,4
"ANTNFCT, BROAD/MEDIUM SPECTRUM","SARECYCLINE HCL",36,6
"ANTNFCT, BROAD/MEDIUM SPECTRUM","SARECYCLINE HCL",37,4
"ANTNFCT, BROAD/MEDIUM SPECTRUM","SARECYCLINE HCL",38,4
"ANTNFCT, BROAD/MEDIUM SPECTRUM","SARECYCLINE HCL",39,2
"ANTNFCT, BROAD/MEDIUM SPECTRUM","SARECYCLINE HCL",40,4
"ANTNFCT, BROAD/MEDIUM SPECTRUM","SARECYCLINE HCL",41,3
"ANTNFCT, BROAD/MEDIUM SPECTRUM","SARECYCLINE HCL",43,2
"ANTNFCT, BROAD/MEDIUM SPECTRUM","SARECYCLINE HCL",44,1
"ANTNFCT, BROAD/MEDIUM SPECTRUM","SARECYCLINE HCL",45,1
"ANTNFCT, BROAD/MEDIUM SPECTRUM","SARECYCLINE HCL",46,1
"ANTNFCT, BROAD/MEDIUM SPECTRUM","SARECYCLINE HCL",47,1
"ANTNFCT, BROAD/MEDIUM SPECTRUM","SARECYCLINE HCL",48,4
"ANTNFCT, BROAD/MEDIUM SPECTRUM","SARECYCLINE HCL",49,4
"ANTNFCT, BROAD/MEDIUM SPECTRUM","SARECYCLINE HCL",50,3
"ANTNFCT, BROAD/MEDIUM SPECTRUM","SARECYCLINE HCL",51,1
"ANTNFCT, BROAD/MEDIUM SPECTRUM","SARECYCLINE HCL",52,1
"ANTNFCT, BROAD/MEDIUM SPECTRUM","SARECYCLINE HCL",53,2
"ANTNFCT, BROAD/MEDIUM SPECTRUM","SARECYCLINE HCL",55,2
"ANTNFCT, BROAD/MEDIUM SPECTRUM","SARECYCLINE HCL",58,2
"ANTNFCT, BROAD/MEDIUM SPECTRUM","SARECYCLINE HCL",59,2
"ANTNFCT, BROAD/MEDIUM SPECTRUM","SARECYCLINE HCL",60,2
"ANTNFCT, BROAD/MEDIUM SPECTRUM","SARECYCLINE HCL",61,1
"ANTNFCT, BROAD/MEDIUM SPECTRUM","SARECYCLINE HCL",62,1
"ANTNFCT, BROAD/MEDIUM SPECTRUM","SARECYCLINE HCL",63,1
"ANTNFCT, BROAD/MEDIUM SPECTRUM","SARECYCLINE HCL",64,1
"ANTNFCT, BROAD/MEDIUM SPECTRUM","SARECYCLINE HCL",65,1
"ANTNFCT, BROAD/MEDIUM SPECTRUM","SARECYCLINE HCL",74,1
"ANTNFCT, BROAD/MEDIUM SPECTRUM","TETRACYCLINE HCL",-2,1
"ANTNFCT, BROAD/MEDIUM SPECTRUM","TETRACYCLINE HCL",5,1
"ANTNFCT, BROAD/MEDIUM SPECTRUM","TETRACYCLINE HCL",8,1
"ANTNFCT, BROAD/MEDIUM SPECTRUM","TETRACYCLINE HCL",10,2
"ANTNFCT, BROAD/MEDIUM SPECTRUM","TETRACYCLINE HCL",11,1
"ANTNFCT, BROAD/MEDIUM SPECTRUM","TETRACYCLINE HCL",12,2
"ANTNFCT, BROAD/MEDIUM SPECTRUM","TETRACYCLINE HCL",13,2
"ANTNFCT, BROAD/MEDIUM SPECTRUM","TETRACYCLINE HCL",14,2
"ANTNFCT, BROAD/MEDIUM SPECTRUM","TETRACYCLINE HCL",15,5
"ANTNFCT, BROAD/MEDIUM SPECTRUM","TETRACYCLINE HCL",16,7
"ANTNFCT, BROAD/MEDIUM SPECTRUM","TETRACYCLINE HCL",17,6
"ANTNFCT, BROAD/MEDIUM SPECTRUM","TETRACYCLINE HCL",18,4
"ANTNFCT, BROAD/MEDIUM SPECTRUM","TETRACYCLINE HCL",19,10
"ANTNFCT, BROAD/MEDIUM SPECTRUM","TETRACYCLINE HCL",20,6
"ANTNFCT, BROAD/MEDIUM SPECTRUM","TETRACYCLINE HCL",21,4
"ANTNFCT, BROAD/MEDIUM SPECTRUM","TETRACYCLINE HCL",22,3
"ANTNFCT, BROAD/MEDIUM SPECTRUM","TETRACYCLINE HCL",23,2
"ANTNFCT, BROAD/MEDIUM SPECTRUM","TETRACYCLINE HCL",24,3
"ANTNFCT, BROAD/MEDIUM SPECTRUM","TETRACYCLINE HCL",25,6
"ANTNFCT, BROAD/MEDIUM SPECTRUM","TETRACYCLINE HCL",26,2
"ANTNFCT, BROAD/MEDIUM SPECTRUM","TETRACYCLINE HCL",27,4
"ANTNFCT, BROAD/MEDIUM SPECTRUM","TETRACYCLINE HCL",28,2
"ANTNFCT, BROAD/MEDIUM SPECTRUM","TETRACYCLINE HCL",29,3
"ANTNFCT, BROAD/MEDIUM SPECTRUM","TETRACYCLINE HCL",30,8
"ANTNFCT, BROAD/MEDIUM SPECTRUM","TETRACYCLINE HCL",31,4
"ANTNFCT, BROAD/MEDIUM SPECTRUM","TETRACYCLINE HCL",32,7
"ANTNFCT, BROAD/MEDIUM SPECTRUM","TETRACYCLINE HCL",33,7
"ANTNFCT, BROAD/MEDIUM SPECTRUM","TETRACYCLINE HCL",34,9
"ANTNFCT, BROAD/MEDIUM SPECTRUM","TETRACYCLINE HCL",35,7
"ANTNFCT, BROAD/MEDIUM SPECTRUM","TETRACYCLINE HCL",36,6
"ANTNFCT, BROAD/MEDIUM SPECTRUM","TETRACYCLINE HCL",37,12
"ANTNFCT, BROAD/MEDIUM SPECTRUM","TETRACYCLINE HCL",38,6
"ANTNFCT, BROAD/MEDIUM SPECTRUM","TETRACYCLINE HCL",39,7
"ANTNFCT, BROAD/MEDIUM SPECTRUM","TETRACYCLINE HCL",40,5
"ANTNFCT, BROAD/MEDIUM SPECTRUM","TETRACYCLINE HCL",41,6
"ANTNFCT, BROAD/MEDIUM SPECTRUM","TETRACYCLINE HCL",42,9
"ANTNFCT, BROAD/MEDIUM SPECTRUM","TETRACYCLINE HCL",43,3
"ANTNFCT, BROAD/MEDIUM SPECTRUM","TETRACYCLINE HCL",44,10
"ANTNFCT, BROAD/MEDIUM SPECTRUM","TETRACYCLINE HCL",45,6
"ANTNFCT, BROAD/MEDIUM SPECTRUM","TETRACYCLINE HCL",46,11
"ANTNFCT, BROAD/MEDIUM SPECTRUM","TETRACYCLINE HCL",47,12
"ANTNFCT, BROAD/MEDIUM SPECTRUM","TETRACYCLINE HCL",48,10
"ANTNFCT, BROAD/MEDIUM SPECTRUM","TETRACYCLINE HCL",49,11
"ANTNFCT, BROAD/MEDIUM SPECTRUM","TETRACYCLINE HCL",50,12
"ANTNFCT, BROAD/MEDIUM SPECTRUM","TETRACYCLINE HCL",51,5
"ANTNFCT, BROAD/MEDIUM SPECTRUM","TETRACYCLINE HCL",52,7
"ANTNFCT, BROAD/MEDIUM SPECTRUM","TETRACYCLINE HCL",53,10
"ANTNFCT, BROAD/MEDIUM SPECTRUM","TETRACYCLINE HCL",54,11
"ANTNFCT, BROAD/MEDIUM SPECTRUM","TETRACYCLINE HCL",55,12
"ANTNFCT, BROAD/MEDIUM SPECTRUM","TETRACYCLINE HCL",56,6
"ANTNFCT, BROAD/MEDIUM SPECTRUM","TETRACYCLINE HCL",57,11
"ANTNFCT, BROAD/MEDIUM SPECTRUM","TETRACYCLINE HCL",58,10
"ANTNFCT, BROAD/MEDIUM SPECTRUM","TETRACYCLINE HCL",59,10
"ANTNFCT, BROAD/MEDIUM SPECTRUM","TETRACYCLINE HCL",60,14
"ANTNFCT, BROAD/MEDIUM SPECTRUM","TETRACYCLINE HCL",61,18
"ANTNFCT, BROAD/MEDIUM SPECTRUM","TETRACYCLINE HCL",62,13
"ANTNFCT, BROAD/MEDIUM SPECTRUM","TETRACYCLINE HCL",63,9
"ANTNFCT, BROAD/MEDIUM SPECTRUM","TETRACYCLINE HCL",64,14
"ANTNFCT, BROAD/MEDIUM SPECTRUM","TETRACYCLINE HCL",65,11
"ANTNFCT, BROAD/MEDIUM SPECTRUM","TETRACYCLINE HCL",66,6
"ANTNFCT, BROAD/MEDIUM SPECTRUM","TETRACYCLINE HCL",67,11
"ANTNFCT, BROAD/MEDIUM SPECTRUM","TETRACYCLINE HCL",68,9
"ANTNFCT, BROAD/MEDIUM SPECTRUM","TETRACYCLINE HCL",69,5
"ANTNFCT, BROAD/MEDIUM SPECTRUM","TETRACYCLINE HCL",70,7
"ANTNFCT, BROAD/MEDIUM SPECTRUM","TETRACYCLINE HCL",71,7
"ANTNFCT, BROAD/MEDIUM SPECTRUM","TETRACYCLINE HCL",72,12
"ANTNFCT, BROAD/MEDIUM SPECTRUM","TETRACYCLINE HCL",73,9
"ANTNFCT, BROAD/MEDIUM SPECTRUM","TETRACYCLINE HCL",74,7
"ANTNFCT, BROAD/MEDIUM SPECTRUM","TETRACYCLINE HCL",75,12
"ANTNFCT, BROAD/MEDIUM SPECTRUM","TETRACYCLINE HCL",76,7
"ANTNFCT, BROAD/MEDIUM SPECTRUM","TETRACYCLINE HCL",77,4
"ANTNFCT, BROAD/MEDIUM SPECTRUM","TETRACYCLINE HCL",78,1
"ANTNFCT, BROAD/MEDIUM SPECTRUM","TETRACYCLINE HCL",79,3
"ANTNFCT, BROAD/MEDIUM SPECTRUM","TETRACYCLINE HCL",80,3
"ANTNFCT, BROAD/MEDIUM SPECTRUM","TETRACYCLINE HCL",81,5
"ANTNFCT, BROAD/MEDIUM SPECTRUM","TETRACYCLINE HCL",82,1
"ANTNFCT, BROAD/MEDIUM SPECTRUM","TETRACYCLINE HCL",83,2
"ANTNFCT, BROAD/MEDIUM SPECTRUM","TETRACYCLINE HCL",85,32
"ANTNFCT, BROAD/MEDIUM SPECTRUM",TOBRAMYCIN,-2,1
"ANTNFCT, BROAD/MEDIUM SPECTRUM",TOBRAMYCIN,1,1
"ANTNFCT, BROAD/MEDIUM SPECTRUM",TOBRAMYCIN,2,4
"ANTNFCT, BROAD/MEDIUM SPECTRUM",TOBRAMYCIN,3,4
"ANTNFCT, BROAD/MEDIUM SPECTRUM",TOBRAMYCIN,4,2
"ANTNFCT, BROAD/MEDIUM SPECTRUM",TOBRAMYCIN,5,3
"ANTNFCT, BROAD/MEDIUM SPECTRUM",TOBRAMYCIN,6,4
"ANTNFCT, BROAD/MEDIUM SPECTRUM",TOBRAMYCIN,7,3
"ANTNFCT, BROAD/MEDIUM SPECTRUM",TOBRAMYCIN,8,1
"ANTNFCT, BROAD/MEDIUM SPECTRUM",TOBRAMYCIN,9,4
"ANTNFCT, BROAD/MEDIUM SPECTRUM",TOBRAMYCIN,10,4
"ANTNFCT, BROAD/MEDIUM SPECTRUM",TOBRAMYCIN,11,3
"ANTNFCT, BROAD/MEDIUM SPECTRUM",TOBRAMYCIN,12,3
"ANTNFCT, BROAD/MEDIUM SPECTRUM",TOBRAMYCIN,13,2
"ANTNFCT, BROAD/MEDIUM SPECTRUM",TOBRAMYCIN,14,2
"ANTNFCT, BROAD/MEDIUM SPECTRUM",TOBRAMYCIN,15,5
"ANTNFCT, BROAD/MEDIUM SPECTRUM",TOBRAMYCIN,16,3
"ANTNFCT, BROAD/MEDIUM SPECTRUM",TOBRAMYCIN,17,9
"ANTNFCT, BROAD/MEDIUM SPECTRUM",TOBRAMYCIN,18,1
"ANTNFCT, BROAD/MEDIUM SPECTRUM",TOBRAMYCIN,19,9
"ANTNFCT, BROAD/MEDIUM SPECTRUM",TOBRAMYCIN,20,9
"ANTNFCT, BROAD/MEDIUM SPECTRUM",TOBRAMYCIN,21,2
"ANTNFCT, BROAD/MEDIUM SPECTRUM",TOBRAMYCIN,22,4
"ANTNFCT, BROAD/MEDIUM SPECTRUM",TOBRAMYCIN,23,3
"ANTNFCT, BROAD/MEDIUM SPECTRUM",TOBRAMYCIN,24,4
"ANTNFCT, BROAD/MEDIUM SPECTRUM",TOBRAMYCIN,25,3
"ANTNFCT, BROAD/MEDIUM SPECTRUM",TOBRAMYCIN,26,1
"ANTNFCT, BROAD/MEDIUM SPECTRUM",TOBRAMYCIN,27,3
"ANTNFCT, BROAD/MEDIUM SPECTRUM",TOBRAMYCIN,28,1
"ANTNFCT, BROAD/MEDIUM SPECTRUM",TOBRAMYCIN,29,5
"ANTNFCT, BROAD/MEDIUM SPECTRUM",TOBRAMYCIN,30,4
"ANTNFCT, BROAD/MEDIUM SPECTRUM",TOBRAMYCIN,31,4
"ANTNFCT, BROAD/MEDIUM SPECTRUM",TOBRAMYCIN,32,4
"ANTNFCT, BROAD/MEDIUM SPECTRUM",TOBRAMYCIN,33,2
"ANTNFCT, BROAD/MEDIUM SPECTRUM",TOBRAMYCIN,34,1
"ANTNFCT, BROAD/MEDIUM SPECTRUM",TOBRAMYCIN,35,1
"ANTNFCT, BROAD/MEDIUM SPECTRUM",TOBRAMYCIN,36,4
"ANTNFCT, BROAD/MEDIUM SPECTRUM",TOBRAMYCIN,37,1
"ANTNFCT, BROAD/MEDIUM SPECTRUM",TOBRAMYCIN,38,1
"ANTNFCT, BROAD/MEDIUM SPECTRUM",TOBRAMYCIN,39,2
"ANTNFCT, BROAD/MEDIUM SPECTRUM",TOBRAMYCIN,40,1
"ANTNFCT, BROAD/MEDIUM SPECTRUM",TOBRAMYCIN,43,2
"ANTNFCT, BROAD/MEDIUM SPECTRUM",TOBRAMYCIN,44,1
"ANTNFCT, BROAD/MEDIUM SPECTRUM",TOBRAMYCIN,45,1
"ANTNFCT, BROAD/MEDIUM SPECTRUM",TOBRAMYCIN,46,1
"ANTNFCT, BROAD/MEDIUM SPECTRUM",TOBRAMYCIN,47,2
"ANTNFCT, BROAD/MEDIUM SPECTRUM",TOBRAMYCIN,48,2
"ANTNFCT, BROAD/MEDIUM SPECTRUM",TOBRAMYCIN,50,2
"ANTNFCT, BROAD/MEDIUM SPECTRUM",TOBRAMYCIN,52,1
"ANTNFCT, BROAD/MEDIUM SPECTRUM",TOBRAMYCIN,53,1
"ANTNFCT, BROAD/MEDIUM SPECTRUM",TOBRAMYCIN,55,2
"ANTNFCT, BROAD/MEDIUM SPECTRUM",TOBRAMYCIN,56,1
"ANTNFCT, BROAD/MEDIUM SPECTRUM",TOBRAMYCIN,57,1
"ANTNFCT, BROAD/MEDIUM SPECTRUM",TOBRAMYCIN,58,2
"ANTNFCT, BROAD/MEDIUM SPECTRUM",TOBRAMYCIN,59,3
"ANTNFCT, BROAD/MEDIUM SPECTRUM",TOBRAMYCIN,61,2
"ANTNFCT, BROAD/MEDIUM SPECTRUM",TOBRAMYCIN,65,1
"ANTNFCT, BROAD/MEDIUM SPECTRUM",TOBRAMYCIN,66,2
"ANTNFCT, BROAD/MEDIUM SPECTRUM",TOBRAMYCIN,67,4
"ANTNFCT, BROAD/MEDIUM SPECTRUM",TOBRAMYCIN,68,1
"ANTNFCT, BROAD/MEDIUM SPECTRUM",TOBRAMYCIN,69,3
"ANTNFCT, BROAD/MEDIUM SPECTRUM",TOBRAMYCIN,70,3
"ANTNFCT, BROAD/MEDIUM SPECTRUM",TOBRAMYCIN,73,3
"ANTNFCT, BROAD/MEDIUM SPECTRUM",TOBRAMYCIN,74,2
"ANTNFCT, BROAD/MEDIUM SPECTRUM",TOBRAMYCIN,75,3
"ANTNFCT, BROAD/MEDIUM SPECTRUM",TOBRAMYCIN,76,2
"ANTNFCT, BROAD/MEDIUM SPECTRUM",TOBRAMYCIN,77,2
"ANTNFCT, BROAD/MEDIUM SPECTRUM",TOBRAMYCIN,78,4
"ANTNFCT, BROAD/MEDIUM SPECTRUM",TOBRAMYCIN,79,3
"ANTNFCT, BROAD/MEDIUM SPECTRUM",TOBRAMYCIN,80,5
"ANTNFCT, BROAD/MEDIUM SPECTRUM",TOBRAMYCIN,81,1
"ANTNFCT, BROAD/MEDIUM SPECTRUM",TOBRAMYCIN,82,3
"ANTNFCT, BROAD/MEDIUM SPECTRUM",TOBRAMYCIN,83,2
"ANTNFCT, BROAD/MEDIUM SPECTRUM",TOBRAMYCIN,85,13
"ANTNFCT, BROAD/MEDIUM SPECTRUM","TOBRAMYCIN SULFATE",-2,1
"ANTNFCT, BROAD/MEDIUM SPECTRUM","TOBRAMYCIN SULFATE",2,2
"ANTNFCT, BROAD/MEDIUM SPECTRUM","TOBRAMYCIN SULFATE",3,3
"ANTNFCT, BROAD/MEDIUM SPECTRUM","TOBRAMYCIN SULFATE",4,1
"ANTNFCT, BROAD/MEDIUM SPECTRUM","TOBRAMYCIN SULFATE",5,1
"ANTNFCT, BROAD/MEDIUM SPECTRUM","TOBRAMYCIN SULFATE",7,1
"ANTNFCT, BROAD/MEDIUM SPECTRUM","TOBRAMYCIN SULFATE",8,1
"ANTNFCT, BROAD/MEDIUM SPECTRUM","TOBRAMYCIN SULFATE",11,2
"ANTNFCT, BROAD/MEDIUM SPECTRUM","TOBRAMYCIN SULFATE",12,2
"ANTNFCT, BROAD/MEDIUM SPECTRUM","TOBRAMYCIN SULFATE",15,1
"ANTNFCT, BROAD/MEDIUM SPECTRUM","TOBRAMYCIN SULFATE",16,1
"ANTNFCT, BROAD/MEDIUM SPECTRUM","TOBRAMYCIN SULFATE",18,1
"ANTNFCT, BROAD/MEDIUM SPECTRUM","TOBRAMYCIN SULFATE",20,1
"ANTNFCT, BROAD/MEDIUM SPECTRUM","TOBRAMYCIN SULFATE",21,2
"ANTNFCT, BROAD/MEDIUM SPECTRUM","TOBRAMYCIN SULFATE",24,1
"ANTNFCT, BROAD/MEDIUM SPECTRUM","TOBRAMYCIN SULFATE",26,1
"ANTNFCT, BROAD/MEDIUM SPECTRUM","TOBRAMYCIN SULFATE",31,1
"ANTNFCT, BROAD/MEDIUM SPECTRUM","TOBRAMYCIN SULFATE",35,1
"ANTNFCT, BROAD/MEDIUM SPECTRUM","TOBRAMYCIN SULFATE",36,1
"ANTNFCT, BROAD/MEDIUM SPECTRUM","TOBRAMYCIN SULFATE",39,1
"ANTNFCT, BROAD/MEDIUM SPECTRUM","TOBRAMYCIN SULFATE",42,1
"ANTNFCT, BROAD/MEDIUM SPECTRUM","TOBRAMYCIN SULFATE",44,1
"ANTNFCT, BROAD/MEDIUM SPECTRUM","TOBRAMYCIN SULFATE",50,1
"ANTNFCT, BROAD/MEDIUM SPECTRUM","TOBRAMYCIN SULFATE",56,2
"ANTNFCT, BROAD/MEDIUM SPECTRUM","TOBRAMYCIN SULFATE",58,1
"ANTNFCT, BROAD/MEDIUM SPECTRUM","TOBRAMYCIN SULFATE",60,1
"ANTNFCT, BROAD/MEDIUM SPECTRUM","TOBRAMYCIN SULFATE",61,2
"ANTNFCT, BROAD/MEDIUM SPECTRUM","TOBRAMYCIN SULFATE",62,2
"ANTNFCT, BROAD/MEDIUM SPECTRUM","TOBRAMYCIN SULFATE",63,1
"ANTNFCT, BROAD/MEDIUM SPECTRUM","TOBRAMYCIN SULFATE",66,1
"ANTNFCT, BROAD/MEDIUM SPECTRUM","TOBRAMYCIN SULFATE",68,1
"ANTNFCT, BROAD/MEDIUM SPECTRUM","TOBRAMYCIN SULFATE",71,3
"ANTNFCT, BROAD/MEDIUM SPECTRUM","TOBRAMYCIN SULFATE",73,1
"ANTNFCT, BROAD/MEDIUM SPECTRUM","TOBRAMYCIN SULFATE",74,1
"ANTNFCT, BROAD/MEDIUM SPECTRUM","TOBRAMYCIN SULFATE",75,3
"ANTNFCT, BROAD/MEDIUM SPECTRUM","TOBRAMYCIN SULFATE",76,1
"ANTNFCT, BROAD/MEDIUM SPECTRUM","TOBRAMYCIN SULFATE",80,1
"ANTNFCT, BROAD/MEDIUM SPECTRUM","TOBRAMYCIN SULFATE",83,1
"ANTNFCT, BROAD/MEDIUM SPECTRUM","TOBRAMYCIN SULFATE",85,1
"ANTNFCT, BROAD/MEDIUM SPECTRUM","VANCOMYCIN HCL",-2,3
"ANTNFCT, BROAD/MEDIUM SPECTRUM","VANCOMYCIN HCL",0,1
"ANTNFCT, BROAD/MEDIUM SPECTRUM","VANCOMYCIN HCL",2,5
"ANTNFCT, BROAD/MEDIUM SPECTRUM","VANCOMYCIN HCL",3,1
"ANTNFCT, BROAD/MEDIUM SPECTRUM","VANCOMYCIN HCL",4,2
"ANTNFCT, BROAD/MEDIUM SPECTRUM","VANCOMYCIN HCL",5,1
"ANTNFCT, BROAD/MEDIUM SPECTRUM","VANCOMYCIN HCL",7,1
"ANTNFCT, BROAD/MEDIUM SPECTRUM","VANCOMYCIN HCL",8,2
"ANTNFCT, BROAD/MEDIUM SPECTRUM","VANCOMYCIN HCL",9,2
"ANTNFCT, BROAD/MEDIUM SPECTRUM","VANCOMYCIN HCL",10,4
"ANTNFCT, BROAD/MEDIUM SPECTRUM","VANCOMYCIN HCL",11,1
"ANTNFCT, BROAD/MEDIUM SPECTRUM","VANCOMYCIN HCL",12,3
"ANTNFCT, BROAD/MEDIUM SPECTRUM","VANCOMYCIN HCL",13,2
"ANTNFCT, BROAD/MEDIUM SPECTRUM","VANCOMYCIN HCL",14,4
"ANTNFCT, BROAD/MEDIUM SPECTRUM","VANCOMYCIN HCL",15,9
"ANTNFCT, BROAD/MEDIUM SPECTRUM","VANCOMYCIN HCL",16,5
"ANTNFCT, BROAD/MEDIUM SPECTRUM","VANCOMYCIN HCL",17,8
"ANTNFCT, BROAD/MEDIUM SPECTRUM","VANCOMYCIN HCL",18,9
"ANTNFCT, BROAD/MEDIUM SPECTRUM","VANCOMYCIN HCL",19,9
"ANTNFCT, BROAD/MEDIUM SPECTRUM","VANCOMYCIN HCL",20,10
"ANTNFCT, BROAD/MEDIUM SPECTRUM","VANCOMYCIN HCL",21,7
"ANTNFCT, BROAD/MEDIUM SPECTRUM","VANCOMYCIN HCL",22,12
"ANTNFCT, BROAD/MEDIUM SPECTRUM","VANCOMYCIN HCL",23,10
"ANTNFCT, BROAD/MEDIUM SPECTRUM","VANCOMYCIN HCL",24,17
"ANTNFCT, BROAD/MEDIUM SPECTRUM","VANCOMYCIN HCL",25,14
"ANTNFCT, BROAD/MEDIUM SPECTRUM","VANCOMYCIN HCL",26,7
"ANTNFCT, BROAD/MEDIUM SPECTRUM","VANCOMYCIN HCL",27,8
"ANTNFCT, BROAD/MEDIUM SPECTRUM","VANCOMYCIN HCL",28,8
"ANTNFCT, BROAD/MEDIUM SPECTRUM","VANCOMYCIN HCL",29,12
"ANTNFCT, BROAD/MEDIUM SPECTRUM","VANCOMYCIN HCL",30,12
"ANTNFCT, BROAD/MEDIUM SPECTRUM","VANCOMYCIN HCL",31,14
"ANTNFCT, BROAD/MEDIUM SPECTRUM","VANCOMYCIN HCL",32,15
"ANTNFCT, BROAD/MEDIUM SPECTRUM","VANCOMYCIN HCL",33,17
"ANTNFCT, BROAD/MEDIUM SPECTRUM","VANCOMYCIN HCL",34,10
"ANTNFCT, BROAD/MEDIUM SPECTRUM","VANCOMYCIN HCL",35,13
"ANTNFCT, BROAD/MEDIUM SPECTRUM","VANCOMYCIN HCL",36,9
"ANTNFCT, BROAD/MEDIUM SPECTRUM","VANCOMYCIN HCL",37,8
"ANTNFCT, BROAD/MEDIUM SPECTRUM","VANCOMYCIN HCL",38,13
"ANTNFCT, BROAD/MEDIUM SPECTRUM","VANCOMYCIN HCL",39,15
"ANTNFCT, BROAD/MEDIUM SPECTRUM","VANCOMYCIN HCL",40,11
"ANTNFCT, BROAD/MEDIUM SPECTRUM","VANCOMYCIN HCL",41,12
"ANTNFCT, BROAD/MEDIUM SPECTRUM","VANCOMYCIN HCL",42,12
"ANTNFCT, BROAD/MEDIUM SPECTRUM","VANCOMYCIN HCL",43,6
"ANTNFCT, BROAD/MEDIUM SPECTRUM","VANCOMYCIN HCL",44,14
"ANTNFCT, BROAD/MEDIUM SPECTRUM","VANCOMYCIN HCL",45,19
"ANTNFCT, BROAD/MEDIUM SPECTRUM","VANCOMYCIN HCL",46,12
"ANTNFCT, BROAD/MEDIUM SPECTRUM","VANCOMYCIN HCL",47,15
"ANTNFCT, BROAD/MEDIUM SPECTRUM","VANCOMYCIN HCL",48,19
"ANTNFCT, BROAD/MEDIUM SPECTRUM","VANCOMYCIN HCL",49,24
"ANTNFCT, BROAD/MEDIUM SPECTRUM","VANCOMYCIN HCL",50,15
"ANTNFCT, BROAD/MEDIUM SPECTRUM","VANCOMYCIN HCL",51,22
"ANTNFCT, BROAD/MEDIUM SPECTRUM","VANCOMYCIN HCL",52,17
"ANTNFCT, BROAD/MEDIUM SPECTRUM","VANCOMYCIN HCL",53,25
"ANTNFCT, BROAD/MEDIUM SPECTRUM","VANCOMYCIN HCL",54,30
"ANTNFCT, BROAD/MEDIUM SPECTRUM","VANCOMYCIN HCL",55,32
"ANTNFCT, BROAD/MEDIUM SPECTRUM","VANCOMYCIN HCL",56,37
"ANTNFCT, BROAD/MEDIUM SPECTRUM","VANCOMYCIN HCL",57,29
"ANTNFCT, BROAD/MEDIUM SPECTRUM","VANCOMYCIN HCL",58,31
"ANTNFCT, BROAD/MEDIUM SPECTRUM","VANCOMYCIN HCL",59,37
"ANTNFCT, BROAD/MEDIUM SPECTRUM","VANCOMYCIN HCL",60,33
"ANTNFCT, BROAD/MEDIUM SPECTRUM","VANCOMYCIN HCL",61,34
"ANTNFCT, BROAD/MEDIUM SPECTRUM","VANCOMYCIN HCL",62,34
"ANTNFCT, BROAD/MEDIUM SPECTRUM","VANCOMYCIN HCL",63,32
"ANTNFCT, BROAD/MEDIUM SPECTRUM","VANCOMYCIN HCL",64,31
"ANTNFCT, BROAD/MEDIUM SPECTRUM","VANCOMYCIN HCL",65,41
"ANTNFCT, BROAD/MEDIUM SPECTRUM","VANCOMYCIN HCL",66,29
"ANTNFCT, BROAD/MEDIUM SPECTRUM","VANCOMYCIN HCL",67,42
"ANTNFCT, BROAD/MEDIUM SPECTRUM","VANCOMYCIN HCL",68,33
"ANTNFCT, BROAD/MEDIUM SPECTRUM","VANCOMYCIN HCL",69,40
"ANTNFCT, BROAD/MEDIUM SPECTRUM","VANCOMYCIN HCL",70,35
"ANTNFCT, BROAD/MEDIUM SPECTRUM","VANCOMYCIN HCL",71,42
"ANTNFCT, BROAD/MEDIUM SPECTRUM","VANCOMYCIN HCL",72,47
"ANTNFCT, BROAD/MEDIUM SPECTRUM","VANCOMYCIN HCL",73,41
"ANTNFCT, BROAD/MEDIUM SPECTRUM","VANCOMYCIN HCL",74,30
"ANTNFCT, BROAD/MEDIUM SPECTRUM","VANCOMYCIN HCL",75,39
"ANTNFCT, BROAD/MEDIUM SPECTRUM","VANCOMYCIN HCL",76,46
"ANTNFCT, BROAD/MEDIUM SPECTRUM","VANCOMYCIN HCL",77,34
"ANTNFCT, BROAD/MEDIUM SPECTRUM","VANCOMYCIN HCL",78,39
"ANTNFCT, BROAD/MEDIUM SPECTRUM","VANCOMYCIN HCL",79,31
"ANTNFCT, BROAD/MEDIUM SPECTRUM","VANCOMYCIN HCL",80,29
"ANTNFCT, BROAD/MEDIUM SPECTRUM","VANCOMYCIN HCL",81,28
"ANTNFCT, BROAD/MEDIUM SPECTRUM","VANCOMYCIN HCL",82,25
"ANTNFCT, BROAD/MEDIUM SPECTRUM","VANCOMYCIN HCL",83,21
"ANTNFCT, BROAD/MEDIUM SPECTRUM","VANCOMYCIN HCL",84,8
"ANTNFCT, BROAD/MEDIUM SPECTRUM","VANCOMYCIN HCL",85,221
"ANTNFCT, BROAD/MEDIUM SPECTRUM","VANCOMYCIN HCL-DEXTROSE",18,1
"ANTNFCT, BROAD/MEDIUM SPECTRUM","VANCOMYCIN HCL-DEXTROSE",49,1
"ANTNFCT, BROAD/MEDIUM SPECTRUM","VANCOMYCIN HCL-DEXTROSE",57,1
"ANTNFCT, BROAD/MEDIUM SPECTRUM","VANCOMYCIN HCL-SODIUM CHLORIDE",70,1
"ANTNFCT, BROAD/MEDIUM SPECTRUM","VANCOMYCIN HCL-SODIUM CHLORIDE",78,1
"B-LACTAM, INCREASED ACTIVITY","AMOXICILLIN & POT CLAVULANATE",-2,101
"B-LACTAM, INCREASED ACTIVITY","AMOXICILLIN & POT CLAVULANATE",0,352
"B-LACTAM, INCREASED ACTIVITY","AMOXICILLIN & POT CLAVULANATE",1,2193
"B-LACTAM, INCREASED ACTIVITY","AMOXICILLIN & POT CLAVULANATE",2,1996
"B-LACTAM, INCREASED ACTIVITY","AMOXICILLIN & POT CLAVULANATE",3,1384
"B-LACTAM, INCREASED ACTIVITY","AMOXICILLIN & POT CLAVULANATE",4,1315
"B-LACTAM, INCREASED ACTIVITY","AMOXICILLIN & POT CLAVULANATE",5,1186
"B-LACTAM, INCREASED ACTIVITY","AMOXICILLIN & POT CLAVULANATE",6,1094
"B-LACTAM, INCREASED ACTIVITY","AMOXICILLIN & POT CLAVULANATE",7,977
"B-LACTAM, INCREASED ACTIVITY","AMOXICILLIN & POT CLAVULANATE",8,899
"B-LACTAM, INCREASED ACTIVITY","AMOXICILLIN & POT CLAVULANATE",9,746
"B-LACTAM, INCREASED ACTIVITY","AMOXICILLIN & POT CLAVULANATE",10,805
"B-LACTAM, INCREASED ACTIVITY","AMOXICILLIN & POT CLAVULANATE",11,720
"B-LACTAM, INCREASED ACTIVITY","AMOXICILLIN & POT CLAVULANATE",12,727
"B-LACTAM, INCREASED ACTIVITY","AMOXICILLIN & POT CLAVULANATE",13,730
"B-LACTAM, INCREASED ACTIVITY","AMOXICILLIN & POT CLAVULANATE",14,785
"B-LACTAM, INCREASED ACTIVITY","AMOXICILLIN & POT CLAVULANATE",15,838
"B-LACTAM, INCREASED ACTIVITY","AMOXICILLIN & POT CLAVULANATE",16,906
"B-LACTAM, INCREASED ACTIVITY","AMOXICILLIN & POT CLAVULANATE",17,1051
"B-LACTAM, INCREASED ACTIVITY","AMOXICILLIN & POT CLAVULANATE",18,1125
"B-LACTAM, INCREASED ACTIVITY","AMOXICILLIN & POT CLAVULANATE",19,1110
"B-LACTAM, INCREASED ACTIVITY","AMOXICILLIN & POT CLAVULANATE",20,1026
"B-LACTAM, INCREASED ACTIVITY","AMOXICILLIN & POT CLAVULANATE",21,997
"B-LACTAM, INCREASED ACTIVITY","AMOXICILLIN & POT CLAVULANATE",22,1043
"B-LACTAM, INCREASED ACTIVITY","AMOXICILLIN & POT CLAVULANATE",23,976
"B-LACTAM, INCREASED ACTIVITY","AMOXICILLIN & POT CLAVULANATE",24,1011
"B-LACTAM, INCREASED ACTIVITY","AMOXICILLIN & POT CLAVULANATE",25,1081
"B-LACTAM, INCREASED ACTIVITY","AMOXICILLIN & POT CLAVULANATE",26,1094
"B-LACTAM, INCREASED ACTIVITY","AMOXICILLIN & POT CLAVULANATE",27,1096
"B-LACTAM, INCREASED ACTIVITY","AMOXICILLIN & POT CLAVULANATE",28,1183
"B-LACTAM, INCREASED ACTIVITY","AMOXICILLIN & POT CLAVULANATE",29,1221
"B-LACTAM, INCREASED ACTIVITY","AMOXICILLIN & POT CLAVULANATE",30,1188
"B-LACTAM, INCREASED ACTIVITY","AMOXICILLIN & POT CLAVULANATE",31,1268
"B-LACTAM, INCREASED ACTIVITY","AMOXICILLIN & POT CLAVULANATE",32,1331
"B-LACTAM, INCREASED ACTIVITY","AMOXICILLIN & POT CLAVULANATE",33,1426
"B-LACTAM, INCREASED ACTIVITY","AMOXICILLIN & POT CLAVULANATE",34,1408
"B-LACTAM, INCREASED ACTIVITY","AMOXICILLIN & POT CLAVULANATE",35,1436
"B-LACTAM, INCREASED ACTIVITY","AMOXICILLIN & POT CLAVULANATE",36,1436
"B-LACTAM, INCREASED ACTIVITY","AMOXICILLIN & POT CLAVULANATE",37,1488
"B-LACTAM, INCREASED ACTIVITY","AMOXICILLIN & POT CLAVULANATE",38,1481
"B-LACTAM, INCREASED ACTIVITY","AMOXICILLIN & POT CLAVULANATE",39,1348
"B-LACTAM, INCREASED ACTIVITY","AMOXICILLIN & POT CLAVULANATE",40,1425
"B-LACTAM, INCREASED ACTIVITY","AMOXICILLIN & POT CLAVULANATE",41,1415
"B-LACTAM, INCREASED ACTIVITY","AMOXICILLIN & POT CLAVULANATE",42,1394
"B-LACTAM, INCREASED ACTIVITY","AMOXICILLIN & POT CLAVULANATE",43,1313
"B-LACTAM, INCREASED ACTIVITY","AMOXICILLIN & POT CLAVULANATE",44,1324
"B-LACTAM, INCREASED ACTIVITY","AMOXICILLIN & POT CLAVULANATE",45,1429
"B-LACTAM, INCREASED ACTIVITY","AMOXICILLIN & POT CLAVULANATE",46,1428
"B-LACTAM, INCREASED ACTIVITY","AMOXICILLIN & POT CLAVULANATE",47,1378
"B-LACTAM, INCREASED ACTIVITY","AMOXICILLIN & POT CLAVULANATE",48,1510
"B-LACTAM, INCREASED ACTIVITY","AMOXICILLIN & POT CLAVULANATE",49,1548
"B-LACTAM, INCREASED ACTIVITY","AMOXICILLIN & POT CLAVULANATE",50,1504
"B-LACTAM, INCREASED ACTIVITY","AMOXICILLIN & POT CLAVULANATE",51,1516
"B-LACTAM, INCREASED ACTIVITY","AMOXICILLIN & POT CLAVULANATE",52,1458
"B-LACTAM, INCREASED ACTIVITY","AMOXICILLIN & POT CLAVULANATE",53,1478
"B-LACTAM, INCREASED ACTIVITY","AMOXICILLIN & POT CLAVULANATE",54,1512
"B-LACTAM, INCREASED ACTIVITY","AMOXICILLIN & POT CLAVULANATE",55,1604
"B-LACTAM, INCREASED ACTIVITY","AMOXICILLIN & POT CLAVULANATE",56,1683
"B-LACTAM, INCREASED ACTIVITY","AMOXICILLIN & POT CLAVULANATE",57,1659
"B-LACTAM, INCREASED ACTIVITY","AMOXICILLIN & POT CLAVULANATE",58,1739
"B-LACTAM, INCREASED ACTIVITY","AMOXICILLIN & POT CLAVULANATE",59,1709
"B-LACTAM, INCREASED ACTIVITY","AMOXICILLIN & POT CLAVULANATE",60,1662
"B-LACTAM, INCREASED ACTIVITY","AMOXICILLIN & POT CLAVULANATE",61,1585
"B-LACTAM, INCREASED ACTIVITY","AMOXICILLIN & POT CLAVULANATE",62,1653
"B-LACTAM, INCREASED ACTIVITY","AMOXICILLIN & POT CLAVULANATE",63,1516
"B-LACTAM, INCREASED ACTIVITY","AMOXICILLIN & POT CLAVULANATE",64,1436
"B-LACTAM, INCREASED ACTIVITY","AMOXICILLIN & POT CLAVULANATE",65,1485
"B-LACTAM, INCREASED ACTIVITY","AMOXICILLIN & POT CLAVULANATE",66,1430
"B-LACTAM, INCREASED ACTIVITY","AMOXICILLIN & POT CLAVULANATE",67,1342
"B-LACTAM, INCREASED ACTIVITY","AMOXICILLIN & POT CLAVULANATE",68,1290
"B-LACTAM, INCREASED ACTIVITY","AMOXICILLIN & POT CLAVULANATE",69,1224
"B-LACTAM, INCREASED ACTIVITY","AMOXICILLIN & POT CLAVULANATE",70,1155
"B-LACTAM, INCREASED ACTIVITY","AMOXICILLIN & POT CLAVULANATE",71,1145
"B-LACTAM, INCREASED ACTIVITY","AMOXICILLIN & POT CLAVULANATE",72,1128
"B-LACTAM, INCREASED ACTIVITY","AMOXICILLIN & POT CLAVULANATE",73,1003
"B-LACTAM, INCREASED ACTIVITY","AMOXICILLIN & POT CLAVULANATE",74,927
"B-LACTAM, INCREASED ACTIVITY","AMOXICILLIN & POT CLAVULANATE",75,830
"B-LACTAM, INCREASED ACTIVITY","AMOXICILLIN & POT CLAVULANATE",76,804
"B-LACTAM, INCREASED ACTIVITY","AMOXICILLIN & POT CLAVULANATE",77,734
"B-LACTAM, INCREASED ACTIVITY","AMOXICILLIN & POT CLAVULANATE",78,645
"B-LACTAM, INCREASED ACTIVITY","AMOXICILLIN & POT CLAVULANATE",79,572
"B-LACTAM, INCREASED ACTIVITY","AMOXICILLIN & POT CLAVULANATE",80,506
"B-LACTAM, INCREASED ACTIVITY","AMOXICILLIN & POT CLAVULANATE",81,455
"B-LACTAM, INCREASED ACTIVITY","AMOXICILLIN & POT CLAVULANATE",82,431
"B-LACTAM, INCREASED ACTIVITY","AMOXICILLIN & POT CLAVULANATE",83,239
"B-LACTAM, INCREASED ACTIVITY","AMOXICILLIN & POT CLAVULANATE",84,86
"B-LACTAM, INCREASED ACTIVITY","AMOXICILLIN & POT CLAVULANATE",85,2610
"B-LACTAM, INCREASED ACTIVITY","AMPICILLIN & SULBACTAM SODIUM",23,1
"B-LACTAM, INCREASED ACTIVITY","AMPICILLIN & SULBACTAM SODIUM",51,1
"B-LACTAM, INCREASED ACTIVITY","AMPICILLIN & SULBACTAM SODIUM",70,1
"B-LACTAM, INCREASED ACTIVITY","AMPICILLIN & SULBACTAM SODIUM",74,1
"B-LACTAM, INCREASED ACTIVITY",AZTREONAM,61,1
"B-LACTAM, INCREASED ACTIVITY",AZTREONAM,66,1
"B-LACTAM, INCREASED ACTIVITY",AZTREONAM,70,1
"B-LACTAM, INCREASED ACTIVITY",AZTREONAM,72,1
"B-LACTAM, INCREASED ACTIVITY","AZTREONAM LYSINE",9,2
"B-LACTAM, INCREASED ACTIVITY","AZTREONAM LYSINE",11,1
"B-LACTAM, INCREASED ACTIVITY","AZTREONAM LYSINE",13,1
"B-LACTAM, INCREASED ACTIVITY","AZTREONAM LYSINE",15,1
"B-LACTAM, INCREASED ACTIVITY","AZTREONAM LYSINE",17,2
"B-LACTAM, INCREASED ACTIVITY","AZTREONAM LYSINE",24,1
"B-LACTAM, INCREASED ACTIVITY","AZTREONAM LYSINE",25,1
"B-LACTAM, INCREASED ACTIVITY","AZTREONAM LYSINE",26,2
"B-LACTAM, INCREASED ACTIVITY","AZTREONAM LYSINE",28,1
"B-LACTAM, INCREASED ACTIVITY","AZTREONAM LYSINE",33,1
"B-LACTAM, INCREASED ACTIVITY","AZTREONAM LYSINE",35,1
"B-LACTAM, INCREASED ACTIVITY","AZTREONAM LYSINE",37,1
"B-LACTAM, INCREASED ACTIVITY","AZTREONAM LYSINE",44,2
"B-LACTAM, INCREASED ACTIVITY","AZTREONAM LYSINE",60,1
"B-LACTAM, INCREASED ACTIVITY","AZTREONAM LYSINE",69,1
"B-LACTAM, INCREASED ACTIVITY","AZTREONAM LYSINE",77,1
"B-LACTAM, INCREASED ACTIVITY","PIPERACILLIN SODIUM-TAZOBACTAM SODIUM",15,1
"B-LACTAM, INCREASED ACTIVITY","PIPERACILLIN SODIUM-TAZOBACTAM SODIUM",25,2
"B-LACTAM, INCREASED ACTIVITY","PIPERACILLIN SODIUM-TAZOBACTAM SODIUM",55,1
"B-LACTAM, INCREASED ACTIVITY","PIPERACILLIN SODIUM-TAZOBACTAM SODIUM",56,1
"B-LACTAM, INCREASED ACTIVITY","PIPERACILLIN SODIUM-TAZOBACTAM SODIUM",57,1
"B-LACTAM, INCREASED ACTIVITY","PIPERACILLIN SODIUM-TAZOBACTAM SODIUM",59,2
"B-LACTAM, INCREASED ACTIVITY","PIPERACILLIN SODIUM-TAZOBACTAM SODIUM",61,4
"B-LACTAM, INCREASED ACTIVITY","PIPERACILLIN SODIUM-TAZOBACTAM SODIUM",62,1
"B-LACTAM, INCREASED ACTIVITY","PIPERACILLIN SODIUM-TAZOBACTAM SODIUM",63,1
"B-LACTAM, INCREASED ACTIVITY","PIPERACILLIN SODIUM-TAZOBACTAM SODIUM",64,2
"B-LACTAM, INCREASED ACTIVITY","PIPERACILLIN SODIUM-TAZOBACTAM SODIUM",67,1
"B-LACTAM, INCREASED ACTIVITY","PIPERACILLIN SODIUM-TAZOBACTAM SODIUM",68,1
"B-LACTAM, INCREASED ACTIVITY","PIPERACILLIN SODIUM-TAZOBACTAM SODIUM",69,1
"B-LACTAM, INCREASED ACTIVITY","PIPERACILLIN SODIUM-TAZOBACTAM SODIUM",72,1
"B-LACTAM, INCREASED ACTIVITY","PIPERACILLIN SODIUM-TAZOBACTAM SODIUM",73,2
"B-LACTAM, INCREASED ACTIVITY","PIPERACILLIN SODIUM-TAZOBACTAM SODIUM",74,2
"B-LACTAM, INCREASED ACTIVITY","PIPERACILLIN SODIUM-TAZOBACTAM SODIUM",75,1
"B-LACTAM, INCREASED ACTIVITY","PIPERACILLIN SODIUM-TAZOBACTAM SODIUM",77,1
"B-LACTAM, INCREASED ACTIVITY","PIPERACILLIN SODIUM-TAZOBACTAM SODIUM",79,1
"B-LACTAM, INCREASED ACTIVITY","PIPERACILLIN SODIUM-TAZOBACTAM SODIUM",80,1
"B-LACTAM, INCREASED ACTIVITY","PIPERACILLIN SODIUM-TAZOBACTAM SODIUM",81,1
"B-LACTAM, INCREASED ACTIVITY","PIPERACILLIN SODIUM-TAZOBACTAM SODIUM",85,10
"OPHTHALMIC ANTI-INFECTIVES","AZITHROMYCIN (OPHTH)",2,1
"OPHTHALMIC ANTI-INFECTIVES","AZITHROMYCIN (OPHTH)",3,1
"OPHTHALMIC ANTI-INFECTIVES","AZITHROMYCIN (OPHTH)",4,1
"OPHTHALMIC ANTI-INFECTIVES","AZITHROMYCIN (OPHTH)",5,1
"OPHTHALMIC ANTI-INFECTIVES","AZITHROMYCIN (OPHTH)",6,2
"OPHTHALMIC ANTI-INFECTIVES","AZITHROMYCIN (OPHTH)",14,1
"OPHTHALMIC ANTI-INFECTIVES","AZITHROMYCIN (OPHTH)",15,1
"OPHTHALMIC ANTI-INFECTIVES","AZITHROMYCIN (OPHTH)",16,1
"OPHTHALMIC ANTI-INFECTIVES","AZITHROMYCIN (OPHTH)",17,1
"OPHTHALMIC ANTI-INFECTIVES","AZITHROMYCIN (OPHTH)",18,1
"OPHTHALMIC ANTI-INFECTIVES","AZITHROMYCIN (OPHTH)",23,1
"OPHTHALMIC ANTI-INFECTIVES","AZITHROMYCIN (OPHTH)",27,2
"OPHTHALMIC ANTI-INFECTIVES","AZITHROMYCIN (OPHTH)",29,1
"OPHTHALMIC ANTI-INFECTIVES","AZITHROMYCIN (OPHTH)",30,3
"OPHTHALMIC ANTI-INFECTIVES","AZITHROMYCIN (OPHTH)",32,1
"OPHTHALMIC ANTI-INFECTIVES","AZITHROMYCIN (OPHTH)",33,1
"OPHTHALMIC ANTI-INFECTIVES","AZITHROMYCIN (OPHTH)",35,1
"OPHTHALMIC ANTI-INFECTIVES","AZITHROMYCIN (OPHTH)",36,1
"OPHTHALMIC ANTI-INFECTIVES","AZITHROMYCIN (OPHTH)",37,2
"OPHTHALMIC ANTI-INFECTIVES","AZITHROMYCIN (OPHTH)",38,1
"OPHTHALMIC ANTI-INFECTIVES","AZITHROMYCIN (OPHTH)",40,1
"OPHTHALMIC ANTI-INFECTIVES","AZITHROMYCIN (OPHTH)",42,2
"OPHTHALMIC ANTI-INFECTIVES","AZITHROMYCIN (OPHTH)",43,3
"OPHTHALMIC ANTI-INFECTIVES","AZITHROMYCIN (OPHTH)",44,3
"OPHTHALMIC ANTI-INFECTIVES","AZITHROMYCIN (OPHTH)",45,2
"OPHTHALMIC ANTI-INFECTIVES","AZITHROMYCIN (OPHTH)",46,3
"OPHTHALMIC ANTI-INFECTIVES","AZITHROMYCIN (OPHTH)",47,1
"OPHTHALMIC ANTI-INFECTIVES","AZITHROMYCIN (OPHTH)",48,2
"OPHTHALMIC ANTI-INFECTIVES","AZITHROMYCIN (OPHTH)",49,3
"OPHTHALMIC ANTI-INFECTIVES","AZITHROMYCIN (OPHTH)",50,6
"OPHTHALMIC ANTI-INFECTIVES","AZITHROMYCIN (OPHTH)",51,1
"OPHTHALMIC ANTI-INFECTIVES","AZITHROMYCIN (OPHTH)",52,3
"OPHTHALMIC ANTI-INFECTIVES","AZITHROMYCIN (OPHTH)",53,2
"OPHTHALMIC ANTI-INFECTIVES","AZITHROMYCIN (OPHTH)",54,4
"OPHTHALMIC ANTI-INFECTIVES","AZITHROMYCIN (OPHTH)",55,7
"OPHTHALMIC ANTI-INFECTIVES","AZITHROMYCIN (OPHTH)",56,4
"OPHTHALMIC ANTI-INFECTIVES","AZITHROMYCIN (OPHTH)",57,2
"OPHTHALMIC ANTI-INFECTIVES","AZITHROMYCIN (OPHTH)",58,5
"OPHTHALMIC ANTI-INFECTIVES","AZITHROMYCIN (OPHTH)",59,6
"OPHTHALMIC ANTI-INFECTIVES","AZITHROMYCIN (OPHTH)",60,3
"OPHTHALMIC ANTI-INFECTIVES","AZITHROMYCIN (OPHTH)",61,6
"OPHTHALMIC ANTI-INFECTIVES","AZITHROMYCIN (OPHTH)",62,8
"OPHTHALMIC ANTI-INFECTIVES","AZITHROMYCIN (OPHTH)",63,4
"OPHTHALMIC ANTI-INFECTIVES","AZITHROMYCIN (OPHTH)",64,2
"OPHTHALMIC ANTI-INFECTIVES","AZITHROMYCIN (OPHTH)",65,4
"OPHTHALMIC ANTI-INFECTIVES","AZITHROMYCIN (OPHTH)",66,4
"OPHTHALMIC ANTI-INFECTIVES","AZITHROMYCIN (OPHTH)",67,5
"OPHTHALMIC ANTI-INFECTIVES","AZITHROMYCIN (OPHTH)",68,5
"OPHTHALMIC ANTI-INFECTIVES","AZITHROMYCIN (OPHTH)",69,2
"OPHTHALMIC ANTI-INFECTIVES","AZITHROMYCIN (OPHTH)",70,4
"OPHTHALMIC ANTI-INFECTIVES","AZITHROMYCIN (OPHTH)",71,5
"OPHTHALMIC ANTI-INFECTIVES","AZITHROMYCIN (OPHTH)",72,3
"OPHTHALMIC ANTI-INFECTIVES","AZITHROMYCIN (OPHTH)",73,5
"OPHTHALMIC ANTI-INFECTIVES","AZITHROMYCIN (OPHTH)",74,3
"OPHTHALMIC ANTI-INFECTIVES","AZITHROMYCIN (OPHTH)",75,4
"OPHTHALMIC ANTI-INFECTIVES","AZITHROMYCIN (OPHTH)",76,2
"OPHTHALMIC ANTI-INFECTIVES","AZITHROMYCIN (OPHTH)",77,2
"OPHTHALMIC ANTI-INFECTIVES","AZITHROMYCIN (OPHTH)",78,4
"OPHTHALMIC ANTI-INFECTIVES","AZITHROMYCIN (OPHTH)",79,3
"OPHTHALMIC ANTI-INFECTIVES","AZITHROMYCIN (OPHTH)",80,4
"OPHTHALMIC ANTI-INFECTIVES","AZITHROMYCIN (OPHTH)",81,5
"OPHTHALMIC ANTI-INFECTIVES","AZITHROMYCIN (OPHTH)",83,1
"OPHTHALMIC ANTI-INFECTIVES","AZITHROMYCIN (OPHTH)",85,15
"OPHTHALMIC ANTI-INFECTIVES","BACITRACIN (OPHTHALMIC)",0,1
"OPHTHALMIC ANTI-INFECTIVES","BACITRACIN (OPHTHALMIC)",1,6
"OPHTHALMIC ANTI-INFECTIVES","BACITRACIN (OPHTHALMIC)",2,10
"OPHTHALMIC ANTI-INFECTIVES","BACITRACIN (OPHTHALMIC)",3,3
"OPHTHALMIC ANTI-INFECTIVES","BACITRACIN (OPHTHALMIC)",4,5
"OPHTHALMIC ANTI-INFECTIVES","BACITRACIN (OPHTHALMIC)",5,7
"OPHTHALMIC ANTI-INFECTIVES","BACITRACIN (OPHTHALMIC)",6,3
"OPHTHALMIC ANTI-INFECTIVES","BACITRACIN (OPHTHALMIC)",7,4
"OPHTHALMIC ANTI-INFECTIVES","BACITRACIN (OPHTHALMIC)",8,4
"OPHTHALMIC ANTI-INFECTIVES","BACITRACIN (OPHTHALMIC)",9,4
"OPHTHALMIC ANTI-INFECTIVES","BACITRACIN (OPHTHALMIC)",10,1
"OPHTHALMIC ANTI-INFECTIVES","BACITRACIN (OPHTHALMIC)",11,3
"OPHTHALMIC ANTI-INFECTIVES","BACITRACIN (OPHTHALMIC)",12,6
"OPHTHALMIC ANTI-INFECTIVES","BACITRACIN (OPHTHALMIC)",13,1
"OPHTHALMIC ANTI-INFECTIVES","BACITRACIN (OPHTHALMIC)",14,2
"OPHTHALMIC ANTI-INFECTIVES","BACITRACIN (OPHTHALMIC)",15,3
"OPHTHALMIC ANTI-INFECTIVES","BACITRACIN (OPHTHALMIC)",16,2
"OPHTHALMIC ANTI-INFECTIVES","BACITRACIN (OPHTHALMIC)",17,1
"OPHTHALMIC ANTI-INFECTIVES","BACITRACIN (OPHTHALMIC)",19,4
"OPHTHALMIC ANTI-INFECTIVES","BACITRACIN (OPHTHALMIC)",20,4
"OPHTHALMIC ANTI-INFECTIVES","BACITRACIN (OPHTHALMIC)",21,5
"OPHTHALMIC ANTI-INFECTIVES","BACITRACIN (OPHTHALMIC)",22,7
"OPHTHALMIC ANTI-INFECTIVES","BACITRACIN (OPHTHALMIC)",24,2
"OPHTHALMIC ANTI-INFECTIVES","BACITRACIN (OPHTHALMIC)",26,3
"OPHTHALMIC ANTI-INFECTIVES","BACITRACIN (OPHTHALMIC)",27,1
"OPHTHALMIC ANTI-INFECTIVES","BACITRACIN (OPHTHALMIC)",28,2
"OPHTHALMIC ANTI-INFECTIVES","BACITRACIN (OPHTHALMIC)",29,5
"OPHTHALMIC ANTI-INFECTIVES","BACITRACIN (OPHTHALMIC)",30,3
"OPHTHALMIC ANTI-INFECTIVES","BACITRACIN (OPHTHALMIC)",31,3
"OPHTHALMIC ANTI-INFECTIVES","BACITRACIN (OPHTHALMIC)",32,8
"OPHTHALMIC ANTI-INFECTIVES","BACITRACIN (OPHTHALMIC)",33,3
"OPHTHALMIC ANTI-INFECTIVES","BACITRACIN (OPHTHALMIC)",34,2
"OPHTHALMIC ANTI-INFECTIVES","BACITRACIN (OPHTHALMIC)",35,6
"OPHTHALMIC ANTI-INFECTIVES","BACITRACIN (OPHTHALMIC)",36,3
"OPHTHALMIC ANTI-INFECTIVES","BACITRACIN (OPHTHALMIC)",37,5
"OPHTHALMIC ANTI-INFECTIVES","BACITRACIN (OPHTHALMIC)",38,5
"OPHTHALMIC ANTI-INFECTIVES","BACITRACIN (OPHTHALMIC)",39,8
"OPHTHALMIC ANTI-INFECTIVES","BACITRACIN (OPHTHALMIC)",40,2
"OPHTHALMIC ANTI-INFECTIVES","BACITRACIN (OPHTHALMIC)",41,4
"OPHTHALMIC ANTI-INFECTIVES","BACITRACIN (OPHTHALMIC)",42,2
"OPHTHALMIC ANTI-INFECTIVES","BACITRACIN (OPHTHALMIC)",43,2
"OPHTHALMIC ANTI-INFECTIVES","BACITRACIN (OPHTHALMIC)",44,7
"OPHTHALMIC ANTI-INFECTIVES","BACITRACIN (OPHTHALMIC)",45,2
"OPHTHALMIC ANTI-INFECTIVES","BACITRACIN (OPHTHALMIC)",46,3
"OPHTHALMIC ANTI-INFECTIVES","BACITRACIN (OPHTHALMIC)",47,8
"OPHTHALMIC ANTI-INFECTIVES","BACITRACIN (OPHTHALMIC)",48,5
"OPHTHALMIC ANTI-INFECTIVES","BACITRACIN (OPHTHALMIC)",49,7
"OPHTHALMIC ANTI-INFECTIVES","BACITRACIN (OPHTHALMIC)",50,4
"OPHTHALMIC ANTI-INFECTIVES","BACITRACIN (OPHTHALMIC)",51,8
"OPHTHALMIC ANTI-INFECTIVES","BACITRACIN (OPHTHALMIC)",52,7
"OPHTHALMIC ANTI-INFECTIVES","BACITRACIN (OPHTHALMIC)",53,7
"OPHTHALMIC ANTI-INFECTIVES","BACITRACIN (OPHTHALMIC)",54,16
"OPHTHALMIC ANTI-INFECTIVES","BACITRACIN (OPHTHALMIC)",55,10
"OPHTHALMIC ANTI-INFECTIVES","BACITRACIN (OPHTHALMIC)",56,15
"OPHTHALMIC ANTI-INFECTIVES","BACITRACIN (OPHTHALMIC)",57,13
"OPHTHALMIC ANTI-INFECTIVES","BACITRACIN (OPHTHALMIC)",58,12
"OPHTHALMIC ANTI-INFECTIVES","BACITRACIN (OPHTHALMIC)",59,13
"OPHTHALMIC ANTI-INFECTIVES","BACITRACIN (OPHTHALMIC)",60,9
"OPHTHALMIC ANTI-INFECTIVES","BACITRACIN (OPHTHALMIC)",61,10
"OPHTHALMIC ANTI-INFECTIVES","BACITRACIN (OPHTHALMIC)",62,11
"OPHTHALMIC ANTI-INFECTIVES","BACITRACIN (OPHTHALMIC)",63,12
"OPHTHALMIC ANTI-INFECTIVES","BACITRACIN (OPHTHALMIC)",64,15
"OPHTHALMIC ANTI-INFECTIVES","BACITRACIN (OPHTHALMIC)",65,9
"OPHTHALMIC ANTI-INFECTIVES","BACITRACIN (OPHTHALMIC)",66,13
"OPHTHALMIC ANTI-INFECTIVES","BACITRACIN (OPHTHALMIC)",67,7
"OPHTHALMIC ANTI-INFECTIVES","BACITRACIN (OPHTHALMIC)",68,10
"OPHTHALMIC ANTI-INFECTIVES","BACITRACIN (OPHTHALMIC)",69,16
"OPHTHALMIC ANTI-INFECTIVES","BACITRACIN (OPHTHALMIC)",70,15
"OPHTHALMIC ANTI-INFECTIVES","BACITRACIN (OPHTHALMIC)",71,15
"OPHTHALMIC ANTI-INFECTIVES","BACITRACIN (OPHTHALMIC)",72,14
"OPHTHALMIC ANTI-INFECTIVES","BACITRACIN (OPHTHALMIC)",73,17
"OPHTHALMIC ANTI-INFECTIVES","BACITRACIN (OPHTHALMIC)",74,10
"OPHTHALMIC ANTI-INFECTIVES","BACITRACIN (OPHTHALMIC)",75,9
"OPHTHALMIC ANTI-INFECTIVES","BACITRACIN (OPHTHALMIC)",76,10
"OPHTHALMIC ANTI-INFECTIVES","BACITRACIN (OPHTHALMIC)",77,15
"OPHTHALMIC ANTI-INFECTIVES","BACITRACIN (OPHTHALMIC)",78,18
"OPHTHALMIC ANTI-INFECTIVES","BACITRACIN (OPHTHALMIC)",79,8
"OPHTHALMIC ANTI-INFECTIVES","BACITRACIN (OPHTHALMIC)",80,7
"OPHTHALMIC ANTI-INFECTIVES","BACITRACIN (OPHTHALMIC)",81,22
"OPHTHALMIC ANTI-INFECTIVES","BACITRACIN (OPHTHALMIC)",82,11
"OPHTHALMIC ANTI-INFECTIVES","BACITRACIN (OPHTHALMIC)",83,3
"OPHTHALMIC ANTI-INFECTIVES","BACITRACIN (OPHTHALMIC)",84,1
"OPHTHALMIC ANTI-INFECTIVES","BACITRACIN (OPHTHALMIC)",85,65
"OPHTHALMIC ANTI-INFECTIVES","BACITRACIN-POLYMYXIN B (OPHTH)",-2,1
"OPHTHALMIC ANTI-INFECTIVES","BACITRACIN-POLYMYXIN B (OPHTH)",0,13
"OPHTHALMIC ANTI-INFECTIVES","BACITRACIN-POLYMYXIN B (OPHTH)",1,10
"OPHTHALMIC ANTI-INFECTIVES","BACITRACIN-POLYMYXIN B (OPHTH)",2,6
"OPHTHALMIC ANTI-INFECTIVES","BACITRACIN-POLYMYXIN B (OPHTH)",3,2
"OPHTHALMIC ANTI-INFECTIVES","BACITRACIN-POLYMYXIN B (OPHTH)",4,12
"OPHTHALMIC ANTI-INFECTIVES","BACITRACIN-POLYMYXIN B (OPHTH)",5,7
"OPHTHALMIC ANTI-INFECTIVES","BACITRACIN-POLYMYXIN B (OPHTH)",6,4
"OPHTHALMIC ANTI-INFECTIVES","BACITRACIN-POLYMYXIN B (OPHTH)",7,5
"OPHTHALMIC ANTI-INFECTIVES","BACITRACIN-POLYMYXIN B (OPHTH)",8,4
"OPHTHALMIC ANTI-INFECTIVES","BACITRACIN-POLYMYXIN B (OPHTH)",9,3
"OPHTHALMIC ANTI-INFECTIVES","BACITRACIN-POLYMYXIN B (OPHTH)",10,2
"OPHTHALMIC ANTI-INFECTIVES","BACITRACIN-POLYMYXIN B (OPHTH)",11,4
"OPHTHALMIC ANTI-INFECTIVES","BACITRACIN-POLYMYXIN B (OPHTH)",12,1
"OPHTHALMIC ANTI-INFECTIVES","BACITRACIN-POLYMYXIN B (OPHTH)",13,3
"OPHTHALMIC ANTI-INFECTIVES","BACITRACIN-POLYMYXIN B (OPHTH)",14,4
"OPHTHALMIC ANTI-INFECTIVES","BACITRACIN-POLYMYXIN B (OPHTH)",15,3
"OPHTHALMIC ANTI-INFECTIVES","BACITRACIN-POLYMYXIN B (OPHTH)",16,3
"OPHTHALMIC ANTI-INFECTIVES","BACITRACIN-POLYMYXIN B (OPHTH)",17,1
"OPHTHALMIC ANTI-INFECTIVES","BACITRACIN-POLYMYXIN B (OPHTH)",18,1
"OPHTHALMIC ANTI-INFECTIVES","BACITRACIN-POLYMYXIN B (OPHTH)",19,6
"OPHTHALMIC ANTI-INFECTIVES","BACITRACIN-POLYMYXIN B (OPHTH)",20,1
"OPHTHALMIC ANTI-INFECTIVES","BACITRACIN-POLYMYXIN B (OPHTH)",21,1
"OPHTHALMIC ANTI-INFECTIVES","BACITRACIN-POLYMYXIN B (OPHTH)",22,3
"OPHTHALMIC ANTI-INFECTIVES","BACITRACIN-POLYMYXIN B (OPHTH)",23,4
"OPHTHALMIC ANTI-INFECTIVES","BACITRACIN-POLYMYXIN B (OPHTH)",24,3
"OPHTHALMIC ANTI-INFECTIVES","BACITRACIN-POLYMYXIN B (OPHTH)",25,4
"OPHTHALMIC ANTI-INFECTIVES","BACITRACIN-POLYMYXIN B (OPHTH)",26,4
"OPHTHALMIC ANTI-INFECTIVES","BACITRACIN-POLYMYXIN B (OPHTH)",27,3
"OPHTHALMIC ANTI-INFECTIVES","BACITRACIN-POLYMYXIN B (OPHTH)",28,3
"OPHTHALMIC ANTI-INFECTIVES","BACITRACIN-POLYMYXIN B (OPHTH)",29,2
"OPHTHALMIC ANTI-INFECTIVES","BACITRACIN-POLYMYXIN B (OPHTH)",30,1
"OPHTHALMIC ANTI-INFECTIVES","BACITRACIN-POLYMYXIN B (OPHTH)",31,2
"OPHTHALMIC ANTI-INFECTIVES","BACITRACIN-POLYMYXIN B (OPHTH)",32,3
"OPHTHALMIC ANTI-INFECTIVES","BACITRACIN-POLYMYXIN B (OPHTH)",33,5
"OPHTHALMIC ANTI-INFECTIVES","BACITRACIN-POLYMYXIN B (OPHTH)",34,4
"OPHTHALMIC ANTI-INFECTIVES","BACITRACIN-POLYMYXIN B (OPHTH)",36,4
"OPHTHALMIC ANTI-INFECTIVES","BACITRACIN-POLYMYXIN B (OPHTH)",37,6
"OPHTHALMIC ANTI-INFECTIVES","BACITRACIN-POLYMYXIN B (OPHTH)",38,4
"OPHTHALMIC ANTI-INFECTIVES","BACITRACIN-POLYMYXIN B (OPHTH)",39,2
"OPHTHALMIC ANTI-INFECTIVES","BACITRACIN-POLYMYXIN B (OPHTH)",40,1
"OPHTHALMIC ANTI-INFECTIVES","BACITRACIN-POLYMYXIN B (OPHTH)",41,2
"OPHTHALMIC ANTI-INFECTIVES","BACITRACIN-POLYMYXIN B (OPHTH)",42,3
"OPHTHALMIC ANTI-INFECTIVES","BACITRACIN-POLYMYXIN B (OPHTH)",43,4
"OPHTHALMIC ANTI-INFECTIVES","BACITRACIN-POLYMYXIN B (OPHTH)",44,6
"OPHTHALMIC ANTI-INFECTIVES","BACITRACIN-POLYMYXIN B (OPHTH)",45,5
"OPHTHALMIC ANTI-INFECTIVES","BACITRACIN-POLYMYXIN B (OPHTH)",46,3
"OPHTHALMIC ANTI-INFECTIVES","BACITRACIN-POLYMYXIN B (OPHTH)",47,6
"OPHTHALMIC ANTI-INFECTIVES","BACITRACIN-POLYMYXIN B (OPHTH)",48,10
"OPHTHALMIC ANTI-INFECTIVES","BACITRACIN-POLYMYXIN B (OPHTH)",49,2
"OPHTHALMIC ANTI-INFECTIVES","BACITRACIN-POLYMYXIN B (OPHTH)",50,6
"OPHTHALMIC ANTI-INFECTIVES","BACITRACIN-POLYMYXIN B (OPHTH)",51,3
"OPHTHALMIC ANTI-INFECTIVES","BACITRACIN-POLYMYXIN B (OPHTH)",52,5
"OPHTHALMIC ANTI-INFECTIVES","BACITRACIN-POLYMYXIN B (OPHTH)",53,2
"OPHTHALMIC ANTI-INFECTIVES","BACITRACIN-POLYMYXIN B (OPHTH)",54,4
"OPHTHALMIC ANTI-INFECTIVES","BACITRACIN-POLYMYXIN B (OPHTH)",55,8
"OPHTHALMIC ANTI-INFECTIVES","BACITRACIN-POLYMYXIN B (OPHTH)",56,4
"OPHTHALMIC ANTI-INFECTIVES","BACITRACIN-POLYMYXIN B (OPHTH)",57,4
"OPHTHALMIC ANTI-INFECTIVES","BACITRACIN-POLYMYXIN B (OPHTH)",58,5
"OPHTHALMIC ANTI-INFECTIVES","BACITRACIN-POLYMYXIN B (OPHTH)",59,7
"OPHTHALMIC ANTI-INFECTIVES","BACITRACIN-POLYMYXIN B (OPHTH)",60,9
"OPHTHALMIC ANTI-INFECTIVES","BACITRACIN-POLYMYXIN B (OPHTH)",61,4
"OPHTHALMIC ANTI-INFECTIVES","BACITRACIN-POLYMYXIN B (OPHTH)",62,4
"OPHTHALMIC ANTI-INFECTIVES","BACITRACIN-POLYMYXIN B (OPHTH)",63,6
"OPHTHALMIC ANTI-INFECTIVES","BACITRACIN-POLYMYXIN B (OPHTH)",64,10
"OPHTHALMIC ANTI-INFECTIVES","BACITRACIN-POLYMYXIN B (OPHTH)",65,9
"OPHTHALMIC ANTI-INFECTIVES","BACITRACIN-POLYMYXIN B (OPHTH)",66,9
"OPHTHALMIC ANTI-INFECTIVES","BACITRACIN-POLYMYXIN B (OPHTH)",67,2
"OPHTHALMIC ANTI-INFECTIVES","BACITRACIN-POLYMYXIN B (OPHTH)",68,9
"OPHTHALMIC ANTI-INFECTIVES","BACITRACIN-POLYMYXIN B (OPHTH)",69,8
"OPHTHALMIC ANTI-INFECTIVES","BACITRACIN-POLYMYXIN B (OPHTH)",70,7
"OPHTHALMIC ANTI-INFECTIVES","BACITRACIN-POLYMYXIN B (OPHTH)",71,6
"OPHTHALMIC ANTI-INFECTIVES","BACITRACIN-POLYMYXIN B (OPHTH)",72,13
"OPHTHALMIC ANTI-INFECTIVES","BACITRACIN-POLYMYXIN B (OPHTH)",73,5
"OPHTHALMIC ANTI-INFECTIVES","BACITRACIN-POLYMYXIN B (OPHTH)",74,10
"OPHTHALMIC ANTI-INFECTIVES","BACITRACIN-POLYMYXIN B (OPHTH)",75,3
"OPHTHALMIC ANTI-INFECTIVES","BACITRACIN-POLYMYXIN B (OPHTH)",76,3
"OPHTHALMIC ANTI-INFECTIVES","BACITRACIN-POLYMYXIN B (OPHTH)",77,7
"OPHTHALMIC ANTI-INFECTIVES","BACITRACIN-POLYMYXIN B (OPHTH)",78,7
"OPHTHALMIC ANTI-INFECTIVES","BACITRACIN-POLYMYXIN B (OPHTH)",80,7
"OPHTHALMIC ANTI-INFECTIVES","BACITRACIN-POLYMYXIN B (OPHTH)",81,6
"OPHTHALMIC ANTI-INFECTIVES","BACITRACIN-POLYMYXIN B (OPHTH)",82,4
"OPHTHALMIC ANTI-INFECTIVES","BACITRACIN-POLYMYXIN B (OPHTH)",83,4
"OPHTHALMIC ANTI-INFECTIVES","BACITRACIN-POLYMYXIN B (OPHTH)",84,2
"OPHTHALMIC ANTI-INFECTIVES","BACITRACIN-POLYMYXIN B (OPHTH)",85,36
"OPHTHALMIC ANTI-INFECTIVES","BESIFLOXACIN HCL",-2,3
"OPHTHALMIC ANTI-INFECTIVES","BESIFLOXACIN HCL",2,1
"OPHTHALMIC ANTI-INFECTIVES","BESIFLOXACIN HCL",7,1
"OPHTHALMIC ANTI-INFECTIVES","BESIFLOXACIN HCL",9,1
"OPHTHALMIC ANTI-INFECTIVES","BESIFLOXACIN HCL",10,1
"OPHTHALMIC ANTI-INFECTIVES","BESIFLOXACIN HCL",12,1
"OPHTHALMIC ANTI-INFECTIVES","BESIFLOXACIN HCL",16,2
"OPHTHALMIC ANTI-INFECTIVES","BESIFLOXACIN HCL",17,3
"OPHTHALMIC ANTI-INFECTIVES","BESIFLOXACIN HCL",19,2
"OPHTHALMIC ANTI-INFECTIVES","BESIFLOXACIN HCL",20,3
"OPHTHALMIC ANTI-INFECTIVES","BESIFLOXACIN HCL",21,1
"OPHTHALMIC ANTI-INFECTIVES","BESIFLOXACIN HCL",22,3
"OPHTHALMIC ANTI-INFECTIVES","BESIFLOXACIN HCL",23,2
"OPHTHALMIC ANTI-INFECTIVES","BESIFLOXACIN HCL",24,7
"OPHTHALMIC ANTI-INFECTIVES","BESIFLOXACIN HCL",25,1
"OPHTHALMIC ANTI-INFECTIVES","BESIFLOXACIN HCL",26,2
"OPHTHALMIC ANTI-INFECTIVES","BESIFLOXACIN HCL",27,3
"OPHTHALMIC ANTI-INFECTIVES","BESIFLOXACIN HCL",28,1
"OPHTHALMIC ANTI-INFECTIVES","BESIFLOXACIN HCL",29,3
"OPHTHALMIC ANTI-INFECTIVES","BESIFLOXACIN HCL",30,4
"OPHTHALMIC ANTI-INFECTIVES","BESIFLOXACIN HCL",31,3
"OPHTHALMIC ANTI-INFECTIVES","BESIFLOXACIN HCL",32,6
"OPHTHALMIC ANTI-INFECTIVES","BESIFLOXACIN HCL",33,2
"OPHTHALMIC ANTI-INFECTIVES","BESIFLOXACIN HCL",34,3
"OPHTHALMIC ANTI-INFECTIVES","BESIFLOXACIN HCL",35,5
"OPHTHALMIC ANTI-INFECTIVES","BESIFLOXACIN HCL",36,3
"OPHTHALMIC ANTI-INFECTIVES","BESIFLOXACIN HCL",37,8
"OPHTHALMIC ANTI-INFECTIVES","BESIFLOXACIN HCL",38,3
"OPHTHALMIC ANTI-INFECTIVES","BESIFLOXACIN HCL",39,5
"OPHTHALMIC ANTI-INFECTIVES","BESIFLOXACIN HCL",40,8
"OPHTHALMIC ANTI-INFECTIVES","BESIFLOXACIN HCL",41,6
"OPHTHALMIC ANTI-INFECTIVES","BESIFLOXACIN HCL",42,4
"OPHTHALMIC ANTI-INFECTIVES","BESIFLOXACIN HCL",43,3
"OPHTHALMIC ANTI-INFECTIVES","BESIFLOXACIN HCL",44,3
"OPHTHALMIC ANTI-INFECTIVES","BESIFLOXACIN HCL",45,1
"OPHTHALMIC ANTI-INFECTIVES","BESIFLOXACIN HCL",46,7
"OPHTHALMIC ANTI-INFECTIVES","BESIFLOXACIN HCL",47,5
"OPHTHALMIC ANTI-INFECTIVES","BESIFLOXACIN HCL",48,10
"OPHTHALMIC ANTI-INFECTIVES","BESIFLOXACIN HCL",49,7
"OPHTHALMIC ANTI-INFECTIVES","BESIFLOXACIN HCL",50,5
"OPHTHALMIC ANTI-INFECTIVES","BESIFLOXACIN HCL",51,10
"OPHTHALMIC ANTI-INFECTIVES","BESIFLOXACIN HCL",52,8
"OPHTHALMIC ANTI-INFECTIVES","BESIFLOXACIN HCL",53,10
"OPHTHALMIC ANTI-INFECTIVES","BESIFLOXACIN HCL",54,14
"OPHTHALMIC ANTI-INFECTIVES","BESIFLOXACIN HCL",55,14
"OPHTHALMIC ANTI-INFECTIVES","BESIFLOXACIN HCL",56,19
"OPHTHALMIC ANTI-INFECTIVES","BESIFLOXACIN HCL",57,20
"OPHTHALMIC ANTI-INFECTIVES","BESIFLOXACIN HCL",58,19
"OPHTHALMIC ANTI-INFECTIVES","BESIFLOXACIN HCL",59,17
"OPHTHALMIC ANTI-INFECTIVES","BESIFLOXACIN HCL",60,21
"OPHTHALMIC ANTI-INFECTIVES","BESIFLOXACIN HCL",61,28
"OPHTHALMIC ANTI-INFECTIVES","BESIFLOXACIN HCL",62,25
"OPHTHALMIC ANTI-INFECTIVES","BESIFLOXACIN HCL",63,35
"OPHTHALMIC ANTI-INFECTIVES","BESIFLOXACIN HCL",64,41
"OPHTHALMIC ANTI-INFECTIVES","BESIFLOXACIN HCL",65,43
"OPHTHALMIC ANTI-INFECTIVES","BESIFLOXACIN HCL",66,40
"OPHTHALMIC ANTI-INFECTIVES","BESIFLOXACIN HCL",67,59
"OPHTHALMIC ANTI-INFECTIVES","BESIFLOXACIN HCL",68,45
"OPHTHALMIC ANTI-INFECTIVES","BESIFLOXACIN HCL",69,44
"OPHTHALMIC ANTI-INFECTIVES","BESIFLOXACIN HCL",70,41
"OPHTHALMIC ANTI-INFECTIVES","BESIFLOXACIN HCL",71,54
"OPHTHALMIC ANTI-INFECTIVES","BESIFLOXACIN HCL",72,54
"OPHTHALMIC ANTI-INFECTIVES","BESIFLOXACIN HCL",73,46
"OPHTHALMIC ANTI-INFECTIVES","BESIFLOXACIN HCL",74,40
"OPHTHALMIC ANTI-INFECTIVES","BESIFLOXACIN HCL",75,52
"OPHTHALMIC ANTI-INFECTIVES","BESIFLOXACIN HCL",76,49
"OPHTHALMIC ANTI-INFECTIVES","BESIFLOXACIN HCL",77,48
"OPHTHALMIC ANTI-INFECTIVES","BESIFLOXACIN HCL",78,40
"OPHTHALMIC ANTI-INFECTIVES","BESIFLOXACIN HCL",79,42
"OPHTHALMIC ANTI-INFECTIVES","BESIFLOXACIN HCL",80,40
"OPHTHALMIC ANTI-INFECTIVES","BESIFLOXACIN HCL",81,26
"OPHTHALMIC ANTI-INFECTIVES","BESIFLOXACIN HCL",82,23
"OPHTHALMIC ANTI-INFECTIVES","BESIFLOXACIN HCL",83,10
"OPHTHALMIC ANTI-INFECTIVES","BESIFLOXACIN HCL",84,2
"OPHTHALMIC ANTI-INFECTIVES","BESIFLOXACIN HCL",85,98
"OPHTHALMIC ANTI-INFECTIVES","CIPROFLOXACIN HCL (OPHTH)",-2,5
"OPHTHALMIC ANTI-INFECTIVES","CIPROFLOXACIN HCL (OPHTH)",0,24
"OPHTHALMIC ANTI-INFECTIVES","CIPROFLOXACIN HCL (OPHTH)",1,137
"OPHTHALMIC ANTI-INFECTIVES","CIPROFLOXACIN HCL (OPHTH)",2,150
"OPHTHALMIC ANTI-INFECTIVES","CIPROFLOXACIN HCL (OPHTH)",3,115
"OPHTHALMIC ANTI-INFECTIVES","CIPROFLOXACIN HCL (OPHTH)",4,86
"OPHTHALMIC ANTI-INFECTIVES","CIPROFLOXACIN HCL (OPHTH)",5,70
"OPHTHALMIC ANTI-INFECTIVES","CIPROFLOXACIN HCL (OPHTH)",6,91
"OPHTHALMIC ANTI-INFECTIVES","CIPROFLOXACIN HCL (OPHTH)",7,66
"OPHTHALMIC ANTI-INFECTIVES","CIPROFLOXACIN HCL (OPHTH)",8,56
"OPHTHALMIC ANTI-INFECTIVES","CIPROFLOXACIN HCL (OPHTH)",9,50
"OPHTHALMIC ANTI-INFECTIVES","CIPROFLOXACIN HCL (OPHTH)",10,56
"OPHTHALMIC ANTI-INFECTIVES","CIPROFLOXACIN HCL (OPHTH)",11,48
"OPHTHALMIC ANTI-INFECTIVES","CIPROFLOXACIN HCL (OPHTH)",12,49
"OPHTHALMIC ANTI-INFECTIVES","CIPROFLOXACIN HCL (OPHTH)",13,29
"OPHTHALMIC ANTI-INFECTIVES","CIPROFLOXACIN HCL (OPHTH)",14,34
"OPHTHALMIC ANTI-INFECTIVES","CIPROFLOXACIN HCL (OPHTH)",15,27
"OPHTHALMIC ANTI-INFECTIVES","CIPROFLOXACIN HCL (OPHTH)",16,34
"OPHTHALMIC ANTI-INFECTIVES","CIPROFLOXACIN HCL (OPHTH)",17,32
"OPHTHALMIC ANTI-INFECTIVES","CIPROFLOXACIN HCL (OPHTH)",18,44
"OPHTHALMIC ANTI-INFECTIVES","CIPROFLOXACIN HCL (OPHTH)",19,45
"OPHTHALMIC ANTI-INFECTIVES","CIPROFLOXACIN HCL (OPHTH)",20,36
"OPHTHALMIC ANTI-INFECTIVES","CIPROFLOXACIN HCL (OPHTH)",21,35
"OPHTHALMIC ANTI-INFECTIVES","CIPROFLOXACIN HCL (OPHTH)",22,50
"OPHTHALMIC ANTI-INFECTIVES","CIPROFLOXACIN HCL (OPHTH)",23,39
"OPHTHALMIC ANTI-INFECTIVES","CIPROFLOXACIN HCL (OPHTH)",24,31
"OPHTHALMIC ANTI-INFECTIVES","CIPROFLOXACIN HCL (OPHTH)",25,53
"OPHTHALMIC ANTI-INFECTIVES","CIPROFLOXACIN HCL (OPHTH)",26,33
"OPHTHALMIC ANTI-INFECTIVES","CIPROFLOXACIN HCL (OPHTH)",27,45
"OPHTHALMIC ANTI-INFECTIVES","CIPROFLOXACIN HCL (OPHTH)",28,46
"OPHTHALMIC ANTI-INFECTIVES","CIPROFLOXACIN HCL (OPHTH)",29,54
"OPHTHALMIC ANTI-INFECTIVES","CIPROFLOXACIN HCL (OPHTH)",30,42
"OPHTHALMIC ANTI-INFECTIVES","CIPROFLOXACIN HCL (OPHTH)",31,46
"OPHTHALMIC ANTI-INFECTIVES","CIPROFLOXACIN HCL (OPHTH)",32,47
"OPHTHALMIC ANTI-INFECTIVES","CIPROFLOXACIN HCL (OPHTH)",33,51
"OPHTHALMIC ANTI-INFECTIVES","CIPROFLOXACIN HCL (OPHTH)",34,51
"OPHTHALMIC ANTI-INFECTIVES","CIPROFLOXACIN HCL (OPHTH)",35,43
"OPHTHALMIC ANTI-INFECTIVES","CIPROFLOXACIN HCL (OPHTH)",36,47
"OPHTHALMIC ANTI-INFECTIVES","CIPROFLOXACIN HCL (OPHTH)",37,48
"OPHTHALMIC ANTI-INFECTIVES","CIPROFLOXACIN HCL (OPHTH)",38,56
"OPHTHALMIC ANTI-INFECTIVES","CIPROFLOXACIN HCL (OPHTH)",39,41
"OPHTHALMIC ANTI-INFECTIVES","CIPROFLOXACIN HCL (OPHTH)",40,47
"OPHTHALMIC ANTI-INFECTIVES","CIPROFLOXACIN HCL (OPHTH)",41,51
"OPHTHALMIC ANTI-INFECTIVES","CIPROFLOXACIN HCL (OPHTH)",42,52
"OPHTHALMIC ANTI-INFECTIVES","CIPROFLOXACIN HCL (OPHTH)",43,41
"OPHTHALMIC ANTI-INFECTIVES","CIPROFLOXACIN HCL (OPHTH)",44,52
"OPHTHALMIC ANTI-INFECTIVES","CIPROFLOXACIN HCL (OPHTH)",45,47
"OPHTHALMIC ANTI-INFECTIVES","CIPROFLOXACIN HCL (OPHTH)",46,43
"OPHTHALMIC ANTI-INFECTIVES","CIPROFLOXACIN HCL (OPHTH)",47,47
"OPHTHALMIC ANTI-INFECTIVES","CIPROFLOXACIN HCL (OPHTH)",48,47
"OPHTHALMIC ANTI-INFECTIVES","CIPROFLOXACIN HCL (OPHTH)",49,54
"OPHTHALMIC ANTI-INFECTIVES","CIPROFLOXACIN HCL (OPHTH)",50,44
"OPHTHALMIC ANTI-INFECTIVES","CIPROFLOXACIN HCL (OPHTH)",51,48
"OPHTHALMIC ANTI-INFECTIVES","CIPROFLOXACIN HCL (OPHTH)",52,59
"OPHTHALMIC ANTI-INFECTIVES","CIPROFLOXACIN HCL (OPHTH)",53,60
"OPHTHALMIC ANTI-INFECTIVES","CIPROFLOXACIN HCL (OPHTH)",54,41
"OPHTHALMIC ANTI-INFECTIVES","CIPROFLOXACIN HCL (OPHTH)",55,48
"OPHTHALMIC ANTI-INFECTIVES","CIPROFLOXACIN HCL (OPHTH)",56,58
"OPHTHALMIC ANTI-INFECTIVES","CIPROFLOXACIN HCL (OPHTH)",57,60
"OPHTHALMIC ANTI-INFECTIVES","CIPROFLOXACIN HCL (OPHTH)",58,69
"OPHTHALMIC ANTI-INFECTIVES","CIPROFLOXACIN HCL (OPHTH)",59,79
"OPHTHALMIC ANTI-INFECTIVES","CIPROFLOXACIN HCL (OPHTH)",60,72
"OPHTHALMIC ANTI-INFECTIVES","CIPROFLOXACIN HCL (OPHTH)",61,69
"OPHTHALMIC ANTI-INFECTIVES","CIPROFLOXACIN HCL (OPHTH)",62,67
"OPHTHALMIC ANTI-INFECTIVES","CIPROFLOXACIN HCL (OPHTH)",63,70
"OPHTHALMIC ANTI-INFECTIVES","CIPROFLOXACIN HCL (OPHTH)",64,88
"OPHTHALMIC ANTI-INFECTIVES","CIPROFLOXACIN HCL (OPHTH)",65,69
"OPHTHALMIC ANTI-INFECTIVES","CIPROFLOXACIN HCL (OPHTH)",66,65
"OPHTHALMIC ANTI-INFECTIVES","CIPROFLOXACIN HCL (OPHTH)",67,84
"OPHTHALMIC ANTI-INFECTIVES","CIPROFLOXACIN HCL (OPHTH)",68,61
"OPHTHALMIC ANTI-INFECTIVES","CIPROFLOXACIN HCL (OPHTH)",69,88
"OPHTHALMIC ANTI-INFECTIVES","CIPROFLOXACIN HCL (OPHTH)",70,77
"OPHTHALMIC ANTI-INFECTIVES","CIPROFLOXACIN HCL (OPHTH)",71,77
"OPHTHALMIC ANTI-INFECTIVES","CIPROFLOXACIN HCL (OPHTH)",72,72
"OPHTHALMIC ANTI-INFECTIVES","CIPROFLOXACIN HCL (OPHTH)",73,70
"OPHTHALMIC ANTI-INFECTIVES","CIPROFLOXACIN HCL (OPHTH)",74,67
"OPHTHALMIC ANTI-INFECTIVES","CIPROFLOXACIN HCL (OPHTH)",75,56
"OPHTHALMIC ANTI-INFECTIVES","CIPROFLOXACIN HCL (OPHTH)",76,57
"OPHTHALMIC ANTI-INFECTIVES","CIPROFLOXACIN HCL (OPHTH)",77,36
"OPHTHALMIC ANTI-INFECTIVES","CIPROFLOXACIN HCL (OPHTH)",78,61
"OPHTHALMIC ANTI-INFECTIVES","CIPROFLOXACIN HCL (OPHTH)",79,46
"OPHTHALMIC ANTI-INFECTIVES","CIPROFLOXACIN HCL (OPHTH)",80,38
"OPHTHALMIC ANTI-INFECTIVES","CIPROFLOXACIN HCL (OPHTH)",81,36
"OPHTHALMIC ANTI-INFECTIVES","CIPROFLOXACIN HCL (OPHTH)",82,28
"OPHTHALMIC ANTI-INFECTIVES","CIPROFLOXACIN HCL (OPHTH)",83,14
"OPHTHALMIC ANTI-INFECTIVES","CIPROFLOXACIN HCL (OPHTH)",84,5
"OPHTHALMIC ANTI-INFECTIVES","CIPROFLOXACIN HCL (OPHTH)",85,211
"OPHTHALMIC ANTI-INFECTIVES","CYSTEAMINE HCL",3,1
"OPHTHALMIC ANTI-INFECTIVES","CYSTEAMINE HCL",4,1
"OPHTHALMIC ANTI-INFECTIVES","CYSTEAMINE HCL",23,1
"OPHTHALMIC ANTI-INFECTIVES","CYSTEAMINE HCL",25,1
"OPHTHALMIC ANTI-INFECTIVES","CYSTEAMINE HCL",28,1
"OPHTHALMIC ANTI-INFECTIVES","CYSTEAMINE HCL",33,2
"OPHTHALMIC ANTI-INFECTIVES","CYSTEAMINE HCL",39,1
"OPHTHALMIC ANTI-INFECTIVES","CYSTEAMINE HCL",58,1
"OPHTHALMIC ANTI-INFECTIVES","ERYTHROMYCIN (OPHTH)",-2,19
"OPHTHALMIC ANTI-INFECTIVES","ERYTHROMYCIN (OPHTH)",0,598
"OPHTHALMIC ANTI-INFECTIVES","ERYTHROMYCIN (OPHTH)",1,567
"OPHTHALMIC ANTI-INFECTIVES","ERYTHROMYCIN (OPHTH)",2,366
"OPHTHALMIC ANTI-INFECTIVES","ERYTHROMYCIN (OPHTH)",3,250
"OPHTHALMIC ANTI-INFECTIVES","ERYTHROMYCIN (OPHTH)",4,213
"OPHTHALMIC ANTI-INFECTIVES","ERYTHROMYCIN (OPHTH)",5,173
"OPHTHALMIC ANTI-INFECTIVES","ERYTHROMYCIN (OPHTH)",6,194
"OPHTHALMIC ANTI-INFECTIVES","ERYTHROMYCIN (OPHTH)",7,150
"OPHTHALMIC ANTI-INFECTIVES","ERYTHROMYCIN (OPHTH)",8,101
"OPHTHALMIC ANTI-INFECTIVES","ERYTHROMYCIN (OPHTH)",9,108
"OPHTHALMIC ANTI-INFECTIVES","ERYTHROMYCIN (OPHTH)",10,97
"OPHTHALMIC ANTI-INFECTIVES","ERYTHROMYCIN (OPHTH)",11,103
"OPHTHALMIC ANTI-INFECTIVES","ERYTHROMYCIN (OPHTH)",12,94
"OPHTHALMIC ANTI-INFECTIVES","ERYTHROMYCIN (OPHTH)",13,74
"OPHTHALMIC ANTI-INFECTIVES","ERYTHROMYCIN (OPHTH)",14,58
"OPHTHALMIC ANTI-INFECTIVES","ERYTHROMYCIN (OPHTH)",15,63
"OPHTHALMIC ANTI-INFECTIVES","ERYTHROMYCIN (OPHTH)",16,81
"OPHTHALMIC ANTI-INFECTIVES","ERYTHROMYCIN (OPHTH)",17,79
"OPHTHALMIC ANTI-INFECTIVES","ERYTHROMYCIN (OPHTH)",18,80
"OPHTHALMIC ANTI-INFECTIVES","ERYTHROMYCIN (OPHTH)",19,72
"OPHTHALMIC ANTI-INFECTIVES","ERYTHROMYCIN (OPHTH)",20,73
"OPHTHALMIC ANTI-INFECTIVES","ERYTHROMYCIN (OPHTH)",21,92
"OPHTHALMIC ANTI-INFECTIVES","ERYTHROMYCIN (OPHTH)",22,96
"OPHTHALMIC ANTI-INFECTIVES","ERYTHROMYCIN (OPHTH)",23,102
"OPHTHALMIC ANTI-INFECTIVES","ERYTHROMYCIN (OPHTH)",24,97
"OPHTHALMIC ANTI-INFECTIVES","ERYTHROMYCIN (OPHTH)",25,98
"OPHTHALMIC ANTI-INFECTIVES","ERYTHROMYCIN (OPHTH)",26,117
"OPHTHALMIC ANTI-INFECTIVES","ERYTHROMYCIN (OPHTH)",27,86
"OPHTHALMIC ANTI-INFECTIVES","ERYTHROMYCIN (OPHTH)",28,107
"OPHTHALMIC ANTI-INFECTIVES","ERYTHROMYCIN (OPHTH)",29,103
"OPHTHALMIC ANTI-INFECTIVES","ERYTHROMYCIN (OPHTH)",30,105
"OPHTHALMIC ANTI-INFECTIVES","ERYTHROMYCIN (OPHTH)",31,114
"OPHTHALMIC ANTI-INFECTIVES","ERYTHROMYCIN (OPHTH)",32,125
"OPHTHALMIC ANTI-INFECTIVES","ERYTHROMYCIN (OPHTH)",33,142
"OPHTHALMIC ANTI-INFECTIVES","ERYTHROMYCIN (OPHTH)",34,123
"OPHTHALMIC ANTI-INFECTIVES","ERYTHROMYCIN (OPHTH)",35,107
"OPHTHALMIC ANTI-INFECTIVES","ERYTHROMYCIN (OPHTH)",36,111
"OPHTHALMIC ANTI-INFECTIVES","ERYTHROMYCIN (OPHTH)",37,102
"OPHTHALMIC ANTI-INFECTIVES","ERYTHROMYCIN (OPHTH)",38,110
"OPHTHALMIC ANTI-INFECTIVES","ERYTHROMYCIN (OPHTH)",39,124
"OPHTHALMIC ANTI-INFECTIVES","ERYTHROMYCIN (OPHTH)",40,116
"OPHTHALMIC ANTI-INFECTIVES","ERYTHROMYCIN (OPHTH)",41,141
"OPHTHALMIC ANTI-INFECTIVES","ERYTHROMYCIN (OPHTH)",42,114
"OPHTHALMIC ANTI-INFECTIVES","ERYTHROMYCIN (OPHTH)",43,100
"OPHTHALMIC ANTI-INFECTIVES","ERYTHROMYCIN (OPHTH)",44,93
"OPHTHALMIC ANTI-INFECTIVES","ERYTHROMYCIN (OPHTH)",45,130
"OPHTHALMIC ANTI-INFECTIVES","ERYTHROMYCIN (OPHTH)",46,102
"OPHTHALMIC ANTI-INFECTIVES","ERYTHROMYCIN (OPHTH)",47,113
"OPHTHALMIC ANTI-INFECTIVES","ERYTHROMYCIN (OPHTH)",48,123
"OPHTHALMIC ANTI-INFECTIVES","ERYTHROMYCIN (OPHTH)",49,124
"OPHTHALMIC ANTI-INFECTIVES","ERYTHROMYCIN (OPHTH)",50,114
"OPHTHALMIC ANTI-INFECTIVES","ERYTHROMYCIN (OPHTH)",51,119
"OPHTHALMIC ANTI-INFECTIVES","ERYTHROMYCIN (OPHTH)",52,134
"OPHTHALMIC ANTI-INFECTIVES","ERYTHROMYCIN (OPHTH)",53,151
"OPHTHALMIC ANTI-INFECTIVES","ERYTHROMYCIN (OPHTH)",54,159
"OPHTHALMIC ANTI-INFECTIVES","ERYTHROMYCIN (OPHTH)",55,179
"OPHTHALMIC ANTI-INFECTIVES","ERYTHROMYCIN (OPHTH)",56,177
"OPHTHALMIC ANTI-INFECTIVES","ERYTHROMYCIN (OPHTH)",57,167
"OPHTHALMIC ANTI-INFECTIVES","ERYTHROMYCIN (OPHTH)",58,171
"OPHTHALMIC ANTI-INFECTIVES","ERYTHROMYCIN (OPHTH)",59,161
"OPHTHALMIC ANTI-INFECTIVES","ERYTHROMYCIN (OPHTH)",60,173
"OPHTHALMIC ANTI-INFECTIVES","ERYTHROMYCIN (OPHTH)",61,149
"OPHTHALMIC ANTI-INFECTIVES","ERYTHROMYCIN (OPHTH)",62,204
"OPHTHALMIC ANTI-INFECTIVES","ERYTHROMYCIN (OPHTH)",63,193
"OPHTHALMIC ANTI-INFECTIVES","ERYTHROMYCIN (OPHTH)",64,164
"OPHTHALMIC ANTI-INFECTIVES","ERYTHROMYCIN (OPHTH)",65,171
"OPHTHALMIC ANTI-INFECTIVES","ERYTHROMYCIN (OPHTH)",66,178
"OPHTHALMIC ANTI-INFECTIVES","ERYTHROMYCIN (OPHTH)",67,206
"OPHTHALMIC ANTI-INFECTIVES","ERYTHROMYCIN (OPHTH)",68,190
"OPHTHALMIC ANTI-INFECTIVES","ERYTHROMYCIN (OPHTH)",69,151
"OPHTHALMIC ANTI-INFECTIVES","ERYTHROMYCIN (OPHTH)",70,192
"OPHTHALMIC ANTI-INFECTIVES","ERYTHROMYCIN (OPHTH)",71,205
"OPHTHALMIC ANTI-INFECTIVES","ERYTHROMYCIN (OPHTH)",72,174
"OPHTHALMIC ANTI-INFECTIVES","ERYTHROMYCIN (OPHTH)",73,186
"OPHTHALMIC ANTI-INFECTIVES","ERYTHROMYCIN (OPHTH)",74,155
"OPHTHALMIC ANTI-INFECTIVES","ERYTHROMYCIN (OPHTH)",75,165
"OPHTHALMIC ANTI-INFECTIVES","ERYTHROMYCIN (OPHTH)",76,152
"OPHTHALMIC ANTI-INFECTIVES","ERYTHROMYCIN (OPHTH)",77,172
"OPHTHALMIC ANTI-INFECTIVES","ERYTHROMYCIN (OPHTH)",78,163
"OPHTHALMIC ANTI-INFECTIVES","ERYTHROMYCIN (OPHTH)",79,128
"OPHTHALMIC ANTI-INFECTIVES","ERYTHROMYCIN (OPHTH)",80,141
"OPHTHALMIC ANTI-INFECTIVES","ERYTHROMYCIN (OPHTH)",81,122
"OPHTHALMIC ANTI-INFECTIVES","ERYTHROMYCIN (OPHTH)",82,105
"OPHTHALMIC ANTI-INFECTIVES","ERYTHROMYCIN (OPHTH)",83,66
"OPHTHALMIC ANTI-INFECTIVES","ERYTHROMYCIN (OPHTH)",84,34
"OPHTHALMIC ANTI-INFECTIVES","ERYTHROMYCIN (OPHTH)",85,941
"OPHTHALMIC ANTI-INFECTIVES","GANCICLOVIR OPHTHALMIC",-2,1
"OPHTHALMIC ANTI-INFECTIVES","GANCICLOVIR OPHTHALMIC",1,1
"OPHTHALMIC ANTI-INFECTIVES","GANCICLOVIR OPHTHALMIC",2,1
"OPHTHALMIC ANTI-INFECTIVES","GANCICLOVIR OPHTHALMIC",7,2
"OPHTHALMIC ANTI-INFECTIVES","GANCICLOVIR OPHTHALMIC",8,1
"OPHTHALMIC ANTI-INFECTIVES","GANCICLOVIR OPHTHALMIC",10,1
"OPHTHALMIC ANTI-INFECTIVES","GANCICLOVIR OPHTHALMIC",11,1
"OPHTHALMIC ANTI-INFECTIVES","GANCICLOVIR OPHTHALMIC",12,1
"OPHTHALMIC ANTI-INFECTIVES","GANCICLOVIR OPHTHALMIC",14,1
"OPHTHALMIC ANTI-INFECTIVES","GANCICLOVIR OPHTHALMIC",15,1
"OPHTHALMIC ANTI-INFECTIVES","GANCICLOVIR OPHTHALMIC",17,1
"OPHTHALMIC ANTI-INFECTIVES","GANCICLOVIR OPHTHALMIC",19,1
"OPHTHALMIC ANTI-INFECTIVES","GANCICLOVIR OPHTHALMIC",20,1
"OPHTHALMIC ANTI-INFECTIVES","GANCICLOVIR OPHTHALMIC",25,1
"OPHTHALMIC ANTI-INFECTIVES","GANCICLOVIR OPHTHALMIC",27,4
"OPHTHALMIC ANTI-INFECTIVES","GANCICLOVIR OPHTHALMIC",28,1
"OPHTHALMIC ANTI-INFECTIVES","GANCICLOVIR OPHTHALMIC",29,1
"OPHTHALMIC ANTI-INFECTIVES","GANCICLOVIR OPHTHALMIC",30,2
"OPHTHALMIC ANTI-INFECTIVES","GANCICLOVIR OPHTHALMIC",31,2
"OPHTHALMIC ANTI-INFECTIVES","GANCICLOVIR OPHTHALMIC",32,1
"OPHTHALMIC ANTI-INFECTIVES","GANCICLOVIR OPHTHALMIC",33,4
"OPHTHALMIC ANTI-INFECTIVES","GANCICLOVIR OPHTHALMIC",34,3
"OPHTHALMIC ANTI-INFECTIVES","GANCICLOVIR OPHTHALMIC",35,4
"OPHTHALMIC ANTI-INFECTIVES","GANCICLOVIR OPHTHALMIC",36,2
"OPHTHALMIC ANTI-INFECTIVES","GANCICLOVIR OPHTHALMIC",38,2
"OPHTHALMIC ANTI-INFECTIVES","GANCICLOVIR OPHTHALMIC",39,2
"OPHTHALMIC ANTI-INFECTIVES","GANCICLOVIR OPHTHALMIC",40,1
"OPHTHALMIC ANTI-INFECTIVES","GANCICLOVIR OPHTHALMIC",41,3
"OPHTHALMIC ANTI-INFECTIVES","GANCICLOVIR OPHTHALMIC",42,1
"OPHTHALMIC ANTI-INFECTIVES","GANCICLOVIR OPHTHALMIC",43,2
"OPHTHALMIC ANTI-INFECTIVES","GANCICLOVIR OPHTHALMIC",44,1
"OPHTHALMIC ANTI-INFECTIVES","GANCICLOVIR OPHTHALMIC",45,2
"OPHTHALMIC ANTI-INFECTIVES","GANCICLOVIR OPHTHALMIC",46,4
"OPHTHALMIC ANTI-INFECTIVES","GANCICLOVIR OPHTHALMIC",47,5
"OPHTHALMIC ANTI-INFECTIVES","GANCICLOVIR OPHTHALMIC",48,2
"OPHTHALMIC ANTI-INFECTIVES","GANCICLOVIR OPHTHALMIC",49,4
"OPHTHALMIC ANTI-INFECTIVES","GANCICLOVIR OPHTHALMIC",50,3
"OPHTHALMIC ANTI-INFECTIVES","GANCICLOVIR OPHTHALMIC",51,3
"OPHTHALMIC ANTI-INFECTIVES","GANCICLOVIR OPHTHALMIC",52,2
"OPHTHALMIC ANTI-INFECTIVES","GANCICLOVIR OPHTHALMIC",53,7
"OPHTHALMIC ANTI-INFECTIVES","GANCICLOVIR OPHTHALMIC",54,4
"OPHTHALMIC ANTI-INFECTIVES","GANCICLOVIR OPHTHALMIC",55,1
"OPHTHALMIC ANTI-INFECTIVES","GANCICLOVIR OPHTHALMIC",56,4
"OPHTHALMIC ANTI-INFECTIVES","GANCICLOVIR OPHTHALMIC",57,6
"OPHTHALMIC ANTI-INFECTIVES","GANCICLOVIR OPHTHALMIC",58,6
"OPHTHALMIC ANTI-INFECTIVES","GANCICLOVIR OPHTHALMIC",59,4
"OPHTHALMIC ANTI-INFECTIVES","GANCICLOVIR OPHTHALMIC",60,3
"OPHTHALMIC ANTI-INFECTIVES","GANCICLOVIR OPHTHALMIC",61,7
"OPHTHALMIC ANTI-INFECTIVES","GANCICLOVIR OPHTHALMIC",62,4
"OPHTHALMIC ANTI-INFECTIVES","GANCICLOVIR OPHTHALMIC",63,4
"OPHTHALMIC ANTI-INFECTIVES","GANCICLOVIR OPHTHALMIC",64,4
"OPHTHALMIC ANTI-INFECTIVES","GANCICLOVIR OPHTHALMIC",65,5
"OPHTHALMIC ANTI-INFECTIVES","GANCICLOVIR OPHTHALMIC",66,5
"OPHTHALMIC ANTI-INFECTIVES","GANCICLOVIR OPHTHALMIC",67,3
"OPHTHALMIC ANTI-INFECTIVES","GANCICLOVIR OPHTHALMIC",68,4
"OPHTHALMIC ANTI-INFECTIVES","GANCICLOVIR OPHTHALMIC",69,7
"OPHTHALMIC ANTI-INFECTIVES","GANCICLOVIR OPHTHALMIC",70,5
"OPHTHALMIC ANTI-INFECTIVES","GANCICLOVIR OPHTHALMIC",71,6
"OPHTHALMIC ANTI-INFECTIVES","GANCICLOVIR OPHTHALMIC",72,4
"OPHTHALMIC ANTI-INFECTIVES","GANCICLOVIR OPHTHALMIC",73,6
"OPHTHALMIC ANTI-INFECTIVES","GANCICLOVIR OPHTHALMIC",74,3
"OPHTHALMIC ANTI-INFECTIVES","GANCICLOVIR OPHTHALMIC",75,3
"OPHTHALMIC ANTI-INFECTIVES","GANCICLOVIR OPHTHALMIC",76,5
"OPHTHALMIC ANTI-INFECTIVES","GANCICLOVIR OPHTHALMIC",78,5
"OPHTHALMIC ANTI-INFECTIVES","GANCICLOVIR OPHTHALMIC",79,1
"OPHTHALMIC ANTI-INFECTIVES","GANCICLOVIR OPHTHALMIC",80,4
"OPHTHALMIC ANTI-INFECTIVES","GANCICLOVIR OPHTHALMIC",81,1
"OPHTHALMIC ANTI-INFECTIVES","GANCICLOVIR OPHTHALMIC",82,2
"OPHTHALMIC ANTI-INFECTIVES","GANCICLOVIR OPHTHALMIC",83,1
"OPHTHALMIC ANTI-INFECTIVES","GANCICLOVIR OPHTHALMIC",84,1
"OPHTHALMIC ANTI-INFECTIVES","GANCICLOVIR OPHTHALMIC",85,16
"OPHTHALMIC ANTI-INFECTIVES","GATIFLOXACIN (OPHTH)",3,1
"OPHTHALMIC ANTI-INFECTIVES","GATIFLOXACIN (OPHTH)",7,1
"OPHTHALMIC ANTI-INFECTIVES","GATIFLOXACIN (OPHTH)",10,1
"OPHTHALMIC ANTI-INFECTIVES","GATIFLOXACIN (OPHTH)",12,1
"OPHTHALMIC ANTI-INFECTIVES","GATIFLOXACIN (OPHTH)",15,1
"OPHTHALMIC ANTI-INFECTIVES","GATIFLOXACIN (OPHTH)",17,2
"OPHTHALMIC ANTI-INFECTIVES","GATIFLOXACIN (OPHTH)",18,7
"OPHTHALMIC ANTI-INFECTIVES","GATIFLOXACIN (OPHTH)",19,2
"OPHTHALMIC ANTI-INFECTIVES","GATIFLOXACIN (OPHTH)",20,2
"OPHTHALMIC ANTI-INFECTIVES","GATIFLOXACIN (OPHTH)",21,3
"OPHTHALMIC ANTI-INFECTIVES","GATIFLOXACIN (OPHTH)",22,1
"OPHTHALMIC ANTI-INFECTIVES","GATIFLOXACIN (OPHTH)",23,11
"OPHTHALMIC ANTI-INFECTIVES","GATIFLOXACIN (OPHTH)",24,5
"OPHTHALMIC ANTI-INFECTIVES","GATIFLOXACIN (OPHTH)",25,11
"OPHTHALMIC ANTI-INFECTIVES","GATIFLOXACIN (OPHTH)",26,5
"OPHTHALMIC ANTI-INFECTIVES","GATIFLOXACIN (OPHTH)",27,11
"OPHTHALMIC ANTI-INFECTIVES","GATIFLOXACIN (OPHTH)",28,12
"OPHTHALMIC ANTI-INFECTIVES","GATIFLOXACIN (OPHTH)",29,14
"OPHTHALMIC ANTI-INFECTIVES","GATIFLOXACIN (OPHTH)",30,13
"OPHTHALMIC ANTI-INFECTIVES","GATIFLOXACIN (OPHTH)",31,9
"OPHTHALMIC ANTI-INFECTIVES","GATIFLOXACIN (OPHTH)",32,9
"OPHTHALMIC ANTI-INFECTIVES","GATIFLOXACIN (OPHTH)",33,11
"OPHTHALMIC ANTI-INFECTIVES","GATIFLOXACIN (OPHTH)",34,11
"OPHTHALMIC ANTI-INFECTIVES","GATIFLOXACIN (OPHTH)",35,10
"OPHTHALMIC ANTI-INFECTIVES","GATIFLOXACIN (OPHTH)",36,11
"OPHTHALMIC ANTI-INFECTIVES","GATIFLOXACIN (OPHTH)",37,10
"OPHTHALMIC ANTI-INFECTIVES","GATIFLOXACIN (OPHTH)",38,7
"OPHTHALMIC ANTI-INFECTIVES","GATIFLOXACIN (OPHTH)",39,8
"OPHTHALMIC ANTI-INFECTIVES","GATIFLOXACIN (OPHTH)",40,8
"OPHTHALMIC ANTI-INFECTIVES","GATIFLOXACIN (OPHTH)",41,3
"OPHTHALMIC ANTI-INFECTIVES","GATIFLOXACIN (OPHTH)",42,6
"OPHTHALMIC ANTI-INFECTIVES","GATIFLOXACIN (OPHTH)",43,4
"OPHTHALMIC ANTI-INFECTIVES","GATIFLOXACIN (OPHTH)",44,3
"OPHTHALMIC ANTI-INFECTIVES","GATIFLOXACIN (OPHTH)",45,9
"OPHTHALMIC ANTI-INFECTIVES","GATIFLOXACIN (OPHTH)",46,6
"OPHTHALMIC ANTI-INFECTIVES","GATIFLOXACIN (OPHTH)",47,8
"OPHTHALMIC ANTI-INFECTIVES","GATIFLOXACIN (OPHTH)",48,6
"OPHTHALMIC ANTI-INFECTIVES","GATIFLOXACIN (OPHTH)",49,9
"OPHTHALMIC ANTI-INFECTIVES","GATIFLOXACIN (OPHTH)",50,4
"OPHTHALMIC ANTI-INFECTIVES","GATIFLOXACIN (OPHTH)",51,7
"OPHTHALMIC ANTI-INFECTIVES","GATIFLOXACIN (OPHTH)",52,10
"OPHTHALMIC ANTI-INFECTIVES","GATIFLOXACIN (OPHTH)",53,5
"OPHTHALMIC ANTI-INFECTIVES","GATIFLOXACIN (OPHTH)",54,9
"OPHTHALMIC ANTI-INFECTIVES","GATIFLOXACIN (OPHTH)",55,5
"OPHTHALMIC ANTI-INFECTIVES","GATIFLOXACIN (OPHTH)",56,6
"OPHTHALMIC ANTI-INFECTIVES","GATIFLOXACIN (OPHTH)",57,10
"OPHTHALMIC ANTI-INFECTIVES","GATIFLOXACIN (OPHTH)",58,12
"OPHTHALMIC ANTI-INFECTIVES","GATIFLOXACIN (OPHTH)",59,12
"OPHTHALMIC ANTI-INFECTIVES","GATIFLOXACIN (OPHTH)",60,16
"OPHTHALMIC ANTI-INFECTIVES","GATIFLOXACIN (OPHTH)",61,22
"OPHTHALMIC ANTI-INFECTIVES","GATIFLOXACIN (OPHTH)",62,14
"OPHTHALMIC ANTI-INFECTIVES","GATIFLOXACIN (OPHTH)",63,22
"OPHTHALMIC ANTI-INFECTIVES","GATIFLOXACIN (OPHTH)",64,10
"OPHTHALMIC ANTI-INFECTIVES","GATIFLOXACIN (OPHTH)",65,20
"OPHTHALMIC ANTI-INFECTIVES","GATIFLOXACIN (OPHTH)",66,21
"OPHTHALMIC ANTI-INFECTIVES","GATIFLOXACIN (OPHTH)",67,18
"OPHTHALMIC ANTI-INFECTIVES","GATIFLOXACIN (OPHTH)",68,20
"OPHTHALMIC ANTI-INFECTIVES","GATIFLOXACIN (OPHTH)",69,22
"OPHTHALMIC ANTI-INFECTIVES","GATIFLOXACIN (OPHTH)",70,21
"OPHTHALMIC ANTI-INFECTIVES","GATIFLOXACIN (OPHTH)",71,22
"OPHTHALMIC ANTI-INFECTIVES","GATIFLOXACIN (OPHTH)",72,24
"OPHTHALMIC ANTI-INFECTIVES","GATIFLOXACIN (OPHTH)",73,28
"OPHTHALMIC ANTI-INFECTIVES","GATIFLOXACIN (OPHTH)",74,26
"OPHTHALMIC ANTI-INFECTIVES","GATIFLOXACIN (OPHTH)",75,24
"OPHTHALMIC ANTI-INFECTIVES","GATIFLOXACIN (OPHTH)",76,26
"OPHTHALMIC ANTI-INFECTIVES","GATIFLOXACIN (OPHTH)",77,16
"OPHTHALMIC ANTI-INFECTIVES","GATIFLOXACIN (OPHTH)",78,21
"OPHTHALMIC ANTI-INFECTIVES","GATIFLOXACIN (OPHTH)",79,20
"OPHTHALMIC ANTI-INFECTIVES","GATIFLOXACIN (OPHTH)",80,17
"OPHTHALMIC ANTI-INFECTIVES","GATIFLOXACIN (OPHTH)",81,16
"OPHTHALMIC ANTI-INFECTIVES","GATIFLOXACIN (OPHTH)",82,7
"OPHTHALMIC ANTI-INFECTIVES","GATIFLOXACIN (OPHTH)",83,4
"OPHTHALMIC ANTI-INFECTIVES","GATIFLOXACIN (OPHTH)",84,1
"OPHTHALMIC ANTI-INFECTIVES","GATIFLOXACIN (OPHTH)",85,49
"OPHTHALMIC ANTI-INFECTIVES","GENTAMICIN SULFATE (OPHTH)",-2,2
"OPHTHALMIC ANTI-INFECTIVES","GENTAMICIN SULFATE (OPHTH)",0,104
"OPHTHALMIC ANTI-INFECTIVES","GENTAMICIN SULFATE (OPHTH)",1,186
"OPHTHALMIC ANTI-INFECTIVES","GENTAMICIN SULFATE (OPHTH)",2,119
"OPHTHALMIC ANTI-INFECTIVES","GENTAMICIN SULFATE (OPHTH)",3,110
"OPHTHALMIC ANTI-INFECTIVES","GENTAMICIN SULFATE (OPHTH)",4,81
"OPHTHALMIC ANTI-INFECTIVES","GENTAMICIN SULFATE (OPHTH)",5,83
"OPHTHALMIC ANTI-INFECTIVES","GENTAMICIN SULFATE (OPHTH)",6,91
"OPHTHALMIC ANTI-INFECTIVES","GENTAMICIN SULFATE (OPHTH)",7,67
"OPHTHALMIC ANTI-INFECTIVES","GENTAMICIN SULFATE (OPHTH)",8,51
"OPHTHALMIC ANTI-INFECTIVES","GENTAMICIN SULFATE (OPHTH)",9,48
"OPHTHALMIC ANTI-INFECTIVES","GENTAMICIN SULFATE (OPHTH)",10,45
"OPHTHALMIC ANTI-INFECTIVES","GENTAMICIN SULFATE (OPHTH)",11,45
"OPHTHALMIC ANTI-INFECTIVES","GENTAMICIN SULFATE (OPHTH)",12,37
"OPHTHALMIC ANTI-INFECTIVES","GENTAMICIN SULFATE (OPHTH)",13,30
"OPHTHALMIC ANTI-INFECTIVES","GENTAMICIN SULFATE (OPHTH)",14,29
"OPHTHALMIC ANTI-INFECTIVES","GENTAMICIN SULFATE (OPHTH)",15,34
"OPHTHALMIC ANTI-INFECTIVES","GENTAMICIN SULFATE (OPHTH)",16,27
"OPHTHALMIC ANTI-INFECTIVES","GENTAMICIN SULFATE (OPHTH)",17,31
"OPHTHALMIC ANTI-INFECTIVES","GENTAMICIN SULFATE (OPHTH)",18,31
"OPHTHALMIC ANTI-INFECTIVES","GENTAMICIN SULFATE (OPHTH)",19,39
"OPHTHALMIC ANTI-INFECTIVES","GENTAMICIN SULFATE (OPHTH)",20,23
"OPHTHALMIC ANTI-INFECTIVES","GENTAMICIN SULFATE (OPHTH)",21,22
"OPHTHALMIC ANTI-INFECTIVES","GENTAMICIN SULFATE (OPHTH)",22,24
"OPHTHALMIC ANTI-INFECTIVES","GENTAMICIN SULFATE (OPHTH)",23,18
"OPHTHALMIC ANTI-INFECTIVES","GENTAMICIN SULFATE (OPHTH)",24,26
"OPHTHALMIC ANTI-INFECTIVES","GENTAMICIN SULFATE (OPHTH)",25,29
"OPHTHALMIC ANTI-INFECTIVES","GENTAMICIN SULFATE (OPHTH)",26,32
"OPHTHALMIC ANTI-INFECTIVES","GENTAMICIN SULFATE (OPHTH)",27,27
"OPHTHALMIC ANTI-INFECTIVES","GENTAMICIN SULFATE (OPHTH)",28,27
"OPHTHALMIC ANTI-INFECTIVES","GENTAMICIN SULFATE (OPHTH)",29,35
"OPHTHALMIC ANTI-INFECTIVES","GENTAMICIN SULFATE (OPHTH)",30,26
"OPHTHALMIC ANTI-INFECTIVES","GENTAMICIN SULFATE (OPHTH)",31,31
"OPHTHALMIC ANTI-INFECTIVES","GENTAMICIN SULFATE (OPHTH)",32,26
"OPHTHALMIC ANTI-INFECTIVES","GENTAMICIN SULFATE (OPHTH)",33,31
"OPHTHALMIC ANTI-INFECTIVES","GENTAMICIN SULFATE (OPHTH)",34,44
"OPHTHALMIC ANTI-INFECTIVES","GENTAMICIN SULFATE (OPHTH)",35,48
"OPHTHALMIC ANTI-INFECTIVES","GENTAMICIN SULFATE (OPHTH)",36,33
"OPHTHALMIC ANTI-INFECTIVES","GENTAMICIN SULFATE (OPHTH)",37,27
"OPHTHALMIC ANTI-INFECTIVES","GENTAMICIN SULFATE (OPHTH)",38,27
"OPHTHALMIC ANTI-INFECTIVES","GENTAMICIN SULFATE (OPHTH)",39,47
"OPHTHALMIC ANTI-INFECTIVES","GENTAMICIN SULFATE (OPHTH)",40,30
"OPHTHALMIC ANTI-INFECTIVES","GENTAMICIN SULFATE (OPHTH)",41,43
"OPHTHALMIC ANTI-INFECTIVES","GENTAMICIN SULFATE (OPHTH)",42,24
"OPHTHALMIC ANTI-INFECTIVES","GENTAMICIN SULFATE (OPHTH)",43,26
"OPHTHALMIC ANTI-INFECTIVES","GENTAMICIN SULFATE (OPHTH)",44,25
"OPHTHALMIC ANTI-INFECTIVES","GENTAMICIN SULFATE (OPHTH)",45,37
"OPHTHALMIC ANTI-INFECTIVES","GENTAMICIN SULFATE (OPHTH)",46,38
"OPHTHALMIC ANTI-INFECTIVES","GENTAMICIN SULFATE (OPHTH)",47,31
"OPHTHALMIC ANTI-INFECTIVES","GENTAMICIN SULFATE (OPHTH)",48,37
"OPHTHALMIC ANTI-INFECTIVES","GENTAMICIN SULFATE (OPHTH)",49,35
"OPHTHALMIC ANTI-INFECTIVES","GENTAMICIN SULFATE (OPHTH)",50,34
"OPHTHALMIC ANTI-INFECTIVES","GENTAMICIN SULFATE (OPHTH)",51,32
"OPHTHALMIC ANTI-INFECTIVES","GENTAMICIN SULFATE (OPHTH)",52,36
"OPHTHALMIC ANTI-INFECTIVES","GENTAMICIN SULFATE (OPHTH)",53,32
"OPHTHALMIC ANTI-INFECTIVES","GENTAMICIN SULFATE (OPHTH)",54,37
"OPHTHALMIC ANTI-INFECTIVES","GENTAMICIN SULFATE (OPHTH)",55,49
"OPHTHALMIC ANTI-INFECTIVES","GENTAMICIN SULFATE (OPHTH)",56,34
"OPHTHALMIC ANTI-INFECTIVES","GENTAMICIN SULFATE (OPHTH)",57,30
"OPHTHALMIC ANTI-INFECTIVES","GENTAMICIN SULFATE (OPHTH)",58,47
"OPHTHALMIC ANTI-INFECTIVES","GENTAMICIN SULFATE (OPHTH)",59,36
"OPHTHALMIC ANTI-INFECTIVES","GENTAMICIN SULFATE (OPHTH)",60,31
"OPHTHALMIC ANTI-INFECTIVES","GENTAMICIN SULFATE (OPHTH)",61,33
"OPHTHALMIC ANTI-INFECTIVES","GENTAMICIN SULFATE (OPHTH)",62,42
"OPHTHALMIC ANTI-INFECTIVES","GENTAMICIN SULFATE (OPHTH)",63,51
"OPHTHALMIC ANTI-INFECTIVES","GENTAMICIN SULFATE (OPHTH)",64,47
"OPHTHALMIC ANTI-INFECTIVES","GENTAMICIN SULFATE (OPHTH)",65,24
"OPHTHALMIC ANTI-INFECTIVES","GENTAMICIN SULFATE (OPHTH)",66,44
"OPHTHALMIC ANTI-INFECTIVES","GENTAMICIN SULFATE (OPHTH)",67,38
"OPHTHALMIC ANTI-INFECTIVES","GENTAMICIN SULFATE (OPHTH)",68,29
"OPHTHALMIC ANTI-INFECTIVES","GENTAMICIN SULFATE (OPHTH)",69,24
"OPHTHALMIC ANTI-INFECTIVES","GENTAMICIN SULFATE (OPHTH)",70,31
"OPHTHALMIC ANTI-INFECTIVES","GENTAMICIN SULFATE (OPHTH)",71,40
"OPHTHALMIC ANTI-INFECTIVES","GENTAMICIN SULFATE (OPHTH)",72,34
"OPHTHALMIC ANTI-INFECTIVES","GENTAMICIN SULFATE (OPHTH)",73,33
"OPHTHALMIC ANTI-INFECTIVES","GENTAMICIN SULFATE (OPHTH)",74,24
"OPHTHALMIC ANTI-INFECTIVES","GENTAMICIN SULFATE (OPHTH)",75,22
"OPHTHALMIC ANTI-INFECTIVES","GENTAMICIN SULFATE (OPHTH)",76,26
"OPHTHALMIC ANTI-INFECTIVES","GENTAMICIN SULFATE (OPHTH)",77,18
"OPHTHALMIC ANTI-INFECTIVES","GENTAMICIN SULFATE (OPHTH)",78,20
"OPHTHALMIC ANTI-INFECTIVES","GENTAMICIN SULFATE (OPHTH)",79,16
"OPHTHALMIC ANTI-INFECTIVES","GENTAMICIN SULFATE (OPHTH)",80,14
"OPHTHALMIC ANTI-INFECTIVES","GENTAMICIN SULFATE (OPHTH)",81,12
"OPHTHALMIC ANTI-INFECTIVES","GENTAMICIN SULFATE (OPHTH)",82,16
"OPHTHALMIC ANTI-INFECTIVES","GENTAMICIN SULFATE (OPHTH)",83,6
"OPHTHALMIC ANTI-INFECTIVES","GENTAMICIN SULFATE (OPHTH)",84,2
"OPHTHALMIC ANTI-INFECTIVES","GENTAMICIN SULFATE (OPHTH)",85,142
"OPHTHALMIC ANTI-INFECTIVES","LEVOFLOXACIN (OPHTH)",3,1
"OPHTHALMIC ANTI-INFECTIVES","LEVOFLOXACIN (OPHTH)",19,1
"OPHTHALMIC ANTI-INFECTIVES","LEVOFLOXACIN (OPHTH)",25,1
"OPHTHALMIC ANTI-INFECTIVES","LEVOFLOXACIN (OPHTH)",28,1
"OPHTHALMIC ANTI-INFECTIVES","LEVOFLOXACIN (OPHTH)",30,1
"OPHTHALMIC ANTI-INFECTIVES","LEVOFLOXACIN (OPHTH)",51,1
"OPHTHALMIC ANTI-INFECTIVES","LEVOFLOXACIN (OPHTH)",54,2
"OPHTHALMIC ANTI-INFECTIVES","LEVOFLOXACIN (OPHTH)",55,1
"OPHTHALMIC ANTI-INFECTIVES","LEVOFLOXACIN (OPHTH)",57,1
"OPHTHALMIC ANTI-INFECTIVES","LEVOFLOXACIN (OPHTH)",58,2
"OPHTHALMIC ANTI-INFECTIVES","LEVOFLOXACIN (OPHTH)",64,1
"OPHTHALMIC ANTI-INFECTIVES","LEVOFLOXACIN (OPHTH)",65,2
"OPHTHALMIC ANTI-INFECTIVES","LEVOFLOXACIN (OPHTH)",67,1
"OPHTHALMIC ANTI-INFECTIVES","LEVOFLOXACIN (OPHTH)",68,1
"OPHTHALMIC ANTI-INFECTIVES","LEVOFLOXACIN (OPHTH)",69,2
"OPHTHALMIC ANTI-INFECTIVES","LEVOFLOXACIN (OPHTH)",71,1
"OPHTHALMIC ANTI-INFECTIVES","LEVOFLOXACIN (OPHTH)",75,2
"OPHTHALMIC ANTI-INFECTIVES","LEVOFLOXACIN (OPHTH)",76,1
"OPHTHALMIC ANTI-INFECTIVES","LEVOFLOXACIN (OPHTH)",77,2
"OPHTHALMIC ANTI-INFECTIVES","LEVOFLOXACIN (OPHTH)",78,3
"OPHTHALMIC ANTI-INFECTIVES","LEVOFLOXACIN (OPHTH)",81,1
"OPHTHALMIC ANTI-INFECTIVES","LEVOFLOXACIN (OPHTH)",82,1
"OPHTHALMIC ANTI-INFECTIVES","LEVOFLOXACIN (OPHTH)",85,2
"OPHTHALMIC ANTI-INFECTIVES","MOXIFLOXACIN HCL (OPHTH)",-2,10
"OPHTHALMIC ANTI-INFECTIVES","MOXIFLOXACIN HCL (OPHTH)",0,39
"OPHTHALMIC ANTI-INFECTIVES","MOXIFLOXACIN HCL (OPHTH)",1,157
"OPHTHALMIC ANTI-INFECTIVES","MOXIFLOXACIN HCL (OPHTH)",2,151
"OPHTHALMIC ANTI-INFECTIVES","MOXIFLOXACIN HCL (OPHTH)",3,138
"OPHTHALMIC ANTI-INFECTIVES","MOXIFLOXACIN HCL (OPHTH)",4,119
"OPHTHALMIC ANTI-INFECTIVES","MOXIFLOXACIN HCL (OPHTH)",5,90
"OPHTHALMIC ANTI-INFECTIVES","MOXIFLOXACIN HCL (OPHTH)",6,79
"OPHTHALMIC ANTI-INFECTIVES","MOXIFLOXACIN HCL (OPHTH)",7,77
"OPHTHALMIC ANTI-INFECTIVES","MOXIFLOXACIN HCL (OPHTH)",8,57
"OPHTHALMIC ANTI-INFECTIVES","MOXIFLOXACIN HCL (OPHTH)",9,54
"OPHTHALMIC ANTI-INFECTIVES","MOXIFLOXACIN HCL (OPHTH)",10,61
"OPHTHALMIC ANTI-INFECTIVES","MOXIFLOXACIN HCL (OPHTH)",11,41
"OPHTHALMIC ANTI-INFECTIVES","MOXIFLOXACIN HCL (OPHTH)",12,40
"OPHTHALMIC ANTI-INFECTIVES","MOXIFLOXACIN HCL (OPHTH)",13,32
"OPHTHALMIC ANTI-INFECTIVES","MOXIFLOXACIN HCL (OPHTH)",14,29
"OPHTHALMIC ANTI-INFECTIVES","MOXIFLOXACIN HCL (OPHTH)",15,35
"OPHTHALMIC ANTI-INFECTIVES","MOXIFLOXACIN HCL (OPHTH)",16,31
"OPHTHALMIC ANTI-INFECTIVES","MOXIFLOXACIN HCL (OPHTH)",17,28
"OPHTHALMIC ANTI-INFECTIVES","MOXIFLOXACIN HCL (OPHTH)",18,27
"OPHTHALMIC ANTI-INFECTIVES","MOXIFLOXACIN HCL (OPHTH)",19,30
"OPHTHALMIC ANTI-INFECTIVES","MOXIFLOXACIN HCL (OPHTH)",20,21
"OPHTHALMIC ANTI-INFECTIVES","MOXIFLOXACIN HCL (OPHTH)",21,35
"OPHTHALMIC ANTI-INFECTIVES","MOXIFLOXACIN HCL (OPHTH)",22,30
"OPHTHALMIC ANTI-INFECTIVES","MOXIFLOXACIN HCL (OPHTH)",23,23
"OPHTHALMIC ANTI-INFECTIVES","MOXIFLOXACIN HCL (OPHTH)",24,38
"OPHTHALMIC ANTI-INFECTIVES","MOXIFLOXACIN HCL (OPHTH)",25,24
"OPHTHALMIC ANTI-INFECTIVES","MOXIFLOXACIN HCL (OPHTH)",26,47
"OPHTHALMIC ANTI-INFECTIVES","MOXIFLOXACIN HCL (OPHTH)",27,41
"OPHTHALMIC ANTI-INFECTIVES","MOXIFLOXACIN HCL (OPHTH)",28,36
"OPHTHALMIC ANTI-INFECTIVES","MOXIFLOXACIN HCL (OPHTH)",29,42
"OPHTHALMIC ANTI-INFECTIVES","MOXIFLOXACIN HCL (OPHTH)",30,35
"OPHTHALMIC ANTI-INFECTIVES","MOXIFLOXACIN HCL (OPHTH)",31,42
"OPHTHALMIC ANTI-INFECTIVES","MOXIFLOXACIN HCL (OPHTH)",32,41
"OPHTHALMIC ANTI-INFECTIVES","MOXIFLOXACIN HCL (OPHTH)",33,41
"OPHTHALMIC ANTI-INFECTIVES","MOXIFLOXACIN HCL (OPHTH)",34,51
"OPHTHALMIC ANTI-INFECTIVES","MOXIFLOXACIN HCL (OPHTH)",35,48
"OPHTHALMIC ANTI-INFECTIVES","MOXIFLOXACIN HCL (OPHTH)",36,43
"OPHTHALMIC ANTI-INFECTIVES","MOXIFLOXACIN HCL (OPHTH)",37,44
"OPHTHALMIC ANTI-INFECTIVES","MOXIFLOXACIN HCL (OPHTH)",38,50
"OPHTHALMIC ANTI-INFECTIVES","MOXIFLOXACIN HCL (OPHTH)",39,33
"OPHTHALMIC ANTI-INFECTIVES","MOXIFLOXACIN HCL (OPHTH)",40,36
"OPHTHALMIC ANTI-INFECTIVES","MOXIFLOXACIN HCL (OPHTH)",41,33
"OPHTHALMIC ANTI-INFECTIVES","MOXIFLOXACIN HCL (OPHTH)",42,30
"OPHTHALMIC ANTI-INFECTIVES","MOXIFLOXACIN HCL (OPHTH)",43,46
"OPHTHALMIC ANTI-INFECTIVES","MOXIFLOXACIN HCL (OPHTH)",44,46
"OPHTHALMIC ANTI-INFECTIVES","MOXIFLOXACIN HCL (OPHTH)",45,44
"OPHTHALMIC ANTI-INFECTIVES","MOXIFLOXACIN HCL (OPHTH)",46,44
"OPHTHALMIC ANTI-INFECTIVES","MOXIFLOXACIN HCL (OPHTH)",47,33
"OPHTHALMIC ANTI-INFECTIVES","MOXIFLOXACIN HCL (OPHTH)",48,38
"OPHTHALMIC ANTI-INFECTIVES","MOXIFLOXACIN HCL (OPHTH)",49,43
"OPHTHALMIC ANTI-INFECTIVES","MOXIFLOXACIN HCL (OPHTH)",50,51
"OPHTHALMIC ANTI-INFECTIVES","MOXIFLOXACIN HCL (OPHTH)",51,51
"OPHTHALMIC ANTI-INFECTIVES","MOXIFLOXACIN HCL (OPHTH)",52,50
"OPHTHALMIC ANTI-INFECTIVES","MOXIFLOXACIN HCL (OPHTH)",53,61
"OPHTHALMIC ANTI-INFECTIVES","MOXIFLOXACIN HCL (OPHTH)",54,70
"OPHTHALMIC ANTI-INFECTIVES","MOXIFLOXACIN HCL (OPHTH)",55,55
"OPHTHALMIC ANTI-INFECTIVES","MOXIFLOXACIN HCL (OPHTH)",56,62
"OPHTHALMIC ANTI-INFECTIVES","MOXIFLOXACIN HCL (OPHTH)",57,63
"OPHTHALMIC ANTI-INFECTIVES","MOXIFLOXACIN HCL (OPHTH)",58,83
"OPHTHALMIC ANTI-INFECTIVES","MOXIFLOXACIN HCL (OPHTH)",59,68
"OPHTHALMIC ANTI-INFECTIVES","MOXIFLOXACIN HCL (OPHTH)",60,73
"OPHTHALMIC ANTI-INFECTIVES","MOXIFLOXACIN HCL (OPHTH)",61,81
"OPHTHALMIC ANTI-INFECTIVES","MOXIFLOXACIN HCL (OPHTH)",62,78
"OPHTHALMIC ANTI-INFECTIVES","MOXIFLOXACIN HCL (OPHTH)",63,107
"OPHTHALMIC ANTI-INFECTIVES","MOXIFLOXACIN HCL (OPHTH)",64,106
"OPHTHALMIC ANTI-INFECTIVES","MOXIFLOXACIN HCL (OPHTH)",65,134
"OPHTHALMIC ANTI-INFECTIVES","MOXIFLOXACIN HCL (OPHTH)",66,145
"OPHTHALMIC ANTI-INFECTIVES","MOXIFLOXACIN HCL (OPHTH)",67,159
"OPHTHALMIC ANTI-INFECTIVES","MOXIFLOXACIN HCL (OPHTH)",68,139
"OPHTHALMIC ANTI-INFECTIVES","MOXIFLOXACIN HCL (OPHTH)",69,141
"OPHTHALMIC ANTI-INFECTIVES","MOXIFLOXACIN HCL (OPHTH)",70,148
"OPHTHALMIC ANTI-INFECTIVES","MOXIFLOXACIN HCL (OPHTH)",71,162
"OPHTHALMIC ANTI-INFECTIVES","MOXIFLOXACIN HCL (OPHTH)",72,149
"OPHTHALMIC ANTI-INFECTIVES","MOXIFLOXACIN HCL (OPHTH)",73,153
"OPHTHALMIC ANTI-INFECTIVES","MOXIFLOXACIN HCL (OPHTH)",74,149
"OPHTHALMIC ANTI-INFECTIVES","MOXIFLOXACIN HCL (OPHTH)",75,127
"OPHTHALMIC ANTI-INFECTIVES","MOXIFLOXACIN HCL (OPHTH)",76,141
"OPHTHALMIC ANTI-INFECTIVES","MOXIFLOXACIN HCL (OPHTH)",77,128
"OPHTHALMIC ANTI-INFECTIVES","MOXIFLOXACIN HCL (OPHTH)",78,105
"OPHTHALMIC ANTI-INFECTIVES","MOXIFLOXACIN HCL (OPHTH)",79,80
"OPHTHALMIC ANTI-INFECTIVES","MOXIFLOXACIN HCL (OPHTH)",80,86
"OPHTHALMIC ANTI-INFECTIVES","MOXIFLOXACIN HCL (OPHTH)",81,96
"OPHTHALMIC ANTI-INFECTIVES","MOXIFLOXACIN HCL (OPHTH)",82,56
"OPHTHALMIC ANTI-INFECTIVES","MOXIFLOXACIN HCL (OPHTH)",83,44
"OPHTHALMIC ANTI-INFECTIVES","MOXIFLOXACIN HCL (OPHTH)",84,11
"OPHTHALMIC ANTI-INFECTIVES","MOXIFLOXACIN HCL (OPHTH)",85,340
"OPHTHALMIC ANTI-INFECTIVES",NATAMYCIN,18,1
"OPHTHALMIC ANTI-INFECTIVES",NATAMYCIN,37,1
"OPHTHALMIC ANTI-INFECTIVES",NATAMYCIN,41,1
"OPHTHALMIC ANTI-INFECTIVES",NATAMYCIN,43,1
"OPHTHALMIC ANTI-INFECTIVES",NATAMYCIN,45,2
"OPHTHALMIC ANTI-INFECTIVES",NATAMYCIN,47,1
"OPHTHALMIC ANTI-INFECTIVES",NATAMYCIN,48,1
"OPHTHALMIC ANTI-INFECTIVES",NATAMYCIN,50,1
"OPHTHALMIC ANTI-INFECTIVES",NATAMYCIN,53,2
"OPHTHALMIC ANTI-INFECTIVES",NATAMYCIN,54,1
"OPHTHALMIC ANTI-INFECTIVES",NATAMYCIN,60,2
"OPHTHALMIC ANTI-INFECTIVES",NATAMYCIN,61,2
"OPHTHALMIC ANTI-INFECTIVES",NATAMYCIN,63,1
"OPHTHALMIC ANTI-INFECTIVES",NATAMYCIN,66,1
"OPHTHALMIC ANTI-INFECTIVES",NATAMYCIN,67,1
"OPHTHALMIC ANTI-INFECTIVES",NATAMYCIN,76,1
"OPHTHALMIC ANTI-INFECTIVES","NEOMYCIN-BACITRACIN ZN-POLYMYXIN",0,1
"OPHTHALMIC ANTI-INFECTIVES","NEOMYCIN-BACITRACIN ZN-POLYMYXIN",1,3
"OPHTHALMIC ANTI-INFECTIVES","NEOMYCIN-BACITRACIN ZN-POLYMYXIN",2,4
"OPHTHALMIC ANTI-INFECTIVES","NEOMYCIN-BACITRACIN ZN-POLYMYXIN",3,5
"OPHTHALMIC ANTI-INFECTIVES","NEOMYCIN-BACITRACIN ZN-POLYMYXIN",4,1
"OPHTHALMIC ANTI-INFECTIVES","NEOMYCIN-BACITRACIN ZN-POLYMYXIN",5,2
"OPHTHALMIC ANTI-INFECTIVES","NEOMYCIN-BACITRACIN ZN-POLYMYXIN",6,7
"OPHTHALMIC ANTI-INFECTIVES","NEOMYCIN-BACITRACIN ZN-POLYMYXIN",7,5
"OPHTHALMIC ANTI-INFECTIVES","NEOMYCIN-BACITRACIN ZN-POLYMYXIN",8,2
"OPHTHALMIC ANTI-INFECTIVES","NEOMYCIN-BACITRACIN ZN-POLYMYXIN",9,6
"OPHTHALMIC ANTI-INFECTIVES","NEOMYCIN-BACITRACIN ZN-POLYMYXIN",10,6
"OPHTHALMIC ANTI-INFECTIVES","NEOMYCIN-BACITRACIN ZN-POLYMYXIN",11,2
"OPHTHALMIC ANTI-INFECTIVES","NEOMYCIN-BACITRACIN ZN-POLYMYXIN",12,4
"OPHTHALMIC ANTI-INFECTIVES","NEOMYCIN-BACITRACIN ZN-POLYMYXIN",13,4
"OPHTHALMIC ANTI-INFECTIVES","NEOMYCIN-BACITRACIN ZN-POLYMYXIN",14,3
"OPHTHALMIC ANTI-INFECTIVES","NEOMYCIN-BACITRACIN ZN-POLYMYXIN",15,2
"OPHTHALMIC ANTI-INFECTIVES","NEOMYCIN-BACITRACIN ZN-POLYMYXIN",17,1
"OPHTHALMIC ANTI-INFECTIVES","NEOMYCIN-BACITRACIN ZN-POLYMYXIN",18,5
"OPHTHALMIC ANTI-INFECTIVES","NEOMYCIN-BACITRACIN ZN-POLYMYXIN",19,3
"OPHTHALMIC ANTI-INFECTIVES","NEOMYCIN-BACITRACIN ZN-POLYMYXIN",20,1
"OPHTHALMIC ANTI-INFECTIVES","NEOMYCIN-BACITRACIN ZN-POLYMYXIN",21,1
"OPHTHALMIC ANTI-INFECTIVES","NEOMYCIN-BACITRACIN ZN-POLYMYXIN",23,1
"OPHTHALMIC ANTI-INFECTIVES","NEOMYCIN-BACITRACIN ZN-POLYMYXIN",24,1
"OPHTHALMIC ANTI-INFECTIVES","NEOMYCIN-BACITRACIN ZN-POLYMYXIN",26,1
"OPHTHALMIC ANTI-INFECTIVES","NEOMYCIN-BACITRACIN ZN-POLYMYXIN",27,2
"OPHTHALMIC ANTI-INFECTIVES","NEOMYCIN-BACITRACIN ZN-POLYMYXIN",28,1
"OPHTHALMIC ANTI-INFECTIVES","NEOMYCIN-BACITRACIN ZN-POLYMYXIN",30,1
"OPHTHALMIC ANTI-INFECTIVES","NEOMYCIN-BACITRACIN ZN-POLYMYXIN",32,1
"OPHTHALMIC ANTI-INFECTIVES","NEOMYCIN-BACITRACIN ZN-POLYMYXIN",33,1
"OPHTHALMIC ANTI-INFECTIVES","NEOMYCIN-BACITRACIN ZN-POLYMYXIN",34,2
"OPHTHALMIC ANTI-INFECTIVES","NEOMYCIN-BACITRACIN ZN-POLYMYXIN",36,1
"OPHTHALMIC ANTI-INFECTIVES","NEOMYCIN-BACITRACIN ZN-POLYMYXIN",38,2
"OPHTHALMIC ANTI-INFECTIVES","NEOMYCIN-BACITRACIN ZN-POLYMYXIN",39,1
"OPHTHALMIC ANTI-INFECTIVES","NEOMYCIN-BACITRACIN ZN-POLYMYXIN",42,1
"OPHTHALMIC ANTI-INFECTIVES","NEOMYCIN-BACITRACIN ZN-POLYMYXIN",44,1
"OPHTHALMIC ANTI-INFECTIVES","NEOMYCIN-BACITRACIN ZN-POLYMYXIN",46,1
"OPHTHALMIC ANTI-INFECTIVES","NEOMYCIN-BACITRACIN ZN-POLYMYXIN",48,3
"OPHTHALMIC ANTI-INFECTIVES","NEOMYCIN-BACITRACIN ZN-POLYMYXIN",50,1
"OPHTHALMIC ANTI-INFECTIVES","NEOMYCIN-BACITRACIN ZN-POLYMYXIN",51,5
"OPHTHALMIC ANTI-INFECTIVES","NEOMYCIN-BACITRACIN ZN-POLYMYXIN",52,1
"OPHTHALMIC ANTI-INFECTIVES","NEOMYCIN-BACITRACIN ZN-POLYMYXIN",53,1
"OPHTHALMIC ANTI-INFECTIVES","NEOMYCIN-BACITRACIN ZN-POLYMYXIN",54,1
"OPHTHALMIC ANTI-INFECTIVES","NEOMYCIN-BACITRACIN ZN-POLYMYXIN",56,1
"OPHTHALMIC ANTI-INFECTIVES","NEOMYCIN-BACITRACIN ZN-POLYMYXIN",57,3
"OPHTHALMIC ANTI-INFECTIVES","NEOMYCIN-BACITRACIN ZN-POLYMYXIN",58,1
"OPHTHALMIC ANTI-INFECTIVES","NEOMYCIN-BACITRACIN ZN-POLYMYXIN",59,4
"OPHTHALMIC ANTI-INFECTIVES","NEOMYCIN-BACITRACIN ZN-POLYMYXIN",60,3
"OPHTHALMIC ANTI-INFECTIVES","NEOMYCIN-BACITRACIN ZN-POLYMYXIN",61,2
"OPHTHALMIC ANTI-INFECTIVES","NEOMYCIN-BACITRACIN ZN-POLYMYXIN",62,3
"OPHTHALMIC ANTI-INFECTIVES","NEOMYCIN-BACITRACIN ZN-POLYMYXIN",63,2
"OPHTHALMIC ANTI-INFECTIVES","NEOMYCIN-BACITRACIN ZN-POLYMYXIN",64,2
"OPHTHALMIC ANTI-INFECTIVES","NEOMYCIN-BACITRACIN ZN-POLYMYXIN",65,1
"OPHTHALMIC ANTI-INFECTIVES","NEOMYCIN-BACITRACIN ZN-POLYMYXIN",66,3
"OPHTHALMIC ANTI-INFECTIVES","NEOMYCIN-BACITRACIN ZN-POLYMYXIN",67,1
"OPHTHALMIC ANTI-INFECTIVES","NEOMYCIN-BACITRACIN ZN-POLYMYXIN",69,1
"OPHTHALMIC ANTI-INFECTIVES","NEOMYCIN-BACITRACIN ZN-POLYMYXIN",71,1
"OPHTHALMIC ANTI-INFECTIVES","NEOMYCIN-BACITRACIN ZN-POLYMYXIN",72,1
"OPHTHALMIC ANTI-INFECTIVES","NEOMYCIN-BACITRACIN ZN-POLYMYXIN",73,1
"OPHTHALMIC ANTI-INFECTIVES","NEOMYCIN-BACITRACIN ZN-POLYMYXIN",74,1
"OPHTHALMIC ANTI-INFECTIVES","NEOMYCIN-BACITRACIN ZN-POLYMYXIN",76,1
"OPHTHALMIC ANTI-INFECTIVES","NEOMYCIN-BACITRACIN ZN-POLYMYXIN",77,2
"OPHTHALMIC ANTI-INFECTIVES","NEOMYCIN-BACITRACIN ZN-POLYMYXIN",79,1
"OPHTHALMIC ANTI-INFECTIVES","NEOMYCIN-BACITRACIN ZN-POLYMYXIN",80,1
"OPHTHALMIC ANTI-INFECTIVES","NEOMYCIN-BACITRACIN ZN-POLYMYXIN",85,4
"OPHTHALMIC ANTI-INFECTIVES",NEOMYCIN-POLYMYXIN-GRAMICIDIN,1,5
"OPHTHALMIC ANTI-INFECTIVES",NEOMYCIN-POLYMYXIN-GRAMICIDIN,2,3
"OPHTHALMIC ANTI-INFECTIVES",NEOMYCIN-POLYMYXIN-GRAMICIDIN,5,3
"OPHTHALMIC ANTI-INFECTIVES",NEOMYCIN-POLYMYXIN-GRAMICIDIN,6,3
"OPHTHALMIC ANTI-INFECTIVES",NEOMYCIN-POLYMYXIN-GRAMICIDIN,7,1
"OPHTHALMIC ANTI-INFECTIVES",NEOMYCIN-POLYMYXIN-GRAMICIDIN,8,1
"OPHTHALMIC ANTI-INFECTIVES",NEOMYCIN-POLYMYXIN-GRAMICIDIN,9,1
"OPHTHALMIC ANTI-INFECTIVES",NEOMYCIN-POLYMYXIN-GRAMICIDIN,10,1
"OPHTHALMIC ANTI-INFECTIVES",NEOMYCIN-POLYMYXIN-GRAMICIDIN,11,1
"OPHTHALMIC ANTI-INFECTIVES",NEOMYCIN-POLYMYXIN-GRAMICIDIN,12,2
"OPHTHALMIC ANTI-INFECTIVES",NEOMYCIN-POLYMYXIN-GRAMICIDIN,13,2
"OPHTHALMIC ANTI-INFECTIVES",NEOMYCIN-POLYMYXIN-GRAMICIDIN,14,1
"OPHTHALMIC ANTI-INFECTIVES",NEOMYCIN-POLYMYXIN-GRAMICIDIN,16,1
"OPHTHALMIC ANTI-INFECTIVES",NEOMYCIN-POLYMYXIN-GRAMICIDIN,17,2
"OPHTHALMIC ANTI-INFECTIVES",NEOMYCIN-POLYMYXIN-GRAMICIDIN,18,1
"OPHTHALMIC ANTI-INFECTIVES",NEOMYCIN-POLYMYXIN-GRAMICIDIN,19,1
"OPHTHALMIC ANTI-INFECTIVES",NEOMYCIN-POLYMYXIN-GRAMICIDIN,21,1
"OPHTHALMIC ANTI-INFECTIVES",NEOMYCIN-POLYMYXIN-GRAMICIDIN,32,1
"OPHTHALMIC ANTI-INFECTIVES",NEOMYCIN-POLYMYXIN-GRAMICIDIN,34,2
"OPHTHALMIC ANTI-INFECTIVES",NEOMYCIN-POLYMYXIN-GRAMICIDIN,35,2
"OPHTHALMIC ANTI-INFECTIVES",NEOMYCIN-POLYMYXIN-GRAMICIDIN,38,4
"OPHTHALMIC ANTI-INFECTIVES",NEOMYCIN-POLYMYXIN-GRAMICIDIN,39,3
"OPHTHALMIC ANTI-INFECTIVES",NEOMYCIN-POLYMYXIN-GRAMICIDIN,40,2
"OPHTHALMIC ANTI-INFECTIVES",NEOMYCIN-POLYMYXIN-GRAMICIDIN,42,1
"OPHTHALMIC ANTI-INFECTIVES",NEOMYCIN-POLYMYXIN-GRAMICIDIN,43,1
"OPHTHALMIC ANTI-INFECTIVES",NEOMYCIN-POLYMYXIN-GRAMICIDIN,45,2
"OPHTHALMIC ANTI-INFECTIVES",NEOMYCIN-POLYMYXIN-GRAMICIDIN,49,2
"OPHTHALMIC ANTI-INFECTIVES",NEOMYCIN-POLYMYXIN-GRAMICIDIN,50,1
"OPHTHALMIC ANTI-INFECTIVES",NEOMYCIN-POLYMYXIN-GRAMICIDIN,51,1
"OPHTHALMIC ANTI-INFECTIVES",NEOMYCIN-POLYMYXIN-GRAMICIDIN,52,2
"OPHTHALMIC ANTI-INFECTIVES",NEOMYCIN-POLYMYXIN-GRAMICIDIN,53,1
"OPHTHALMIC ANTI-INFECTIVES",NEOMYCIN-POLYMYXIN-GRAMICIDIN,54,3
"OPHTHALMIC ANTI-INFECTIVES",NEOMYCIN-POLYMYXIN-GRAMICIDIN,58,2
"OPHTHALMIC ANTI-INFECTIVES",NEOMYCIN-POLYMYXIN-GRAMICIDIN,59,3
"OPHTHALMIC ANTI-INFECTIVES",NEOMYCIN-POLYMYXIN-GRAMICIDIN,60,1
"OPHTHALMIC ANTI-INFECTIVES",NEOMYCIN-POLYMYXIN-GRAMICIDIN,61,2
"OPHTHALMIC ANTI-INFECTIVES",NEOMYCIN-POLYMYXIN-GRAMICIDIN,64,2
"OPHTHALMIC ANTI-INFECTIVES",NEOMYCIN-POLYMYXIN-GRAMICIDIN,66,2
"OPHTHALMIC ANTI-INFECTIVES",NEOMYCIN-POLYMYXIN-GRAMICIDIN,68,3
"OPHTHALMIC ANTI-INFECTIVES",NEOMYCIN-POLYMYXIN-GRAMICIDIN,70,2
"OPHTHALMIC ANTI-INFECTIVES",NEOMYCIN-POLYMYXIN-GRAMICIDIN,72,1
"OPHTHALMIC ANTI-INFECTIVES",NEOMYCIN-POLYMYXIN-GRAMICIDIN,75,1
"OPHTHALMIC ANTI-INFECTIVES",NEOMYCIN-POLYMYXIN-GRAMICIDIN,76,1
"OPHTHALMIC ANTI-INFECTIVES",NEOMYCIN-POLYMYXIN-GRAMICIDIN,77,1
"OPHTHALMIC ANTI-INFECTIVES",NEOMYCIN-POLYMYXIN-GRAMICIDIN,78,2
"OPHTHALMIC ANTI-INFECTIVES",NEOMYCIN-POLYMYXIN-GRAMICIDIN,82,1
"OPHTHALMIC ANTI-INFECTIVES",NEOMYCIN-POLYMYXIN-GRAMICIDIN,85,2
"OPHTHALMIC ANTI-INFECTIVES","OFLOXACIN (OPHTH)",-2,10
"OPHTHALMIC ANTI-INFECTIVES","OFLOXACIN (OPHTH)",0,78
"OPHTHALMIC ANTI-INFECTIVES","OFLOXACIN (OPHTH)",1,316
"OPHTHALMIC ANTI-INFECTIVES","OFLOXACIN (OPHTH)",2,353
"OPHTHALMIC ANTI-INFECTIVES","OFLOXACIN (OPHTH)",3,291
"OPHTHALMIC ANTI-INFECTIVES","OFLOXACIN (OPHTH)",4,233
"OPHTHALMIC ANTI-INFECTIVES","OFLOXACIN (OPHTH)",5,208
"OPHTHALMIC ANTI-INFECTIVES","OFLOXACIN (OPHTH)",6,177
"OPHTHALMIC ANTI-INFECTIVES","OFLOXACIN (OPHTH)",7,188
"OPHTHALMIC ANTI-INFECTIVES","OFLOXACIN (OPHTH)",8,129
"OPHTHALMIC ANTI-INFECTIVES","OFLOXACIN (OPHTH)",9,121
"OPHTHALMIC ANTI-INFECTIVES","OFLOXACIN (OPHTH)",10,122
"OPHTHALMIC ANTI-INFECTIVES","OFLOXACIN (OPHTH)",11,93
"OPHTHALMIC ANTI-INFECTIVES","OFLOXACIN (OPHTH)",12,78
"OPHTHALMIC ANTI-INFECTIVES","OFLOXACIN (OPHTH)",13,97
"OPHTHALMIC ANTI-INFECTIVES","OFLOXACIN (OPHTH)",14,78
"OPHTHALMIC ANTI-INFECTIVES","OFLOXACIN (OPHTH)",15,82
"OPHTHALMIC ANTI-INFECTIVES","OFLOXACIN (OPHTH)",16,85
"OPHTHALMIC ANTI-INFECTIVES","OFLOXACIN (OPHTH)",17,73
"OPHTHALMIC ANTI-INFECTIVES","OFLOXACIN (OPHTH)",18,69
"OPHTHALMIC ANTI-INFECTIVES","OFLOXACIN (OPHTH)",19,85
"OPHTHALMIC ANTI-INFECTIVES","OFLOXACIN (OPHTH)",20,72
"OPHTHALMIC ANTI-INFECTIVES","OFLOXACIN (OPHTH)",21,55
"OPHTHALMIC ANTI-INFECTIVES","OFLOXACIN (OPHTH)",22,67
"OPHTHALMIC ANTI-INFECTIVES","OFLOXACIN (OPHTH)",23,67
"OPHTHALMIC ANTI-INFECTIVES","OFLOXACIN (OPHTH)",24,64
"OPHTHALMIC ANTI-INFECTIVES","OFLOXACIN (OPHTH)",25,77
"OPHTHALMIC ANTI-INFECTIVES","OFLOXACIN (OPHTH)",26,75
"OPHTHALMIC ANTI-INFECTIVES","OFLOXACIN (OPHTH)",27,89
"OPHTHALMIC ANTI-INFECTIVES","OFLOXACIN (OPHTH)",28,78
"OPHTHALMIC ANTI-INFECTIVES","OFLOXACIN (OPHTH)",29,84
"OPHTHALMIC ANTI-INFECTIVES","OFLOXACIN (OPHTH)",30,84
"OPHTHALMIC ANTI-INFECTIVES","OFLOXACIN (OPHTH)",31,91
"OPHTHALMIC ANTI-INFECTIVES","OFLOXACIN (OPHTH)",32,76
"OPHTHALMIC ANTI-INFECTIVES","OFLOXACIN (OPHTH)",33,88
"OPHTHALMIC ANTI-INFECTIVES","OFLOXACIN (OPHTH)",34,81
"OPHTHALMIC ANTI-INFECTIVES","OFLOXACIN (OPHTH)",35,94
"OPHTHALMIC ANTI-INFECTIVES","OFLOXACIN (OPHTH)",36,65
"OPHTHALMIC ANTI-INFECTIVES","OFLOXACIN (OPHTH)",37,77
"OPHTHALMIC ANTI-INFECTIVES","OFLOXACIN (OPHTH)",38,78
"OPHTHALMIC ANTI-INFECTIVES","OFLOXACIN (OPHTH)",39,88
"OPHTHALMIC ANTI-INFECTIVES","OFLOXACIN (OPHTH)",40,76
"OPHTHALMIC ANTI-INFECTIVES","OFLOXACIN (OPHTH)",41,84
"OPHTHALMIC ANTI-INFECTIVES","OFLOXACIN (OPHTH)",42,68
"OPHTHALMIC ANTI-INFECTIVES","OFLOXACIN (OPHTH)",43,69
"OPHTHALMIC ANTI-INFECTIVES","OFLOXACIN (OPHTH)",44,74
"OPHTHALMIC ANTI-INFECTIVES","OFLOXACIN (OPHTH)",45,83
"OPHTHALMIC ANTI-INFECTIVES","OFLOXACIN (OPHTH)",46,87
"OPHTHALMIC ANTI-INFECTIVES","OFLOXACIN (OPHTH)",47,91
"OPHTHALMIC ANTI-INFECTIVES","OFLOXACIN (OPHTH)",48,103
"OPHTHALMIC ANTI-INFECTIVES","OFLOXACIN (OPHTH)",49,100
"OPHTHALMIC ANTI-INFECTIVES","OFLOXACIN (OPHTH)",50,85
"OPHTHALMIC ANTI-INFECTIVES","OFLOXACIN (OPHTH)",51,114
"OPHTHALMIC ANTI-INFECTIVES","OFLOXACIN (OPHTH)",52,111
"OPHTHALMIC ANTI-INFECTIVES","OFLOXACIN (OPHTH)",53,105
"OPHTHALMIC ANTI-INFECTIVES","OFLOXACIN (OPHTH)",54,119
"OPHTHALMIC ANTI-INFECTIVES","OFLOXACIN (OPHTH)",55,127
"OPHTHALMIC ANTI-INFECTIVES","OFLOXACIN (OPHTH)",56,138
"OPHTHALMIC ANTI-INFECTIVES","OFLOXACIN (OPHTH)",57,144
"OPHTHALMIC ANTI-INFECTIVES","OFLOXACIN (OPHTH)",58,129
"OPHTHALMIC ANTI-INFECTIVES","OFLOXACIN (OPHTH)",59,118
"OPHTHALMIC ANTI-INFECTIVES","OFLOXACIN (OPHTH)",60,154
"OPHTHALMIC ANTI-INFECTIVES","OFLOXACIN (OPHTH)",61,181
"OPHTHALMIC ANTI-INFECTIVES","OFLOXACIN (OPHTH)",62,199
"OPHTHALMIC ANTI-INFECTIVES","OFLOXACIN (OPHTH)",63,182
"OPHTHALMIC ANTI-INFECTIVES","OFLOXACIN (OPHTH)",64,200
"OPHTHALMIC ANTI-INFECTIVES","OFLOXACIN (OPHTH)",65,232
"OPHTHALMIC ANTI-INFECTIVES","OFLOXACIN (OPHTH)",66,218
"OPHTHALMIC ANTI-INFECTIVES","OFLOXACIN (OPHTH)",67,241
"OPHTHALMIC ANTI-INFECTIVES","OFLOXACIN (OPHTH)",68,262
"OPHTHALMIC ANTI-INFECTIVES","OFLOXACIN (OPHTH)",69,216
"OPHTHALMIC ANTI-INFECTIVES","OFLOXACIN (OPHTH)",70,234
"OPHTHALMIC ANTI-INFECTIVES","OFLOXACIN (OPHTH)",71,260
"OPHTHALMIC ANTI-INFECTIVES","OFLOXACIN (OPHTH)",72,257
"OPHTHALMIC ANTI-INFECTIVES","OFLOXACIN (OPHTH)",73,259
"OPHTHALMIC ANTI-INFECTIVES","OFLOXACIN (OPHTH)",74,227
"OPHTHALMIC ANTI-INFECTIVES","OFLOXACIN (OPHTH)",75,225
"OPHTHALMIC ANTI-INFECTIVES","OFLOXACIN (OPHTH)",76,209
"OPHTHALMIC ANTI-INFECTIVES","OFLOXACIN (OPHTH)",77,205
"OPHTHALMIC ANTI-INFECTIVES","OFLOXACIN (OPHTH)",78,176
"OPHTHALMIC ANTI-INFECTIVES","OFLOXACIN (OPHTH)",79,156
"OPHTHALMIC ANTI-INFECTIVES","OFLOXACIN (OPHTH)",80,149
"OPHTHALMIC ANTI-INFECTIVES","OFLOXACIN (OPHTH)",81,134
"OPHTHALMIC ANTI-INFECTIVES","OFLOXACIN (OPHTH)",82,134
"OPHTHALMIC ANTI-INFECTIVES","OFLOXACIN (OPHTH)",83,72
"OPHTHALMIC ANTI-INFECTIVES","OFLOXACIN (OPHTH)",84,18
"OPHTHALMIC ANTI-INFECTIVES","OFLOXACIN (OPHTH)",85,545
"OPHTHALMIC ANTI-INFECTIVES","POLYMYXIN B-TRIMETHOPRIM",-2,19
"OPHTHALMIC ANTI-INFECTIVES","POLYMYXIN B-TRIMETHOPRIM",0,284
"OPHTHALMIC ANTI-INFECTIVES","POLYMYXIN B-TRIMETHOPRIM",1,861
"OPHTHALMIC ANTI-INFECTIVES","POLYMYXIN B-TRIMETHOPRIM",2,794
"OPHTHALMIC ANTI-INFECTIVES","POLYMYXIN B-TRIMETHOPRIM",3,597
"OPHTHALMIC ANTI-INFECTIVES","POLYMYXIN B-TRIMETHOPRIM",4,558
"OPHTHALMIC ANTI-INFECTIVES","POLYMYXIN B-TRIMETHOPRIM",5,446
"OPHTHALMIC ANTI-INFECTIVES","POLYMYXIN B-TRIMETHOPRIM",6,379
"OPHTHALMIC ANTI-INFECTIVES","POLYMYXIN B-TRIMETHOPRIM",7,321
"OPHTHALMIC ANTI-INFECTIVES","POLYMYXIN B-TRIMETHOPRIM",8,271
"OPHTHALMIC ANTI-INFECTIVES","POLYMYXIN B-TRIMETHOPRIM",9,195
"OPHTHALMIC ANTI-INFECTIVES","POLYMYXIN B-TRIMETHOPRIM",10,198
"OPHTHALMIC ANTI-INFECTIVES","POLYMYXIN B-TRIMETHOPRIM",11,151
"OPHTHALMIC ANTI-INFECTIVES","POLYMYXIN B-TRIMETHOPRIM",12,140
"OPHTHALMIC ANTI-INFECTIVES","POLYMYXIN B-TRIMETHOPRIM",13,125
"OPHTHALMIC ANTI-INFECTIVES","POLYMYXIN B-TRIMETHOPRIM",14,111
"OPHTHALMIC ANTI-INFECTIVES","POLYMYXIN B-TRIMETHOPRIM",15,107
"OPHTHALMIC ANTI-INFECTIVES","POLYMYXIN B-TRIMETHOPRIM",16,108
"OPHTHALMIC ANTI-INFECTIVES","POLYMYXIN B-TRIMETHOPRIM",17,106
"OPHTHALMIC ANTI-INFECTIVES","POLYMYXIN B-TRIMETHOPRIM",18,96
"OPHTHALMIC ANTI-INFECTIVES","POLYMYXIN B-TRIMETHOPRIM",19,99
"OPHTHALMIC ANTI-INFECTIVES","POLYMYXIN B-TRIMETHOPRIM",20,93
"OPHTHALMIC ANTI-INFECTIVES","POLYMYXIN B-TRIMETHOPRIM",21,100
"OPHTHALMIC ANTI-INFECTIVES","POLYMYXIN B-TRIMETHOPRIM",22,88
"OPHTHALMIC ANTI-INFECTIVES","POLYMYXIN B-TRIMETHOPRIM",23,95
"OPHTHALMIC ANTI-INFECTIVES","POLYMYXIN B-TRIMETHOPRIM",24,74
"OPHTHALMIC ANTI-INFECTIVES","POLYMYXIN B-TRIMETHOPRIM",25,87
"OPHTHALMIC ANTI-INFECTIVES","POLYMYXIN B-TRIMETHOPRIM",26,85
"OPHTHALMIC ANTI-INFECTIVES","POLYMYXIN B-TRIMETHOPRIM",27,83
"OPHTHALMIC ANTI-INFECTIVES","POLYMYXIN B-TRIMETHOPRIM",28,88
"OPHTHALMIC ANTI-INFECTIVES","POLYMYXIN B-TRIMETHOPRIM",29,78
"OPHTHALMIC ANTI-INFECTIVES","POLYMYXIN B-TRIMETHOPRIM",30,98
"OPHTHALMIC ANTI-INFECTIVES","POLYMYXIN B-TRIMETHOPRIM",31,99
"OPHTHALMIC ANTI-INFECTIVES","POLYMYXIN B-TRIMETHOPRIM",32,109
"OPHTHALMIC ANTI-INFECTIVES","POLYMYXIN B-TRIMETHOPRIM",33,105
"OPHTHALMIC ANTI-INFECTIVES","POLYMYXIN B-TRIMETHOPRIM",34,96
"OPHTHALMIC ANTI-INFECTIVES","POLYMYXIN B-TRIMETHOPRIM",35,103
"OPHTHALMIC ANTI-INFECTIVES","POLYMYXIN B-TRIMETHOPRIM",36,109
"OPHTHALMIC ANTI-INFECTIVES","POLYMYXIN B-TRIMETHOPRIM",37,96
"OPHTHALMIC ANTI-INFECTIVES","POLYMYXIN B-TRIMETHOPRIM",38,107
"OPHTHALMIC ANTI-INFECTIVES","POLYMYXIN B-TRIMETHOPRIM",39,86
"OPHTHALMIC ANTI-INFECTIVES","POLYMYXIN B-TRIMETHOPRIM",40,78
"OPHTHALMIC ANTI-INFECTIVES","POLYMYXIN B-TRIMETHOPRIM",41,75
"OPHTHALMIC ANTI-INFECTIVES","POLYMYXIN B-TRIMETHOPRIM",42,69
"OPHTHALMIC ANTI-INFECTIVES","POLYMYXIN B-TRIMETHOPRIM",43,93
"OPHTHALMIC ANTI-INFECTIVES","POLYMYXIN B-TRIMETHOPRIM",44,86
"OPHTHALMIC ANTI-INFECTIVES","POLYMYXIN B-TRIMETHOPRIM",45,93
"OPHTHALMIC ANTI-INFECTIVES","POLYMYXIN B-TRIMETHOPRIM",46,82
"OPHTHALMIC ANTI-INFECTIVES","POLYMYXIN B-TRIMETHOPRIM",47,82
"OPHTHALMIC ANTI-INFECTIVES","POLYMYXIN B-TRIMETHOPRIM",48,82
"OPHTHALMIC ANTI-INFECTIVES","POLYMYXIN B-TRIMETHOPRIM",49,77
"OPHTHALMIC ANTI-INFECTIVES","POLYMYXIN B-TRIMETHOPRIM",50,78
"OPHTHALMIC ANTI-INFECTIVES","POLYMYXIN B-TRIMETHOPRIM",51,84
"OPHTHALMIC ANTI-INFECTIVES","POLYMYXIN B-TRIMETHOPRIM",52,80
"OPHTHALMIC ANTI-INFECTIVES","POLYMYXIN B-TRIMETHOPRIM",53,104
"OPHTHALMIC ANTI-INFECTIVES","POLYMYXIN B-TRIMETHOPRIM",54,88
"OPHTHALMIC ANTI-INFECTIVES","POLYMYXIN B-TRIMETHOPRIM",55,86
"OPHTHALMIC ANTI-INFECTIVES","POLYMYXIN B-TRIMETHOPRIM",56,99
"OPHTHALMIC ANTI-INFECTIVES","POLYMYXIN B-TRIMETHOPRIM",57,77
"OPHTHALMIC ANTI-INFECTIVES","POLYMYXIN B-TRIMETHOPRIM",58,103
"OPHTHALMIC ANTI-INFECTIVES","POLYMYXIN B-TRIMETHOPRIM",59,91
"OPHTHALMIC ANTI-INFECTIVES","POLYMYXIN B-TRIMETHOPRIM",60,89
"OPHTHALMIC ANTI-INFECTIVES","POLYMYXIN B-TRIMETHOPRIM",61,78
"OPHTHALMIC ANTI-INFECTIVES","POLYMYXIN B-TRIMETHOPRIM",62,86
"OPHTHALMIC ANTI-INFECTIVES","POLYMYXIN B-TRIMETHOPRIM",63,92
"OPHTHALMIC ANTI-INFECTIVES","POLYMYXIN B-TRIMETHOPRIM",64,84
"OPHTHALMIC ANTI-INFECTIVES","POLYMYXIN B-TRIMETHOPRIM",65,69
"OPHTHALMIC ANTI-INFECTIVES","POLYMYXIN B-TRIMETHOPRIM",66,74
"OPHTHALMIC ANTI-INFECTIVES","POLYMYXIN B-TRIMETHOPRIM",67,95
"OPHTHALMIC ANTI-INFECTIVES","POLYMYXIN B-TRIMETHOPRIM",68,80
"OPHTHALMIC ANTI-INFECTIVES","POLYMYXIN B-TRIMETHOPRIM",69,79
"OPHTHALMIC ANTI-INFECTIVES","POLYMYXIN B-TRIMETHOPRIM",70,94
"OPHTHALMIC ANTI-INFECTIVES","POLYMYXIN B-TRIMETHOPRIM",71,104
"OPHTHALMIC ANTI-INFECTIVES","POLYMYXIN B-TRIMETHOPRIM",72,90
"OPHTHALMIC ANTI-INFECTIVES","POLYMYXIN B-TRIMETHOPRIM",73,80
"OPHTHALMIC ANTI-INFECTIVES","POLYMYXIN B-TRIMETHOPRIM",74,85
"OPHTHALMIC ANTI-INFECTIVES","POLYMYXIN B-TRIMETHOPRIM",75,73
"OPHTHALMIC ANTI-INFECTIVES","POLYMYXIN B-TRIMETHOPRIM",76,63
"OPHTHALMIC ANTI-INFECTIVES","POLYMYXIN B-TRIMETHOPRIM",77,72
"OPHTHALMIC ANTI-INFECTIVES","POLYMYXIN B-TRIMETHOPRIM",78,70
"OPHTHALMIC ANTI-INFECTIVES","POLYMYXIN B-TRIMETHOPRIM",79,53
"OPHTHALMIC ANTI-INFECTIVES","POLYMYXIN B-TRIMETHOPRIM",80,47
"OPHTHALMIC ANTI-INFECTIVES","POLYMYXIN B-TRIMETHOPRIM",81,43
"OPHTHALMIC ANTI-INFECTIVES","POLYMYXIN B-TRIMETHOPRIM",82,33
"OPHTHALMIC ANTI-INFECTIVES","POLYMYXIN B-TRIMETHOPRIM",83,19
"OPHTHALMIC ANTI-INFECTIVES","POLYMYXIN B-TRIMETHOPRIM",84,10
"OPHTHALMIC ANTI-INFECTIVES","POLYMYXIN B-TRIMETHOPRIM",85,247
"OPHTHALMIC ANTI-INFECTIVES","POVIDONE-IODINE (OPHTH)",43,1
"OPHTHALMIC ANTI-INFECTIVES","POVIDONE-IODINE (OPHTH)",75,1
"OPHTHALMIC ANTI-INFECTIVES","SULFACETAMIDE SODIUM (OPHTH)",0,8
"OPHTHALMIC ANTI-INFECTIVES","SULFACETAMIDE SODIUM (OPHTH)",1,37
"OPHTHALMIC ANTI-INFECTIVES","SULFACETAMIDE SODIUM (OPHTH)",2,37
"OPHTHALMIC ANTI-INFECTIVES","SULFACETAMIDE SODIUM (OPHTH)",3,34
"OPHTHALMIC ANTI-INFECTIVES","SULFACETAMIDE SODIUM (OPHTH)",4,23
"OPHTHALMIC ANTI-INFECTIVES","SULFACETAMIDE SODIUM (OPHTH)",5,24
"OPHTHALMIC ANTI-INFECTIVES","SULFACETAMIDE SODIUM (OPHTH)",6,20
"OPHTHALMIC ANTI-INFECTIVES","SULFACETAMIDE SODIUM (OPHTH)",7,22
"OPHTHALMIC ANTI-INFECTIVES","SULFACETAMIDE SODIUM (OPHTH)",8,17
"OPHTHALMIC ANTI-INFECTIVES","SULFACETAMIDE SODIUM (OPHTH)",9,7
"OPHTHALMIC ANTI-INFECTIVES","SULFACETAMIDE SODIUM (OPHTH)",10,11
"OPHTHALMIC ANTI-INFECTIVES","SULFACETAMIDE SODIUM (OPHTH)",11,10
"OPHTHALMIC ANTI-INFECTIVES","SULFACETAMIDE SODIUM (OPHTH)",12,14
"OPHTHALMIC ANTI-INFECTIVES","SULFACETAMIDE SODIUM (OPHTH)",13,13
"OPHTHALMIC ANTI-INFECTIVES","SULFACETAMIDE SODIUM (OPHTH)",14,13
"OPHTHALMIC ANTI-INFECTIVES","SULFACETAMIDE SODIUM (OPHTH)",15,9
"OPHTHALMIC ANTI-INFECTIVES","SULFACETAMIDE SODIUM (OPHTH)",16,8
"OPHTHALMIC ANTI-INFECTIVES","SULFACETAMIDE SODIUM (OPHTH)",17,6
"OPHTHALMIC ANTI-INFECTIVES","SULFACETAMIDE SODIUM (OPHTH)",18,7
"OPHTHALMIC ANTI-INFECTIVES","SULFACETAMIDE SODIUM (OPHTH)",19,10
"OPHTHALMIC ANTI-INFECTIVES","SULFACETAMIDE SODIUM (OPHTH)",20,10
"OPHTHALMIC ANTI-INFECTIVES","SULFACETAMIDE SODIUM (OPHTH)",21,10
"OPHTHALMIC ANTI-INFECTIVES","SULFACETAMIDE SODIUM (OPHTH)",22,9
"OPHTHALMIC ANTI-INFECTIVES","SULFACETAMIDE SODIUM (OPHTH)",23,16
"OPHTHALMIC ANTI-INFECTIVES","SULFACETAMIDE SODIUM (OPHTH)",24,8
"OPHTHALMIC ANTI-INFECTIVES","SULFACETAMIDE SODIUM (OPHTH)",25,15
"OPHTHALMIC ANTI-INFECTIVES","SULFACETAMIDE SODIUM (OPHTH)",26,9
"OPHTHALMIC ANTI-INFECTIVES","SULFACETAMIDE SODIUM (OPHTH)",27,10
"OPHTHALMIC ANTI-INFECTIVES","SULFACETAMIDE SODIUM (OPHTH)",28,13
"OPHTHALMIC ANTI-INFECTIVES","SULFACETAMIDE SODIUM (OPHTH)",29,11
"OPHTHALMIC ANTI-INFECTIVES","SULFACETAMIDE SODIUM (OPHTH)",30,15
"OPHTHALMIC ANTI-INFECTIVES","SULFACETAMIDE SODIUM (OPHTH)",31,11
"OPHTHALMIC ANTI-INFECTIVES","SULFACETAMIDE SODIUM (OPHTH)",32,16
"OPHTHALMIC ANTI-INFECTIVES","SULFACETAMIDE SODIUM (OPHTH)",33,8
"OPHTHALMIC ANTI-INFECTIVES","SULFACETAMIDE SODIUM (OPHTH)",34,15
"OPHTHALMIC ANTI-INFECTIVES","SULFACETAMIDE SODIUM (OPHTH)",35,9
"OPHTHALMIC ANTI-INFECTIVES","SULFACETAMIDE SODIUM (OPHTH)",36,16
"OPHTHALMIC ANTI-INFECTIVES","SULFACETAMIDE SODIUM (OPHTH)",37,11
"OPHTHALMIC ANTI-INFECTIVES","SULFACETAMIDE SODIUM (OPHTH)",38,12
"OPHTHALMIC ANTI-INFECTIVES","SULFACETAMIDE SODIUM (OPHTH)",39,16
"OPHTHALMIC ANTI-INFECTIVES","SULFACETAMIDE SODIUM (OPHTH)",40,17
"OPHTHALMIC ANTI-INFECTIVES","SULFACETAMIDE SODIUM (OPHTH)",41,13
"OPHTHALMIC ANTI-INFECTIVES","SULFACETAMIDE SODIUM (OPHTH)",42,13
"OPHTHALMIC ANTI-INFECTIVES","SULFACETAMIDE SODIUM (OPHTH)",43,15
"OPHTHALMIC ANTI-INFECTIVES","SULFACETAMIDE SODIUM (OPHTH)",44,9
"OPHTHALMIC ANTI-INFECTIVES","SULFACETAMIDE SODIUM (OPHTH)",45,9
"OPHTHALMIC ANTI-INFECTIVES","SULFACETAMIDE SODIUM (OPHTH)",46,9
"OPHTHALMIC ANTI-INFECTIVES","SULFACETAMIDE SODIUM (OPHTH)",47,14
"OPHTHALMIC ANTI-INFECTIVES","SULFACETAMIDE SODIUM (OPHTH)",48,8
"OPHTHALMIC ANTI-INFECTIVES","SULFACETAMIDE SODIUM (OPHTH)",49,18
"OPHTHALMIC ANTI-INFECTIVES","SULFACETAMIDE SODIUM (OPHTH)",50,16
"OPHTHALMIC ANTI-INFECTIVES","SULFACETAMIDE SODIUM (OPHTH)",51,12
"OPHTHALMIC ANTI-INFECTIVES","SULFACETAMIDE SODIUM (OPHTH)",52,19
"OPHTHALMIC ANTI-INFECTIVES","SULFACETAMIDE SODIUM (OPHTH)",53,12
"OPHTHALMIC ANTI-INFECTIVES","SULFACETAMIDE SODIUM (OPHTH)",54,18
"OPHTHALMIC ANTI-INFECTIVES","SULFACETAMIDE SODIUM (OPHTH)",55,13
"OPHTHALMIC ANTI-INFECTIVES","SULFACETAMIDE SODIUM (OPHTH)",56,17
"OPHTHALMIC ANTI-INFECTIVES","SULFACETAMIDE SODIUM (OPHTH)",57,18
"OPHTHALMIC ANTI-INFECTIVES","SULFACETAMIDE SODIUM (OPHTH)",58,16
"OPHTHALMIC ANTI-INFECTIVES","SULFACETAMIDE SODIUM (OPHTH)",59,15
"OPHTHALMIC ANTI-INFECTIVES","SULFACETAMIDE SODIUM (OPHTH)",60,20
"OPHTHALMIC ANTI-INFECTIVES","SULFACETAMIDE SODIUM (OPHTH)",61,17
"OPHTHALMIC ANTI-INFECTIVES","SULFACETAMIDE SODIUM (OPHTH)",62,15
"OPHTHALMIC ANTI-INFECTIVES","SULFACETAMIDE SODIUM (OPHTH)",63,14
"OPHTHALMIC ANTI-INFECTIVES","SULFACETAMIDE SODIUM (OPHTH)",64,19
"OPHTHALMIC ANTI-INFECTIVES","SULFACETAMIDE SODIUM (OPHTH)",65,10
"OPHTHALMIC ANTI-INFECTIVES","SULFACETAMIDE SODIUM (OPHTH)",66,16
"OPHTHALMIC ANTI-INFECTIVES","SULFACETAMIDE SODIUM (OPHTH)",67,12
"OPHTHALMIC ANTI-INFECTIVES","SULFACETAMIDE SODIUM (OPHTH)",68,11
"OPHTHALMIC ANTI-INFECTIVES","SULFACETAMIDE SODIUM (OPHTH)",69,14
"OPHTHALMIC ANTI-INFECTIVES","SULFACETAMIDE SODIUM (OPHTH)",70,6
"OPHTHALMIC ANTI-INFECTIVES","SULFACETAMIDE SODIUM (OPHTH)",71,13
"OPHTHALMIC ANTI-INFECTIVES","SULFACETAMIDE SODIUM (OPHTH)",72,10
"OPHTHALMIC ANTI-INFECTIVES","SULFACETAMIDE SODIUM (OPHTH)",73,13
"OPHTHALMIC ANTI-INFECTIVES","SULFACETAMIDE SODIUM (OPHTH)",74,6
"OPHTHALMIC ANTI-INFECTIVES","SULFACETAMIDE SODIUM (OPHTH)",75,6
"OPHTHALMIC ANTI-INFECTIVES","SULFACETAMIDE SODIUM (OPHTH)",76,6
"OPHTHALMIC ANTI-INFECTIVES","SULFACETAMIDE SODIUM (OPHTH)",77,5
"OPHTHALMIC ANTI-INFECTIVES","SULFACETAMIDE SODIUM (OPHTH)",78,9
"OPHTHALMIC ANTI-INFECTIVES","SULFACETAMIDE SODIUM (OPHTH)",79,4
"OPHTHALMIC ANTI-INFECTIVES","SULFACETAMIDE SODIUM (OPHTH)",80,8
"OPHTHALMIC ANTI-INFECTIVES","SULFACETAMIDE SODIUM (OPHTH)",81,7
"OPHTHALMIC ANTI-INFECTIVES","SULFACETAMIDE SODIUM (OPHTH)",82,2
"OPHTHALMIC ANTI-INFECTIVES","SULFACETAMIDE SODIUM (OPHTH)",83,3
"OPHTHALMIC ANTI-INFECTIVES","SULFACETAMIDE SODIUM (OPHTH)",85,36
"OPHTHALMIC ANTI-INFECTIVES","TOBRAMYCIN (OPHTH)",-2,5
"OPHTHALMIC ANTI-INFECTIVES","TOBRAMYCIN (OPHTH)",0,114
"OPHTHALMIC ANTI-INFECTIVES","TOBRAMYCIN (OPHTH)",1,216
"OPHTHALMIC ANTI-INFECTIVES","TOBRAMYCIN (OPHTH)",2,169
"OPHTHALMIC ANTI-INFECTIVES","TOBRAMYCIN (OPHTH)",3,151
"OPHTHALMIC ANTI-INFECTIVES","TOBRAMYCIN (OPHTH)",4,123
"OPHTHALMIC ANTI-INFECTIVES","TOBRAMYCIN (OPHTH)",5,135
"OPHTHALMIC ANTI-INFECTIVES","TOBRAMYCIN (OPHTH)",6,124
"OPHTHALMIC ANTI-INFECTIVES","TOBRAMYCIN (OPHTH)",7,85
"OPHTHALMIC ANTI-INFECTIVES","TOBRAMYCIN (OPHTH)",8,92
"OPHTHALMIC ANTI-INFECTIVES","TOBRAMYCIN (OPHTH)",9,58
"OPHTHALMIC ANTI-INFECTIVES","TOBRAMYCIN (OPHTH)",10,57
"OPHTHALMIC ANTI-INFECTIVES","TOBRAMYCIN (OPHTH)",11,58
"OPHTHALMIC ANTI-INFECTIVES","TOBRAMYCIN (OPHTH)",12,51
"OPHTHALMIC ANTI-INFECTIVES","TOBRAMYCIN (OPHTH)",13,54
"OPHTHALMIC ANTI-INFECTIVES","TOBRAMYCIN (OPHTH)",14,42
"OPHTHALMIC ANTI-INFECTIVES","TOBRAMYCIN (OPHTH)",15,42
"OPHTHALMIC ANTI-INFECTIVES","TOBRAMYCIN (OPHTH)",16,57
"OPHTHALMIC ANTI-INFECTIVES","TOBRAMYCIN (OPHTH)",17,45
"OPHTHALMIC ANTI-INFECTIVES","TOBRAMYCIN (OPHTH)",18,50
"OPHTHALMIC ANTI-INFECTIVES","TOBRAMYCIN (OPHTH)",19,60
"OPHTHALMIC ANTI-INFECTIVES","TOBRAMYCIN (OPHTH)",20,58
"OPHTHALMIC ANTI-INFECTIVES","TOBRAMYCIN (OPHTH)",21,55
"OPHTHALMIC ANTI-INFECTIVES","TOBRAMYCIN (OPHTH)",22,54
"OPHTHALMIC ANTI-INFECTIVES","TOBRAMYCIN (OPHTH)",23,37
"OPHTHALMIC ANTI-INFECTIVES","TOBRAMYCIN (OPHTH)",24,54
"OPHTHALMIC ANTI-INFECTIVES","TOBRAMYCIN (OPHTH)",25,50
"OPHTHALMIC ANTI-INFECTIVES","TOBRAMYCIN (OPHTH)",26,50
"OPHTHALMIC ANTI-INFECTIVES","TOBRAMYCIN (OPHTH)",27,50
"OPHTHALMIC ANTI-INFECTIVES","TOBRAMYCIN (OPHTH)",28,49
"OPHTHALMIC ANTI-INFECTIVES","TOBRAMYCIN (OPHTH)",29,57
"OPHTHALMIC ANTI-INFECTIVES","TOBRAMYCIN (OPHTH)",30,65
"OPHTHALMIC ANTI-INFECTIVES","TOBRAMYCIN (OPHTH)",31,45
"OPHTHALMIC ANTI-INFECTIVES","TOBRAMYCIN (OPHTH)",32,82
"OPHTHALMIC ANTI-INFECTIVES","TOBRAMYCIN (OPHTH)",33,61
"OPHTHALMIC ANTI-INFECTIVES","TOBRAMYCIN (OPHTH)",34,67
"OPHTHALMIC ANTI-INFECTIVES","TOBRAMYCIN (OPHTH)",35,72
"OPHTHALMIC ANTI-INFECTIVES","TOBRAMYCIN (OPHTH)",36,67
"OPHTHALMIC ANTI-INFECTIVES","TOBRAMYCIN (OPHTH)",37,59
"OPHTHALMIC ANTI-INFECTIVES","TOBRAMYCIN (OPHTH)",38,60
"OPHTHALMIC ANTI-INFECTIVES","TOBRAMYCIN (OPHTH)",39,57
"OPHTHALMIC ANTI-INFECTIVES","TOBRAMYCIN (OPHTH)",40,45
"OPHTHALMIC ANTI-INFECTIVES","TOBRAMYCIN (OPHTH)",41,53
"OPHTHALMIC ANTI-INFECTIVES","TOBRAMYCIN (OPHTH)",42,56
"OPHTHALMIC ANTI-INFECTIVES","TOBRAMYCIN (OPHTH)",43,52
"OPHTHALMIC ANTI-INFECTIVES","TOBRAMYCIN (OPHTH)",44,40
"OPHTHALMIC ANTI-INFECTIVES","TOBRAMYCIN (OPHTH)",45,49
"OPHTHALMIC ANTI-INFECTIVES","TOBRAMYCIN (OPHTH)",46,50
"OPHTHALMIC ANTI-INFECTIVES","TOBRAMYCIN (OPHTH)",47,48
"OPHTHALMIC ANTI-INFECTIVES","TOBRAMYCIN (OPHTH)",48,50
"OPHTHALMIC ANTI-INFECTIVES","TOBRAMYCIN (OPHTH)",49,70
"OPHTHALMIC ANTI-INFECTIVES","TOBRAMYCIN (OPHTH)",50,51
"OPHTHALMIC ANTI-INFECTIVES","TOBRAMYCIN (OPHTH)",51,62
"OPHTHALMIC ANTI-INFECTIVES","TOBRAMYCIN (OPHTH)",52,47
"OPHTHALMIC ANTI-INFECTIVES","TOBRAMYCIN (OPHTH)",53,61
"OPHTHALMIC ANTI-INFECTIVES","TOBRAMYCIN (OPHTH)",54,64
"OPHTHALMIC ANTI-INFECTIVES","TOBRAMYCIN (OPHTH)",55,75
"OPHTHALMIC ANTI-INFECTIVES","TOBRAMYCIN (OPHTH)",56,71
"OPHTHALMIC ANTI-INFECTIVES","TOBRAMYCIN (OPHTH)",57,60
"OPHTHALMIC ANTI-INFECTIVES","TOBRAMYCIN (OPHTH)",58,59
"OPHTHALMIC ANTI-INFECTIVES","TOBRAMYCIN (OPHTH)",59,70
"OPHTHALMIC ANTI-INFECTIVES","TOBRAMYCIN (OPHTH)",60,60
"OPHTHALMIC ANTI-INFECTIVES","TOBRAMYCIN (OPHTH)",61,63
"OPHTHALMIC ANTI-INFECTIVES","TOBRAMYCIN (OPHTH)",62,58
"OPHTHALMIC ANTI-INFECTIVES","TOBRAMYCIN (OPHTH)",63,64
"OPHTHALMIC ANTI-INFECTIVES","TOBRAMYCIN (OPHTH)",64,60
"OPHTHALMIC ANTI-INFECTIVES","TOBRAMYCIN (OPHTH)",65,68
"OPHTHALMIC ANTI-INFECTIVES","TOBRAMYCIN (OPHTH)",66,70
"OPHTHALMIC ANTI-INFECTIVES","TOBRAMYCIN (OPHTH)",67,64
"OPHTHALMIC ANTI-INFECTIVES","TOBRAMYCIN (OPHTH)",68,61
"OPHTHALMIC ANTI-INFECTIVES","TOBRAMYCIN (OPHTH)",69,56
"OPHTHALMIC ANTI-INFECTIVES","TOBRAMYCIN (OPHTH)",70,50
"OPHTHALMIC ANTI-INFECTIVES","TOBRAMYCIN (OPHTH)",71,56
"OPHTHALMIC ANTI-INFECTIVES","TOBRAMYCIN (OPHTH)",72,47
"OPHTHALMIC ANTI-INFECTIVES","TOBRAMYCIN (OPHTH)",73,55
"OPHTHALMIC ANTI-INFECTIVES","TOBRAMYCIN (OPHTH)",74,43
"OPHTHALMIC ANTI-INFECTIVES","TOBRAMYCIN (OPHTH)",75,38
"OPHTHALMIC ANTI-INFECTIVES","TOBRAMYCIN (OPHTH)",76,43
"OPHTHALMIC ANTI-INFECTIVES","TOBRAMYCIN (OPHTH)",77,36
"OPHTHALMIC ANTI-INFECTIVES","TOBRAMYCIN (OPHTH)",78,47
"OPHTHALMIC ANTI-INFECTIVES","TOBRAMYCIN (OPHTH)",79,33
"OPHTHALMIC ANTI-INFECTIVES","TOBRAMYCIN (OPHTH)",80,26
"OPHTHALMIC ANTI-INFECTIVES","TOBRAMYCIN (OPHTH)",81,26
"OPHTHALMIC ANTI-INFECTIVES","TOBRAMYCIN (OPHTH)",82,16
"OPHTHALMIC ANTI-INFECTIVES","TOBRAMYCIN (OPHTH)",83,10
"OPHTHALMIC ANTI-INFECTIVES","TOBRAMYCIN (OPHTH)",84,8
"OPHTHALMIC ANTI-INFECTIVES","TOBRAMYCIN (OPHTH)",85,195
"OPHTHALMIC ANTI-INFECTIVES",TRIFLURIDINE,0,1
"OPHTHALMIC ANTI-INFECTIVES",TRIFLURIDINE,6,2
"OPHTHALMIC ANTI-INFECTIVES",TRIFLURIDINE,8,1
"OPHTHALMIC ANTI-INFECTIVES",TRIFLURIDINE,10,1
"OPHTHALMIC ANTI-INFECTIVES",TRIFLURIDINE,12,3
"OPHTHALMIC ANTI-INFECTIVES",TRIFLURIDINE,13,1
"OPHTHALMIC ANTI-INFECTIVES",TRIFLURIDINE,14,1
"OPHTHALMIC ANTI-INFECTIVES",TRIFLURIDINE,18,2
"OPHTHALMIC ANTI-INFECTIVES",TRIFLURIDINE,21,2
"OPHTHALMIC ANTI-INFECTIVES",TRIFLURIDINE,24,1
"OPHTHALMIC ANTI-INFECTIVES",TRIFLURIDINE,25,1
"OPHTHALMIC ANTI-INFECTIVES",TRIFLURIDINE,27,1
"OPHTHALMIC ANTI-INFECTIVES",TRIFLURIDINE,28,3
"OPHTHALMIC ANTI-INFECTIVES",TRIFLURIDINE,29,3
"OPHTHALMIC ANTI-INFECTIVES",TRIFLURIDINE,30,2
"OPHTHALMIC ANTI-INFECTIVES",TRIFLURIDINE,33,1
"OPHTHALMIC ANTI-INFECTIVES",TRIFLURIDINE,34,4
"OPHTHALMIC ANTI-INFECTIVES",TRIFLURIDINE,36,1
"OPHTHALMIC ANTI-INFECTIVES",TRIFLURIDINE,37,2
"OPHTHALMIC ANTI-INFECTIVES",TRIFLURIDINE,38,2
"OPHTHALMIC ANTI-INFECTIVES",TRIFLURIDINE,40,3
"OPHTHALMIC ANTI-INFECTIVES",TRIFLURIDINE,42,2
"OPHTHALMIC ANTI-INFECTIVES",TRIFLURIDINE,43,1
"OPHTHALMIC ANTI-INFECTIVES",TRIFLURIDINE,44,1
"OPHTHALMIC ANTI-INFECTIVES",TRIFLURIDINE,45,2
"OPHTHALMIC ANTI-INFECTIVES",TRIFLURIDINE,46,1
"OPHTHALMIC ANTI-INFECTIVES",TRIFLURIDINE,47,5
"OPHTHALMIC ANTI-INFECTIVES",TRIFLURIDINE,48,1
"OPHTHALMIC ANTI-INFECTIVES",TRIFLURIDINE,49,1
"OPHTHALMIC ANTI-INFECTIVES",TRIFLURIDINE,50,2
"OPHTHALMIC ANTI-INFECTIVES",TRIFLURIDINE,51,2
"OPHTHALMIC ANTI-INFECTIVES",TRIFLURIDINE,52,2
"OPHTHALMIC ANTI-INFECTIVES",TRIFLURIDINE,53,3
"OPHTHALMIC ANTI-INFECTIVES",TRIFLURIDINE,54,4
"OPHTHALMIC ANTI-INFECTIVES",TRIFLURIDINE,55,2
"OPHTHALMIC ANTI-INFECTIVES",TRIFLURIDINE,57,3
"OPHTHALMIC ANTI-INFECTIVES",TRIFLURIDINE,58,2
"OPHTHALMIC ANTI-INFECTIVES",TRIFLURIDINE,59,2
"OPHTHALMIC ANTI-INFECTIVES",TRIFLURIDINE,60,5
"OPHTHALMIC ANTI-INFECTIVES",TRIFLURIDINE,61,8
"OPHTHALMIC ANTI-INFECTIVES",TRIFLURIDINE,62,5
"OPHTHALMIC ANTI-INFECTIVES",TRIFLURIDINE,63,3
"OPHTHALMIC ANTI-INFECTIVES",TRIFLURIDINE,64,2
"OPHTHALMIC ANTI-INFECTIVES",TRIFLURIDINE,65,1
"OPHTHALMIC ANTI-INFECTIVES",TRIFLURIDINE,66,4
"OPHTHALMIC ANTI-INFECTIVES",TRIFLURIDINE,67,5
"OPHTHALMIC ANTI-INFECTIVES",TRIFLURIDINE,68,2
"OPHTHALMIC ANTI-INFECTIVES",TRIFLURIDINE,69,5
"OPHTHALMIC ANTI-INFECTIVES",TRIFLURIDINE,70,2
"OPHTHALMIC ANTI-INFECTIVES",TRIFLURIDINE,71,4
"OPHTHALMIC ANTI-INFECTIVES",TRIFLURIDINE,72,1
"OPHTHALMIC ANTI-INFECTIVES",TRIFLURIDINE,73,3
"OPHTHALMIC ANTI-INFECTIVES",TRIFLURIDINE,74,4
"OPHTHALMIC ANTI-INFECTIVES",TRIFLURIDINE,75,2
"OPHTHALMIC ANTI-INFECTIVES",TRIFLURIDINE,76,2
"OPHTHALMIC ANTI-INFECTIVES",TRIFLURIDINE,77,2
"OPHTHALMIC ANTI-INFECTIVES",TRIFLURIDINE,78,4
"OPHTHALMIC ANTI-INFECTIVES",TRIFLURIDINE,79,1
"OPHTHALMIC ANTI-INFECTIVES",TRIFLURIDINE,80,4
"OPHTHALMIC ANTI-INFECTIVES",TRIFLURIDINE,81,2
"OPHTHALMIC ANTI-INFECTIVES",TRIFLURIDINE,82,1
"OPHTHALMIC ANTI-INFECTIVES",TRIFLURIDINE,83,2
"OPHTHALMIC ANTI-INFECTIVES",TRIFLURIDINE,84,1
"OPHTHALMIC ANTI-INFECTIVES",TRIFLURIDINE,85,22
"OTIC ANTI-INFECTIVES","ACETIC ACID (OTIC)",1,2
"OTIC ANTI-INFECTIVES","ACETIC ACID (OTIC)",2,2
"OTIC ANTI-INFECTIVES","ACETIC ACID (OTIC)",3,5
"OTIC ANTI-INFECTIVES","ACETIC ACID (OTIC)",4,3
"OTIC ANTI-INFECTIVES","ACETIC ACID (OTIC)",5,4
"OTIC ANTI-INFECTIVES","ACETIC ACID (OTIC)",6,3
"OTIC ANTI-INFECTIVES","ACETIC ACID (OTIC)",7,2
"OTIC ANTI-INFECTIVES","ACETIC ACID (OTIC)",8,4
"OTIC ANTI-INFECTIVES","ACETIC ACID (OTIC)",9,5
"OTIC ANTI-INFECTIVES","ACETIC ACID (OTIC)",11,2
"OTIC ANTI-INFECTIVES","ACETIC ACID (OTIC)",12,3
"OTIC ANTI-INFECTIVES","ACETIC ACID (OTIC)",13,2
"OTIC ANTI-INFECTIVES","ACETIC ACID (OTIC)",14,4
"OTIC ANTI-INFECTIVES","ACETIC ACID (OTIC)",15,4
"OTIC ANTI-INFECTIVES","ACETIC ACID (OTIC)",16,4
"OTIC ANTI-INFECTIVES","ACETIC ACID (OTIC)",17,6
"OTIC ANTI-INFECTIVES","ACETIC ACID (OTIC)",18,4
"OTIC ANTI-INFECTIVES","ACETIC ACID (OTIC)",19,4
"OTIC ANTI-INFECTIVES","ACETIC ACID (OTIC)",20,3
"OTIC ANTI-INFECTIVES","ACETIC ACID (OTIC)",21,4
"OTIC ANTI-INFECTIVES","ACETIC ACID (OTIC)",22,3
"OTIC ANTI-INFECTIVES","ACETIC ACID (OTIC)",23,3
"OTIC ANTI-INFECTIVES","ACETIC ACID (OTIC)",24,5
"OTIC ANTI-INFECTIVES","ACETIC ACID (OTIC)",25,4
"OTIC ANTI-INFECTIVES","ACETIC ACID (OTIC)",26,5
"OTIC ANTI-INFECTIVES","ACETIC ACID (OTIC)",27,6
"OTIC ANTI-INFECTIVES","ACETIC ACID (OTIC)",28,4
"OTIC ANTI-INFECTIVES","ACETIC ACID (OTIC)",29,5
"OTIC ANTI-INFECTIVES","ACETIC ACID (OTIC)",30,5
"OTIC ANTI-INFECTIVES","ACETIC ACID (OTIC)",31,3
"OTIC ANTI-INFECTIVES","ACETIC ACID (OTIC)",32,2
"OTIC ANTI-INFECTIVES","ACETIC ACID (OTIC)",33,4
"OTIC ANTI-INFECTIVES","ACETIC ACID (OTIC)",34,5
"OTIC ANTI-INFECTIVES","ACETIC ACID (OTIC)",35,6
"OTIC ANTI-INFECTIVES","ACETIC ACID (OTIC)",36,4
"OTIC ANTI-INFECTIVES","ACETIC ACID (OTIC)",37,3
"OTIC ANTI-INFECTIVES","ACETIC ACID (OTIC)",38,10
"OTIC ANTI-INFECTIVES","ACETIC ACID (OTIC)",39,6
"OTIC ANTI-INFECTIVES","ACETIC ACID (OTIC)",40,3
"OTIC ANTI-INFECTIVES","ACETIC ACID (OTIC)",41,5
"OTIC ANTI-INFECTIVES","ACETIC ACID (OTIC)",42,13
"OTIC ANTI-INFECTIVES","ACETIC ACID (OTIC)",43,8
"OTIC ANTI-INFECTIVES","ACETIC ACID (OTIC)",44,6
"OTIC ANTI-INFECTIVES","ACETIC ACID (OTIC)",45,6
"OTIC ANTI-INFECTIVES","ACETIC ACID (OTIC)",46,4
"OTIC ANTI-INFECTIVES","ACETIC ACID (OTIC)",47,7
"OTIC ANTI-INFECTIVES","ACETIC ACID (OTIC)",48,6
"OTIC ANTI-INFECTIVES","ACETIC ACID (OTIC)",49,5
"OTIC ANTI-INFECTIVES","ACETIC ACID (OTIC)",50,6
"OTIC ANTI-INFECTIVES","ACETIC ACID (OTIC)",51,5
"OTIC ANTI-INFECTIVES","ACETIC ACID (OTIC)",52,3
"OTIC ANTI-INFECTIVES","ACETIC ACID (OTIC)",53,4
"OTIC ANTI-INFECTIVES","ACETIC ACID (OTIC)",54,4
"OTIC ANTI-INFECTIVES","ACETIC ACID (OTIC)",55,9
"OTIC ANTI-INFECTIVES","ACETIC ACID (OTIC)",56,7
"OTIC ANTI-INFECTIVES","ACETIC ACID (OTIC)",57,11
"OTIC ANTI-INFECTIVES","ACETIC ACID (OTIC)",58,9
"OTIC ANTI-INFECTIVES","ACETIC ACID (OTIC)",59,5
"OTIC ANTI-INFECTIVES","ACETIC ACID (OTIC)",60,2
"OTIC ANTI-INFECTIVES","ACETIC ACID (OTIC)",61,4
"OTIC ANTI-INFECTIVES","ACETIC ACID (OTIC)",62,12
"OTIC ANTI-INFECTIVES","ACETIC ACID (OTIC)",63,11
"OTIC ANTI-INFECTIVES","ACETIC ACID (OTIC)",64,5
"OTIC ANTI-INFECTIVES","ACETIC ACID (OTIC)",65,9
"OTIC ANTI-INFECTIVES","ACETIC ACID (OTIC)",66,15
"OTIC ANTI-INFECTIVES","ACETIC ACID (OTIC)",67,12
"OTIC ANTI-INFECTIVES","ACETIC ACID (OTIC)",68,7
"OTIC ANTI-INFECTIVES","ACETIC ACID (OTIC)",69,9
"OTIC ANTI-INFECTIVES","ACETIC ACID (OTIC)",70,12
"OTIC ANTI-INFECTIVES","ACETIC ACID (OTIC)",71,8
"OTIC ANTI-INFECTIVES","ACETIC ACID (OTIC)",72,6
"OTIC ANTI-INFECTIVES","ACETIC ACID (OTIC)",73,8
"OTIC ANTI-INFECTIVES","ACETIC ACID (OTIC)",74,4
"OTIC ANTI-INFECTIVES","ACETIC ACID (OTIC)",75,4
"OTIC ANTI-INFECTIVES","ACETIC ACID (OTIC)",76,3
"OTIC ANTI-INFECTIVES","ACETIC ACID (OTIC)",77,6
"OTIC ANTI-INFECTIVES","ACETIC ACID (OTIC)",78,2
"OTIC ANTI-INFECTIVES","ACETIC ACID (OTIC)",79,1
"OTIC ANTI-INFECTIVES","ACETIC ACID (OTIC)",80,4
"OTIC ANTI-INFECTIVES","ACETIC ACID (OTIC)",81,3
"OTIC ANTI-INFECTIVES","ACETIC ACID (OTIC)",82,5
"OTIC ANTI-INFECTIVES","ACETIC ACID (OTIC)",83,3
"OTIC ANTI-INFECTIVES","ACETIC ACID (OTIC)",84,1
"OTIC ANTI-INFECTIVES","ACETIC ACID (OTIC)",85,31
"OTIC ANTI-INFECTIVES","CIPROFLOXACIN HCL (OTIC)",0,1
"OTIC ANTI-INFECTIVES","CIPROFLOXACIN HCL (OTIC)",1,4
"OTIC ANTI-INFECTIVES","CIPROFLOXACIN HCL (OTIC)",2,9
"OTIC ANTI-INFECTIVES","CIPROFLOXACIN HCL (OTIC)",3,8
"OTIC ANTI-INFECTIVES","CIPROFLOXACIN HCL (OTIC)",4,2
"OTIC ANTI-INFECTIVES","CIPROFLOXACIN HCL (OTIC)",5,2
"OTIC ANTI-INFECTIVES","CIPROFLOXACIN HCL (OTIC)",6,5
"OTIC ANTI-INFECTIVES","CIPROFLOXACIN HCL (OTIC)",7,6
"OTIC ANTI-INFECTIVES","CIPROFLOXACIN HCL (OTIC)",8,1
"OTIC ANTI-INFECTIVES","CIPROFLOXACIN HCL (OTIC)",9,5
"OTIC ANTI-INFECTIVES","CIPROFLOXACIN HCL (OTIC)",10,6
"OTIC ANTI-INFECTIVES","CIPROFLOXACIN HCL (OTIC)",11,2
"OTIC ANTI-INFECTIVES","CIPROFLOXACIN HCL (OTIC)",12,5
"OTIC ANTI-INFECTIVES","CIPROFLOXACIN HCL (OTIC)",13,1
"OTIC ANTI-INFECTIVES","CIPROFLOXACIN HCL (OTIC)",14,5
"OTIC ANTI-INFECTIVES","CIPROFLOXACIN HCL (OTIC)",15,6
"OTIC ANTI-INFECTIVES","CIPROFLOXACIN HCL (OTIC)",16,3
"OTIC ANTI-INFECTIVES","CIPROFLOXACIN HCL (OTIC)",17,4
"OTIC ANTI-INFECTIVES","CIPROFLOXACIN HCL (OTIC)",19,2
"OTIC ANTI-INFECTIVES","CIPROFLOXACIN HCL (OTIC)",20,5
"OTIC ANTI-INFECTIVES","CIPROFLOXACIN HCL (OTIC)",21,3
"OTIC ANTI-INFECTIVES","CIPROFLOXACIN HCL (OTIC)",22,3
"OTIC ANTI-INFECTIVES","CIPROFLOXACIN HCL (OTIC)",24,2
"OTIC ANTI-INFECTIVES","CIPROFLOXACIN HCL (OTIC)",25,3
"OTIC ANTI-INFECTIVES","CIPROFLOXACIN HCL (OTIC)",26,2
"OTIC ANTI-INFECTIVES","CIPROFLOXACIN HCL (OTIC)",27,3
"OTIC ANTI-INFECTIVES","CIPROFLOXACIN HCL (OTIC)",28,2
"OTIC ANTI-INFECTIVES","CIPROFLOXACIN HCL (OTIC)",29,6
"OTIC ANTI-INFECTIVES","CIPROFLOXACIN HCL (OTIC)",30,1
"OTIC ANTI-INFECTIVES","CIPROFLOXACIN HCL (OTIC)",31,2
"OTIC ANTI-INFECTIVES","CIPROFLOXACIN HCL (OTIC)",32,3
"OTIC ANTI-INFECTIVES","CIPROFLOXACIN HCL (OTIC)",33,6
"OTIC ANTI-INFECTIVES","CIPROFLOXACIN HCL (OTIC)",34,3
"OTIC ANTI-INFECTIVES","CIPROFLOXACIN HCL (OTIC)",35,5
"OTIC ANTI-INFECTIVES","CIPROFLOXACIN HCL (OTIC)",36,3
"OTIC ANTI-INFECTIVES","CIPROFLOXACIN HCL (OTIC)",37,3
"OTIC ANTI-INFECTIVES","CIPROFLOXACIN HCL (OTIC)",38,1
"OTIC ANTI-INFECTIVES","CIPROFLOXACIN HCL (OTIC)",39,6
"OTIC ANTI-INFECTIVES","CIPROFLOXACIN HCL (OTIC)",41,2
"OTIC ANTI-INFECTIVES","CIPROFLOXACIN HCL (OTIC)",42,3
"OTIC ANTI-INFECTIVES","CIPROFLOXACIN HCL (OTIC)",43,4
"OTIC ANTI-INFECTIVES","CIPROFLOXACIN HCL (OTIC)",44,2
"OTIC ANTI-INFECTIVES","CIPROFLOXACIN HCL (OTIC)",45,1
"OTIC ANTI-INFECTIVES","CIPROFLOXACIN HCL (OTIC)",46,3
"OTIC ANTI-INFECTIVES","CIPROFLOXACIN HCL (OTIC)",47,5
"OTIC ANTI-INFECTIVES","CIPROFLOXACIN HCL (OTIC)",48,3
"OTIC ANTI-INFECTIVES","CIPROFLOXACIN HCL (OTIC)",49,2
"OTIC ANTI-INFECTIVES","CIPROFLOXACIN HCL (OTIC)",50,6
"OTIC ANTI-INFECTIVES","CIPROFLOXACIN HCL (OTIC)",51,1
"OTIC ANTI-INFECTIVES","CIPROFLOXACIN HCL (OTIC)",52,2
"OTIC ANTI-INFECTIVES","CIPROFLOXACIN HCL (OTIC)",54,4
"OTIC ANTI-INFECTIVES","CIPROFLOXACIN HCL (OTIC)",55,3
"OTIC ANTI-INFECTIVES","CIPROFLOXACIN HCL (OTIC)",56,3
"OTIC ANTI-INFECTIVES","CIPROFLOXACIN HCL (OTIC)",57,4
"OTIC ANTI-INFECTIVES","CIPROFLOXACIN HCL (OTIC)",58,4
"OTIC ANTI-INFECTIVES","CIPROFLOXACIN HCL (OTIC)",59,4
"OTIC ANTI-INFECTIVES","CIPROFLOXACIN HCL (OTIC)",60,3
"OTIC ANTI-INFECTIVES","CIPROFLOXACIN HCL (OTIC)",61,6
"OTIC ANTI-INFECTIVES","CIPROFLOXACIN HCL (OTIC)",62,2
"OTIC ANTI-INFECTIVES","CIPROFLOXACIN HCL (OTIC)",65,1
"OTIC ANTI-INFECTIVES","CIPROFLOXACIN HCL (OTIC)",66,2
"OTIC ANTI-INFECTIVES","CIPROFLOXACIN HCL (OTIC)",67,2
"OTIC ANTI-INFECTIVES","CIPROFLOXACIN HCL (OTIC)",68,1
"OTIC ANTI-INFECTIVES","CIPROFLOXACIN HCL (OTIC)",69,3
"OTIC ANTI-INFECTIVES","CIPROFLOXACIN HCL (OTIC)",71,1
"OTIC ANTI-INFECTIVES","CIPROFLOXACIN HCL (OTIC)",72,1
"OTIC ANTI-INFECTIVES","CIPROFLOXACIN HCL (OTIC)",74,2
"OTIC ANTI-INFECTIVES","CIPROFLOXACIN HCL (OTIC)",75,1
"OTIC ANTI-INFECTIVES","CIPROFLOXACIN HCL (OTIC)",76,3
"OTIC ANTI-INFECTIVES","CIPROFLOXACIN HCL (OTIC)",77,1
"OTIC ANTI-INFECTIVES","CIPROFLOXACIN HCL (OTIC)",78,1
"OTIC ANTI-INFECTIVES","CIPROFLOXACIN HCL (OTIC)",80,1
"OTIC ANTI-INFECTIVES","CIPROFLOXACIN HCL (OTIC)",81,1
"OTIC ANTI-INFECTIVES","CIPROFLOXACIN HCL (OTIC)",83,1
"OTIC ANTI-INFECTIVES","CIPROFLOXACIN HCL (OTIC)",85,9
"OTIC ANTI-INFECTIVES",CIPROFLOXACIN-DEXAMETHASONE,-2,15
"OTIC ANTI-INFECTIVES",CIPROFLOXACIN-DEXAMETHASONE,0,31
"OTIC ANTI-INFECTIVES",CIPROFLOXACIN-DEXAMETHASONE,1,345
"OTIC ANTI-INFECTIVES",CIPROFLOXACIN-DEXAMETHASONE,2,516
"OTIC ANTI-INFECTIVES",CIPROFLOXACIN-DEXAMETHASONE,3,348
"OTIC ANTI-INFECTIVES",CIPROFLOXACIN-DEXAMETHASONE,4,296
"OTIC ANTI-INFECTIVES",CIPROFLOXACIN-DEXAMETHASONE,5,265
"OTIC ANTI-INFECTIVES",CIPROFLOXACIN-DEXAMETHASONE,6,266
"OTIC ANTI-INFECTIVES",CIPROFLOXACIN-DEXAMETHASONE,7,239
"OTIC ANTI-INFECTIVES",CIPROFLOXACIN-DEXAMETHASONE,8,252
"OTIC ANTI-INFECTIVES",CIPROFLOXACIN-DEXAMETHASONE,9,224
"OTIC ANTI-INFECTIVES",CIPROFLOXACIN-DEXAMETHASONE,10,205
"OTIC ANTI-INFECTIVES",CIPROFLOXACIN-DEXAMETHASONE,11,243
"OTIC ANTI-INFECTIVES",CIPROFLOXACIN-DEXAMETHASONE,12,205
"OTIC ANTI-INFECTIVES",CIPROFLOXACIN-DEXAMETHASONE,13,169
"OTIC ANTI-INFECTIVES",CIPROFLOXACIN-DEXAMETHASONE,14,167
"OTIC ANTI-INFECTIVES",CIPROFLOXACIN-DEXAMETHASONE,15,164
"OTIC ANTI-INFECTIVES",CIPROFLOXACIN-DEXAMETHASONE,16,126
"OTIC ANTI-INFECTIVES",CIPROFLOXACIN-DEXAMETHASONE,17,108
"OTIC ANTI-INFECTIVES",CIPROFLOXACIN-DEXAMETHASONE,18,86
"OTIC ANTI-INFECTIVES",CIPROFLOXACIN-DEXAMETHASONE,19,84
"OTIC ANTI-INFECTIVES",CIPROFLOXACIN-DEXAMETHASONE,20,58
"OTIC ANTI-INFECTIVES",CIPROFLOXACIN-DEXAMETHASONE,21,46
"OTIC ANTI-INFECTIVES",CIPROFLOXACIN-DEXAMETHASONE,22,47
"OTIC ANTI-INFECTIVES",CIPROFLOXACIN-DEXAMETHASONE,23,54
"OTIC ANTI-INFECTIVES",CIPROFLOXACIN-DEXAMETHASONE,24,47
"OTIC ANTI-INFECTIVES",CIPROFLOXACIN-DEXAMETHASONE,25,62
"OTIC ANTI-INFECTIVES",CIPROFLOXACIN-DEXAMETHASONE,26,39
"OTIC ANTI-INFECTIVES",CIPROFLOXACIN-DEXAMETHASONE,27,52
"OTIC ANTI-INFECTIVES",CIPROFLOXACIN-DEXAMETHASONE,28,52
"OTIC ANTI-INFECTIVES",CIPROFLOXACIN-DEXAMETHASONE,29,45
"OTIC ANTI-INFECTIVES",CIPROFLOXACIN-DEXAMETHASONE,30,42
"OTIC ANTI-INFECTIVES",CIPROFLOXACIN-DEXAMETHASONE,31,49
"OTIC ANTI-INFECTIVES",CIPROFLOXACIN-DEXAMETHASONE,32,46
"OTIC ANTI-INFECTIVES",CIPROFLOXACIN-DEXAMETHASONE,33,53
"OTIC ANTI-INFECTIVES",CIPROFLOXACIN-DEXAMETHASONE,34,47
"OTIC ANTI-INFECTIVES",CIPROFLOXACIN-DEXAMETHASONE,35,51
"OTIC ANTI-INFECTIVES",CIPROFLOXACIN-DEXAMETHASONE,36,57
"OTIC ANTI-INFECTIVES",CIPROFLOXACIN-DEXAMETHASONE,37,50
"OTIC ANTI-INFECTIVES",CIPROFLOXACIN-DEXAMETHASONE,38,57
"OTIC ANTI-INFECTIVES",CIPROFLOXACIN-DEXAMETHASONE,39,56
"OTIC ANTI-INFECTIVES",CIPROFLOXACIN-DEXAMETHASONE,40,61
"OTIC ANTI-INFECTIVES",CIPROFLOXACIN-DEXAMETHASONE,41,59
"OTIC ANTI-INFECTIVES",CIPROFLOXACIN-DEXAMETHASONE,42,42
"OTIC ANTI-INFECTIVES",CIPROFLOXACIN-DEXAMETHASONE,43,55
"OTIC ANTI-INFECTIVES",CIPROFLOXACIN-DEXAMETHASONE,44,44
"OTIC ANTI-INFECTIVES",CIPROFLOXACIN-DEXAMETHASONE,45,67
"OTIC ANTI-INFECTIVES",CIPROFLOXACIN-DEXAMETHASONE,46,60
"OTIC ANTI-INFECTIVES",CIPROFLOXACIN-DEXAMETHASONE,47,69
"OTIC ANTI-INFECTIVES",CIPROFLOXACIN-DEXAMETHASONE,48,50
"OTIC ANTI-INFECTIVES",CIPROFLOXACIN-DEXAMETHASONE,49,65
"OTIC ANTI-INFECTIVES",CIPROFLOXACIN-DEXAMETHASONE,50,72
"OTIC ANTI-INFECTIVES",CIPROFLOXACIN-DEXAMETHASONE,51,72
"OTIC ANTI-INFECTIVES",CIPROFLOXACIN-DEXAMETHASONE,52,52
"OTIC ANTI-INFECTIVES",CIPROFLOXACIN-DEXAMETHASONE,53,70
"OTIC ANTI-INFECTIVES",CIPROFLOXACIN-DEXAMETHASONE,54,66
"OTIC ANTI-INFECTIVES",CIPROFLOXACIN-DEXAMETHASONE,55,69
"OTIC ANTI-INFECTIVES",CIPROFLOXACIN-DEXAMETHASONE,56,79
"OTIC ANTI-INFECTIVES",CIPROFLOXACIN-DEXAMETHASONE,57,71
"OTIC ANTI-INFECTIVES",CIPROFLOXACIN-DEXAMETHASONE,58,81
"OTIC ANTI-INFECTIVES",CIPROFLOXACIN-DEXAMETHASONE,59,70
"OTIC ANTI-INFECTIVES",CIPROFLOXACIN-DEXAMETHASONE,60,78
"OTIC ANTI-INFECTIVES",CIPROFLOXACIN-DEXAMETHASONE,61,74
"OTIC ANTI-INFECTIVES",CIPROFLOXACIN-DEXAMETHASONE,62,63
"OTIC ANTI-INFECTIVES",CIPROFLOXACIN-DEXAMETHASONE,63,65
"OTIC ANTI-INFECTIVES",CIPROFLOXACIN-DEXAMETHASONE,64,63
"OTIC ANTI-INFECTIVES",CIPROFLOXACIN-DEXAMETHASONE,65,62
"OTIC ANTI-INFECTIVES",CIPROFLOXACIN-DEXAMETHASONE,66,56
"OTIC ANTI-INFECTIVES",CIPROFLOXACIN-DEXAMETHASONE,67,70
"OTIC ANTI-INFECTIVES",CIPROFLOXACIN-DEXAMETHASONE,68,52
"OTIC ANTI-INFECTIVES",CIPROFLOXACIN-DEXAMETHASONE,69,49
"OTIC ANTI-INFECTIVES",CIPROFLOXACIN-DEXAMETHASONE,70,47
"OTIC ANTI-INFECTIVES",CIPROFLOXACIN-DEXAMETHASONE,71,48
"OTIC ANTI-INFECTIVES",CIPROFLOXACIN-DEXAMETHASONE,72,44
"OTIC ANTI-INFECTIVES",CIPROFLOXACIN-DEXAMETHASONE,73,52
"OTIC ANTI-INFECTIVES",CIPROFLOXACIN-DEXAMETHASONE,74,39
"OTIC ANTI-INFECTIVES",CIPROFLOXACIN-DEXAMETHASONE,75,39
"OTIC ANTI-INFECTIVES",CIPROFLOXACIN-DEXAMETHASONE,76,37
"OTIC ANTI-INFECTIVES",CIPROFLOXACIN-DEXAMETHASONE,77,36
"OTIC ANTI-INFECTIVES",CIPROFLOXACIN-DEXAMETHASONE,78,32
"OTIC ANTI-INFECTIVES",CIPROFLOXACIN-DEXAMETHASONE,79,20
"OTIC ANTI-INFECTIVES",CIPROFLOXACIN-DEXAMETHASONE,80,24
"OTIC ANTI-INFECTIVES",CIPROFLOXACIN-DEXAMETHASONE,81,31
"OTIC ANTI-INFECTIVES",CIPROFLOXACIN-DEXAMETHASONE,82,25
"OTIC ANTI-INFECTIVES",CIPROFLOXACIN-DEXAMETHASONE,83,9
"OTIC ANTI-INFECTIVES",CIPROFLOXACIN-DEXAMETHASONE,84,6
"OTIC ANTI-INFECTIVES",CIPROFLOXACIN-DEXAMETHASONE,85,126
"OTIC ANTI-INFECTIVES","CIPROFLOXACIN-FLUOCINOLONE ACETONIDE",0,1
"OTIC ANTI-INFECTIVES","CIPROFLOXACIN-FLUOCINOLONE ACETONIDE",1,23
"OTIC ANTI-INFECTIVES","CIPROFLOXACIN-FLUOCINOLONE ACETONIDE",2,24
"OTIC ANTI-INFECTIVES","CIPROFLOXACIN-FLUOCINOLONE ACETONIDE",3,12
"OTIC ANTI-INFECTIVES","CIPROFLOXACIN-FLUOCINOLONE ACETONIDE",4,8
"OTIC ANTI-INFECTIVES","CIPROFLOXACIN-FLUOCINOLONE ACETONIDE",5,9
"OTIC ANTI-INFECTIVES","CIPROFLOXACIN-FLUOCINOLONE ACETONIDE",6,10
"OTIC ANTI-INFECTIVES","CIPROFLOXACIN-FLUOCINOLONE ACETONIDE",7,6
"OTIC ANTI-INFECTIVES","CIPROFLOXACIN-FLUOCINOLONE ACETONIDE",8,7
"OTIC ANTI-INFECTIVES","CIPROFLOXACIN-FLUOCINOLONE ACETONIDE",9,3
"OTIC ANTI-INFECTIVES","CIPROFLOXACIN-FLUOCINOLONE ACETONIDE",10,3
"OTIC ANTI-INFECTIVES","CIPROFLOXACIN-FLUOCINOLONE ACETONIDE",11,2
"OTIC ANTI-INFECTIVES","CIPROFLOXACIN-FLUOCINOLONE ACETONIDE",12,5
"OTIC ANTI-INFECTIVES","CIPROFLOXACIN-FLUOCINOLONE ACETONIDE",13,3
"OTIC ANTI-INFECTIVES","CIPROFLOXACIN-FLUOCINOLONE ACETONIDE",14,2
"OTIC ANTI-INFECTIVES","CIPROFLOXACIN-FLUOCINOLONE ACETONIDE",15,2
"OTIC ANTI-INFECTIVES","CIPROFLOXACIN-FLUOCINOLONE ACETONIDE",16,3
"OTIC ANTI-INFECTIVES","CIPROFLOXACIN-FLUOCINOLONE ACETONIDE",17,4
"OTIC ANTI-INFECTIVES","CIPROFLOXACIN-FLUOCINOLONE ACETONIDE",18,1
"OTIC ANTI-INFECTIVES","CIPROFLOXACIN-FLUOCINOLONE ACETONIDE",19,1
"OTIC ANTI-INFECTIVES","CIPROFLOXACIN-FLUOCINOLONE ACETONIDE",20,2
"OTIC ANTI-INFECTIVES","CIPROFLOXACIN-FLUOCINOLONE ACETONIDE",22,1
"OTIC ANTI-INFECTIVES","CIPROFLOXACIN-FLUOCINOLONE ACETONIDE",24,1
"OTIC ANTI-INFECTIVES","CIPROFLOXACIN-FLUOCINOLONE ACETONIDE",25,1
"OTIC ANTI-INFECTIVES","CIPROFLOXACIN-FLUOCINOLONE ACETONIDE",26,1
"OTIC ANTI-INFECTIVES","CIPROFLOXACIN-FLUOCINOLONE ACETONIDE",27,1
"OTIC ANTI-INFECTIVES","CIPROFLOXACIN-FLUOCINOLONE ACETONIDE",29,1
"OTIC ANTI-INFECTIVES","CIPROFLOXACIN-FLUOCINOLONE ACETONIDE",30,2
"OTIC ANTI-INFECTIVES","CIPROFLOXACIN-FLUOCINOLONE ACETONIDE",32,2
"OTIC ANTI-INFECTIVES","CIPROFLOXACIN-FLUOCINOLONE ACETONIDE",33,2
"OTIC ANTI-INFECTIVES","CIPROFLOXACIN-FLUOCINOLONE ACETONIDE",35,1
"OTIC ANTI-INFECTIVES","CIPROFLOXACIN-FLUOCINOLONE ACETONIDE",36,1
"OTIC ANTI-INFECTIVES","CIPROFLOXACIN-FLUOCINOLONE ACETONIDE",37,4
"OTIC ANTI-INFECTIVES","CIPROFLOXACIN-FLUOCINOLONE ACETONIDE",38,2
"OTIC ANTI-INFECTIVES","CIPROFLOXACIN-FLUOCINOLONE ACETONIDE",39,2
"OTIC ANTI-INFECTIVES","CIPROFLOXACIN-FLUOCINOLONE ACETONIDE",41,1
"OTIC ANTI-INFECTIVES","CIPROFLOXACIN-FLUOCINOLONE ACETONIDE",42,3
"OTIC ANTI-INFECTIVES","CIPROFLOXACIN-FLUOCINOLONE ACETONIDE",43,1
"OTIC ANTI-INFECTIVES","CIPROFLOXACIN-FLUOCINOLONE ACETONIDE",44,1
"OTIC ANTI-INFECTIVES","CIPROFLOXACIN-FLUOCINOLONE ACETONIDE",45,1
"OTIC ANTI-INFECTIVES","CIPROFLOXACIN-FLUOCINOLONE ACETONIDE",46,4
"OTIC ANTI-INFECTIVES","CIPROFLOXACIN-FLUOCINOLONE ACETONIDE",47,2
"OTIC ANTI-INFECTIVES","CIPROFLOXACIN-FLUOCINOLONE ACETONIDE",48,4
"OTIC ANTI-INFECTIVES","CIPROFLOXACIN-FLUOCINOLONE ACETONIDE",49,1
"OTIC ANTI-INFECTIVES","CIPROFLOXACIN-FLUOCINOLONE ACETONIDE",50,2
"OTIC ANTI-INFECTIVES","CIPROFLOXACIN-FLUOCINOLONE ACETONIDE",51,2
"OTIC ANTI-INFECTIVES","CIPROFLOXACIN-FLUOCINOLONE ACETONIDE",52,1
"OTIC ANTI-INFECTIVES","CIPROFLOXACIN-FLUOCINOLONE ACETONIDE",54,2
"OTIC ANTI-INFECTIVES","CIPROFLOXACIN-FLUOCINOLONE ACETONIDE",55,5
"OTIC ANTI-INFECTIVES","CIPROFLOXACIN-FLUOCINOLONE ACETONIDE",57,1
"OTIC ANTI-INFECTIVES","CIPROFLOXACIN-FLUOCINOLONE ACETONIDE",58,1
"OTIC ANTI-INFECTIVES","CIPROFLOXACIN-FLUOCINOLONE ACETONIDE",59,2
"OTIC ANTI-INFECTIVES","CIPROFLOXACIN-FLUOCINOLONE ACETONIDE",60,2
"OTIC ANTI-INFECTIVES","CIPROFLOXACIN-FLUOCINOLONE ACETONIDE",61,2
"OTIC ANTI-INFECTIVES","CIPROFLOXACIN-FLUOCINOLONE ACETONIDE",62,1
"OTIC ANTI-INFECTIVES","CIPROFLOXACIN-FLUOCINOLONE ACETONIDE",63,3
"OTIC ANTI-INFECTIVES","CIPROFLOXACIN-FLUOCINOLONE ACETONIDE",64,2
"OTIC ANTI-INFECTIVES","CIPROFLOXACIN-FLUOCINOLONE ACETONIDE",65,6
"OTIC ANTI-INFECTIVES","CIPROFLOXACIN-FLUOCINOLONE ACETONIDE",66,2
"OTIC ANTI-INFECTIVES","CIPROFLOXACIN-FLUOCINOLONE ACETONIDE",68,1
"OTIC ANTI-INFECTIVES","CIPROFLOXACIN-FLUOCINOLONE ACETONIDE",70,3
"OTIC ANTI-INFECTIVES","CIPROFLOXACIN-FLUOCINOLONE ACETONIDE",71,1
"OTIC ANTI-INFECTIVES","CIPROFLOXACIN-FLUOCINOLONE ACETONIDE",80,1
"OTIC ANTI-INFECTIVES","CIPROFLOXACIN-FLUOCINOLONE ACETONIDE",81,1
"OTIC ANTI-INFECTIVES","CIPROFLOXACIN-FLUOCINOLONE ACETONIDE",85,5
"OTIC ANTI-INFECTIVES",CIPROFLOXACIN-HYDROCORTISONE,1,1
"OTIC ANTI-INFECTIVES",CIPROFLOXACIN-HYDROCORTISONE,2,5
"OTIC ANTI-INFECTIVES",CIPROFLOXACIN-HYDROCORTISONE,3,5
"OTIC ANTI-INFECTIVES",CIPROFLOXACIN-HYDROCORTISONE,4,5
"OTIC ANTI-INFECTIVES",CIPROFLOXACIN-HYDROCORTISONE,5,3
"OTIC ANTI-INFECTIVES",CIPROFLOXACIN-HYDROCORTISONE,6,8
"OTIC ANTI-INFECTIVES",CIPROFLOXACIN-HYDROCORTISONE,7,5
"OTIC ANTI-INFECTIVES",CIPROFLOXACIN-HYDROCORTISONE,8,2
"OTIC ANTI-INFECTIVES",CIPROFLOXACIN-HYDROCORTISONE,9,5
"OTIC ANTI-INFECTIVES",CIPROFLOXACIN-HYDROCORTISONE,10,4
"OTIC ANTI-INFECTIVES",CIPROFLOXACIN-HYDROCORTISONE,11,4
"OTIC ANTI-INFECTIVES",CIPROFLOXACIN-HYDROCORTISONE,12,9
"OTIC ANTI-INFECTIVES",CIPROFLOXACIN-HYDROCORTISONE,13,2
"OTIC ANTI-INFECTIVES",CIPROFLOXACIN-HYDROCORTISONE,14,5
"OTIC ANTI-INFECTIVES",CIPROFLOXACIN-HYDROCORTISONE,15,4
"OTIC ANTI-INFECTIVES",CIPROFLOXACIN-HYDROCORTISONE,16,4
"OTIC ANTI-INFECTIVES",CIPROFLOXACIN-HYDROCORTISONE,17,6
"OTIC ANTI-INFECTIVES",CIPROFLOXACIN-HYDROCORTISONE,18,2
"OTIC ANTI-INFECTIVES",CIPROFLOXACIN-HYDROCORTISONE,19,9
"OTIC ANTI-INFECTIVES",CIPROFLOXACIN-HYDROCORTISONE,20,3
"OTIC ANTI-INFECTIVES",CIPROFLOXACIN-HYDROCORTISONE,21,4
"OTIC ANTI-INFECTIVES",CIPROFLOXACIN-HYDROCORTISONE,22,1
"OTIC ANTI-INFECTIVES",CIPROFLOXACIN-HYDROCORTISONE,23,6
"OTIC ANTI-INFECTIVES",CIPROFLOXACIN-HYDROCORTISONE,24,2
"OTIC ANTI-INFECTIVES",CIPROFLOXACIN-HYDROCORTISONE,25,3
"OTIC ANTI-INFECTIVES",CIPROFLOXACIN-HYDROCORTISONE,26,4
"OTIC ANTI-INFECTIVES",CIPROFLOXACIN-HYDROCORTISONE,27,1
"OTIC ANTI-INFECTIVES",CIPROFLOXACIN-HYDROCORTISONE,28,4
"OTIC ANTI-INFECTIVES",CIPROFLOXACIN-HYDROCORTISONE,29,4
"OTIC ANTI-INFECTIVES",CIPROFLOXACIN-HYDROCORTISONE,30,3
"OTIC ANTI-INFECTIVES",CIPROFLOXACIN-HYDROCORTISONE,31,2
"OTIC ANTI-INFECTIVES",CIPROFLOXACIN-HYDROCORTISONE,32,5
"OTIC ANTI-INFECTIVES",CIPROFLOXACIN-HYDROCORTISONE,33,1
"OTIC ANTI-INFECTIVES",CIPROFLOXACIN-HYDROCORTISONE,34,7
"OTIC ANTI-INFECTIVES",CIPROFLOXACIN-HYDROCORTISONE,35,6
"OTIC ANTI-INFECTIVES",CIPROFLOXACIN-HYDROCORTISONE,36,1
"OTIC ANTI-INFECTIVES",CIPROFLOXACIN-HYDROCORTISONE,37,2
"OTIC ANTI-INFECTIVES",CIPROFLOXACIN-HYDROCORTISONE,38,3
"OTIC ANTI-INFECTIVES",CIPROFLOXACIN-HYDROCORTISONE,39,2
"OTIC ANTI-INFECTIVES",CIPROFLOXACIN-HYDROCORTISONE,40,5
"OTIC ANTI-INFECTIVES",CIPROFLOXACIN-HYDROCORTISONE,41,1
"OTIC ANTI-INFECTIVES",CIPROFLOXACIN-HYDROCORTISONE,42,4
"OTIC ANTI-INFECTIVES",CIPROFLOXACIN-HYDROCORTISONE,43,2
"OTIC ANTI-INFECTIVES",CIPROFLOXACIN-HYDROCORTISONE,44,2
"OTIC ANTI-INFECTIVES",CIPROFLOXACIN-HYDROCORTISONE,45,4
"OTIC ANTI-INFECTIVES",CIPROFLOXACIN-HYDROCORTISONE,46,5
"OTIC ANTI-INFECTIVES",CIPROFLOXACIN-HYDROCORTISONE,47,1
"OTIC ANTI-INFECTIVES",CIPROFLOXACIN-HYDROCORTISONE,48,5
"OTIC ANTI-INFECTIVES",CIPROFLOXACIN-HYDROCORTISONE,49,2
"OTIC ANTI-INFECTIVES",CIPROFLOXACIN-HYDROCORTISONE,50,4
"OTIC ANTI-INFECTIVES",CIPROFLOXACIN-HYDROCORTISONE,51,1
"OTIC ANTI-INFECTIVES",CIPROFLOXACIN-HYDROCORTISONE,52,3
"OTIC ANTI-INFECTIVES",CIPROFLOXACIN-HYDROCORTISONE,53,3
"OTIC ANTI-INFECTIVES",CIPROFLOXACIN-HYDROCORTISONE,54,5
"OTIC ANTI-INFECTIVES",CIPROFLOXACIN-HYDROCORTISONE,55,5
"OTIC ANTI-INFECTIVES",CIPROFLOXACIN-HYDROCORTISONE,56,4
"OTIC ANTI-INFECTIVES",CIPROFLOXACIN-HYDROCORTISONE,57,7
"OTIC ANTI-INFECTIVES",CIPROFLOXACIN-HYDROCORTISONE,58,2
"OTIC ANTI-INFECTIVES",CIPROFLOXACIN-HYDROCORTISONE,59,2
"OTIC ANTI-INFECTIVES",CIPROFLOXACIN-HYDROCORTISONE,60,1
"OTIC ANTI-INFECTIVES",CIPROFLOXACIN-HYDROCORTISONE,61,3
"OTIC ANTI-INFECTIVES",CIPROFLOXACIN-HYDROCORTISONE,62,2
"OTIC ANTI-INFECTIVES",CIPROFLOXACIN-HYDROCORTISONE,63,4
"OTIC ANTI-INFECTIVES",CIPROFLOXACIN-HYDROCORTISONE,64,2
"OTIC ANTI-INFECTIVES",CIPROFLOXACIN-HYDROCORTISONE,65,3
"OTIC ANTI-INFECTIVES",CIPROFLOXACIN-HYDROCORTISONE,66,2
"OTIC ANTI-INFECTIVES",CIPROFLOXACIN-HYDROCORTISONE,67,2
"OTIC ANTI-INFECTIVES",CIPROFLOXACIN-HYDROCORTISONE,68,3
"OTIC ANTI-INFECTIVES",CIPROFLOXACIN-HYDROCORTISONE,69,2
"OTIC ANTI-INFECTIVES",CIPROFLOXACIN-HYDROCORTISONE,70,2
"OTIC ANTI-INFECTIVES",CIPROFLOXACIN-HYDROCORTISONE,71,4
"OTIC ANTI-INFECTIVES",CIPROFLOXACIN-HYDROCORTISONE,72,1
"OTIC ANTI-INFECTIVES",CIPROFLOXACIN-HYDROCORTISONE,73,1
"OTIC ANTI-INFECTIVES",CIPROFLOXACIN-HYDROCORTISONE,74,1
"OTIC ANTI-INFECTIVES",CIPROFLOXACIN-HYDROCORTISONE,75,3
"OTIC ANTI-INFECTIVES",CIPROFLOXACIN-HYDROCORTISONE,76,1
"OTIC ANTI-INFECTIVES",CIPROFLOXACIN-HYDROCORTISONE,77,1
"OTIC ANTI-INFECTIVES",CIPROFLOXACIN-HYDROCORTISONE,78,4
"OTIC ANTI-INFECTIVES",CIPROFLOXACIN-HYDROCORTISONE,79,1
"OTIC ANTI-INFECTIVES",CIPROFLOXACIN-HYDROCORTISONE,80,1
"OTIC ANTI-INFECTIVES",CIPROFLOXACIN-HYDROCORTISONE,81,3
"OTIC ANTI-INFECTIVES",CIPROFLOXACIN-HYDROCORTISONE,82,2
"OTIC ANTI-INFECTIVES",CIPROFLOXACIN-HYDROCORTISONE,83,1
"OTIC ANTI-INFECTIVES",CIPROFLOXACIN-HYDROCORTISONE,85,3
"OTIC ANTI-INFECTIVES","HYDROCORTISONE W/ACETIC ACID",1,2
"OTIC ANTI-INFECTIVES","HYDROCORTISONE W/ACETIC ACID",2,2
"OTIC ANTI-INFECTIVES","HYDROCORTISONE W/ACETIC ACID",3,2
"OTIC ANTI-INFECTIVES","HYDROCORTISONE W/ACETIC ACID",4,1
"OTIC ANTI-INFECTIVES","HYDROCORTISONE W/ACETIC ACID",6,2
"OTIC ANTI-INFECTIVES","HYDROCORTISONE W/ACETIC ACID",7,2
"OTIC ANTI-INFECTIVES","HYDROCORTISONE W/ACETIC ACID",8,2
"OTIC ANTI-INFECTIVES","HYDROCORTISONE W/ACETIC ACID",9,1
"OTIC ANTI-INFECTIVES","HYDROCORTISONE W/ACETIC ACID",10,1
"OTIC ANTI-INFECTIVES","HYDROCORTISONE W/ACETIC ACID",12,1
"OTIC ANTI-INFECTIVES","HYDROCORTISONE W/ACETIC ACID",13,2
"OTIC ANTI-INFECTIVES","HYDROCORTISONE W/ACETIC ACID",14,3
"OTIC ANTI-INFECTIVES","HYDROCORTISONE W/ACETIC ACID",15,1
"OTIC ANTI-INFECTIVES","HYDROCORTISONE W/ACETIC ACID",16,1
"OTIC ANTI-INFECTIVES","HYDROCORTISONE W/ACETIC ACID",17,4
"OTIC ANTI-INFECTIVES","HYDROCORTISONE W/ACETIC ACID",19,2
"OTIC ANTI-INFECTIVES","HYDROCORTISONE W/ACETIC ACID",20,5
"OTIC ANTI-INFECTIVES","HYDROCORTISONE W/ACETIC ACID",21,2
"OTIC ANTI-INFECTIVES","HYDROCORTISONE W/ACETIC ACID",22,3
"OTIC ANTI-INFECTIVES","HYDROCORTISONE W/ACETIC ACID",23,2
"OTIC ANTI-INFECTIVES","HYDROCORTISONE W/ACETIC ACID",24,3
"OTIC ANTI-INFECTIVES","HYDROCORTISONE W/ACETIC ACID",25,3
"OTIC ANTI-INFECTIVES","HYDROCORTISONE W/ACETIC ACID",26,6
"OTIC ANTI-INFECTIVES","HYDROCORTISONE W/ACETIC ACID",27,4
"OTIC ANTI-INFECTIVES","HYDROCORTISONE W/ACETIC ACID",28,3
"OTIC ANTI-INFECTIVES","HYDROCORTISONE W/ACETIC ACID",29,6
"OTIC ANTI-INFECTIVES","HYDROCORTISONE W/ACETIC ACID",30,5
"OTIC ANTI-INFECTIVES","HYDROCORTISONE W/ACETIC ACID",31,8
"OTIC ANTI-INFECTIVES","HYDROCORTISONE W/ACETIC ACID",32,8
"OTIC ANTI-INFECTIVES","HYDROCORTISONE W/ACETIC ACID",33,7
"OTIC ANTI-INFECTIVES","HYDROCORTISONE W/ACETIC ACID",34,4
"OTIC ANTI-INFECTIVES","HYDROCORTISONE W/ACETIC ACID",35,4
"OTIC ANTI-INFECTIVES","HYDROCORTISONE W/ACETIC ACID",36,7
"OTIC ANTI-INFECTIVES","HYDROCORTISONE W/ACETIC ACID",37,10
"OTIC ANTI-INFECTIVES","HYDROCORTISONE W/ACETIC ACID",38,4
"OTIC ANTI-INFECTIVES","HYDROCORTISONE W/ACETIC ACID",39,9
"OTIC ANTI-INFECTIVES","HYDROCORTISONE W/ACETIC ACID",40,3
"OTIC ANTI-INFECTIVES","HYDROCORTISONE W/ACETIC ACID",41,6
"OTIC ANTI-INFECTIVES","HYDROCORTISONE W/ACETIC ACID",42,5
"OTIC ANTI-INFECTIVES","HYDROCORTISONE W/ACETIC ACID",43,6
"OTIC ANTI-INFECTIVES","HYDROCORTISONE W/ACETIC ACID",44,4
"OTIC ANTI-INFECTIVES","HYDROCORTISONE W/ACETIC ACID",45,6
"OTIC ANTI-INFECTIVES","HYDROCORTISONE W/ACETIC ACID",46,5
"OTIC ANTI-INFECTIVES","HYDROCORTISONE W/ACETIC ACID",47,6
"OTIC ANTI-INFECTIVES","HYDROCORTISONE W/ACETIC ACID",48,8
"OTIC ANTI-INFECTIVES","HYDROCORTISONE W/ACETIC ACID",49,6
"OTIC ANTI-INFECTIVES","HYDROCORTISONE W/ACETIC ACID",50,6
"OTIC ANTI-INFECTIVES","HYDROCORTISONE W/ACETIC ACID",51,8
"OTIC ANTI-INFECTIVES","HYDROCORTISONE W/ACETIC ACID",52,6
"OTIC ANTI-INFECTIVES","HYDROCORTISONE W/ACETIC ACID",53,3
"OTIC ANTI-INFECTIVES","HYDROCORTISONE W/ACETIC ACID",54,8
"OTIC ANTI-INFECTIVES","HYDROCORTISONE W/ACETIC ACID",55,8
"OTIC ANTI-INFECTIVES","HYDROCORTISONE W/ACETIC ACID",56,8
"OTIC ANTI-INFECTIVES","HYDROCORTISONE W/ACETIC ACID",57,8
"OTIC ANTI-INFECTIVES","HYDROCORTISONE W/ACETIC ACID",58,10
"OTIC ANTI-INFECTIVES","HYDROCORTISONE W/ACETIC ACID",59,9
"OTIC ANTI-INFECTIVES","HYDROCORTISONE W/ACETIC ACID",60,7
"OTIC ANTI-INFECTIVES","HYDROCORTISONE W/ACETIC ACID",61,6
"OTIC ANTI-INFECTIVES","HYDROCORTISONE W/ACETIC ACID",62,9
"OTIC ANTI-INFECTIVES","HYDROCORTISONE W/ACETIC ACID",63,10
"OTIC ANTI-INFECTIVES","HYDROCORTISONE W/ACETIC ACID",64,11
"OTIC ANTI-INFECTIVES","HYDROCORTISONE W/ACETIC ACID",65,9
"OTIC ANTI-INFECTIVES","HYDROCORTISONE W/ACETIC ACID",66,10
"OTIC ANTI-INFECTIVES","HYDROCORTISONE W/ACETIC ACID",67,9
"OTIC ANTI-INFECTIVES","HYDROCORTISONE W/ACETIC ACID",68,6
"OTIC ANTI-INFECTIVES","HYDROCORTISONE W/ACETIC ACID",69,12
"OTIC ANTI-INFECTIVES","HYDROCORTISONE W/ACETIC ACID",70,12
"OTIC ANTI-INFECTIVES","HYDROCORTISONE W/ACETIC ACID",71,11
"OTIC ANTI-INFECTIVES","HYDROCORTISONE W/ACETIC ACID",72,7
"OTIC ANTI-INFECTIVES","HYDROCORTISONE W/ACETIC ACID",73,7
"OTIC ANTI-INFECTIVES","HYDROCORTISONE W/ACETIC ACID",74,6
"OTIC ANTI-INFECTIVES","HYDROCORTISONE W/ACETIC ACID",75,4
"OTIC ANTI-INFECTIVES","HYDROCORTISONE W/ACETIC ACID",76,1
"OTIC ANTI-INFECTIVES","HYDROCORTISONE W/ACETIC ACID",77,3
"OTIC ANTI-INFECTIVES","HYDROCORTISONE W/ACETIC ACID",78,2
"OTIC ANTI-INFECTIVES","HYDROCORTISONE W/ACETIC ACID",79,2
"OTIC ANTI-INFECTIVES","HYDROCORTISONE W/ACETIC ACID",80,8
"OTIC ANTI-INFECTIVES","HYDROCORTISONE W/ACETIC ACID",81,2
"OTIC ANTI-INFECTIVES","HYDROCORTISONE W/ACETIC ACID",82,2
"OTIC ANTI-INFECTIVES","HYDROCORTISONE W/ACETIC ACID",83,3
"OTIC ANTI-INFECTIVES","HYDROCORTISONE W/ACETIC ACID",84,1
"OTIC ANTI-INFECTIVES","HYDROCORTISONE W/ACETIC ACID",85,18
"OTIC ANTI-INFECTIVES",NEOMYCIN-COLISTIN-HC-THONZONIUM,0,1
"OTIC ANTI-INFECTIVES",NEOMYCIN-COLISTIN-HC-THONZONIUM,1,1
"OTIC ANTI-INFECTIVES",NEOMYCIN-COLISTIN-HC-THONZONIUM,4,2
"OTIC ANTI-INFECTIVES",NEOMYCIN-COLISTIN-HC-THONZONIUM,6,1
"OTIC ANTI-INFECTIVES",NEOMYCIN-COLISTIN-HC-THONZONIUM,7,5
"OTIC ANTI-INFECTIVES",NEOMYCIN-COLISTIN-HC-THONZONIUM,8,2
"OTIC ANTI-INFECTIVES",NEOMYCIN-COLISTIN-HC-THONZONIUM,9,2
"OTIC ANTI-INFECTIVES",NEOMYCIN-COLISTIN-HC-THONZONIUM,10,3
"OTIC ANTI-INFECTIVES",NEOMYCIN-COLISTIN-HC-THONZONIUM,12,4
"OTIC ANTI-INFECTIVES",NEOMYCIN-COLISTIN-HC-THONZONIUM,13,4
"OTIC ANTI-INFECTIVES",NEOMYCIN-COLISTIN-HC-THONZONIUM,14,3
"OTIC ANTI-INFECTIVES",NEOMYCIN-COLISTIN-HC-THONZONIUM,15,1
"OTIC ANTI-INFECTIVES",NEOMYCIN-COLISTIN-HC-THONZONIUM,17,4
"OTIC ANTI-INFECTIVES",NEOMYCIN-COLISTIN-HC-THONZONIUM,19,1
"OTIC ANTI-INFECTIVES",NEOMYCIN-COLISTIN-HC-THONZONIUM,20,1
"OTIC ANTI-INFECTIVES",NEOMYCIN-COLISTIN-HC-THONZONIUM,21,1
"OTIC ANTI-INFECTIVES",NEOMYCIN-COLISTIN-HC-THONZONIUM,22,1
"OTIC ANTI-INFECTIVES",NEOMYCIN-COLISTIN-HC-THONZONIUM,23,1
"OTIC ANTI-INFECTIVES",NEOMYCIN-COLISTIN-HC-THONZONIUM,24,3
"OTIC ANTI-INFECTIVES",NEOMYCIN-COLISTIN-HC-THONZONIUM,26,1
"OTIC ANTI-INFECTIVES",NEOMYCIN-COLISTIN-HC-THONZONIUM,27,1
"OTIC ANTI-INFECTIVES",NEOMYCIN-COLISTIN-HC-THONZONIUM,28,2
"OTIC ANTI-INFECTIVES",NEOMYCIN-COLISTIN-HC-THONZONIUM,30,1
"OTIC ANTI-INFECTIVES",NEOMYCIN-COLISTIN-HC-THONZONIUM,32,1
"OTIC ANTI-INFECTIVES",NEOMYCIN-COLISTIN-HC-THONZONIUM,35,1
"OTIC ANTI-INFECTIVES",NEOMYCIN-COLISTIN-HC-THONZONIUM,36,1
"OTIC ANTI-INFECTIVES",NEOMYCIN-COLISTIN-HC-THONZONIUM,37,2
"OTIC ANTI-INFECTIVES",NEOMYCIN-COLISTIN-HC-THONZONIUM,38,2
"OTIC ANTI-INFECTIVES",NEOMYCIN-COLISTIN-HC-THONZONIUM,39,1
"OTIC ANTI-INFECTIVES",NEOMYCIN-COLISTIN-HC-THONZONIUM,41,2
"OTIC ANTI-INFECTIVES",NEOMYCIN-COLISTIN-HC-THONZONIUM,43,3
"OTIC ANTI-INFECTIVES",NEOMYCIN-COLISTIN-HC-THONZONIUM,44,2
"OTIC ANTI-INFECTIVES",NEOMYCIN-COLISTIN-HC-THONZONIUM,47,3
"OTIC ANTI-INFECTIVES",NEOMYCIN-COLISTIN-HC-THONZONIUM,48,2
"OTIC ANTI-INFECTIVES",NEOMYCIN-COLISTIN-HC-THONZONIUM,50,1
"OTIC ANTI-INFECTIVES",NEOMYCIN-COLISTIN-HC-THONZONIUM,52,5
"OTIC ANTI-INFECTIVES",NEOMYCIN-COLISTIN-HC-THONZONIUM,53,1
"OTIC ANTI-INFECTIVES",NEOMYCIN-COLISTIN-HC-THONZONIUM,54,4
"OTIC ANTI-INFECTIVES",NEOMYCIN-COLISTIN-HC-THONZONIUM,55,4
"OTIC ANTI-INFECTIVES",NEOMYCIN-COLISTIN-HC-THONZONIUM,56,2
"OTIC ANTI-INFECTIVES",NEOMYCIN-COLISTIN-HC-THONZONIUM,58,2
"OTIC ANTI-INFECTIVES",NEOMYCIN-COLISTIN-HC-THONZONIUM,59,1
"OTIC ANTI-INFECTIVES",NEOMYCIN-COLISTIN-HC-THONZONIUM,60,2
"OTIC ANTI-INFECTIVES",NEOMYCIN-COLISTIN-HC-THONZONIUM,61,2
"OTIC ANTI-INFECTIVES",NEOMYCIN-COLISTIN-HC-THONZONIUM,62,3
"OTIC ANTI-INFECTIVES",NEOMYCIN-COLISTIN-HC-THONZONIUM,63,2
"OTIC ANTI-INFECTIVES",NEOMYCIN-COLISTIN-HC-THONZONIUM,64,3
"OTIC ANTI-INFECTIVES",NEOMYCIN-COLISTIN-HC-THONZONIUM,65,3
"OTIC ANTI-INFECTIVES",NEOMYCIN-COLISTIN-HC-THONZONIUM,66,1
"OTIC ANTI-INFECTIVES",NEOMYCIN-COLISTIN-HC-THONZONIUM,67,3
"OTIC ANTI-INFECTIVES",NEOMYCIN-COLISTIN-HC-THONZONIUM,68,2
"OTIC ANTI-INFECTIVES",NEOMYCIN-COLISTIN-HC-THONZONIUM,70,1
"OTIC ANTI-INFECTIVES",NEOMYCIN-COLISTIN-HC-THONZONIUM,73,2
"OTIC ANTI-INFECTIVES",NEOMYCIN-COLISTIN-HC-THONZONIUM,76,2
"OTIC ANTI-INFECTIVES",NEOMYCIN-COLISTIN-HC-THONZONIUM,80,1
"OTIC ANTI-INFECTIVES",NEOMYCIN-COLISTIN-HC-THONZONIUM,85,8
"OTIC ANTI-INFECTIVES","NEOMYCIN-POLYMYXIN-HC (OTIC)",-2,10
"OTIC ANTI-INFECTIVES","NEOMYCIN-POLYMYXIN-HC (OTIC)",0,11
"OTIC ANTI-INFECTIVES","NEOMYCIN-POLYMYXIN-HC (OTIC)",1,80
"OTIC ANTI-INFECTIVES","NEOMYCIN-POLYMYXIN-HC (OTIC)",2,66
"OTIC ANTI-INFECTIVES","NEOMYCIN-POLYMYXIN-HC (OTIC)",3,103
"OTIC ANTI-INFECTIVES","NEOMYCIN-POLYMYXIN-HC (OTIC)",4,135
"OTIC ANTI-INFECTIVES","NEOMYCIN-POLYMYXIN-HC (OTIC)",5,166
"OTIC ANTI-INFECTIVES","NEOMYCIN-POLYMYXIN-HC (OTIC)",6,193
"OTIC ANTI-INFECTIVES","NEOMYCIN-POLYMYXIN-HC (OTIC)",7,195
"OTIC ANTI-INFECTIVES","NEOMYCIN-POLYMYXIN-HC (OTIC)",8,189
"OTIC ANTI-INFECTIVES","NEOMYCIN-POLYMYXIN-HC (OTIC)",9,193
"OTIC ANTI-INFECTIVES","NEOMYCIN-POLYMYXIN-HC (OTIC)",10,219
"OTIC ANTI-INFECTIVES","NEOMYCIN-POLYMYXIN-HC (OTIC)",11,250
"OTIC ANTI-INFECTIVES","NEOMYCIN-POLYMYXIN-HC (OTIC)",12,208
"OTIC ANTI-INFECTIVES","NEOMYCIN-POLYMYXIN-HC (OTIC)",13,184
"OTIC ANTI-INFECTIVES","NEOMYCIN-POLYMYXIN-HC (OTIC)",14,150
"OTIC ANTI-INFECTIVES","NEOMYCIN-POLYMYXIN-HC (OTIC)",15,158
"OTIC ANTI-INFECTIVES","NEOMYCIN-POLYMYXIN-HC (OTIC)",16,126
"OTIC ANTI-INFECTIVES","NEOMYCIN-POLYMYXIN-HC (OTIC)",17,122
"OTIC ANTI-INFECTIVES","NEOMYCIN-POLYMYXIN-HC (OTIC)",18,127
"OTIC ANTI-INFECTIVES","NEOMYCIN-POLYMYXIN-HC (OTIC)",19,92
"OTIC ANTI-INFECTIVES","NEOMYCIN-POLYMYXIN-HC (OTIC)",20,102
"OTIC ANTI-INFECTIVES","NEOMYCIN-POLYMYXIN-HC (OTIC)",21,100
"OTIC ANTI-INFECTIVES","NEOMYCIN-POLYMYXIN-HC (OTIC)",22,112
"OTIC ANTI-INFECTIVES","NEOMYCIN-POLYMYXIN-HC (OTIC)",23,111
"OTIC ANTI-INFECTIVES","NEOMYCIN-POLYMYXIN-HC (OTIC)",24,120
"OTIC ANTI-INFECTIVES","NEOMYCIN-POLYMYXIN-HC (OTIC)",25,106
"OTIC ANTI-INFECTIVES","NEOMYCIN-POLYMYXIN-HC (OTIC)",26,101
"OTIC ANTI-INFECTIVES","NEOMYCIN-POLYMYXIN-HC (OTIC)",27,105
"OTIC ANTI-INFECTIVES","NEOMYCIN-POLYMYXIN-HC (OTIC)",28,96
"OTIC ANTI-INFECTIVES","NEOMYCIN-POLYMYXIN-HC (OTIC)",29,111
"OTIC ANTI-INFECTIVES","NEOMYCIN-POLYMYXIN-HC (OTIC)",30,103
"OTIC ANTI-INFECTIVES","NEOMYCIN-POLYMYXIN-HC (OTIC)",31,130
"OTIC ANTI-INFECTIVES","NEOMYCIN-POLYMYXIN-HC (OTIC)",32,108
"OTIC ANTI-INFECTIVES","NEOMYCIN-POLYMYXIN-HC (OTIC)",33,109
"OTIC ANTI-INFECTIVES","NEOMYCIN-POLYMYXIN-HC (OTIC)",34,110
"OTIC ANTI-INFECTIVES","NEOMYCIN-POLYMYXIN-HC (OTIC)",35,105
"OTIC ANTI-INFECTIVES","NEOMYCIN-POLYMYXIN-HC (OTIC)",36,94
"OTIC ANTI-INFECTIVES","NEOMYCIN-POLYMYXIN-HC (OTIC)",37,132
"OTIC ANTI-INFECTIVES","NEOMYCIN-POLYMYXIN-HC (OTIC)",38,120
"OTIC ANTI-INFECTIVES","NEOMYCIN-POLYMYXIN-HC (OTIC)",39,113
"OTIC ANTI-INFECTIVES","NEOMYCIN-POLYMYXIN-HC (OTIC)",40,119
"OTIC ANTI-INFECTIVES","NEOMYCIN-POLYMYXIN-HC (OTIC)",41,93
"OTIC ANTI-INFECTIVES","NEOMYCIN-POLYMYXIN-HC (OTIC)",42,112
"OTIC ANTI-INFECTIVES","NEOMYCIN-POLYMYXIN-HC (OTIC)",43,82
"OTIC ANTI-INFECTIVES","NEOMYCIN-POLYMYXIN-HC (OTIC)",44,103
"OTIC ANTI-INFECTIVES","NEOMYCIN-POLYMYXIN-HC (OTIC)",45,122
"OTIC ANTI-INFECTIVES","NEOMYCIN-POLYMYXIN-HC (OTIC)",46,110
"OTIC ANTI-INFECTIVES","NEOMYCIN-POLYMYXIN-HC (OTIC)",47,121
"OTIC ANTI-INFECTIVES","NEOMYCIN-POLYMYXIN-HC (OTIC)",48,115
"OTIC ANTI-INFECTIVES","NEOMYCIN-POLYMYXIN-HC (OTIC)",49,119
"OTIC ANTI-INFECTIVES","NEOMYCIN-POLYMYXIN-HC (OTIC)",50,112
"OTIC ANTI-INFECTIVES","NEOMYCIN-POLYMYXIN-HC (OTIC)",51,120
"OTIC ANTI-INFECTIVES","NEOMYCIN-POLYMYXIN-HC (OTIC)",52,136
"OTIC ANTI-INFECTIVES","NEOMYCIN-POLYMYXIN-HC (OTIC)",53,134
"OTIC ANTI-INFECTIVES","NEOMYCIN-POLYMYXIN-HC (OTIC)",54,133
"OTIC ANTI-INFECTIVES","NEOMYCIN-POLYMYXIN-HC (OTIC)",55,120
"OTIC ANTI-INFECTIVES","NEOMYCIN-POLYMYXIN-HC (OTIC)",56,132
"OTIC ANTI-INFECTIVES","NEOMYCIN-POLYMYXIN-HC (OTIC)",57,145
"OTIC ANTI-INFECTIVES","NEOMYCIN-POLYMYXIN-HC (OTIC)",58,153
"OTIC ANTI-INFECTIVES","NEOMYCIN-POLYMYXIN-HC (OTIC)",59,163
"OTIC ANTI-INFECTIVES","NEOMYCIN-POLYMYXIN-HC (OTIC)",60,159
"OTIC ANTI-INFECTIVES","NEOMYCIN-POLYMYXIN-HC (OTIC)",61,163
"OTIC ANTI-INFECTIVES","NEOMYCIN-POLYMYXIN-HC (OTIC)",62,128
"OTIC ANTI-INFECTIVES","NEOMYCIN-POLYMYXIN-HC (OTIC)",63,124
"OTIC ANTI-INFECTIVES","NEOMYCIN-POLYMYXIN-HC (OTIC)",64,147
"OTIC ANTI-INFECTIVES","NEOMYCIN-POLYMYXIN-HC (OTIC)",65,136
"OTIC ANTI-INFECTIVES","NEOMYCIN-POLYMYXIN-HC (OTIC)",66,117
"OTIC ANTI-INFECTIVES","NEOMYCIN-POLYMYXIN-HC (OTIC)",67,128
"OTIC ANTI-INFECTIVES","NEOMYCIN-POLYMYXIN-HC (OTIC)",68,107
"OTIC ANTI-INFECTIVES","NEOMYCIN-POLYMYXIN-HC (OTIC)",69,118
"OTIC ANTI-INFECTIVES","NEOMYCIN-POLYMYXIN-HC (OTIC)",70,129
"OTIC ANTI-INFECTIVES","NEOMYCIN-POLYMYXIN-HC (OTIC)",71,111
"OTIC ANTI-INFECTIVES","NEOMYCIN-POLYMYXIN-HC (OTIC)",72,113
"OTIC ANTI-INFECTIVES","NEOMYCIN-POLYMYXIN-HC (OTIC)",73,92
"OTIC ANTI-INFECTIVES","NEOMYCIN-POLYMYXIN-HC (OTIC)",74,105
"OTIC ANTI-INFECTIVES","NEOMYCIN-POLYMYXIN-HC (OTIC)",75,82
"OTIC ANTI-INFECTIVES","NEOMYCIN-POLYMYXIN-HC (OTIC)",76,90
"OTIC ANTI-INFECTIVES","NEOMYCIN-POLYMYXIN-HC (OTIC)",77,64
"OTIC ANTI-INFECTIVES","NEOMYCIN-POLYMYXIN-HC (OTIC)",78,65
"OTIC ANTI-INFECTIVES","NEOMYCIN-POLYMYXIN-HC (OTIC)",79,61
"OTIC ANTI-INFECTIVES","NEOMYCIN-POLYMYXIN-HC (OTIC)",80,48
"OTIC ANTI-INFECTIVES","NEOMYCIN-POLYMYXIN-HC (OTIC)",81,58
"OTIC ANTI-INFECTIVES","NEOMYCIN-POLYMYXIN-HC (OTIC)",82,55
"OTIC ANTI-INFECTIVES","NEOMYCIN-POLYMYXIN-HC (OTIC)",83,20
"OTIC ANTI-INFECTIVES","NEOMYCIN-POLYMYXIN-HC (OTIC)",84,9
"OTIC ANTI-INFECTIVES","NEOMYCIN-POLYMYXIN-HC (OTIC)",85,321
"OTIC ANTI-INFECTIVES","OFLOXACIN (OTIC)",-2,1
"OTIC ANTI-INFECTIVES","OFLOXACIN (OTIC)",0,19
"OTIC ANTI-INFECTIVES","OFLOXACIN (OTIC)",1,245
"OTIC ANTI-INFECTIVES","OFLOXACIN (OTIC)",2,359
"OTIC ANTI-INFECTIVES","OFLOXACIN (OTIC)",3,255
"OTIC ANTI-INFECTIVES","OFLOXACIN (OTIC)",4,192
"OTIC ANTI-INFECTIVES","OFLOXACIN (OTIC)",5,212
"OTIC ANTI-INFECTIVES","OFLOXACIN (OTIC)",6,199
"OTIC ANTI-INFECTIVES","OFLOXACIN (OTIC)",7,187
"OTIC ANTI-INFECTIVES","OFLOXACIN (OTIC)",8,171
"OTIC ANTI-INFECTIVES","OFLOXACIN (OTIC)",9,150
"OTIC ANTI-INFECTIVES","OFLOXACIN (OTIC)",10,163
"OTIC ANTI-INFECTIVES","OFLOXACIN (OTIC)",11,141
"OTIC ANTI-INFECTIVES","OFLOXACIN (OTIC)",12,145
"OTIC ANTI-INFECTIVES","OFLOXACIN (OTIC)",13,131
"OTIC ANTI-INFECTIVES","OFLOXACIN (OTIC)",14,104
"OTIC ANTI-INFECTIVES","OFLOXACIN (OTIC)",15,87
"OTIC ANTI-INFECTIVES","OFLOXACIN (OTIC)",16,98
"OTIC ANTI-INFECTIVES","OFLOXACIN (OTIC)",17,74
"OTIC ANTI-INFECTIVES","OFLOXACIN (OTIC)",18,76
"OTIC ANTI-INFECTIVES","OFLOXACIN (OTIC)",19,53
"OTIC ANTI-INFECTIVES","OFLOXACIN (OTIC)",20,44
"OTIC ANTI-INFECTIVES","OFLOXACIN (OTIC)",21,45
"OTIC ANTI-INFECTIVES","OFLOXACIN (OTIC)",22,49
"OTIC ANTI-INFECTIVES","OFLOXACIN (OTIC)",23,41
"OTIC ANTI-INFECTIVES","OFLOXACIN (OTIC)",24,54
"OTIC ANTI-INFECTIVES","OFLOXACIN (OTIC)",25,46
"OTIC ANTI-INFECTIVES","OFLOXACIN (OTIC)",26,40
"OTIC ANTI-INFECTIVES","OFLOXACIN (OTIC)",27,41
"OTIC ANTI-INFECTIVES","OFLOXACIN (OTIC)",28,43
"OTIC ANTI-INFECTIVES","OFLOXACIN (OTIC)",29,53
"OTIC ANTI-INFECTIVES","OFLOXACIN (OTIC)",30,47
"OTIC ANTI-INFECTIVES","OFLOXACIN (OTIC)",31,53
"OTIC ANTI-INFECTIVES","OFLOXACIN (OTIC)",32,51
"OTIC ANTI-INFECTIVES","OFLOXACIN (OTIC)",33,38
"OTIC ANTI-INFECTIVES","OFLOXACIN (OTIC)",34,51
"OTIC ANTI-INFECTIVES","OFLOXACIN (OTIC)",35,40
"OTIC ANTI-INFECTIVES","OFLOXACIN (OTIC)",36,49
"OTIC ANTI-INFECTIVES","OFLOXACIN (OTIC)",37,62
"OTIC ANTI-INFECTIVES","OFLOXACIN (OTIC)",38,39
"OTIC ANTI-INFECTIVES","OFLOXACIN (OTIC)",39,43
"OTIC ANTI-INFECTIVES","OFLOXACIN (OTIC)",40,41
"OTIC ANTI-INFECTIVES","OFLOXACIN (OTIC)",41,64
"OTIC ANTI-INFECTIVES","OFLOXACIN (OTIC)",42,42
"OTIC ANTI-INFECTIVES","OFLOXACIN (OTIC)",43,43
"OTIC ANTI-INFECTIVES","OFLOXACIN (OTIC)",44,43
"OTIC ANTI-INFECTIVES","OFLOXACIN (OTIC)",45,36
"OTIC ANTI-INFECTIVES","OFLOXACIN (OTIC)",46,53
"OTIC ANTI-INFECTIVES","OFLOXACIN (OTIC)",47,43
"OTIC ANTI-INFECTIVES","OFLOXACIN (OTIC)",48,42
"OTIC ANTI-INFECTIVES","OFLOXACIN (OTIC)",49,54
"OTIC ANTI-INFECTIVES","OFLOXACIN (OTIC)",50,38
"OTIC ANTI-INFECTIVES","OFLOXACIN (OTIC)",51,50
"OTIC ANTI-INFECTIVES","OFLOXACIN (OTIC)",52,55
"OTIC ANTI-INFECTIVES","OFLOXACIN (OTIC)",53,28
"OTIC ANTI-INFECTIVES","OFLOXACIN (OTIC)",54,42
"OTIC ANTI-INFECTIVES","OFLOXACIN (OTIC)",55,57
"OTIC ANTI-INFECTIVES","OFLOXACIN (OTIC)",56,48
"OTIC ANTI-INFECTIVES","OFLOXACIN (OTIC)",57,36
"OTIC ANTI-INFECTIVES","OFLOXACIN (OTIC)",58,53
"OTIC ANTI-INFECTIVES","OFLOXACIN (OTIC)",59,44
"OTIC ANTI-INFECTIVES","OFLOXACIN (OTIC)",60,40
"OTIC ANTI-INFECTIVES","OFLOXACIN (OTIC)",61,44
"OTIC ANTI-INFECTIVES","OFLOXACIN (OTIC)",62,42
"OTIC ANTI-INFECTIVES","OFLOXACIN (OTIC)",63,47
"OTIC ANTI-INFECTIVES","OFLOXACIN (OTIC)",64,35
"OTIC ANTI-INFECTIVES","OFLOXACIN (OTIC)",65,43
"OTIC ANTI-INFECTIVES","OFLOXACIN (OTIC)",66,39
"OTIC ANTI-INFECTIVES","OFLOXACIN (OTIC)",67,48
"OTIC ANTI-INFECTIVES","OFLOXACIN (OTIC)",68,35
"OTIC ANTI-INFECTIVES","OFLOXACIN (OTIC)",69,29
"OTIC ANTI-INFECTIVES","OFLOXACIN (OTIC)",70,42
"OTIC ANTI-INFECTIVES","OFLOXACIN (OTIC)",71,35
"OTIC ANTI-INFECTIVES","OFLOXACIN (OTIC)",72,34
"OTIC ANTI-INFECTIVES","OFLOXACIN (OTIC)",73,26
"OTIC ANTI-INFECTIVES","OFLOXACIN (OTIC)",74,29
"OTIC ANTI-INFECTIVES","OFLOXACIN (OTIC)",75,29
"OTIC ANTI-INFECTIVES","OFLOXACIN (OTIC)",76,30
"OTIC ANTI-INFECTIVES","OFLOXACIN (OTIC)",77,29
"OTIC ANTI-INFECTIVES","OFLOXACIN (OTIC)",78,27
"OTIC ANTI-INFECTIVES","OFLOXACIN (OTIC)",79,24
"OTIC ANTI-INFECTIVES","OFLOXACIN (OTIC)",80,15
"OTIC ANTI-INFECTIVES","OFLOXACIN (OTIC)",81,15
"OTIC ANTI-INFECTIVES","OFLOXACIN (OTIC)",82,20
"OTIC ANTI-INFECTIVES","OFLOXACIN (OTIC)",83,7
"OTIC ANTI-INFECTIVES","OFLOXACIN (OTIC)",84,5
"OTIC ANTI-INFECTIVES","OFLOXACIN (OTIC)",85,141
OXAZOLIDINONES,LINEZOLID,0,2
OXAZOLIDINONES,LINEZOLID,3,1
OXAZOLIDINONES,LINEZOLID,5,2
OXAZOLIDINONES,LINEZOLID,6,2
OXAZOLIDINONES,LINEZOLID,7,1
OXAZOLIDINONES,LINEZOLID,14,1
OXAZOLIDINONES,LINEZOLID,15,2
OXAZOLIDINONES,LINEZOLID,17,2
OXAZOLIDINONES,LINEZOLID,18,1
OXAZOLIDINONES,LINEZOLID,19,4
OXAZOLIDINONES,LINEZOLID,20,5
OXAZOLIDINONES,LINEZOLID,21,4
OXAZOLIDINONES,LINEZOLID,22,4
OXAZOLIDINONES,LINEZOLID,23,5
OXAZOLIDINONES,LINEZOLID,24,6
OXAZOLIDINONES,LINEZOLID,25,3
OXAZOLIDINONES,LINEZOLID,26,2
OXAZOLIDINONES,LINEZOLID,28,1
OXAZOLIDINONES,LINEZOLID,30,5
OXAZOLIDINONES,LINEZOLID,31,4
OXAZOLIDINONES,LINEZOLID,32,5
OXAZOLIDINONES,LINEZOLID,33,3
OXAZOLIDINONES,LINEZOLID,34,9
OXAZOLIDINONES,LINEZOLID,35,1
OXAZOLIDINONES,LINEZOLID,36,5
OXAZOLIDINONES,LINEZOLID,37,6
OXAZOLIDINONES,LINEZOLID,38,3
OXAZOLIDINONES,LINEZOLID,39,1
OXAZOLIDINONES,LINEZOLID,40,6
OXAZOLIDINONES,LINEZOLID,41,3
OXAZOLIDINONES,LINEZOLID,42,11
OXAZOLIDINONES,LINEZOLID,43,8
OXAZOLIDINONES,LINEZOLID,44,6
OXAZOLIDINONES,LINEZOLID,45,3
OXAZOLIDINONES,LINEZOLID,46,8
OXAZOLIDINONES,LINEZOLID,47,7
OXAZOLIDINONES,LINEZOLID,48,9
OXAZOLIDINONES,LINEZOLID,49,5
OXAZOLIDINONES,LINEZOLID,50,6
OXAZOLIDINONES,LINEZOLID,51,8
OXAZOLIDINONES,LINEZOLID,52,6
OXAZOLIDINONES,LINEZOLID,53,9
OXAZOLIDINONES,LINEZOLID,54,13
OXAZOLIDINONES,LINEZOLID,55,12
OXAZOLIDINONES,LINEZOLID,56,15
OXAZOLIDINONES,LINEZOLID,57,15
OXAZOLIDINONES,LINEZOLID,58,8
OXAZOLIDINONES,LINEZOLID,59,8
OXAZOLIDINONES,LINEZOLID,60,11
OXAZOLIDINONES,LINEZOLID,61,11
OXAZOLIDINONES,LINEZOLID,62,14
OXAZOLIDINONES,LINEZOLID,63,14
OXAZOLIDINONES,LINEZOLID,64,11
OXAZOLIDINONES,LINEZOLID,65,9
OXAZOLIDINONES,LINEZOLID,66,20
OXAZOLIDINONES,LINEZOLID,67,15
OXAZOLIDINONES,LINEZOLID,68,15
OXAZOLIDINONES,LINEZOLID,69,8
OXAZOLIDINONES,LINEZOLID,70,11
OXAZOLIDINONES,LINEZOLID,71,12
OXAZOLIDINONES,LINEZOLID,72,13
OXAZOLIDINONES,LINEZOLID,73,13
OXAZOLIDINONES,LINEZOLID,74,9
OXAZOLIDINONES,LINEZOLID,75,7
OXAZOLIDINONES,LINEZOLID,76,8
OXAZOLIDINONES,LINEZOLID,77,11
OXAZOLIDINONES,LINEZOLID,78,3
OXAZOLIDINONES,LINEZOLID,79,6
OXAZOLIDINONES,LINEZOLID,80,9
OXAZOLIDINONES,LINEZOLID,81,10
OXAZOLIDINONES,LINEZOLID,82,2
OXAZOLIDINONES,LINEZOLID,83,2
OXAZOLIDINONES,LINEZOLID,84,3
OXAZOLIDINONES,LINEZOLID,85,39
OXAZOLIDINONES,"TEDIZOLID PHOSPHATE",19,2
OXAZOLIDINONES,"TEDIZOLID PHOSPHATE",22,1
OXAZOLIDINONES,"TEDIZOLID PHOSPHATE",25,1
OXAZOLIDINONES,"TEDIZOLID PHOSPHATE",28,1
OXAZOLIDINONES,"TEDIZOLID PHOSPHATE",29,1
OXAZOLIDINONES,"TEDIZOLID PHOSPHATE",30,2
OXAZOLIDINONES,"TEDIZOLID PHOSPHATE",34,2
OXAZOLIDINONES,"TEDIZOLID PHOSPHATE",39,1
OXAZOLIDINONES,"TEDIZOLID PHOSPHATE",45,2
OXAZOLIDINONES,"TEDIZOLID PHOSPHATE",46,1
OXAZOLIDINONES,"TEDIZOLID PHOSPHATE",49,1
OXAZOLIDINONES,"TEDIZOLID PHOSPHATE",51,1
OXAZOLIDINONES,"TEDIZOLID PHOSPHATE",55,1
OXAZOLIDINONES,"TEDIZOLID PHOSPHATE",60,3
OXAZOLIDINONES,"TEDIZOLID PHOSPHATE",61,1
OXAZOLIDINONES,"TEDIZOLID PHOSPHATE",62,1
OXAZOLIDINONES,"TEDIZOLID PHOSPHATE",65,1
OXAZOLIDINONES,"TEDIZOLID PHOSPHATE",67,3
OXAZOLIDINONES,"TEDIZOLID PHOSPHATE",69,1
OXAZOLIDINONES,"TEDIZOLID PHOSPHATE",70,1
OXAZOLIDINONES,"TEDIZOLID PHOSPHATE",71,1
OXAZOLIDINONES,"TEDIZOLID PHOSPHATE",72,1
OXAZOLIDINONES,"TEDIZOLID PHOSPHATE",73,1
OXAZOLIDINONES,"TEDIZOLID PHOSPHATE",79,1
OXAZOLIDINONES,"TEDIZOLID PHOSPHATE",80,1
OXAZOLIDINONES,"TEDIZOLID PHOSPHATE",85,3
"SULFONAMIDES & TRIMETHOPRIM",SULFADIAZINE,1,1
"SULFONAMIDES & TRIMETHOPRIM",SULFADIAZINE,23,1
"SULFONAMIDES & TRIMETHOPRIM",SULFADIAZINE,30,1
"SULFONAMIDES & TRIMETHOPRIM",SULFADIAZINE,36,1
"SULFONAMIDES & TRIMETHOPRIM",SULFADIAZINE,38,1
"SULFONAMIDES & TRIMETHOPRIM",SULFADIAZINE,42,2
"SULFONAMIDES & TRIMETHOPRIM",SULFADIAZINE,48,1
"SULFONAMIDES & TRIMETHOPRIM",SULFADIAZINE,53,1
"SULFONAMIDES & TRIMETHOPRIM",SULFADIAZINE,57,1
"SULFONAMIDES & TRIMETHOPRIM",SULFADIAZINE,59,1
"SULFONAMIDES & TRIMETHOPRIM",SULFADIAZINE,61,2
"SULFONAMIDES & TRIMETHOPRIM",SULFADIAZINE,70,1
"SULFONAMIDES & TRIMETHOPRIM",SULFADIAZINE,71,1
"SULFONAMIDES & TRIMETHOPRIM",SULFADIAZINE,77,1
"SULFONAMIDES & TRIMETHOPRIM",SULFAMETHOXAZOLE-TRIMETHOPRIM,-2,76
"SULFONAMIDES & TRIMETHOPRIM",SULFAMETHOXAZOLE-TRIMETHOPRIM,0,136
"SULFONAMIDES & TRIMETHOPRIM",SULFAMETHOXAZOLE-TRIMETHOPRIM,1,591
"SULFONAMIDES & TRIMETHOPRIM",SULFAMETHOXAZOLE-TRIMETHOPRIM,2,573
"SULFONAMIDES & TRIMETHOPRIM",SULFAMETHOXAZOLE-TRIMETHOPRIM,3,560
"SULFONAMIDES & TRIMETHOPRIM",SULFAMETHOXAZOLE-TRIMETHOPRIM,4,504
"SULFONAMIDES & TRIMETHOPRIM",SULFAMETHOXAZOLE-TRIMETHOPRIM,5,471
"SULFONAMIDES & TRIMETHOPRIM",SULFAMETHOXAZOLE-TRIMETHOPRIM,6,486
"SULFONAMIDES & TRIMETHOPRIM",SULFAMETHOXAZOLE-TRIMETHOPRIM,7,444
"SULFONAMIDES & TRIMETHOPRIM",SULFAMETHOXAZOLE-TRIMETHOPRIM,8,404
"SULFONAMIDES & TRIMETHOPRIM",SULFAMETHOXAZOLE-TRIMETHOPRIM,9,381
"SULFONAMIDES & TRIMETHOPRIM",SULFAMETHOXAZOLE-TRIMETHOPRIM,10,350
"SULFONAMIDES & TRIMETHOPRIM",SULFAMETHOXAZOLE-TRIMETHOPRIM,11,367
"SULFONAMIDES & TRIMETHOPRIM",SULFAMETHOXAZOLE-TRIMETHOPRIM,12,308
"SULFONAMIDES & TRIMETHOPRIM",SULFAMETHOXAZOLE-TRIMETHOPRIM,13,325
"SULFONAMIDES & TRIMETHOPRIM",SULFAMETHOXAZOLE-TRIMETHOPRIM,14,413
"SULFONAMIDES & TRIMETHOPRIM",SULFAMETHOXAZOLE-TRIMETHOPRIM,15,504
"SULFONAMIDES & TRIMETHOPRIM",SULFAMETHOXAZOLE-TRIMETHOPRIM,16,676
"SULFONAMIDES & TRIMETHOPRIM",SULFAMETHOXAZOLE-TRIMETHOPRIM,17,751
"SULFONAMIDES & TRIMETHOPRIM",SULFAMETHOXAZOLE-TRIMETHOPRIM,18,809
"SULFONAMIDES & TRIMETHOPRIM",SULFAMETHOXAZOLE-TRIMETHOPRIM,19,830
"SULFONAMIDES & TRIMETHOPRIM",SULFAMETHOXAZOLE-TRIMETHOPRIM,20,845
"SULFONAMIDES & TRIMETHOPRIM",SULFAMETHOXAZOLE-TRIMETHOPRIM,21,851
"SULFONAMIDES & TRIMETHOPRIM",SULFAMETHOXAZOLE-TRIMETHOPRIM,22,796
"SULFONAMIDES & TRIMETHOPRIM",SULFAMETHOXAZOLE-TRIMETHOPRIM,23,795
"SULFONAMIDES & TRIMETHOPRIM",SULFAMETHOXAZOLE-TRIMETHOPRIM,24,784
"SULFONAMIDES & TRIMETHOPRIM",SULFAMETHOXAZOLE-TRIMETHOPRIM,25,731
"SULFONAMIDES & TRIMETHOPRIM",SULFAMETHOXAZOLE-TRIMETHOPRIM,26,785
"SULFONAMIDES & TRIMETHOPRIM",SULFAMETHOXAZOLE-TRIMETHOPRIM,27,777
"SULFONAMIDES & TRIMETHOPRIM",SULFAMETHOXAZOLE-TRIMETHOPRIM,28,879
"SULFONAMIDES & TRIMETHOPRIM",SULFAMETHOXAZOLE-TRIMETHOPRIM,29,811
"SULFONAMIDES & TRIMETHOPRIM",SULFAMETHOXAZOLE-TRIMETHOPRIM,30,793
"SULFONAMIDES & TRIMETHOPRIM",SULFAMETHOXAZOLE-TRIMETHOPRIM,31,804
"SULFONAMIDES & TRIMETHOPRIM",SULFAMETHOXAZOLE-TRIMETHOPRIM,32,798
"SULFONAMIDES & TRIMETHOPRIM",SULFAMETHOXAZOLE-TRIMETHOPRIM,33,805
"SULFONAMIDES & TRIMETHOPRIM",SULFAMETHOXAZOLE-TRIMETHOPRIM,34,820
"SULFONAMIDES & TRIMETHOPRIM",SULFAMETHOXAZOLE-TRIMETHOPRIM,35,857
"SULFONAMIDES & TRIMETHOPRIM",SULFAMETHOXAZOLE-TRIMETHOPRIM,36,823
"SULFONAMIDES & TRIMETHOPRIM",SULFAMETHOXAZOLE-TRIMETHOPRIM,37,875
"SULFONAMIDES & TRIMETHOPRIM",SULFAMETHOXAZOLE-TRIMETHOPRIM,38,958
"SULFONAMIDES & TRIMETHOPRIM",SULFAMETHOXAZOLE-TRIMETHOPRIM,39,824
"SULFONAMIDES & TRIMETHOPRIM",SULFAMETHOXAZOLE-TRIMETHOPRIM,40,870
"SULFONAMIDES & TRIMETHOPRIM",SULFAMETHOXAZOLE-TRIMETHOPRIM,41,810
"SULFONAMIDES & TRIMETHOPRIM",SULFAMETHOXAZOLE-TRIMETHOPRIM,42,853
"SULFONAMIDES & TRIMETHOPRIM",SULFAMETHOXAZOLE-TRIMETHOPRIM,43,854
"SULFONAMIDES & TRIMETHOPRIM",SULFAMETHOXAZOLE-TRIMETHOPRIM,44,883
"SULFONAMIDES & TRIMETHOPRIM",SULFAMETHOXAZOLE-TRIMETHOPRIM,45,870
"SULFONAMIDES & TRIMETHOPRIM",SULFAMETHOXAZOLE-TRIMETHOPRIM,46,843
"SULFONAMIDES & TRIMETHOPRIM",SULFAMETHOXAZOLE-TRIMETHOPRIM,47,949
"SULFONAMIDES & TRIMETHOPRIM",SULFAMETHOXAZOLE-TRIMETHOPRIM,48,935
"SULFONAMIDES & TRIMETHOPRIM",SULFAMETHOXAZOLE-TRIMETHOPRIM,49,959
"SULFONAMIDES & TRIMETHOPRIM",SULFAMETHOXAZOLE-TRIMETHOPRIM,50,975
"SULFONAMIDES & TRIMETHOPRIM",SULFAMETHOXAZOLE-TRIMETHOPRIM,51,960
"SULFONAMIDES & TRIMETHOPRIM",SULFAMETHOXAZOLE-TRIMETHOPRIM,52,940
"SULFONAMIDES & TRIMETHOPRIM",SULFAMETHOXAZOLE-TRIMETHOPRIM,53,979
"SULFONAMIDES & TRIMETHOPRIM",SULFAMETHOXAZOLE-TRIMETHOPRIM,54,1022
"SULFONAMIDES & TRIMETHOPRIM",SULFAMETHOXAZOLE-TRIMETHOPRIM,55,1094
"SULFONAMIDES & TRIMETHOPRIM",SULFAMETHOXAZOLE-TRIMETHOPRIM,56,1074
"SULFONAMIDES & TRIMETHOPRIM",SULFAMETHOXAZOLE-TRIMETHOPRIM,57,1139
"SULFONAMIDES & TRIMETHOPRIM",SULFAMETHOXAZOLE-TRIMETHOPRIM,58,1153
"SULFONAMIDES & TRIMETHOPRIM",SULFAMETHOXAZOLE-TRIMETHOPRIM,59,1088
"SULFONAMIDES & TRIMETHOPRIM",SULFAMETHOXAZOLE-TRIMETHOPRIM,60,1102
"SULFONAMIDES & TRIMETHOPRIM",SULFAMETHOXAZOLE-TRIMETHOPRIM,61,1100
"SULFONAMIDES & TRIMETHOPRIM",SULFAMETHOXAZOLE-TRIMETHOPRIM,62,1137
"SULFONAMIDES & TRIMETHOPRIM",SULFAMETHOXAZOLE-TRIMETHOPRIM,63,1107
"SULFONAMIDES & TRIMETHOPRIM",SULFAMETHOXAZOLE-TRIMETHOPRIM,64,1113
"SULFONAMIDES & TRIMETHOPRIM",SULFAMETHOXAZOLE-TRIMETHOPRIM,65,1100
"SULFONAMIDES & TRIMETHOPRIM",SULFAMETHOXAZOLE-TRIMETHOPRIM,66,1049
"SULFONAMIDES & TRIMETHOPRIM",SULFAMETHOXAZOLE-TRIMETHOPRIM,67,1066
"SULFONAMIDES & TRIMETHOPRIM",SULFAMETHOXAZOLE-TRIMETHOPRIM,68,970
"SULFONAMIDES & TRIMETHOPRIM",SULFAMETHOXAZOLE-TRIMETHOPRIM,69,975
"SULFONAMIDES & TRIMETHOPRIM",SULFAMETHOXAZOLE-TRIMETHOPRIM,70,913
"SULFONAMIDES & TRIMETHOPRIM",SULFAMETHOXAZOLE-TRIMETHOPRIM,71,941
"SULFONAMIDES & TRIMETHOPRIM",SULFAMETHOXAZOLE-TRIMETHOPRIM,72,971
"SULFONAMIDES & TRIMETHOPRIM",SULFAMETHOXAZOLE-TRIMETHOPRIM,73,872
"SULFONAMIDES & TRIMETHOPRIM",SULFAMETHOXAZOLE-TRIMETHOPRIM,74,806
"SULFONAMIDES & TRIMETHOPRIM",SULFAMETHOXAZOLE-TRIMETHOPRIM,75,765
"SULFONAMIDES & TRIMETHOPRIM",SULFAMETHOXAZOLE-TRIMETHOPRIM,76,744
"SULFONAMIDES & TRIMETHOPRIM",SULFAMETHOXAZOLE-TRIMETHOPRIM,77,724
"SULFONAMIDES & TRIMETHOPRIM",SULFAMETHOXAZOLE-TRIMETHOPRIM,78,615
"SULFONAMIDES & TRIMETHOPRIM",SULFAMETHOXAZOLE-TRIMETHOPRIM,79,535
"SULFONAMIDES & TRIMETHOPRIM",SULFAMETHOXAZOLE-TRIMETHOPRIM,80,551
"SULFONAMIDES & TRIMETHOPRIM",SULFAMETHOXAZOLE-TRIMETHOPRIM,81,514
"SULFONAMIDES & TRIMETHOPRIM",SULFAMETHOXAZOLE-TRIMETHOPRIM,82,444
"SULFONAMIDES & TRIMETHOPRIM",SULFAMETHOXAZOLE-TRIMETHOPRIM,83,272
"SULFONAMIDES & TRIMETHOPRIM",SULFAMETHOXAZOLE-TRIMETHOPRIM,84,112
"SULFONAMIDES & TRIMETHOPRIM",SULFAMETHOXAZOLE-TRIMETHOPRIM,85,3201
"SULFONAMIDES & TRIMETHOPRIM",TRIMETHOPRIM,4,1
"SULFONAMIDES & TRIMETHOPRIM",TRIMETHOPRIM,5,2
"SULFONAMIDES & TRIMETHOPRIM",TRIMETHOPRIM,6,1
"SULFONAMIDES & TRIMETHOPRIM",TRIMETHOPRIM,7,1
"SULFONAMIDES & TRIMETHOPRIM",TRIMETHOPRIM,9,2
"SULFONAMIDES & TRIMETHOPRIM",TRIMETHOPRIM,10,4
"SULFONAMIDES & TRIMETHOPRIM",TRIMETHOPRIM,12,3
"SULFONAMIDES & TRIMETHOPRIM",TRIMETHOPRIM,13,3
"SULFONAMIDES & TRIMETHOPRIM",TRIMETHOPRIM,14,2
"SULFONAMIDES & TRIMETHOPRIM",TRIMETHOPRIM,15,2
"SULFONAMIDES & TRIMETHOPRIM",TRIMETHOPRIM,16,10
"SULFONAMIDES & TRIMETHOPRIM",TRIMETHOPRIM,17,6
"SULFONAMIDES & TRIMETHOPRIM",TRIMETHOPRIM,18,3
"SULFONAMIDES & TRIMETHOPRIM",TRIMETHOPRIM,19,6
"SULFONAMIDES & TRIMETHOPRIM",TRIMETHOPRIM,20,2
"SULFONAMIDES & TRIMETHOPRIM",TRIMETHOPRIM,21,5
"SULFONAMIDES & TRIMETHOPRIM",TRIMETHOPRIM,22,6
"SULFONAMIDES & TRIMETHOPRIM",TRIMETHOPRIM,23,1
"SULFONAMIDES & TRIMETHOPRIM",TRIMETHOPRIM,24,4
"SULFONAMIDES & TRIMETHOPRIM",TRIMETHOPRIM,25,1
"SULFONAMIDES & TRIMETHOPRIM",TRIMETHOPRIM,26,5
"SULFONAMIDES & TRIMETHOPRIM",TRIMETHOPRIM,27,3
"SULFONAMIDES & TRIMETHOPRIM",TRIMETHOPRIM,28,5
"SULFONAMIDES & TRIMETHOPRIM",TRIMETHOPRIM,29,1
"SULFONAMIDES & TRIMETHOPRIM",TRIMETHOPRIM,30,1
"SULFONAMIDES & TRIMETHOPRIM",TRIMETHOPRIM,31,3
"SULFONAMIDES & TRIMETHOPRIM",TRIMETHOPRIM,32,6
"SULFONAMIDES & TRIMETHOPRIM",TRIMETHOPRIM,33,1
"SULFONAMIDES & TRIMETHOPRIM",TRIMETHOPRIM,34,6
"SULFONAMIDES & TRIMETHOPRIM",TRIMETHOPRIM,35,5
"SULFONAMIDES & TRIMETHOPRIM",TRIMETHOPRIM,36,3
"SULFONAMIDES & TRIMETHOPRIM",TRIMETHOPRIM,37,6
"SULFONAMIDES & TRIMETHOPRIM",TRIMETHOPRIM,38,4
"SULFONAMIDES & TRIMETHOPRIM",TRIMETHOPRIM,39,9
"SULFONAMIDES & TRIMETHOPRIM",TRIMETHOPRIM,40,2
"SULFONAMIDES & TRIMETHOPRIM",TRIMETHOPRIM,41,5
"SULFONAMIDES & TRIMETHOPRIM",TRIMETHOPRIM,42,6
"SULFONAMIDES & TRIMETHOPRIM",TRIMETHOPRIM,43,6
"SULFONAMIDES & TRIMETHOPRIM",TRIMETHOPRIM,44,10
"SULFONAMIDES & TRIMETHOPRIM",TRIMETHOPRIM,45,9
"SULFONAMIDES & TRIMETHOPRIM",TRIMETHOPRIM,46,8
"SULFONAMIDES & TRIMETHOPRIM",TRIMETHOPRIM,47,10
"SULFONAMIDES & TRIMETHOPRIM",TRIMETHOPRIM,48,13
"SULFONAMIDES & TRIMETHOPRIM",TRIMETHOPRIM,49,7
"SULFONAMIDES & TRIMETHOPRIM",TRIMETHOPRIM,50,9
"SULFONAMIDES & TRIMETHOPRIM",TRIMETHOPRIM,51,5
"SULFONAMIDES & TRIMETHOPRIM",TRIMETHOPRIM,52,12
"SULFONAMIDES & TRIMETHOPRIM",TRIMETHOPRIM,53,9
"SULFONAMIDES & TRIMETHOPRIM",TRIMETHOPRIM,54,7
"SULFONAMIDES & TRIMETHOPRIM",TRIMETHOPRIM,55,14
"SULFONAMIDES & TRIMETHOPRIM",TRIMETHOPRIM,56,14
"SULFONAMIDES & TRIMETHOPRIM",TRIMETHOPRIM,57,12
"SULFONAMIDES & TRIMETHOPRIM",TRIMETHOPRIM,58,18
"SULFONAMIDES & TRIMETHOPRIM",TRIMETHOPRIM,59,15
"SULFONAMIDES & TRIMETHOPRIM",TRIMETHOPRIM,60,20
"SULFONAMIDES & TRIMETHOPRIM",TRIMETHOPRIM,61,19
"SULFONAMIDES & TRIMETHOPRIM",TRIMETHOPRIM,62,17
"SULFONAMIDES & TRIMETHOPRIM",TRIMETHOPRIM,63,20
"SULFONAMIDES & TRIMETHOPRIM",TRIMETHOPRIM,64,22
"SULFONAMIDES & TRIMETHOPRIM",TRIMETHOPRIM,65,27
"SULFONAMIDES & TRIMETHOPRIM",TRIMETHOPRIM,66,15
"SULFONAMIDES & TRIMETHOPRIM",TRIMETHOPRIM,67,27
"SULFONAMIDES & TRIMETHOPRIM",TRIMETHOPRIM,68,26
"SULFONAMIDES & TRIMETHOPRIM",TRIMETHOPRIM,69,25
"SULFONAMIDES & TRIMETHOPRIM",TRIMETHOPRIM,70,21
"SULFONAMIDES & TRIMETHOPRIM",TRIMETHOPRIM,71,36
"SULFONAMIDES & TRIMETHOPRIM",TRIMETHOPRIM,72,28
"SULFONAMIDES & TRIMETHOPRIM",TRIMETHOPRIM,73,35
"SULFONAMIDES & TRIMETHOPRIM",TRIMETHOPRIM,74,31
"SULFONAMIDES & TRIMETHOPRIM",TRIMETHOPRIM,75,33
"SULFONAMIDES & TRIMETHOPRIM",TRIMETHOPRIM,76,41
"SULFONAMIDES & TRIMETHOPRIM",TRIMETHOPRIM,77,37
"SULFONAMIDES & TRIMETHOPRIM",TRIMETHOPRIM,78,37
"SULFONAMIDES & TRIMETHOPRIM",TRIMETHOPRIM,79,33
"SULFONAMIDES & TRIMETHOPRIM",TRIMETHOPRIM,80,38
"SULFONAMIDES & TRIMETHOPRIM",TRIMETHOPRIM,81,41
"SULFONAMIDES & TRIMETHOPRIM",TRIMETHOPRIM,82,33
"SULFONAMIDES & TRIMETHOPRIM",TRIMETHOPRIM,83,24
"SULFONAMIDES & TRIMETHOPRIM",TRIMETHOPRIM,84,6
"SULFONAMIDES & TRIMETHOPRIM",TRIMETHOPRIM,85,324
"SULFONAMIDES & TRIMETHOPRIM","TRIMETHOPRIM HCL",1,1
"SULFONAMIDES & TRIMETHOPRIM","TRIMETHOPRIM HCL",2,1
"VAGINAL ANTI-INFECTIVES",,0,1
"VAGINAL ANTI-INFECTIVES",,1,1
"VAGINAL ANTI-INFECTIVES",,5,1
"VAGINAL ANTI-INFECTIVES",,6,1
"VAGINAL ANTI-INFECTIVES",,8,1
"VAGINAL ANTI-INFECTIVES",,17,1
"VAGINAL ANTI-INFECTIVES",,18,2
"VAGINAL ANTI-INFECTIVES",,19,3
"VAGINAL ANTI-INFECTIVES",,20,1
"VAGINAL ANTI-INFECTIVES",,21,5
"VAGINAL ANTI-INFECTIVES",,23,3
"VAGINAL ANTI-INFECTIVES",,24,3
"VAGINAL ANTI-INFECTIVES",,25,2
"VAGINAL ANTI-INFECTIVES",,26,4
"VAGINAL ANTI-INFECTIVES",,28,2
"VAGINAL ANTI-INFECTIVES",,29,6
"VAGINAL ANTI-INFECTIVES",,30,4
"VAGINAL ANTI-INFECTIVES",,31,3
"VAGINAL ANTI-INFECTIVES",,32,1
"VAGINAL ANTI-INFECTIVES",,35,1
"VAGINAL ANTI-INFECTIVES",,36,2
"VAGINAL ANTI-INFECTIVES",,37,2
"VAGINAL ANTI-INFECTIVES",,39,2
"VAGINAL ANTI-INFECTIVES",,40,2
"VAGINAL ANTI-INFECTIVES",,41,1
"VAGINAL ANTI-INFECTIVES",,42,2
"VAGINAL ANTI-INFECTIVES",,43,3
"VAGINAL ANTI-INFECTIVES",,44,1
"VAGINAL ANTI-INFECTIVES",,45,1
"VAGINAL ANTI-INFECTIVES",,46,1
"VAGINAL ANTI-INFECTIVES",,47,2
"VAGINAL ANTI-INFECTIVES",,50,1
"VAGINAL ANTI-INFECTIVES",,51,1
"VAGINAL ANTI-INFECTIVES",,52,1
"VAGINAL ANTI-INFECTIVES",,55,1
"VAGINAL ANTI-INFECTIVES",,57,1
"VAGINAL ANTI-INFECTIVES",,58,1
"VAGINAL ANTI-INFECTIVES",,63,2
"VAGINAL ANTI-INFECTIVES",,64,1
"VAGINAL ANTI-INFECTIVES",,67,1
"VAGINAL ANTI-INFECTIVES",,68,2
"VAGINAL ANTI-INFECTIVES",,72,1
"VAGINAL ANTI-INFECTIVES",,76,1
"VAGINAL ANTI-INFECTIVES",,83,1
"VAGINAL ANTI-INFECTIVES",,85,2
"VAGINAL ANTI-INFECTIVES","BUTOCONAZOLE NITRATE (ONE DOSE)",14,1
"VAGINAL ANTI-INFECTIVES","BUTOCONAZOLE NITRATE (ONE DOSE)",18,1
"VAGINAL ANTI-INFECTIVES","BUTOCONAZOLE NITRATE (ONE DOSE)",20,2
"VAGINAL ANTI-INFECTIVES","BUTOCONAZOLE NITRATE (ONE DOSE)",21,2
"VAGINAL ANTI-INFECTIVES","BUTOCONAZOLE NITRATE (ONE DOSE)",22,3
"VAGINAL ANTI-INFECTIVES","BUTOCONAZOLE NITRATE (ONE DOSE)",23,2
"VAGINAL ANTI-INFECTIVES","BUTOCONAZOLE NITRATE (ONE DOSE)",25,2
"VAGINAL ANTI-INFECTIVES","BUTOCONAZOLE NITRATE (ONE DOSE)",26,1
"VAGINAL ANTI-INFECTIVES","BUTOCONAZOLE NITRATE (ONE DOSE)",27,4
"VAGINAL ANTI-INFECTIVES","BUTOCONAZOLE NITRATE (ONE DOSE)",28,1
"VAGINAL ANTI-INFECTIVES","BUTOCONAZOLE NITRATE (ONE DOSE)",29,4
"VAGINAL ANTI-INFECTIVES","BUTOCONAZOLE NITRATE (ONE DOSE)",30,2
"VAGINAL ANTI-INFECTIVES","BUTOCONAZOLE NITRATE (ONE DOSE)",31,8
"VAGINAL ANTI-INFECTIVES","BUTOCONAZOLE NITRATE (ONE DOSE)",32,8
"VAGINAL ANTI-INFECTIVES","BUTOCONAZOLE NITRATE (ONE DOSE)",34,3
"VAGINAL ANTI-INFECTIVES","BUTOCONAZOLE NITRATE (ONE DOSE)",35,1
"VAGINAL ANTI-INFECTIVES","BUTOCONAZOLE NITRATE (ONE DOSE)",36,2
"VAGINAL ANTI-INFECTIVES","BUTOCONAZOLE NITRATE (ONE DOSE)",37,2
"VAGINAL ANTI-INFECTIVES","BUTOCONAZOLE NITRATE (ONE DOSE)",38,1
"VAGINAL ANTI-INFECTIVES","BUTOCONAZOLE NITRATE (ONE DOSE)",39,1
"VAGINAL ANTI-INFECTIVES","BUTOCONAZOLE NITRATE (ONE DOSE)",40,2
"VAGINAL ANTI-INFECTIVES","BUTOCONAZOLE NITRATE (ONE DOSE)",42,3
"VAGINAL ANTI-INFECTIVES","BUTOCONAZOLE NITRATE (ONE DOSE)",44,1
"VAGINAL ANTI-INFECTIVES","BUTOCONAZOLE NITRATE (ONE DOSE)",46,1
"VAGINAL ANTI-INFECTIVES","BUTOCONAZOLE NITRATE (ONE DOSE)",47,1
"VAGINAL ANTI-INFECTIVES","BUTOCONAZOLE NITRATE (ONE DOSE)",48,4
"VAGINAL ANTI-INFECTIVES","BUTOCONAZOLE NITRATE (ONE DOSE)",49,1
"VAGINAL ANTI-INFECTIVES","BUTOCONAZOLE NITRATE (ONE DOSE)",50,1
"VAGINAL ANTI-INFECTIVES","BUTOCONAZOLE NITRATE (ONE DOSE)",51,2
"VAGINAL ANTI-INFECTIVES","BUTOCONAZOLE NITRATE (ONE DOSE)",52,3
"VAGINAL ANTI-INFECTIVES","BUTOCONAZOLE NITRATE (ONE DOSE)",56,3
"VAGINAL ANTI-INFECTIVES","BUTOCONAZOLE NITRATE (ONE DOSE)",57,1
"VAGINAL ANTI-INFECTIVES","BUTOCONAZOLE NITRATE (ONE DOSE)",58,2
"VAGINAL ANTI-INFECTIVES","BUTOCONAZOLE NITRATE (ONE DOSE)",60,2
"VAGINAL ANTI-INFECTIVES","BUTOCONAZOLE NITRATE (ONE DOSE)",61,1
"VAGINAL ANTI-INFECTIVES","BUTOCONAZOLE NITRATE (ONE DOSE)",62,1
"VAGINAL ANTI-INFECTIVES","BUTOCONAZOLE NITRATE (ONE DOSE)",63,1
"VAGINAL ANTI-INFECTIVES","BUTOCONAZOLE NITRATE (ONE DOSE)",73,2
"VAGINAL ANTI-INFECTIVES","CLINDAMYCIN PHOSPHATE (ONE DOSE)",12,1
"VAGINAL ANTI-INFECTIVES","CLINDAMYCIN PHOSPHATE (ONE DOSE)",17,1
"VAGINAL ANTI-INFECTIVES","CLINDAMYCIN PHOSPHATE (ONE DOSE)",19,2
"VAGINAL ANTI-INFECTIVES","CLINDAMYCIN PHOSPHATE (ONE DOSE)",20,4
"VAGINAL ANTI-INFECTIVES","CLINDAMYCIN PHOSPHATE (ONE DOSE)",21,5
"VAGINAL ANTI-INFECTIVES","CLINDAMYCIN PHOSPHATE (ONE DOSE)",22,2
"VAGINAL ANTI-INFECTIVES","CLINDAMYCIN PHOSPHATE (ONE DOSE)",23,2
"VAGINAL ANTI-INFECTIVES","CLINDAMYCIN PHOSPHATE (ONE DOSE)",24,1
"VAGINAL ANTI-INFECTIVES","CLINDAMYCIN PHOSPHATE (ONE DOSE)",25,7
"VAGINAL ANTI-INFECTIVES","CLINDAMYCIN PHOSPHATE (ONE DOSE)",26,8
"VAGINAL ANTI-INFECTIVES","CLINDAMYCIN PHOSPHATE (ONE DOSE)",27,6
"VAGINAL ANTI-INFECTIVES","CLINDAMYCIN PHOSPHATE (ONE DOSE)",28,4
"VAGINAL ANTI-INFECTIVES","CLINDAMYCIN PHOSPHATE (ONE DOSE)",29,7
"VAGINAL ANTI-INFECTIVES","CLINDAMYCIN PHOSPHATE (ONE DOSE)",30,7
"VAGINAL ANTI-INFECTIVES","CLINDAMYCIN PHOSPHATE (ONE DOSE)",31,6
"VAGINAL ANTI-INFECTIVES","CLINDAMYCIN PHOSPHATE (ONE DOSE)",32,5
"VAGINAL ANTI-INFECTIVES","CLINDAMYCIN PHOSPHATE (ONE DOSE)",33,4
"VAGINAL ANTI-INFECTIVES","CLINDAMYCIN PHOSPHATE (ONE DOSE)",34,7
"VAGINAL ANTI-INFECTIVES","CLINDAMYCIN PHOSPHATE (ONE DOSE)",35,8
"VAGINAL ANTI-INFECTIVES","CLINDAMYCIN PHOSPHATE (ONE DOSE)",36,3
"VAGINAL ANTI-INFECTIVES","CLINDAMYCIN PHOSPHATE (ONE DOSE)",37,1
"VAGINAL ANTI-INFECTIVES","CLINDAMYCIN PHOSPHATE (ONE DOSE)",38,9
"VAGINAL ANTI-INFECTIVES","CLINDAMYCIN PHOSPHATE (ONE DOSE)",39,6
"VAGINAL ANTI-INFECTIVES","CLINDAMYCIN PHOSPHATE (ONE DOSE)",40,8
"VAGINAL ANTI-INFECTIVES","CLINDAMYCIN PHOSPHATE (ONE DOSE)",41,2
"VAGINAL ANTI-INFECTIVES","CLINDAMYCIN PHOSPHATE (ONE DOSE)",42,6
"VAGINAL ANTI-INFECTIVES","CLINDAMYCIN PHOSPHATE (ONE DOSE)",43,7
"VAGINAL ANTI-INFECTIVES","CLINDAMYCIN PHOSPHATE (ONE DOSE)",44,2
"VAGINAL ANTI-INFECTIVES","CLINDAMYCIN PHOSPHATE (ONE DOSE)",45,3
"VAGINAL ANTI-INFECTIVES","CLINDAMYCIN PHOSPHATE (ONE DOSE)",46,3
"VAGINAL ANTI-INFECTIVES","CLINDAMYCIN PHOSPHATE (ONE DOSE)",47,2
"VAGINAL ANTI-INFECTIVES","CLINDAMYCIN PHOSPHATE (ONE DOSE)",48,3
"VAGINAL ANTI-INFECTIVES","CLINDAMYCIN PHOSPHATE (ONE DOSE)",50,5
"VAGINAL ANTI-INFECTIVES","CLINDAMYCIN PHOSPHATE (ONE DOSE)",51,2
"VAGINAL ANTI-INFECTIVES","CLINDAMYCIN PHOSPHATE (ONE DOSE)",52,2
"VAGINAL ANTI-INFECTIVES","CLINDAMYCIN PHOSPHATE (ONE DOSE)",53,3
"VAGINAL ANTI-INFECTIVES","CLINDAMYCIN PHOSPHATE (ONE DOSE)",54,2
"VAGINAL ANTI-INFECTIVES","CLINDAMYCIN PHOSPHATE (ONE DOSE)",55,3
"VAGINAL ANTI-INFECTIVES","CLINDAMYCIN PHOSPHATE (ONE DOSE)",56,3
"VAGINAL ANTI-INFECTIVES","CLINDAMYCIN PHOSPHATE (ONE DOSE)",57,2
"VAGINAL ANTI-INFECTIVES","CLINDAMYCIN PHOSPHATE (ONE DOSE)",59,2
"VAGINAL ANTI-INFECTIVES","CLINDAMYCIN PHOSPHATE (ONE DOSE)",60,3
"VAGINAL ANTI-INFECTIVES","CLINDAMYCIN PHOSPHATE (ONE DOSE)",61,1
"VAGINAL ANTI-INFECTIVES","CLINDAMYCIN PHOSPHATE (ONE DOSE)",62,1
"VAGINAL ANTI-INFECTIVES","CLINDAMYCIN PHOSPHATE (ONE DOSE)",63,2
"VAGINAL ANTI-INFECTIVES","CLINDAMYCIN PHOSPHATE (ONE DOSE)",64,1
"VAGINAL ANTI-INFECTIVES","CLINDAMYCIN PHOSPHATE (ONE DOSE)",68,1
"VAGINAL ANTI-INFECTIVES","CLINDAMYCIN PHOSPHATE (ONE DOSE)",69,1
"VAGINAL ANTI-INFECTIVES","CLINDAMYCIN PHOSPHATE (ONE DOSE)",70,1
"VAGINAL ANTI-INFECTIVES","CLINDAMYCIN PHOSPHATE (ONE DOSE)",72,1
"VAGINAL ANTI-INFECTIVES","CLINDAMYCIN PHOSPHATE (ONE DOSE)",77,1
"VAGINAL ANTI-INFECTIVES","CLINDAMYCIN PHOSPHATE VAGINAL",-2,1
"VAGINAL ANTI-INFECTIVES","CLINDAMYCIN PHOSPHATE VAGINAL",2,1
"VAGINAL ANTI-INFECTIVES","CLINDAMYCIN PHOSPHATE VAGINAL",3,1
"VAGINAL ANTI-INFECTIVES","CLINDAMYCIN PHOSPHATE VAGINAL",7,1
"VAGINAL ANTI-INFECTIVES","CLINDAMYCIN PHOSPHATE VAGINAL",8,1
"VAGINAL ANTI-INFECTIVES","CLINDAMYCIN PHOSPHATE VAGINAL",9,1
"VAGINAL ANTI-INFECTIVES","CLINDAMYCIN PHOSPHATE VAGINAL",10,2
"VAGINAL ANTI-INFECTIVES","CLINDAMYCIN PHOSPHATE VAGINAL",12,1
"VAGINAL ANTI-INFECTIVES","CLINDAMYCIN PHOSPHATE VAGINAL",14,1
"VAGINAL ANTI-INFECTIVES","CLINDAMYCIN PHOSPHATE VAGINAL",15,1
"VAGINAL ANTI-INFECTIVES","CLINDAMYCIN PHOSPHATE VAGINAL",16,4
"VAGINAL ANTI-INFECTIVES","CLINDAMYCIN PHOSPHATE VAGINAL",17,5
"VAGINAL ANTI-INFECTIVES","CLINDAMYCIN PHOSPHATE VAGINAL",18,13
"VAGINAL ANTI-INFECTIVES","CLINDAMYCIN PHOSPHATE VAGINAL",19,22
"VAGINAL ANTI-INFECTIVES","CLINDAMYCIN PHOSPHATE VAGINAL",20,20
"VAGINAL ANTI-INFECTIVES","CLINDAMYCIN PHOSPHATE VAGINAL",21,37
"VAGINAL ANTI-INFECTIVES","CLINDAMYCIN PHOSPHATE VAGINAL",22,32
"VAGINAL ANTI-INFECTIVES","CLINDAMYCIN PHOSPHATE VAGINAL",23,26
"VAGINAL ANTI-INFECTIVES","CLINDAMYCIN PHOSPHATE VAGINAL",24,34
"VAGINAL ANTI-INFECTIVES","CLINDAMYCIN PHOSPHATE VAGINAL",25,30
"VAGINAL ANTI-INFECTIVES","CLINDAMYCIN PHOSPHATE VAGINAL",26,34
"VAGINAL ANTI-INFECTIVES","CLINDAMYCIN PHOSPHATE VAGINAL",27,49
"VAGINAL ANTI-INFECTIVES","CLINDAMYCIN PHOSPHATE VAGINAL",28,48
"VAGINAL ANTI-INFECTIVES","CLINDAMYCIN PHOSPHATE VAGINAL",29,30
"VAGINAL ANTI-INFECTIVES","CLINDAMYCIN PHOSPHATE VAGINAL",30,27
"VAGINAL ANTI-INFECTIVES","CLINDAMYCIN PHOSPHATE VAGINAL",31,37
"VAGINAL ANTI-INFECTIVES","CLINDAMYCIN PHOSPHATE VAGINAL",32,40
"VAGINAL ANTI-INFECTIVES","CLINDAMYCIN PHOSPHATE VAGINAL",33,41
"VAGINAL ANTI-INFECTIVES","CLINDAMYCIN PHOSPHATE VAGINAL",34,29
"VAGINAL ANTI-INFECTIVES","CLINDAMYCIN PHOSPHATE VAGINAL",35,32
"VAGINAL ANTI-INFECTIVES","CLINDAMYCIN PHOSPHATE VAGINAL",36,27
"VAGINAL ANTI-INFECTIVES","CLINDAMYCIN PHOSPHATE VAGINAL",37,33
"VAGINAL ANTI-INFECTIVES","CLINDAMYCIN PHOSPHATE VAGINAL",38,46
"VAGINAL ANTI-INFECTIVES","CLINDAMYCIN PHOSPHATE VAGINAL",39,25
"VAGINAL ANTI-INFECTIVES","CLINDAMYCIN PHOSPHATE VAGINAL",40,26
"VAGINAL ANTI-INFECTIVES","CLINDAMYCIN PHOSPHATE VAGINAL",41,29
"VAGINAL ANTI-INFECTIVES","CLINDAMYCIN PHOSPHATE VAGINAL",42,27
"VAGINAL ANTI-INFECTIVES","CLINDAMYCIN PHOSPHATE VAGINAL",43,23
"VAGINAL ANTI-INFECTIVES","CLINDAMYCIN PHOSPHATE VAGINAL",44,27
"VAGINAL ANTI-INFECTIVES","CLINDAMYCIN PHOSPHATE VAGINAL",45,23
"VAGINAL ANTI-INFECTIVES","CLINDAMYCIN PHOSPHATE VAGINAL",46,21
"VAGINAL ANTI-INFECTIVES","CLINDAMYCIN PHOSPHATE VAGINAL",47,22
"VAGINAL ANTI-INFECTIVES","CLINDAMYCIN PHOSPHATE VAGINAL",48,25
"VAGINAL ANTI-INFECTIVES","CLINDAMYCIN PHOSPHATE VAGINAL",49,22
"VAGINAL ANTI-INFECTIVES","CLINDAMYCIN PHOSPHATE VAGINAL",50,16
"VAGINAL ANTI-INFECTIVES","CLINDAMYCIN PHOSPHATE VAGINAL",51,16
"VAGINAL ANTI-INFECTIVES","CLINDAMYCIN PHOSPHATE VAGINAL",52,14
"VAGINAL ANTI-INFECTIVES","CLINDAMYCIN PHOSPHATE VAGINAL",53,21
"VAGINAL ANTI-INFECTIVES","CLINDAMYCIN PHOSPHATE VAGINAL",54,18
"VAGINAL ANTI-INFECTIVES","CLINDAMYCIN PHOSPHATE VAGINAL",55,16
"VAGINAL ANTI-INFECTIVES","CLINDAMYCIN PHOSPHATE VAGINAL",56,14
"VAGINAL ANTI-INFECTIVES","CLINDAMYCIN PHOSPHATE VAGINAL",57,14
"VAGINAL ANTI-INFECTIVES","CLINDAMYCIN PHOSPHATE VAGINAL",58,11
"VAGINAL ANTI-INFECTIVES","CLINDAMYCIN PHOSPHATE VAGINAL",59,10
"VAGINAL ANTI-INFECTIVES","CLINDAMYCIN PHOSPHATE VAGINAL",60,12
"VAGINAL ANTI-INFECTIVES","CLINDAMYCIN PHOSPHATE VAGINAL",61,8
"VAGINAL ANTI-INFECTIVES","CLINDAMYCIN PHOSPHATE VAGINAL",62,4
"VAGINAL ANTI-INFECTIVES","CLINDAMYCIN PHOSPHATE VAGINAL",63,12
"VAGINAL ANTI-INFECTIVES","CLINDAMYCIN PHOSPHATE VAGINAL",64,14
"VAGINAL ANTI-INFECTIVES","CLINDAMYCIN PHOSPHATE VAGINAL",65,10
"VAGINAL ANTI-INFECTIVES","CLINDAMYCIN PHOSPHATE VAGINAL",66,10
"VAGINAL ANTI-INFECTIVES","CLINDAMYCIN PHOSPHATE VAGINAL",67,9
"VAGINAL ANTI-INFECTIVES","CLINDAMYCIN PHOSPHATE VAGINAL",68,8
"VAGINAL ANTI-INFECTIVES","CLINDAMYCIN PHOSPHATE VAGINAL",69,8
"VAGINAL ANTI-INFECTIVES","CLINDAMYCIN PHOSPHATE VAGINAL",70,10
"VAGINAL ANTI-INFECTIVES","CLINDAMYCIN PHOSPHATE VAGINAL",71,6
"VAGINAL ANTI-INFECTIVES","CLINDAMYCIN PHOSPHATE VAGINAL",72,12
"VAGINAL ANTI-INFECTIVES","CLINDAMYCIN PHOSPHATE VAGINAL",73,4
"VAGINAL ANTI-INFECTIVES","CLINDAMYCIN PHOSPHATE VAGINAL",74,3
"VAGINAL ANTI-INFECTIVES","CLINDAMYCIN PHOSPHATE VAGINAL",75,6
"VAGINAL ANTI-INFECTIVES","CLINDAMYCIN PHOSPHATE VAGINAL",76,2
"VAGINAL ANTI-INFECTIVES","CLINDAMYCIN PHOSPHATE VAGINAL",77,3
"VAGINAL ANTI-INFECTIVES","CLINDAMYCIN PHOSPHATE VAGINAL",79,3
"VAGINAL ANTI-INFECTIVES","CLINDAMYCIN PHOSPHATE VAGINAL",80,2
"VAGINAL ANTI-INFECTIVES","CLINDAMYCIN PHOSPHATE VAGINAL",82,2
"VAGINAL ANTI-INFECTIVES","CLINDAMYCIN PHOSPHATE VAGINAL",85,13
"VAGINAL ANTI-INFECTIVES","CLOTRIMAZOLE VAGINAL",-2,1
"VAGINAL ANTI-INFECTIVES","CLOTRIMAZOLE VAGINAL",0,1
"VAGINAL ANTI-INFECTIVES","CLOTRIMAZOLE VAGINAL",3,1
"VAGINAL ANTI-INFECTIVES","CLOTRIMAZOLE VAGINAL",4,2
"VAGINAL ANTI-INFECTIVES","CLOTRIMAZOLE VAGINAL",5,1
"VAGINAL ANTI-INFECTIVES","CLOTRIMAZOLE VAGINAL",6,3
"VAGINAL ANTI-INFECTIVES","CLOTRIMAZOLE VAGINAL",7,3
"VAGINAL ANTI-INFECTIVES","CLOTRIMAZOLE VAGINAL",8,2
"VAGINAL ANTI-INFECTIVES","CLOTRIMAZOLE VAGINAL",9,2
"VAGINAL ANTI-INFECTIVES","CLOTRIMAZOLE VAGINAL",10,3
"VAGINAL ANTI-INFECTIVES","CLOTRIMAZOLE VAGINAL",11,3
"VAGINAL ANTI-INFECTIVES","CLOTRIMAZOLE VAGINAL",12,5
"VAGINAL ANTI-INFECTIVES","CLOTRIMAZOLE VAGINAL",13,1
"VAGINAL ANTI-INFECTIVES","CLOTRIMAZOLE VAGINAL",14,1
"VAGINAL ANTI-INFECTIVES","CLOTRIMAZOLE VAGINAL",15,5
"VAGINAL ANTI-INFECTIVES","CLOTRIMAZOLE VAGINAL",16,3
"VAGINAL ANTI-INFECTIVES","CLOTRIMAZOLE VAGINAL",17,3
"VAGINAL ANTI-INFECTIVES","CLOTRIMAZOLE VAGINAL",18,12
"VAGINAL ANTI-INFECTIVES","CLOTRIMAZOLE VAGINAL",19,11
"VAGINAL ANTI-INFECTIVES","CLOTRIMAZOLE VAGINAL",20,17
"VAGINAL ANTI-INFECTIVES","CLOTRIMAZOLE VAGINAL",21,20
"VAGINAL ANTI-INFECTIVES","CLOTRIMAZOLE VAGINAL",22,20
"VAGINAL ANTI-INFECTIVES","CLOTRIMAZOLE VAGINAL",23,26
"VAGINAL ANTI-INFECTIVES","CLOTRIMAZOLE VAGINAL",24,24
"VAGINAL ANTI-INFECTIVES","CLOTRIMAZOLE VAGINAL",25,24
"VAGINAL ANTI-INFECTIVES","CLOTRIMAZOLE VAGINAL",26,35
"VAGINAL ANTI-INFECTIVES","CLOTRIMAZOLE VAGINAL",27,32
"VAGINAL ANTI-INFECTIVES","CLOTRIMAZOLE VAGINAL",28,34
"VAGINAL ANTI-INFECTIVES","CLOTRIMAZOLE VAGINAL",29,24
"VAGINAL ANTI-INFECTIVES","CLOTRIMAZOLE VAGINAL",30,21
"VAGINAL ANTI-INFECTIVES","CLOTRIMAZOLE VAGINAL",31,21
"VAGINAL ANTI-INFECTIVES","CLOTRIMAZOLE VAGINAL",32,21
"VAGINAL ANTI-INFECTIVES","CLOTRIMAZOLE VAGINAL",33,20
"VAGINAL ANTI-INFECTIVES","CLOTRIMAZOLE VAGINAL",34,23
"VAGINAL ANTI-INFECTIVES","CLOTRIMAZOLE VAGINAL",35,22
"VAGINAL ANTI-INFECTIVES","CLOTRIMAZOLE VAGINAL",36,21
"VAGINAL ANTI-INFECTIVES","CLOTRIMAZOLE VAGINAL",37,23
"VAGINAL ANTI-INFECTIVES","CLOTRIMAZOLE VAGINAL",38,9
"VAGINAL ANTI-INFECTIVES","CLOTRIMAZOLE VAGINAL",39,17
"VAGINAL ANTI-INFECTIVES","CLOTRIMAZOLE VAGINAL",40,13
"VAGINAL ANTI-INFECTIVES","CLOTRIMAZOLE VAGINAL",41,15
"VAGINAL ANTI-INFECTIVES","CLOTRIMAZOLE VAGINAL",42,6
"VAGINAL ANTI-INFECTIVES","CLOTRIMAZOLE VAGINAL",43,20
"VAGINAL ANTI-INFECTIVES","CLOTRIMAZOLE VAGINAL",44,18
"VAGINAL ANTI-INFECTIVES","CLOTRIMAZOLE VAGINAL",45,12
"VAGINAL ANTI-INFECTIVES","CLOTRIMAZOLE VAGINAL",46,11
"VAGINAL ANTI-INFECTIVES","CLOTRIMAZOLE VAGINAL",47,9
"VAGINAL ANTI-INFECTIVES","CLOTRIMAZOLE VAGINAL",48,15
"VAGINAL ANTI-INFECTIVES","CLOTRIMAZOLE VAGINAL",49,9
"VAGINAL ANTI-INFECTIVES","CLOTRIMAZOLE VAGINAL",50,11
"VAGINAL ANTI-INFECTIVES","CLOTRIMAZOLE VAGINAL",51,10
"VAGINAL ANTI-INFECTIVES","CLOTRIMAZOLE VAGINAL",52,12
"VAGINAL ANTI-INFECTIVES","CLOTRIMAZOLE VAGINAL",53,5
"VAGINAL ANTI-INFECTIVES","CLOTRIMAZOLE VAGINAL",54,7
"VAGINAL ANTI-INFECTIVES","CLOTRIMAZOLE VAGINAL",55,11
"VAGINAL ANTI-INFECTIVES","CLOTRIMAZOLE VAGINAL",56,9
"VAGINAL ANTI-INFECTIVES","CLOTRIMAZOLE VAGINAL",57,11
"VAGINAL ANTI-INFECTIVES","CLOTRIMAZOLE VAGINAL",58,11
"VAGINAL ANTI-INFECTIVES","CLOTRIMAZOLE VAGINAL",59,10
"VAGINAL ANTI-INFECTIVES","CLOTRIMAZOLE VAGINAL",60,7
"VAGINAL ANTI-INFECTIVES","CLOTRIMAZOLE VAGINAL",61,12
"VAGINAL ANTI-INFECTIVES","CLOTRIMAZOLE VAGINAL",62,4
"VAGINAL ANTI-INFECTIVES","CLOTRIMAZOLE VAGINAL",63,5
"VAGINAL ANTI-INFECTIVES","CLOTRIMAZOLE VAGINAL",64,5
"VAGINAL ANTI-INFECTIVES","CLOTRIMAZOLE VAGINAL",65,6
"VAGINAL ANTI-INFECTIVES","CLOTRIMAZOLE VAGINAL",66,4
"VAGINAL ANTI-INFECTIVES","CLOTRIMAZOLE VAGINAL",67,6
"VAGINAL ANTI-INFECTIVES","CLOTRIMAZOLE VAGINAL",68,5
"VAGINAL ANTI-INFECTIVES","CLOTRIMAZOLE VAGINAL",69,2
"VAGINAL ANTI-INFECTIVES","CLOTRIMAZOLE VAGINAL",70,5
"VAGINAL ANTI-INFECTIVES","CLOTRIMAZOLE VAGINAL",71,5
"VAGINAL ANTI-INFECTIVES","CLOTRIMAZOLE VAGINAL",72,5
"VAGINAL ANTI-INFECTIVES","CLOTRIMAZOLE VAGINAL",73,7
"VAGINAL ANTI-INFECTIVES","CLOTRIMAZOLE VAGINAL",74,5
"VAGINAL ANTI-INFECTIVES","CLOTRIMAZOLE VAGINAL",75,3
"VAGINAL ANTI-INFECTIVES","CLOTRIMAZOLE VAGINAL",76,3
"VAGINAL ANTI-INFECTIVES","CLOTRIMAZOLE VAGINAL",77,5
"VAGINAL ANTI-INFECTIVES","CLOTRIMAZOLE VAGINAL",78,1
"VAGINAL ANTI-INFECTIVES","CLOTRIMAZOLE VAGINAL",79,3
"VAGINAL ANTI-INFECTIVES","CLOTRIMAZOLE VAGINAL",80,6
"VAGINAL ANTI-INFECTIVES","CLOTRIMAZOLE VAGINAL",81,3
"VAGINAL ANTI-INFECTIVES","CLOTRIMAZOLE VAGINAL",82,2
"VAGINAL ANTI-INFECTIVES","CLOTRIMAZOLE VAGINAL",85,18
"VAGINAL ANTI-INFECTIVES","METRONIDAZOLE VAGINAL",-2,7
"VAGINAL ANTI-INFECTIVES","METRONIDAZOLE VAGINAL",3,2
"VAGINAL ANTI-INFECTIVES","METRONIDAZOLE VAGINAL",4,2
"VAGINAL ANTI-INFECTIVES","METRONIDAZOLE VAGINAL",5,1
"VAGINAL ANTI-INFECTIVES","METRONIDAZOLE VAGINAL",7,3
"VAGINAL ANTI-INFECTIVES","METRONIDAZOLE VAGINAL",8,1
"VAGINAL ANTI-INFECTIVES","METRONIDAZOLE VAGINAL",10,1
"VAGINAL ANTI-INFECTIVES","METRONIDAZOLE VAGINAL",11,2
"VAGINAL ANTI-INFECTIVES","METRONIDAZOLE VAGINAL",12,1
"VAGINAL ANTI-INFECTIVES","METRONIDAZOLE VAGINAL",13,1
"VAGINAL ANTI-INFECTIVES","METRONIDAZOLE VAGINAL",14,1
"VAGINAL ANTI-INFECTIVES","METRONIDAZOLE VAGINAL",15,7
"VAGINAL ANTI-INFECTIVES","METRONIDAZOLE VAGINAL",16,16
"VAGINAL ANTI-INFECTIVES","METRONIDAZOLE VAGINAL",17,45
"VAGINAL ANTI-INFECTIVES","METRONIDAZOLE VAGINAL",18,63
"VAGINAL ANTI-INFECTIVES","METRONIDAZOLE VAGINAL",19,103
"VAGINAL ANTI-INFECTIVES","METRONIDAZOLE VAGINAL",20,154
"VAGINAL ANTI-INFECTIVES","METRONIDAZOLE VAGINAL",21,170
"VAGINAL ANTI-INFECTIVES","METRONIDAZOLE VAGINAL",22,205
"VAGINAL ANTI-INFECTIVES","METRONIDAZOLE VAGINAL",23,209
"VAGINAL ANTI-INFECTIVES","METRONIDAZOLE VAGINAL",24,241
"VAGINAL ANTI-INFECTIVES","METRONIDAZOLE VAGINAL",25,227
"VAGINAL ANTI-INFECTIVES","METRONIDAZOLE VAGINAL",26,256
"VAGINAL ANTI-INFECTIVES","METRONIDAZOLE VAGINAL",27,230
"VAGINAL ANTI-INFECTIVES","METRONIDAZOLE VAGINAL",28,234
"VAGINAL ANTI-INFECTIVES","METRONIDAZOLE VAGINAL",29,259
"VAGINAL ANTI-INFECTIVES","METRONIDAZOLE VAGINAL",30,226
"VAGINAL ANTI-INFECTIVES","METRONIDAZOLE VAGINAL",31,201
"VAGINAL ANTI-INFECTIVES","METRONIDAZOLE VAGINAL",32,229
"VAGINAL ANTI-INFECTIVES","METRONIDAZOLE VAGINAL",33,169
"VAGINAL ANTI-INFECTIVES","METRONIDAZOLE VAGINAL",34,192
"VAGINAL ANTI-INFECTIVES","METRONIDAZOLE VAGINAL",35,155
"VAGINAL ANTI-INFECTIVES","METRONIDAZOLE VAGINAL",36,153
"VAGINAL ANTI-INFECTIVES","METRONIDAZOLE VAGINAL",37,198
"VAGINAL ANTI-INFECTIVES","METRONIDAZOLE VAGINAL",38,176
"VAGINAL ANTI-INFECTIVES","METRONIDAZOLE VAGINAL",39,159
"VAGINAL ANTI-INFECTIVES","METRONIDAZOLE VAGINAL",40,163
"VAGINAL ANTI-INFECTIVES","METRONIDAZOLE VAGINAL",41,149
"VAGINAL ANTI-INFECTIVES","METRONIDAZOLE VAGINAL",42,130
"VAGINAL ANTI-INFECTIVES","METRONIDAZOLE VAGINAL",43,132
"VAGINAL ANTI-INFECTIVES","METRONIDAZOLE VAGINAL",44,101
"VAGINAL ANTI-INFECTIVES","METRONIDAZOLE VAGINAL",45,130
"VAGINAL ANTI-INFECTIVES","METRONIDAZOLE VAGINAL",46,120
"VAGINAL ANTI-INFECTIVES","METRONIDAZOLE VAGINAL",47,99
"VAGINAL ANTI-INFECTIVES","METRONIDAZOLE VAGINAL",48,87
"VAGINAL ANTI-INFECTIVES","METRONIDAZOLE VAGINAL",49,110
"VAGINAL ANTI-INFECTIVES","METRONIDAZOLE VAGINAL",50,84
"VAGINAL ANTI-INFECTIVES","METRONIDAZOLE VAGINAL",51,85
"VAGINAL ANTI-INFECTIVES","METRONIDAZOLE VAGINAL",52,76
"VAGINAL ANTI-INFECTIVES","METRONIDAZOLE VAGINAL",53,70
"VAGINAL ANTI-INFECTIVES","METRONIDAZOLE VAGINAL",54,50
"VAGINAL ANTI-INFECTIVES","METRONIDAZOLE VAGINAL",55,53
"VAGINAL ANTI-INFECTIVES","METRONIDAZOLE VAGINAL",56,53
"VAGINAL ANTI-INFECTIVES","METRONIDAZOLE VAGINAL",57,59
"VAGINAL ANTI-INFECTIVES","METRONIDAZOLE VAGINAL",58,54
"VAGINAL ANTI-INFECTIVES","METRONIDAZOLE VAGINAL",59,47
"VAGINAL ANTI-INFECTIVES","METRONIDAZOLE VAGINAL",60,32
"VAGINAL ANTI-INFECTIVES","METRONIDAZOLE VAGINAL",61,46
"VAGINAL ANTI-INFECTIVES","METRONIDAZOLE VAGINAL",62,33
"VAGINAL ANTI-INFECTIVES","METRONIDAZOLE VAGINAL",63,21
"VAGINAL ANTI-INFECTIVES","METRONIDAZOLE VAGINAL",64,25
"VAGINAL ANTI-INFECTIVES","METRONIDAZOLE VAGINAL",65,34
"VAGINAL ANTI-INFECTIVES","METRONIDAZOLE VAGINAL",66,34
"VAGINAL ANTI-INFECTIVES","METRONIDAZOLE VAGINAL",67,22
"VAGINAL ANTI-INFECTIVES","METRONIDAZOLE VAGINAL",68,23
"VAGINAL ANTI-INFECTIVES","METRONIDAZOLE VAGINAL",69,24
"VAGINAL ANTI-INFECTIVES","METRONIDAZOLE VAGINAL",70,16
"VAGINAL ANTI-INFECTIVES","METRONIDAZOLE VAGINAL",71,21
"VAGINAL ANTI-INFECTIVES","METRONIDAZOLE VAGINAL",72,17
"VAGINAL ANTI-INFECTIVES","METRONIDAZOLE VAGINAL",73,26
"VAGINAL ANTI-INFECTIVES","METRONIDAZOLE VAGINAL",74,11
"VAGINAL ANTI-INFECTIVES","METRONIDAZOLE VAGINAL",75,12
"VAGINAL ANTI-INFECTIVES","METRONIDAZOLE VAGINAL",76,16
"VAGINAL ANTI-INFECTIVES","METRONIDAZOLE VAGINAL",77,12
"VAGINAL ANTI-INFECTIVES","METRONIDAZOLE VAGINAL",78,8
"VAGINAL ANTI-INFECTIVES","METRONIDAZOLE VAGINAL",79,10
"VAGINAL ANTI-INFECTIVES","METRONIDAZOLE VAGINAL",80,7
"VAGINAL ANTI-INFECTIVES","METRONIDAZOLE VAGINAL",81,10
"VAGINAL ANTI-INFECTIVES","METRONIDAZOLE VAGINAL",82,3
"VAGINAL ANTI-INFECTIVES","METRONIDAZOLE VAGINAL",83,4
"VAGINAL ANTI-INFECTIVES","METRONIDAZOLE VAGINAL",84,2
"VAGINAL ANTI-INFECTIVES","METRONIDAZOLE VAGINAL",85,40
"VAGINAL ANTI-INFECTIVES","MICONAZOLE NITRATE VAGINAL",-2,3
"VAGINAL ANTI-INFECTIVES","MICONAZOLE NITRATE VAGINAL",0,2
"VAGINAL ANTI-INFECTIVES","MICONAZOLE NITRATE VAGINAL",3,3
"VAGINAL ANTI-INFECTIVES","MICONAZOLE NITRATE VAGINAL",4,1
"VAGINAL ANTI-INFECTIVES","MICONAZOLE NITRATE VAGINAL",5,1
"VAGINAL ANTI-INFECTIVES","MICONAZOLE NITRATE VAGINAL",6,2
"VAGINAL ANTI-INFECTIVES","MICONAZOLE NITRATE VAGINAL",8,2
"VAGINAL ANTI-INFECTIVES","MICONAZOLE NITRATE VAGINAL",9,3
"VAGINAL ANTI-INFECTIVES","MICONAZOLE NITRATE VAGINAL",10,2
"VAGINAL ANTI-INFECTIVES","MICONAZOLE NITRATE VAGINAL",11,1
"VAGINAL ANTI-INFECTIVES","MICONAZOLE NITRATE VAGINAL",12,4
"VAGINAL ANTI-INFECTIVES","MICONAZOLE NITRATE VAGINAL",13,1
"VAGINAL ANTI-INFECTIVES","MICONAZOLE NITRATE VAGINAL",14,2
"VAGINAL ANTI-INFECTIVES","MICONAZOLE NITRATE VAGINAL",15,3
"VAGINAL ANTI-INFECTIVES","MICONAZOLE NITRATE VAGINAL",16,11
"VAGINAL ANTI-INFECTIVES","MICONAZOLE NITRATE VAGINAL",17,2
"VAGINAL ANTI-INFECTIVES","MICONAZOLE NITRATE VAGINAL",18,7
"VAGINAL ANTI-INFECTIVES","MICONAZOLE NITRATE VAGINAL",19,13
"VAGINAL ANTI-INFECTIVES","MICONAZOLE NITRATE VAGINAL",20,12
"VAGINAL ANTI-INFECTIVES","MICONAZOLE NITRATE VAGINAL",21,25
"VAGINAL ANTI-INFECTIVES","MICONAZOLE NITRATE VAGINAL",22,19
"VAGINAL ANTI-INFECTIVES","MICONAZOLE NITRATE VAGINAL",23,23
"VAGINAL ANTI-INFECTIVES","MICONAZOLE NITRATE VAGINAL",24,20
"VAGINAL ANTI-INFECTIVES","MICONAZOLE NITRATE VAGINAL",25,20
"VAGINAL ANTI-INFECTIVES","MICONAZOLE NITRATE VAGINAL",26,28
"VAGINAL ANTI-INFECTIVES","MICONAZOLE NITRATE VAGINAL",27,16
"VAGINAL ANTI-INFECTIVES","MICONAZOLE NITRATE VAGINAL",28,28
"VAGINAL ANTI-INFECTIVES","MICONAZOLE NITRATE VAGINAL",29,29
"VAGINAL ANTI-INFECTIVES","MICONAZOLE NITRATE VAGINAL",30,17
"VAGINAL ANTI-INFECTIVES","MICONAZOLE NITRATE VAGINAL",31,22
"VAGINAL ANTI-INFECTIVES","MICONAZOLE NITRATE VAGINAL",32,15
"VAGINAL ANTI-INFECTIVES","MICONAZOLE NITRATE VAGINAL",33,14
"VAGINAL ANTI-INFECTIVES","MICONAZOLE NITRATE VAGINAL",34,10
"VAGINAL ANTI-INFECTIVES","MICONAZOLE NITRATE VAGINAL",35,12
"VAGINAL ANTI-INFECTIVES","MICONAZOLE NITRATE VAGINAL",36,19
"VAGINAL ANTI-INFECTIVES","MICONAZOLE NITRATE VAGINAL",37,9
"VAGINAL ANTI-INFECTIVES","MICONAZOLE NITRATE VAGINAL",38,12
"VAGINAL ANTI-INFECTIVES","MICONAZOLE NITRATE VAGINAL",39,15
"VAGINAL ANTI-INFECTIVES","MICONAZOLE NITRATE VAGINAL",40,11
"VAGINAL ANTI-INFECTIVES","MICONAZOLE NITRATE VAGINAL",41,12
"VAGINAL ANTI-INFECTIVES","MICONAZOLE NITRATE VAGINAL",42,11
"VAGINAL ANTI-INFECTIVES","MICONAZOLE NITRATE VAGINAL",43,7
"VAGINAL ANTI-INFECTIVES","MICONAZOLE NITRATE VAGINAL",44,10
"VAGINAL ANTI-INFECTIVES","MICONAZOLE NITRATE VAGINAL",45,14
"VAGINAL ANTI-INFECTIVES","MICONAZOLE NITRATE VAGINAL",46,9
"VAGINAL ANTI-INFECTIVES","MICONAZOLE NITRATE VAGINAL",47,19
"VAGINAL ANTI-INFECTIVES","MICONAZOLE NITRATE VAGINAL",48,6
"VAGINAL ANTI-INFECTIVES","MICONAZOLE NITRATE VAGINAL",49,13
"VAGINAL ANTI-INFECTIVES","MICONAZOLE NITRATE VAGINAL",50,6
"VAGINAL ANTI-INFECTIVES","MICONAZOLE NITRATE VAGINAL",51,2
"VAGINAL ANTI-INFECTIVES","MICONAZOLE NITRATE VAGINAL",52,9
"VAGINAL ANTI-INFECTIVES","MICONAZOLE NITRATE VAGINAL",53,12
"VAGINAL ANTI-INFECTIVES","MICONAZOLE NITRATE VAGINAL",54,4
"VAGINAL ANTI-INFECTIVES","MICONAZOLE NITRATE VAGINAL",55,5
"VAGINAL ANTI-INFECTIVES","MICONAZOLE NITRATE VAGINAL",56,6
"VAGINAL ANTI-INFECTIVES","MICONAZOLE NITRATE VAGINAL",57,7
"VAGINAL ANTI-INFECTIVES","MICONAZOLE NITRATE VAGINAL",58,8
"VAGINAL ANTI-INFECTIVES","MICONAZOLE NITRATE VAGINAL",59,7
"VAGINAL ANTI-INFECTIVES","MICONAZOLE NITRATE VAGINAL",60,8
"VAGINAL ANTI-INFECTIVES","MICONAZOLE NITRATE VAGINAL",61,7
"VAGINAL ANTI-INFECTIVES","MICONAZOLE NITRATE VAGINAL",62,7
"VAGINAL ANTI-INFECTIVES","MICONAZOLE NITRATE VAGINAL",63,4
"VAGINAL ANTI-INFECTIVES","MICONAZOLE NITRATE VAGINAL",64,5
"VAGINAL ANTI-INFECTIVES","MICONAZOLE NITRATE VAGINAL",65,6
"VAGINAL ANTI-INFECTIVES","MICONAZOLE NITRATE VAGINAL",66,10
"VAGINAL ANTI-INFECTIVES","MICONAZOLE NITRATE VAGINAL",67,2
"VAGINAL ANTI-INFECTIVES","MICONAZOLE NITRATE VAGINAL",68,1
"VAGINAL ANTI-INFECTIVES","MICONAZOLE NITRATE VAGINAL",69,2
"VAGINAL ANTI-INFECTIVES","MICONAZOLE NITRATE VAGINAL",70,4
"VAGINAL ANTI-INFECTIVES","MICONAZOLE NITRATE VAGINAL",71,3
"VAGINAL ANTI-INFECTIVES","MICONAZOLE NITRATE VAGINAL",73,2
"VAGINAL ANTI-INFECTIVES","MICONAZOLE NITRATE VAGINAL",74,2
"VAGINAL ANTI-INFECTIVES","MICONAZOLE NITRATE VAGINAL",75,2
"VAGINAL ANTI-INFECTIVES","MICONAZOLE NITRATE VAGINAL",76,1
"VAGINAL ANTI-INFECTIVES","MICONAZOLE NITRATE VAGINAL",77,2
"VAGINAL ANTI-INFECTIVES","MICONAZOLE NITRATE VAGINAL",78,7
"VAGINAL ANTI-INFECTIVES","MICONAZOLE NITRATE VAGINAL",79,5
"VAGINAL ANTI-INFECTIVES","MICONAZOLE NITRATE VAGINAL",80,2
"VAGINAL ANTI-INFECTIVES","MICONAZOLE NITRATE VAGINAL",81,3
"VAGINAL ANTI-INFECTIVES","MICONAZOLE NITRATE VAGINAL",83,1
"VAGINAL ANTI-INFECTIVES","MICONAZOLE NITRATE VAGINAL",85,9
"VAGINAL ANTI-INFECTIVES","MICONAZOLE NITRATE VAGINAL & WIPES",24,1
"VAGINAL ANTI-INFECTIVES","MICONAZOLE NITRATE VAGINAL & WIPES",39,1
"VAGINAL ANTI-INFECTIVES","MICONAZOLE NITRATE VAGINAL & WIPES",75,1
"VAGINAL ANTI-INFECTIVES","TERCONAZOLE VAGINAL",-2,2
"VAGINAL ANTI-INFECTIVES","TERCONAZOLE VAGINAL",5,1
"VAGINAL ANTI-INFECTIVES","TERCONAZOLE VAGINAL",9,2
"VAGINAL ANTI-INFECTIVES","TERCONAZOLE VAGINAL",11,1
"VAGINAL ANTI-INFECTIVES","TERCONAZOLE VAGINAL",14,3
"VAGINAL ANTI-INFECTIVES","TERCONAZOLE VAGINAL",15,4
"VAGINAL ANTI-INFECTIVES","TERCONAZOLE VAGINAL",16,18
"VAGINAL ANTI-INFECTIVES","TERCONAZOLE VAGINAL",17,26
"VAGINAL ANTI-INFECTIVES","TERCONAZOLE VAGINAL",18,50
"VAGINAL ANTI-INFECTIVES","TERCONAZOLE VAGINAL",19,67
"VAGINAL ANTI-INFECTIVES","TERCONAZOLE VAGINAL",20,93
"VAGINAL ANTI-INFECTIVES","TERCONAZOLE VAGINAL",21,114
"VAGINAL ANTI-INFECTIVES","TERCONAZOLE VAGINAL",22,118
"VAGINAL ANTI-INFECTIVES","TERCONAZOLE VAGINAL",23,110
"VAGINAL ANTI-INFECTIVES","TERCONAZOLE VAGINAL",24,149
"VAGINAL ANTI-INFECTIVES","TERCONAZOLE VAGINAL",25,133
"VAGINAL ANTI-INFECTIVES","TERCONAZOLE VAGINAL",26,135
"VAGINAL ANTI-INFECTIVES","TERCONAZOLE VAGINAL",27,146
"VAGINAL ANTI-INFECTIVES","TERCONAZOLE VAGINAL",28,114
"VAGINAL ANTI-INFECTIVES","TERCONAZOLE VAGINAL",29,156
"VAGINAL ANTI-INFECTIVES","TERCONAZOLE VAGINAL",30,160
"VAGINAL ANTI-INFECTIVES","TERCONAZOLE VAGINAL",31,160
"VAGINAL ANTI-INFECTIVES","TERCONAZOLE VAGINAL",32,147
"VAGINAL ANTI-INFECTIVES","TERCONAZOLE VAGINAL",33,117
"VAGINAL ANTI-INFECTIVES","TERCONAZOLE VAGINAL",34,120
"VAGINAL ANTI-INFECTIVES","TERCONAZOLE VAGINAL",35,129
"VAGINAL ANTI-INFECTIVES","TERCONAZOLE VAGINAL",36,107
"VAGINAL ANTI-INFECTIVES","TERCONAZOLE VAGINAL",37,93
"VAGINAL ANTI-INFECTIVES","TERCONAZOLE VAGINAL",38,81
"VAGINAL ANTI-INFECTIVES","TERCONAZOLE VAGINAL",39,84
"VAGINAL ANTI-INFECTIVES","TERCONAZOLE VAGINAL",40,76
"VAGINAL ANTI-INFECTIVES","TERCONAZOLE VAGINAL",41,83
"VAGINAL ANTI-INFECTIVES","TERCONAZOLE VAGINAL",42,71
"VAGINAL ANTI-INFECTIVES","TERCONAZOLE VAGINAL",43,82
"VAGINAL ANTI-INFECTIVES","TERCONAZOLE VAGINAL",44,72
"VAGINAL ANTI-INFECTIVES","TERCONAZOLE VAGINAL",45,72
"VAGINAL ANTI-INFECTIVES","TERCONAZOLE VAGINAL",46,74
"VAGINAL ANTI-INFECTIVES","TERCONAZOLE VAGINAL",47,64
"VAGINAL ANTI-INFECTIVES","TERCONAZOLE VAGINAL",48,62
"VAGINAL ANTI-INFECTIVES","TERCONAZOLE VAGINAL",49,68
"VAGINAL ANTI-INFECTIVES","TERCONAZOLE VAGINAL",50,53
"VAGINAL ANTI-INFECTIVES","TERCONAZOLE VAGINAL",51,54
"VAGINAL ANTI-INFECTIVES","TERCONAZOLE VAGINAL",52,58
"VAGINAL ANTI-INFECTIVES","TERCONAZOLE VAGINAL",53,52
"VAGINAL ANTI-INFECTIVES","TERCONAZOLE VAGINAL",54,49
"VAGINAL ANTI-INFECTIVES","TERCONAZOLE VAGINAL",55,43
"VAGINAL ANTI-INFECTIVES","TERCONAZOLE VAGINAL",56,51
"VAGINAL ANTI-INFECTIVES","TERCONAZOLE VAGINAL",57,42
"VAGINAL ANTI-INFECTIVES","TERCONAZOLE VAGINAL",58,46
"VAGINAL ANTI-INFECTIVES","TERCONAZOLE VAGINAL",59,42
"VAGINAL ANTI-INFECTIVES","TERCONAZOLE VAGINAL",60,48
"VAGINAL ANTI-INFECTIVES","TERCONAZOLE VAGINAL",61,33
"VAGINAL ANTI-INFECTIVES","TERCONAZOLE VAGINAL",62,39
"VAGINAL ANTI-INFECTIVES","TERCONAZOLE VAGINAL",63,50
"VAGINAL ANTI-INFECTIVES","TERCONAZOLE VAGINAL",64,36
"VAGINAL ANTI-INFECTIVES","TERCONAZOLE VAGINAL",65,36
"VAGINAL ANTI-INFECTIVES","TERCONAZOLE VAGINAL",66,34
"VAGINAL ANTI-INFECTIVES","TERCONAZOLE VAGINAL",67,27
"VAGINAL ANTI-INFECTIVES","TERCONAZOLE VAGINAL",68,31
"VAGINAL ANTI-INFECTIVES","TERCONAZOLE VAGINAL",69,25
"VAGINAL ANTI-INFECTIVES","TERCONAZOLE VAGINAL",70,25
"VAGINAL ANTI-INFECTIVES","TERCONAZOLE VAGINAL",71,32
"VAGINAL ANTI-INFECTIVES","TERCONAZOLE VAGINAL",72,18
"VAGINAL ANTI-INFECTIVES","TERCONAZOLE VAGINAL",73,31
"VAGINAL ANTI-INFECTIVES","TERCONAZOLE VAGINAL",74,23
"VAGINAL ANTI-INFECTIVES","TERCONAZOLE VAGINAL",75,18
"VAGINAL ANTI-INFECTIVES","TERCONAZOLE VAGINAL",76,20
"VAGINAL ANTI-INFECTIVES","TERCONAZOLE VAGINAL",77,17
"VAGINAL ANTI-INFECTIVES","TERCONAZOLE VAGINAL",78,14
"VAGINAL ANTI-INFECTIVES","TERCONAZOLE VAGINAL",79,9
"VAGINAL ANTI-INFECTIVES","TERCONAZOLE VAGINAL",80,17
"VAGINAL ANTI-INFECTIVES","TERCONAZOLE VAGINAL",81,14
"VAGINAL ANTI-INFECTIVES","TERCONAZOLE VAGINAL",82,12
"VAGINAL ANTI-INFECTIVES","TERCONAZOLE VAGINAL",83,5
"VAGINAL ANTI-INFECTIVES","TERCONAZOLE VAGINAL",84,1
"VAGINAL ANTI-INFECTIVES","TERCONAZOLE VAGINAL",85,44
"VAGINAL ANTI-INFECTIVES","TIOCONAZOLE VAGINAL",21,1
"VAGINAL ANTI-INFECTIVES","TIOCONAZOLE VAGINAL",31,1
"VAGINAL ANTI-INFECTIVES","TIOCONAZOLE VAGINAL",38,1
"VAGINAL ANTI-INFECTIVES","TIOCONAZOLE VAGINAL",71,1
