usc_lvl3_desc,unifm_prod_nm,pat_age_nbr,rx_dosage_amt,dosage_form_cd,pri_spcl_desc
"ANTNFCT, BROAD/MEDIUM SPECTRUM","DOXYCYCLINE HYCLATE",38,50.00,CAPS,"PHYSICIAN ASSISTANT"
"ANTNFCT, BROAD/MEDIUM SPECTRUM",AZITHROMYCIN,63,250.00,TABS,"EMERGENCY MEDICINE"
"ANTNFCT, BROAD/MEDIUM SPECTRUM",AZITHROMYCIN,71,500.00,TABS,"NURSE PRACTITIONER"
"ANTNFCT, BROAD/MEDIUM SPECTRUM",AMOXICILLIN,58,1500.00,CAPS,"INTERNAL MEDICINE"
"ANTNFCT, BROAD/MEDIUM SPECTRUM","DOXYCYCLINE (MONOHYDRATE)",76,50.00,CAPS,DERMATOLOGY
"ANTNFCT, BROAD/MEDIUM SPECTRUM","DOXYCYCLINE HYCLATE",16,200.00,CAPS,"FAMILY MEDICINE"
"ANTNFCT, BROAD/MEDIUM SPECTRUM",AMOXICILLIN,54,2000.00,CAPS,"ORTHOPEDIC SURGERY"
"ANTNFCT, BROAD/MEDIUM SPECTRUM",AMOXICILLIN,3,4000.00,SUSR,PEDIATRICS
"ANTNFCT, BROAD/MEDIUM SPECTRUM",AZITHROMYCIN,56,500.00,TABS,"FAMILY MEDICINE"
"ANTNFCT, BROAD/MEDIUM SPECTRUM",AMOXICILLIN,1,4000.00,SUSR,PEDIATRICS
"SULFONAMIDES & TRIMETHOPRIM",SULFAMETHOXAZOLE-TRIMETHOPRIM,45,1600.00,TABS,"EMERGENCY MEDICINE"
"ANTNFCT, BROAD/MEDIUM SPECTRUM","DOXYCYCLINE HYCLATE",41,300.00,TABS,"INTERNAL MEDICINE"
"ANTNFCT, BROAD/MEDIUM SPECTRUM",CEFDINIR,9,2250.00,SUSR,"NURSE PRACTITIONER"
"ANTNFCT, BROAD/MEDIUM SPECTRUM",LEVOFLOXACIN,56,500.00,TABS,"INTERNAL MEDICINE/PEDIATRICS"
"ANTNFCT, BROAD/MEDIUM SPECTRUM",AMOXICILLIN,6,12000.00,SUSR,"EMERGENCY MEDICINE"
"ANTNFCT, BROAD/MEDIUM SPECTRUM",AMOXICILLIN,53,1500.00,CAPS,DENTIST
"ANTNFCT, BROAD/MEDIUM SPECTRUM","DOXYCYCLINE HYCLATE",38,200.00,CAPS,"PHYSICIAN ASSISTANT"
"ANTNFCT, BROAD/MEDIUM SPECTRUM",LEVOFLOXACIN,61,500.00,TABS,UROLOGY
"ANTNFCT, BROAD/MEDIUM SPECTRUM",LEVOFLOXACIN,53,500.00,TABS,"INTERNAL MEDICINE"
"ANTNFCT, BROAD/MEDIUM SPECTRUM",AZITHROMYCIN,4,600.00,SUSR,"PHARMACEUTICAL MEDICINE"
"ANTNFCT, BROAD/MEDIUM SPECTRUM",AZITHROMYCIN,22,500.00,TABS,"FAMILY MEDICINE"
"ANTNFCT, BROAD/MEDIUM SPECTRUM","CEFUROXIME AXETIL",81,500.00,TABS,"INTERNAL MEDICINE"
"ANTNFCT, BROAD/MEDIUM SPECTRUM","DOXYCYCLINE (MONOHYDRATE)",65,200.00,CAPS,"FAMILY MEDICINE"
"ANTNFCT, BROAD/MEDIUM SPECTRUM","PENICILLIN V POTASSIUM",24,2000.00,TABS,DENTIST
"ANTNFCT, BROAD/MEDIUM SPECTRUM",LEVOFLOXACIN,62,500.00,TABS,"PHYSICIAN ASSISTANT"
"ANTNFCT, BROAD/MEDIUM SPECTRUM","MINOCYCLINE HCL",44,200.00,CAPS,"INTERNAL MEDICINE"
"ANTNFCT, BROAD/MEDIUM SPECTRUM","CEFUROXIME AXETIL",72,1000.00,TABS,"EMERGENCY MEDICINE"
"SULFONAMIDES & TRIMETHOPRIM",SULFAMETHOXAZOLE-TRIMETHOPRIM,80,1600.00,TABS,"DIAGNOSTIC RADIOLOGY"
"ANTNFCT, BROAD/MEDIUM SPECTRUM",AMOXICILLIN,3,3750.00,SUSR,PEDIATRICS
"B-LACTAM, INCREASED ACTIVITY","AMOXICILLIN & POT CLAVULANATE",27,1750.00,TABS,"FAMILY MEDICINE"
"ANTNFCT, BROAD/MEDIUM SPECTRUM","CIPROFLOXACIN HCL",28,500.00,TABS,"FAMILY MEDICINE"
"ANTNFCT, BROAD/MEDIUM SPECTRUM","CEFUROXIME AXETIL",62,1000.00,TABS,"FAMILY MEDICINE"
"ANTNFCT, BROAD/MEDIUM SPECTRUM",AMOXICILLIN,64,1750.00,TABS,DENTIST
"ANTNFCT, BROAD/MEDIUM SPECTRUM","DOXYCYCLINE (MONOHYDRATE)",58,50.00,TABS,"PHYSICIAN ASSISTANT"
"B-LACTAM, INCREASED ACTIVITY","AMOXICILLIN & POT CLAVULANATE",25,1750.00,TABS,"NURSE PRACTITIONER"
"ANTNFCT, BROAD/MEDIUM SPECTRUM","DOXYCYCLINE HYCLATE",72,100.00,CAPS,"FAMILY MEDICINE"
"B-LACTAM, INCREASED ACTIVITY","AMOXICILLIN & POT CLAVULANATE",32,1750.00,TABS,NEPHROLOGY
"SULFONAMIDES & TRIMETHOPRIM",SULFAMETHOXAZOLE-TRIMETHOPRIM,20,1600.00,TABS,"FAMILY MEDICINE"
"ANTNFCT, BROAD/MEDIUM SPECTRUM",AMOXICILLIN,2,3750.00,SUSR,PEDIATRICS
"ANTNFCT, BROAD/MEDIUM SPECTRUM",AMOXICILLIN,15,7500.00,SUSR,PEDIATRICS
"B-LACTAM, INCREASED ACTIVITY","AMOXICILLIN & POT CLAVULANATE",46,1750.00,TABS,"FAMILY MEDICINE"
"ANTNFCT, BROAD/MEDIUM SPECTRUM","CIPROFLOXACIN HCL",68,1000.00,TABS,"EMERGENCY MEDICINE"
"ANTNFCT, BROAD/MEDIUM SPECTRUM",CEPHALEXIN,37,1500.00,CAPS,"GENERAL PRACTICE"
"B-LACTAM, INCREASED ACTIVITY","AMOXICILLIN & POT CLAVULANATE",48,1750.00,TABS,"PHYSICIAN ASSISTANT"
"ANTNFCT, BROAD/MEDIUM SPECTRUM",LEVOFLOXACIN,65,500.00,TABS,"INTERNAL MEDICINE"
"ANTNFCT, BROAD/MEDIUM SPECTRUM",AZITHROMYCIN,62,500.00,TABS,"INTERNAL MEDICINE"
"ANTNFCT, BROAD/MEDIUM SPECTRUM",AZITHROMYCIN,39,500.00,TABS,RHEUMATOLOGY
"ANTNFCT, BROAD/MEDIUM SPECTRUM","CLINDAMYCIN HCL",22,1200.00,CAPS,"NURSE PRACTITIONER"
"ANTNFCT, BROAD/MEDIUM SPECTRUM",AMOXICILLIN,3,5000.00,SUSR,"NURSE PRACTITIONER"
"ANTNFCT, BROAD/MEDIUM SPECTRUM","DOXYCYCLINE HYCLATE",74,200.00,TABS,"FAMILY MEDICINE"
"ANTNFCT, BROAD/MEDIUM SPECTRUM","MINOCYCLINE HCL",22,100.00,CAPS,"FAMILY MEDICINE"
"ANTNFCT, BROAD/MEDIUM SPECTRUM","DOXYCYCLINE HYCLATE",25,200.00,CAPS,"EMERGENCY MEDICINE"
"ANTNFCT, BROAD/MEDIUM SPECTRUM",AMOXICILLIN,3,6000.00,SUSR,PEDIATRICS
"ANTNFCT, BROAD/MEDIUM SPECTRUM","DOXYCYCLINE HYCLATE",20,200.00,TABS,"OBSTETRICS & GYNECOLOGY"
"ANTNFCT, BROAD/MEDIUM SPECTRUM",CEPHALEXIN,58,2000.00,CAPS,"EMERGENCY MEDICINE"
"ANTNFCT, BROAD/MEDIUM SPECTRUM","CLINDAMYCIN HCL",80,600.00,CAPS,"ORTHOPEDIC SURGERY"
"ANTNFCT, BROAD/MEDIUM SPECTRUM","DEMECLOCYCLINE HCL",66,600.00,TABS,"ENDOCRINOLOGY, DIABETES & METABOLISM"
"ANTNFCT, BROAD/MEDIUM SPECTRUM",AMOXICILLIN,10,5000.00,SUSR,"NURSE PRACTITIONER"
"ANTNFCT, BROAD/MEDIUM SPECTRUM","CIPROFLOXACIN HCL",62,1000.00,TABS,"FAMILY MEDICINE"
"ANTNFCT, BROAD/MEDIUM SPECTRUM",AMOXICILLIN,3,8000.00,SUSR,"PEDIATRIC EMERGENCY MEDICINE"
"ANTNFCT, BROAD/MEDIUM SPECTRUM",CEPHALEXIN,62,1000.00,CAPS,PODIATRIST
"ANTNFCT, BROAD/MEDIUM SPECTRUM",AZITHROMYCIN,6,600.00,SUSR,"PHYSICIAN ASSISTANT"
"ANTNFCT, BROAD/MEDIUM SPECTRUM",AMOXICILLIN,1,4000.00,SUSR,PEDIATRICS
"ANTNFCT, BROAD/MEDIUM SPECTRUM",AZITHROMYCIN,44,500.00,TABS,"FAMILY MEDICINE"
"SULFONAMIDES & TRIMETHOPRIM",SULFAMETHOXAZOLE-TRIMETHOPRIM,70,1600.00,TABS,UROLOGY
"ANTNFCT, BROAD/MEDIUM SPECTRUM","CIPROFLOXACIN HCL",85,1000.00,TABS,"EMERGENCY MEDICINE"
"ANTNFCT, BROAD/MEDIUM SPECTRUM",AMOXICILLIN,3,2500.00,SUSR,"NURSE PRACTITIONER"
"ANTNFCT, BROAD/MEDIUM SPECTRUM",AMOXICILLIN,66,2000.00,CAPS,DENTIST
"ANTNFCT, BROAD/MEDIUM SPECTRUM",CEPHALEXIN,18,2000.00,CAPS,"PHYSICIAN ASSISTANT"
"ANTNFCT, BROAD/MEDIUM SPECTRUM",AZITHROMYCIN,43,500.00,TABS,"INTERNAL MEDICINE"
"ANTNFCT, BROAD/MEDIUM SPECTRUM","CIPROFLOXACIN HCL",52,1000.00,TABS,OTOLARYNGOLOGY
"ANTNFCT, BROAD/MEDIUM SPECTRUM","PENICILLIN V POTASSIUM",46,2000.00,TABS,DENTIST
"ANTNFCT, BROAD/MEDIUM SPECTRUM",CEPHALEXIN,75,2000.00,CAPS,"PHYSICIAN ASSISTANT"
"ANTNFCT, BROAD/MEDIUM SPECTRUM",AZITHROMYCIN,46,500.00,TABS,"PULMONARY DISEASE"
"ANTNFCT, BROAD/MEDIUM SPECTRUM",AZITHROMYCIN,7,1200.00,SUSR,"NURSE PRACTITIONER"
"ANTNFCT, BROAD/MEDIUM SPECTRUM","CIPROFLOXACIN HCL",29,1000.00,TABS,"INTERNAL MEDICINE"
"ANTNFCT, BROAD/MEDIUM SPECTRUM","DOXYCYCLINE HYCLATE",43,200.00,CAPS,"PHYSICIAN ASSISTANT"
"ANTNFCT, BROAD/MEDIUM SPECTRUM","DOXYCYCLINE (MONOHYDRATE)",63,200.00,CAPS,"PHYSICIAN ASSISTANT"
"ANTNFCT, BROAD/MEDIUM SPECTRUM",AMOXICILLIN,43,1500.00,CAPS,DENTIST
"B-LACTAM, INCREASED ACTIVITY","AMOXICILLIN & POT CLAVULANATE",69,1750.00,TABS,"FAMILY MEDICINE"
"ANTNFCT, BROAD/MEDIUM SPECTRUM",AZITHROMYCIN,14,500.00,TABS,"NURSE PRACTITIONER"
"SULFONAMIDES & TRIMETHOPRIM",SULFAMETHOXAZOLE-TRIMETHOPRIM,21,1600.00,TABS,"PHYSICIAN ASSISTANT"
"ANTNFCT, BROAD/MEDIUM SPECTRUM",AMOXICILLIN,1,4000.00,SUSR,"ORTHOPEDIC SURGERY"
"ANTNFCT, BROAD/MEDIUM SPECTRUM",AMOXICILLIN,57,1500.00,CAPS,DENTIST
"ANTNFCT, BROAD/MEDIUM SPECTRUM",AMOXICILLIN,41,1750.00,TABS,VETERINARIAN
"ANTNFCT, BROAD/MEDIUM SPECTRUM",CEPHALEXIN,55,1000.00,CAPS,GYNECOLOGY
"ANTNFCT, BROAD/MEDIUM SPECTRUM","CIPROFLOXACIN HCL",74,500.00,TABS,"FAMILY MEDICINE"
"ANTNFCT, BROAD/MEDIUM SPECTRUM",AZITHROMYCIN,45,500.00,TABS,"PHYSICIAN ASSISTANT"
"ANTNFCT, BROAD/MEDIUM SPECTRUM",AZITHROMYCIN,47,500.00,TABS,PEDIATRICS
"ANTNFCT, BROAD/MEDIUM SPECTRUM",AZITHROMYCIN,35,500.00,TABS,"FAMILY MEDICINE"
"ANTNFCT, BROAD/MEDIUM SPECTRUM",LEVOFLOXACIN,58,750.00,TABS,"PHYSICIAN ASSISTANT"
"ANTNFCT, BROAD/MEDIUM SPECTRUM",AMOXICILLIN,3,4000.00,SUSR,"PHYSICIAN ASSISTANT"
"B-LACTAM, INCREASED ACTIVITY","AMOXICILLIN & POT CLAVULANATE",36,1750.00,TABS,"INTERNAL MEDICINE"
"ANTNFCT, BROAD/MEDIUM SPECTRUM",AMOXICILLIN,34,1750.00,TABS,"PHYSICIAN ASSISTANT"
"B-LACTAM, INCREASED ACTIVITY","AMOXICILLIN & POT CLAVULANATE",39,1750.00,TABS,"FAMILY MEDICINE"
"ANTNFCT, BROAD/MEDIUM SPECTRUM","DOXYCYCLINE HYCLATE",65,200.00,TABS,"INTERNAL MEDICINE"
"ANTNFCT, BROAD/MEDIUM SPECTRUM",AMOXICILLIN,58,2000.00,CAPS,GASTROENTEROLOGY
"ANTNFCT, BROAD/MEDIUM SPECTRUM",AMOXICILLIN,63,1500.00,CAPS,DENTIST
"ANTNFCT, BROAD/MEDIUM SPECTRUM",AZITHROMYCIN,24,500.00,TABS,"FAMILY MEDICINE"
"B-LACTAM, INCREASED ACTIVITY","AMOXICILLIN & POT CLAVULANATE",6,10800.00,SUSR,PEDIATRICS
"ANTNFCT, BROAD/MEDIUM SPECTRUM","DOXYCYCLINE HYCLATE",43,200.00,CAPS,"FAMILY MEDICINE"
"ANTNFCT, BROAD/MEDIUM SPECTRUM",AMOXICILLIN,50,1750.00,TABS,OTOLARYNGOLOGY
"ANTNFCT, BROAD/MEDIUM SPECTRUM",AZITHROMYCIN,75,500.00,TABS,"FAMILY MEDICINE"
"ANTNFCT, BROAD/MEDIUM SPECTRUM",CLARITHROMYCIN,25,1000.00,TABS,"INTERNAL MEDICINE"
"ANTNFCT, BROAD/MEDIUM SPECTRUM",AMOXICILLIN,40,1750.00,TABS,"FAMILY MEDICINE"
"ANTNFCT, BROAD/MEDIUM SPECTRUM",CEFDINIR,38,600.00,CAPS,"PHYSICIAN ASSISTANT"
"ANTNFCT, BROAD/MEDIUM SPECTRUM","CLINDAMYCIN HCL",39,1200.00,CAPS,"OBSTETRICS & GYNECOLOGY"
"ANTNFCT, BROAD/MEDIUM SPECTRUM",CEPHALEXIN,85,750.00,CAPS,"EMERGENCY MEDICINE"
"ANTNFCT, BROAD/MEDIUM SPECTRUM",AMOXICILLIN,30,1500.00,TABS,DENTIST
"ANTNFCT, BROAD/MEDIUM SPECTRUM",AZITHROMYCIN,46,500.00,TABS,"NURSE PRACTITIONER"
"B-LACTAM, INCREASED ACTIVITY","AMOXICILLIN & POT CLAVULANATE",38,1750.00,TABS,"INTERNAL MEDICINE"
"B-LACTAM, INCREASED ACTIVITY","AMOXICILLIN & POT CLAVULANATE",85,1000.00,TABS,"INTERNAL MEDICINE"
"ANTNFCT, BROAD/MEDIUM SPECTRUM","CLINDAMYCIN HCL",43,1200.00,CAPS,DENTIST
"ANTNFCT, BROAD/MEDIUM SPECTRUM",AMOXICILLIN,1,4000.00,SUSR,"PHYSICIAN ASSISTANT"
"ANTNFCT, BROAD/MEDIUM SPECTRUM","CIPROFLOXACIN HCL",70,1000.00,TABS,UROLOGY
"ANTNFCT, BROAD/MEDIUM SPECTRUM","CIPROFLOXACIN HCL",85,1000.00,TABS,PODIATRIST
"SULFONAMIDES & TRIMETHOPRIM",SULFAMETHOXAZOLE-TRIMETHOPRIM,55,1600.00,TABS,"FAMILY MEDICINE"
"ANTNFCT, BROAD/MEDIUM SPECTRUM",AZITHROMYCIN,55,500.00,TABS,"PHYSICIAN ASSISTANT"
"ANTNFCT, BROAD/MEDIUM SPECTRUM",AMOXICILLIN,24,1750.00,TABS,"FAMILY MEDICINE"
"ANTNFCT, BROAD/MEDIUM SPECTRUM",AMOXICILLIN,6,3750.00,SUSR,"PHYSICIAN ASSISTANT"
"ANTNFCT, BROAD/MEDIUM SPECTRUM","CIPROFLOXACIN HCL",39,1000.00,TABS,"PHYSICIAN ASSISTANT"
"B-LACTAM, INCREASED ACTIVITY","AMOXICILLIN & POT CLAVULANATE",1,3200.00,SUSR,"PEDIATRIC OTOLARYNGOLOGY"
"ANTNFCT, BROAD/MEDIUM SPECTRUM",AMOXICILLIN,5,6000.00,SUSR,PEDIATRICS
"SULFONAMIDES & TRIMETHOPRIM",SULFAMETHOXAZOLE-TRIMETHOPRIM,64,1600.00,TABS,"PHYSICIAN ASSISTANT"
"ANTNFCT, BROAD/MEDIUM SPECTRUM","PENICILLIN V POTASSIUM",60,2000.00,TABS,"EMERGENCY MEDICINE"
"SULFONAMIDES & TRIMETHOPRIM",SULFAMETHOXAZOLE-TRIMETHOPRIM,74,800.00,TABS,UROLOGY
"ANTNFCT, BROAD/MEDIUM SPECTRUM","CLINDAMYCIN HCL",59,1200.00,CAPS,DENTIST
"ANTNFCT, BROAD/MEDIUM SPECTRUM",AMOXICILLIN,6,8000.00,SUSR,"FAMILY MEDICINE"
"ANTNFCT, BROAD/MEDIUM SPECTRUM",AZITHROMYCIN,33,500.00,TABS,"NURSE PRACTITIONER"
"B-LACTAM, INCREASED ACTIVITY","AMOXICILLIN & POT CLAVULANATE",14,1750.00,TABS,PEDIATRICS
"ANTNFCT, BROAD/MEDIUM SPECTRUM","CEFUROXIME AXETIL",61,1000.00,TABS,"INFECTIOUS DISEASE"
"ANTNFCT, BROAD/MEDIUM SPECTRUM","CIPROFLOXACIN HCL",63,500.00,TABS,DENTIST
"ANTNFCT, BROAD/MEDIUM SPECTRUM",AZITHROMYCIN,44,500.00,TABS,"PHYSICIAN ASSISTANT"
"ANTNFCT, BROAD/MEDIUM SPECTRUM","CIPROFLOXACIN HCL",53,1000.00,TABS,"PHYSICIAN ASSISTANT"
"ANTNFCT SYSTEMIC, OTHER",ATOVAQUONE,39,7500.00,SUSP,"OBSTETRICS & GYNECOLOGY"
"ANTNFCT, BROAD/MEDIUM SPECTRUM",AMOXICILLIN,71,1500.00,CAPS,"ORAL & MAXILLOFACIAL SURGERY"
"ANTNFCT, BROAD/MEDIUM SPECTRUM",AMOXICILLIN,5,8000.00,SUSR,PEDIATRICS
"ANTNFCT, BROAD/MEDIUM SPECTRUM",AZITHROMYCIN,37,500.00,TABS,"OBSTETRICS & GYNECOLOGY"
"ANTNFCT, BROAD/MEDIUM SPECTRUM","CIPROFLOXACIN HCL",85,500.00,TABS,"FAMILY MEDICINE"
"ANTNFCT, BROAD/MEDIUM SPECTRUM",AZITHROMYCIN,73,500.00,TABS,"FAMILY MEDICINE"
"ANTNFCT, BROAD/MEDIUM SPECTRUM",AZITHROMYCIN,9,1200.00,SUSR,PEDIATRICS
"ANTNFCT, BROAD/MEDIUM SPECTRUM",CEFDINIR,5,1500.00,SUSR,"NURSE PRACTITIONER"
"ANTNFCT, BROAD/MEDIUM SPECTRUM",LEVOFLOXACIN,55,500.00,TABS,"FAMILY MEDICINE"
"ANTNFCT, BROAD/MEDIUM SPECTRUM",AMOXICILLIN,34,1750.00,TABS,"NURSE PRACTITIONER"
"ANTNFCT, BROAD/MEDIUM SPECTRUM",AMOXICILLIN,30,1500.00,CAPS,"FAMILY MEDICINE"
"ANTNFCT, BROAD/MEDIUM SPECTRUM",AMOXICILLIN,4,8000.00,SUSR,PEDIATRICS
"SULFONAMIDES & TRIMETHOPRIM",SULFAMETHOXAZOLE-TRIMETHOPRIM,63,1600.00,TABS,"INTERNAL MEDICINE"
"ANTNFCT, BROAD/MEDIUM SPECTRUM",AZITHROMYCIN,50,500.00,TABS,"FAMILY MEDICINE"
"B-LACTAM, INCREASED ACTIVITY","AMOXICILLIN & POT CLAVULANATE",9,5000.00,SUSR,"PHYSICIAN ASSISTANT"
"ANTNFCT, BROAD/MEDIUM SPECTRUM",CEPHALEXIN,85,1500.00,CAPS,"INTERNAL MEDICINE"
"ANTNFCT, BROAD/MEDIUM SPECTRUM",AZITHROMYCIN,22,500.00,TABS,"PHYSICIAN ASSISTANT"
"ANTNFCT, BROAD/MEDIUM SPECTRUM",AMOXICILLIN,19,1500.00,CAPS,"PHYSICIAN ASSISTANT"
"B-LACTAM, INCREASED ACTIVITY","AMOXICILLIN & POT CLAVULANATE",23,1750.00,TABS,"PHYSICIAN ASSISTANT"
"ANTNFCT, BROAD/MEDIUM SPECTRUM",AZITHROMYCIN,20,500.00,TABS,"FAMILY MEDICINE"
"ANTNFCT, BROAD/MEDIUM SPECTRUM","CLINDAMYCIN HCL",50,1200.00,CAPS,DENTIST
"ANTNFCT, BROAD/MEDIUM SPECTRUM","CIPROFLOXACIN HCL",60,1000.00,TABS,"PHYSICIAN ASSISTANT"
"ANTNFCT, BROAD/MEDIUM SPECTRUM",AZITHROMYCIN,42,500.00,TABS,"PHYSICIAN ASSISTANT"
"ANTNFCT, BROAD/MEDIUM SPECTRUM",AZITHROMYCIN,14,500.00,TABS,"EMERGENCY MEDICINE"
"ANTNFCT, BROAD/MEDIUM SPECTRUM",CEPHALEXIN,64,1000.00,CAPS,"FAMILY MEDICINE"
"ANTNFCT, BROAD/MEDIUM SPECTRUM","DOXYCYCLINE HYCLATE",65,200.00,CAPS,"INTERNAL MEDICINE"
"ANTNFCT, BROAD/MEDIUM SPECTRUM","CIPROFLOXACIN HCL",32,1000.00,TABS,"INTERNAL MEDICINE"
"ANTNFCT, BROAD/MEDIUM SPECTRUM","DOXYCYCLINE (MONOHYDRATE)",58,100.00,CAPS,"NURSE PRACTITIONER"
"ANTNFCT, BROAD/MEDIUM SPECTRUM",AMOXICILLIN,7,6000.00,SUSR,PEDIATRICS
"ANTNFCT, BROAD/MEDIUM SPECTRUM",CEPHALEXIN,42,2000.00,CAPS,"INTERNAL MEDICINE"
"ANTNFCT, BROAD/MEDIUM SPECTRUM",AMOXICILLIN,63,1500.00,CAPS,"ORAL & MAXILLOFACIAL SURGERY"
"ANTNFCT, BROAD/MEDIUM SPECTRUM",CLARITHROMYCIN,34,1000.00,TABS,GASTROENTEROLOGY
"B-LACTAM, INCREASED ACTIVITY","AMOXICILLIN & POT CLAVULANATE",72,1000.00,TABS,"INTERNAL MEDICINE"
"ANTNFCT, BROAD/MEDIUM SPECTRUM","CIPROFLOXACIN HCL",61,1000.00,TABS,"FAMILY MEDICINE"
"ANTNFCT, BROAD/MEDIUM SPECTRUM",CEPHALEXIN,63,2000.00,CAPS,"INTERNAL MEDICINE"
"ANTNFCT, BROAD/MEDIUM SPECTRUM",AMOXICILLIN,64,2000.00,CAPS,DENTIST
"B-LACTAM, INCREASED ACTIVITY","AMOXICILLIN & POT CLAVULANATE",67,1750.00,TABS,"NURSE PRACTITIONER"
"ANTNFCT, BROAD/MEDIUM SPECTRUM",CEPHALEXIN,29,2000.00,CAPS,"PHYSICIAN ASSISTANT"
"ANTNFCT, BROAD/MEDIUM SPECTRUM",AMPICILLIN,25,2000.00,CAPS,"OBSTETRICS & GYNECOLOGY"
"SULFONAMIDES & TRIMETHOPRIM",SULFAMETHOXAZOLE-TRIMETHOPRIM,30,1600.00,TABS,"NURSE PRACTITIONER"
"ANTNFCT, BROAD/MEDIUM SPECTRUM","CLINDAMYCIN HCL",48,600.00,CAPS,"NURSE PRACTITIONER"
"ANTNFCT, BROAD/MEDIUM SPECTRUM",CEFDINIR,17,600.00,CAPS,"FAMILY MEDICINE"
"ANTNFCT, BROAD/MEDIUM SPECTRUM",AMOXICILLIN,8,4000.00,SUSR,"NURSE PRACTITIONER"
"ANTNFCT, BROAD/MEDIUM SPECTRUM",AMOXICILLIN,52,1500.00,CAPS,DENTIST
"ANTNFCT, BROAD/MEDIUM SPECTRUM",AMOXICILLIN,46,1500.00,CAPS,
"ANTNFCT, BROAD/MEDIUM SPECTRUM",LEVOFLOXACIN,85,250.00,TABS,"OBSTETRICS & GYNECOLOGY"
"ANTNFCT, BROAD/MEDIUM SPECTRUM",CEPHALEXIN,9,5000.00,SUSR,PEDIATRICS
"ANTNFCT, BROAD/MEDIUM SPECTRUM",CEPHALEXIN,2,2000.00,SUSR,PEDIATRICS
"ANTNFCT, BROAD/MEDIUM SPECTRUM",LEVOFLOXACIN,71,500.00,TABS,"FAMILY MEDICINE"
"ANTNFCT, BROAD/MEDIUM SPECTRUM","DOXYCYCLINE HYCLATE",45,40.00,TABS,DERMATOLOGY
"ANTNFCT, BROAD/MEDIUM SPECTRUM",CEPHALEXIN,27,1500.00,CAPS,"FAMILY MEDICINE"
"ANTNFCT, BROAD/MEDIUM SPECTRUM",CEFDINIR,27,600.00,CAPS,"PHYSICIAN ASSISTANT"
"ANTNFCT, BROAD/MEDIUM SPECTRUM","CIPROFLOXACIN HCL",37,1000.00,TABS,UROLOGY
"ANTNFCT, BROAD/MEDIUM SPECTRUM",CEPHALEXIN,31,2000.00,CAPS,"EMERGENCY MEDICINE"
"SULFONAMIDES & TRIMETHOPRIM",SULFAMETHOXAZOLE-TRIMETHOPRIM,24,1600.00,TABS,"NURSE PRACTITIONER"
"ANTNFCT, BROAD/MEDIUM SPECTRUM",AZITHROMYCIN,58,500.00,TABS,OPHTHALMOLOGY
"ANTNFCT, BROAD/MEDIUM SPECTRUM",AZITHROMYCIN,23,500.00,TABS,"FAMILY MEDICINE"
"ANTNFCT, BROAD/MEDIUM SPECTRUM",AMOXICILLIN,50,1500.00,CAPS,DENTIST
"ANTNFCT, BROAD/MEDIUM SPECTRUM",AZITHROMYCIN,48,500.00,TABS,"PHYSICIAN ASSISTANT"
"ANTNFCT, BROAD/MEDIUM SPECTRUM","CLINDAMYCIN HCL",58,1200.00,CAPS,"EMERGENCY MEDICINE"
"ANTNFCT, BROAD/MEDIUM SPECTRUM",LEVOFLOXACIN,66,500.00,TABS,UROLOGY
"ANTNFCT, BROAD/MEDIUM SPECTRUM",AMOXICILLIN,62,2000.00,CAPS,DENTIST
"ANTNFCT, BROAD/MEDIUM SPECTRUM",CEPHALEXIN,77,1500.00,CAPS,"FAMILY MEDICINE"
"ANTNFCT, BROAD/MEDIUM SPECTRUM",AMOXICILLIN,5,4000.00,SUSR,PEDIATRICS
"ANTNFCT, BROAD/MEDIUM SPECTRUM","MINOCYCLINE HCL",15,100.00,CAPS,PEDIATRICS
"ANTNFCT, BROAD/MEDIUM SPECTRUM","DOXYCYCLINE (MONOHYDRATE)",32,200.00,TABS,"OBSTETRICS & GYNECOLOGY"
"ANTNFCT, BROAD/MEDIUM SPECTRUM",AZITHROMYCIN,50,500.00,TABS,"NURSE PRACTITIONER"
"ANTNFCT, BROAD/MEDIUM SPECTRUM",CEFDINIR,1,750.00,SUSR,"INTERNAL MEDICINE"
"ANTNFCT, BROAD/MEDIUM SPECTRUM",LEVOFLOXACIN,18,500.00,TABS,"FAMILY MEDICINE"
"ANTNFCT, BROAD/MEDIUM SPECTRUM",AMOXICILLIN,2,6000.00,SUSR,"DIAGNOSTIC RADIOLOGY"
"ANTNFCT, BROAD/MEDIUM SPECTRUM",CEFDINIR,17,600.00,CAPS,"NURSE PRACTITIONER"
"ANTNFCT, BROAD/MEDIUM SPECTRUM",AMOXICILLIN,3,4000.00,SUSR,PEDIATRICS
"ANTNFCT, BROAD/MEDIUM SPECTRUM",AMOXICILLIN,9,8000.00,SUSR,PEDIATRICS
"ANTNFCT, BROAD/MEDIUM SPECTRUM",AZITHROMYCIN,50,500.00,TABS,"PHYSICIAN ASSISTANT"
"ANTNFCT, BROAD/MEDIUM SPECTRUM",AMOXICILLIN,18,1500.00,CAPS,DENTIST
"B-LACTAM, INCREASED ACTIVITY","AMOXICILLIN & POT CLAVULANATE",27,1750.00,TABS,DENTIST
"ANTNFCT, BROAD/MEDIUM SPECTRUM","DOXYCYCLINE HYCLATE",58,200.00,CAPS,"INTERNAL MEDICINE"
"ANTNFCT, BROAD/MEDIUM SPECTRUM",CEPHALEXIN,65,500.00,CAPS,"INTERNAL MEDICINE"
"ANTNFCT, BROAD/MEDIUM SPECTRUM",AMOXICILLIN,40,1500.00,CAPS,"INTERNAL MEDICINE"
"ANTNFCT, BROAD/MEDIUM SPECTRUM",AZITHROMYCIN,75,250.00,TABS,"FAMILY MEDICINE"
"B-LACTAM, INCREASED ACTIVITY","AMOXICILLIN & POT CLAVULANATE",85,1750.00,TABS,"FAMILY MEDICINE"
"ANTNFCT, BROAD/MEDIUM SPECTRUM",AMOXICILLIN,23,1500.00,CAPS,"PHYSICIAN ASSISTANT"
"ANTNFCT, BROAD/MEDIUM SPECTRUM","MINOCYCLINE HCL",33,100.00,CAPS,"PHYSICIAN ASSISTANT"
"B-LACTAM, INCREASED ACTIVITY","AMOXICILLIN & POT CLAVULANATE",68,1750.00,TABS,"FAMILY MEDICINE"
"ANTNFCT, BROAD/MEDIUM SPECTRUM",AZITHROMYCIN,18,500.00,TABS,OTOLARYNGOLOGY
"ANTNFCT, BROAD/MEDIUM SPECTRUM","CLINDAMYCIN HCL",55,1200.00,CAPS,DENTIST
"ANTNFCT, BROAD/MEDIUM SPECTRUM","CLINDAMYCIN HCL",11,1200.00,CAPS,"PHYSICIAN ASSISTANT"
"ANTNFCT, BROAD/MEDIUM SPECTRUM",CEPHALEXIN,37,1000.00,CAPS,"PHYSICIAN ASSISTANT"
"ANTNFCT, BROAD/MEDIUM SPECTRUM",AZITHROMYCIN,53,500.00,TABS,"FAMILY MEDICINE"
"B-LACTAM, INCREASED ACTIVITY","AMOXICILLIN & POT CLAVULANATE",60,1750.00,TABS,"NURSE PRACTITIONER"
"ANTNFCT, BROAD/MEDIUM SPECTRUM","TETRACYCLINE HCL",54,2000.00,CAPS,GASTROENTEROLOGY
"B-LACTAM, INCREASED ACTIVITY","AMOXICILLIN & POT CLAVULANATE",47,1750.00,TABS,"INTERNAL MEDICINE"
"ANTNFCT, BROAD/MEDIUM SPECTRUM",AMOXICILLIN,1,6000.00,SUSR,PEDIATRICS
"ANTNFCT, BROAD/MEDIUM SPECTRUM",AMPICILLIN,60,2000.00,CAPS,"FAMILY MEDICINE"
"ANTNFCT, BROAD/MEDIUM SPECTRUM",AMOXICILLIN,2,3200.00,SUSR,"PHYSICIAN ASSISTANT"
"ANTNFCT, BROAD/MEDIUM SPECTRUM",LEVOFLOXACIN,53,500.00,TABS,"PLASTIC SURGERY"
"ANTNFCT, BROAD/MEDIUM SPECTRUM",AMOXICILLIN,60,1500.00,CAPS,DENTIST
"ANTNFCT, BROAD/MEDIUM SPECTRUM",CEPHALEXIN,56,1000.00,CAPS,"FAMILY MEDICINE"
"ANTNFCT, BROAD/MEDIUM SPECTRUM","CIPROFLOXACIN HCL",69,1000.00,TABS,"NURSE PRACTITIONER"
"B-LACTAM, INCREASED ACTIVITY","AMOXICILLIN & POT CLAVULANATE",75,1750.00,TABS,HOSPITALIST
"ANTNFCT, BROAD/MEDIUM SPECTRUM",CEFDINIR,46,600.00,CAPS,"FAMILY MEDICINE"
"ANTNFCT, BROAD/MEDIUM SPECTRUM",CEPHALEXIN,32,3000.00,CAPS,"EMERGENCY MEDICINE"
"ANTNFCT, BROAD/MEDIUM SPECTRUM",AZITHROMYCIN,41,500.00,TABS,"FAMILY MEDICINE"
"ANTNFCT, BROAD/MEDIUM SPECTRUM","MINOCYCLINE HCL",15,200.00,CAPS,PEDIATRICS
"SULFONAMIDES & TRIMETHOPRIM",SULFAMETHOXAZOLE-TRIMETHOPRIM,47,1600.00,TABS,"FAMILY MEDICINE"
"ANTNFCT, BROAD/MEDIUM SPECTRUM",AZITHROMYCIN,47,500.00,TABS,"INTERNAL MEDICINE"
"ANTNFCT, BROAD/MEDIUM SPECTRUM",AMOXICILLIN,45,1500.00,CAPS,"FAMILY MEDICINE"
"ANTNFCT, BROAD/MEDIUM SPECTRUM","CLINDAMYCIN HCL",60,900.00,CAPS,"HAND SURGERY (ORTHOPEDICS)"
"ANTNFCT, BROAD/MEDIUM SPECTRUM",CEPHALEXIN,20,1000.00,CAPS,PEDIATRICS
"ANTNFCT, BROAD/MEDIUM SPECTRUM","DOXYCYCLINE (MONOHYDRATE)",5,200.00,CAPS,DERMATOLOGY
"B-LACTAM, INCREASED ACTIVITY","AMOXICILLIN & POT CLAVULANATE",4,3750.00,SUSR,"PEDIATRIC PULMONOLOGY"
"ANTNFCT, BROAD/MEDIUM SPECTRUM","CLINDAMYCIN HCL",41,1200.00,CAPS,"NURSE PRACTITIONER"
"ANTNFCT, BROAD/MEDIUM SPECTRUM",CEPHALEXIN,32,750.00,CAPS,DENTIST
"ANTNFCT, BROAD/MEDIUM SPECTRUM",CEFDINIR,68,600.00,CAPS,"NURSE PRACTITIONER"
"ANTNFCT, BROAD/MEDIUM SPECTRUM",CEPHALEXIN,70,1500.00,CAPS,"NURSE PRACTITIONER"
"ANTNFCT, BROAD/MEDIUM SPECTRUM",AMOXICILLIN,81,1000.00,CAPS,OPTOMETRIST
"ANTNFCT, BROAD/MEDIUM SPECTRUM","DOXYCYCLINE HYCLATE",55,200.00,TABS,"INTERNAL MEDICINE"
"SULFONAMIDES & TRIMETHOPRIM",SULFAMETHOXAZOLE-TRIMETHOPRIM,55,3200.00,TABS,"INTERNAL MEDICINE"
"ANTNFCT, BROAD/MEDIUM SPECTRUM",CLARITHROMYCIN,32,1000.00,TABS,"PHYSICIAN ASSISTANT"
"ANTNFCT, BROAD/MEDIUM SPECTRUM","DOXYCYCLINE HYCLATE",61,200.00,CAPS,"NURSE PRACTITIONER"
"B-LACTAM, INCREASED ACTIVITY","AMOXICILLIN & POT CLAVULANATE",49,1750.00,TABS,"GERIATRIC MEDICINE (FAMILY MEDICINE)"
"B-LACTAM, INCREASED ACTIVITY","AMOXICILLIN & POT CLAVULANATE",49,1750.00,TABS,"FAMILY MEDICINE"
"ANTNFCT, BROAD/MEDIUM SPECTRUM",AMOXICILLIN,72,1750.00,TABS,"PHYSICIAN ASSISTANT"
"ANTNFCT, BROAD/MEDIUM SPECTRUM",AMOXICILLIN,57,1500.00,CAPS,DENTIST
"ANTNFCT, BROAD/MEDIUM SPECTRUM","DOXYCYCLINE HYCLATE",50,200.00,CAPS,"FAMILY MEDICINE"
"ANTNFCT, BROAD/MEDIUM SPECTRUM","DOXYCYCLINE HYCLATE",62,200.00,TABS,HOSPITALIST
"ANTNFCT, BROAD/MEDIUM SPECTRUM","MINOCYCLINE HCL",14,100.00,CAPS,"PHYSICIAN ASSISTANT"
"ANTNFCT, BROAD/MEDIUM SPECTRUM",CEPHALEXIN,4,3750.00,SUSR,"EMERGENCY MEDICINE"
"B-LACTAM, INCREASED ACTIVITY","AMOXICILLIN & POT CLAVULANATE",33,1750.00,TABS,"OBSTETRICS & GYNECOLOGY"
"ANTNFCT, BROAD/MEDIUM SPECTRUM","DOXYCYCLINE HYCLATE",65,200.00,TABS,UROLOGY
"ANTNFCT, BROAD/MEDIUM SPECTRUM",CEPHALEXIN,74,1000.00,CAPS,"EMERGENCY MEDICINE"
"ANTNFCT, BROAD/MEDIUM SPECTRUM","DOXYCYCLINE HYCLATE",17,100.00,CAPS,"PHYSICIAN ASSISTANT"
"SULFONAMIDES & TRIMETHOPRIM",SULFAMETHOXAZOLE-TRIMETHOPRIM,25,1600.00,TABS,"NURSE PRACTITIONER"
"B-LACTAM, INCREASED ACTIVITY","AMOXICILLIN & POT CLAVULANATE",53,1750.00,TABS,OTOLARYNGOLOGY
"ANTNFCT, BROAD/MEDIUM SPECTRUM",AZITHROMYCIN,39,500.00,TABS,"FAMILY MEDICINE"
"ANTNFCT, BROAD/MEDIUM SPECTRUM",AMOXICILLIN,77,2000.00,CAPS,DENTIST
"ANTNFCT, BROAD/MEDIUM SPECTRUM",AZITHROMYCIN,62,500.00,TABS,"PHYSICIAN ASSISTANT"
"SULFONAMIDES & TRIMETHOPRIM",SULFAMETHOXAZOLE-TRIMETHOPRIM,40,800.00,TABS,"NURSE PRACTITIONER"
"ANTNFCT, BROAD/MEDIUM SPECTRUM",CEPHALEXIN,47,2000.00,CAPS,"NURSE PRACTITIONER"
"B-LACTAM, INCREASED ACTIVITY","AMOXICILLIN & POT CLAVULANATE",32,1750.00,TABS,"INTERNAL MEDICINE"
"ANTNFCT, BROAD/MEDIUM SPECTRUM","PENICILLIN V POTASSIUM",59,2000.00,TABS,DENTIST
"ANTNFCT, BROAD/MEDIUM SPECTRUM",AMOXICILLIN,3,3750.00,SUSR,PEDIATRICS
"ANTNFCT, BROAD/MEDIUM SPECTRUM",AMOXICILLIN,38,1000.00,CAPS,"PHYSICIAN ASSISTANT"
"ANTNFCT, BROAD/MEDIUM SPECTRUM",AMOXICILLIN,64,1500.00,CAPS,DENTIST
"ANTNFCT, BROAD/MEDIUM SPECTRUM",AZITHROMYCIN,17,250.00,TABS,PEDIATRICS
"B-LACTAM, INCREASED ACTIVITY","AMOXICILLIN & POT CLAVULANATE",19,1750.00,TABS,"EMERGENCY MEDICINE"
"B-LACTAM, INCREASED ACTIVITY","AMOXICILLIN & POT CLAVULANATE",35,1750.00,TABS,"OBSTETRICS & GYNECOLOGY"
"ANTNFCT, BROAD/MEDIUM SPECTRUM",CEPHALEXIN,63,1650.00,CAPS,"EMERGENCY MEDICINE"
"ANTNFCT, BROAD/MEDIUM SPECTRUM",AMOXICILLIN,1,5800.00,SUSR,"PHYSICIAN ASSISTANT"
"ANTNFCT, BROAD/MEDIUM SPECTRUM",AZITHROMYCIN,37,1000.00,TABS,GYNECOLOGY
"B-LACTAM, INCREASED ACTIVITY","AMOXICILLIN & POT CLAVULANATE",16,1750.00,TABS,"ALLERGY & IMMUNOLOGY"
"ANTNFCT, BROAD/MEDIUM SPECTRUM",AZITHROMYCIN,34,250.00,TABS,"NUCLEAR MEDICINE"
"ANTNFCT, BROAD/MEDIUM SPECTRUM",AMOXICILLIN,10,8000.00,SUSR,"PHYSICIAN ASSISTANT"
"ANTNFCT, BROAD/MEDIUM SPECTRUM","CLINDAMYCIN PALMITATE HYDROCHLORIDE",7,3000.00,SOLR,"EMERGENCY MEDICINE"
"ANTNFCT, BROAD/MEDIUM SPECTRUM",AZITHROMYCIN,47,500.00,TABS,"FAMILY MEDICINE"
"B-LACTAM, INCREASED ACTIVITY","AMOXICILLIN & POT CLAVULANATE",8,2750.00,SUSR,"FAMILY MEDICINE"
"ANTNFCT, BROAD/MEDIUM SPECTRUM",AMOXICILLIN,81,500.00,CAPS,"FAMILY MEDICINE"
"ANTNFCT, BROAD/MEDIUM SPECTRUM",CEPHALEXIN,18,500.00,CAPS,"NURSE PRACTITIONER"
"ANTNFCT, BROAD/MEDIUM SPECTRUM",CEPHALEXIN,18,2000.00,CAPS,"FAMILY MEDICINE"
"ANTNFCT, BROAD/MEDIUM SPECTRUM","DOXYCYCLINE HYCLATE",15,100.00,CAPS,"NURSE PRACTITIONER"
"SULFONAMIDES & TRIMETHOPRIM",SULFAMETHOXAZOLE-TRIMETHOPRIM,32,1600.00,TABS,"FAMILY MEDICINE"
"ANTNFCT, BROAD/MEDIUM SPECTRUM","DOXYCYCLINE HYCLATE",17,100.00,CAPS,"NURSE PRACTITIONER"
"ANTNFCT, BROAD/MEDIUM SPECTRUM",AMOXICILLIN,1,2000.00,SUSR,PEDIATRICS
"SULFONAMIDES & TRIMETHOPRIM",SULFAMETHOXAZOLE-TRIMETHOPRIM,69,1600.00,TABS,RHEUMATOLOGY
"ANTNFCT, BROAD/MEDIUM SPECTRUM",AZITHROMYCIN,63,500.00,TABS,"INTERNAL MEDICINE"
"B-LACTAM, INCREASED ACTIVITY","AMOXICILLIN & POT CLAVULANATE",11,750.00,TABS,"FAMILY MEDICINE"
"ANTNFCT, BROAD/MEDIUM SPECTRUM",CEPHALEXIN,37,2000.00,CAPS,"FACIAL PLASTIC SURGERY"
"ANTNFCT, BROAD/MEDIUM SPECTRUM",AMOXICILLIN,52,1500.00,TABS,"FAMILY MEDICINE"
"B-LACTAM, INCREASED ACTIVITY","AMOXICILLIN & POT CLAVULANATE",69,1750.00,TABS,"NURSE PRACTITIONER"
"B-LACTAM, INCREASED ACTIVITY","AMOXICILLIN & POT CLAVULANATE",52,1750.00,TABS,"NURSE PRACTITIONER"
"ANTNFCT, BROAD/MEDIUM SPECTRUM",AMOXICILLIN,9,12000.00,SUSR,"NURSE PRACTITIONER"
"ANTNFCT, BROAD/MEDIUM SPECTRUM",AMOXICILLIN,8,8000.00,SUSR,"NURSE PRACTITIONER"
"ANTNFCT, BROAD/MEDIUM SPECTRUM","CLINDAMYCIN HCL",36,1200.00,CAPS,"FAMILY MEDICINE"
"ANTNFCT, BROAD/MEDIUM SPECTRUM",AZITHROMYCIN,50,500.00,TABS,"INTERNAL MEDICINE"
"ANTNFCT, BROAD/MEDIUM SPECTRUM","CLINDAMYCIN HCL",62,900.00,CAPS,"NURSE PRACTITIONER"
"ANTNFCT, BROAD/MEDIUM SPECTRUM",CEPHALEXIN,43,2000.00,CAPS,"NURSE PRACTITIONER"
"ANTNFCT, BROAD/MEDIUM SPECTRUM",AZITHROMYCIN,42,500.00,TABS,"FAMILY MEDICINE"
"ANTNFCT, BROAD/MEDIUM SPECTRUM",AZITHROMYCIN,70,500.00,TABS,GASTROENTEROLOGY
"ANTNFCT, BROAD/MEDIUM SPECTRUM",AZITHROMYCIN,9,2400.00,SUSR,PEDIATRICS
"ANTNFCT, BROAD/MEDIUM SPECTRUM",CEFDINIR,80,600.00,CAPS,OTOLARYNGOLOGY
"ANTNFCT, BROAD/MEDIUM SPECTRUM",AZITHROMYCIN,12,500.00,TABS,PEDIATRICS
"ANTNFCT, BROAD/MEDIUM SPECTRUM","CLINDAMYCIN HCL",21,1200.00,CAPS,"PHYSICIAN ASSISTANT"
"ANTNFCT, BROAD/MEDIUM SPECTRUM","DOXYCYCLINE (MONOHYDRATE)",24,100.00,CAPS,"NURSE PRACTITIONER"
"ANTNFCT, BROAD/MEDIUM SPECTRUM",CEPHALEXIN,64,2000.00,CAPS,"ORTHOPEDIC SURGERY"
"ANTNFCT, BROAD/MEDIUM SPECTRUM",CEPHALEXIN,32,1500.00,CAPS,"FAMILY MEDICINE"
"ANTNFCT, BROAD/MEDIUM SPECTRUM",CEPHALEXIN,18,1000.00,CAPS,"FAMILY MEDICINE"
"ANTNFCT, BROAD/MEDIUM SPECTRUM",AMOXICILLIN,28,1500.00,CAPS,"ORAL & MAXILLOFACIAL SURGERY"
"ANTNFCT, BROAD/MEDIUM SPECTRUM",AMOXICILLIN,2,2000.00,SUSR,"NURSE PRACTITIONER"
"ANTNFCT, BROAD/MEDIUM SPECTRUM",AMOXICILLIN,15,1750.00,TABS,"EMERGENCY MEDICINE"
"ANTNFCT, BROAD/MEDIUM SPECTRUM","PENICILLIN V POTASSIUM",66,2000.00,TABS,"INTERNAL MEDICINE"
"SULFONAMIDES & TRIMETHOPRIM",SULFAMETHOXAZOLE-TRIMETHOPRIM,14,1600.00,TABS,PEDIATRICS
"ANTNFCT, BROAD/MEDIUM SPECTRUM",CEPHALEXIN,21,3000.00,CAPS,"PROCEDURAL DERMATOLOGY"
"ANTNFCT, BROAD/MEDIUM SPECTRUM",AZITHROMYCIN,77,500.00,TABS,"FAMILY MEDICINE"
"ANTNFCT, BROAD/MEDIUM SPECTRUM",AMOXICILLIN,69,2000.00,CAPS,DENTIST
"ANTNFCT, BROAD/MEDIUM SPECTRUM",AZITHROMYCIN,64,500.00,TABS,"FAMILY MEDICINE"
"ANTNFCT, BROAD/MEDIUM SPECTRUM",AMOXICILLIN,25,1500.00,CAPS,DENTIST
"ANTNFCT, BROAD/MEDIUM SPECTRUM",AMOXICILLIN,12,1750.00,TABS,"PHYSICIAN ASSISTANT"
"ANTNFCT, BROAD/MEDIUM SPECTRUM",AMOXICILLIN,36,1500.00,CAPS,DENTIST
"ANTNFCT, BROAD/MEDIUM SPECTRUM","CIPROFLOXACIN HCL",63,1000.00,TABS,"INTERNAL MEDICINE"
"ANTNFCT, BROAD/MEDIUM SPECTRUM",AZITHROMYCIN,36,500.00,TABS,"PHYSICIAN ASSISTANT"
"ANTNFCT, BROAD/MEDIUM SPECTRUM",AZITHROMYCIN,85,500.00,TABS,"FAMILY MEDICINE"
"ANTNFCT, BROAD/MEDIUM SPECTRUM","DOXYCYCLINE HYCLATE",35,100.00,CAPS,DERMATOLOGY
"ANTNFCT, BROAD/MEDIUM SPECTRUM",AMOXICILLIN,13,1750.00,TABS,PEDIATRICS
"ANTNFCT, BROAD/MEDIUM SPECTRUM",AMOXICILLIN,8,11250.00,SUSR,PEDIATRICS
"B-LACTAM, INCREASED ACTIVITY","AMOXICILLIN & POT CLAVULANATE",76,1750.00,TABS,"PHYSICIAN ASSISTANT"
"ANTNFCT, BROAD/MEDIUM SPECTRUM","MINOCYCLINE HCL",24,100.00,TABS,"PHYSICIAN ASSISTANT"
"ANTNFCT, BROAD/MEDIUM SPECTRUM","DOXYCYCLINE HYCLATE",18,100.00,CAPS,DERMATOLOGY
"ANTNFCT, BROAD/MEDIUM SPECTRUM",CEPHALEXIN,43,1000.00,CAPS,PODIATRIST
"ANTNFCT, BROAD/MEDIUM SPECTRUM","CIPROFLOXACIN HCL",52,500.00,TABS,"INTERNAL MEDICINE"
"ANTNFCT, BROAD/MEDIUM SPECTRUM",AZITHROMYCIN,22,500.00,TABS,PEDIATRICS
"B-LACTAM, INCREASED ACTIVITY","AMOXICILLIN & POT CLAVULANATE",51,1750.00,TABS,"FAMILY MEDICINE"
"B-LACTAM, INCREASED ACTIVITY","AMOXICILLIN & POT CLAVULANATE",77,4000.00,TB12,HOSPITALIST
"ANTNFCT, BROAD/MEDIUM SPECTRUM","CIPROFLOXACIN HCL",24,1000.00,TABS,"FAMILY MEDICINE"
"ANTNFCT, BROAD/MEDIUM SPECTRUM",AMOXICILLIN,11,6000.00,SUSR,"PHYSICIAN ASSISTANT"
"ANTNFCT, BROAD/MEDIUM SPECTRUM",CEPHALEXIN,72,1000.00,CAPS,OTOLARYNGOLOGY
"B-LACTAM, INCREASED ACTIVITY","AMOXICILLIN & POT CLAVULANATE",36,1750.00,TABS,"INTERNAL MEDICINE/PEDIATRICS"
"ANTNFCT, BROAD/MEDIUM SPECTRUM",AZITHROMYCIN,39,500.00,TABS,"INTERNAL MEDICINE"
"ANTNFCT, BROAD/MEDIUM SPECTRUM",AMOXICILLIN,57,1750.00,TABS,"PHYSICIAN ASSISTANT"
"B-LACTAM, INCREASED ACTIVITY","AMOXICILLIN & POT CLAVULANATE",47,1750.00,TABS,"FAMILY MEDICINE"
"ANTNFCT, BROAD/MEDIUM SPECTRUM",AMOXICILLIN,85,1500.00,CAPS,"ORAL & MAXILLOFACIAL SURGERY"
"ANTNFCT, BROAD/MEDIUM SPECTRUM",CEFPROZIL,9,2500.00,SUSR,"NURSE PRACTITIONER"
"ANTNFCT, BROAD/MEDIUM SPECTRUM",CEPHALEXIN,20,1000.00,CAPS,"PHYSICIAN ASSISTANT"
"ANTNFCT, BROAD/MEDIUM SPECTRUM",AMOXICILLIN,3,6000.00,SUSR,PEDIATRICS
"SULFONAMIDES & TRIMETHOPRIM",SULFAMETHOXAZOLE-TRIMETHOPRIM,33,1600.00,TABS,"NURSE PRACTITIONER"
"ANTNFCT, BROAD/MEDIUM SPECTRUM",CEPHALEXIN,50,1500.00,CAPS,DENTIST
"ANTNFCT, BROAD/MEDIUM SPECTRUM",AMOXICILLIN,62,1500.00,CAPS,DENTIST
"ANTNFCT, BROAD/MEDIUM SPECTRUM",AMOXICILLIN,23,1500.00,CAPS,DENTIST
"ANTNFCT, BROAD/MEDIUM SPECTRUM",AMOXICILLIN,58,1500.00,CAPS,UROLOGY
"ANTNFCT, BROAD/MEDIUM SPECTRUM",AZITHROMYCIN,70,500.00,TABS,"FAMILY MEDICINE"
"ANTNFCT, BROAD/MEDIUM SPECTRUM","DOXYCYCLINE HYCLATE",73,200.00,TABS,DERMATOLOGY
"ANTNFCT, BROAD/MEDIUM SPECTRUM",LEVOFLOXACIN,50,750.00,TABS,"INTERNAL MEDICINE"
"ANTNFCT, BROAD/MEDIUM SPECTRUM","DOXYCYCLINE HYCLATE",51,200.00,CAPS,"NURSE PRACTITIONER"
"ANTNFCT, BROAD/MEDIUM SPECTRUM",AMOXICILLIN,9,8000.00,SUSR,"FAMILY MEDICINE"
"ANTNFCT, BROAD/MEDIUM SPECTRUM","CLINDAMYCIN HCL",26,600.00,CAPS,"NURSE PRACTITIONER"
"ANTNFCT, BROAD/MEDIUM SPECTRUM",CEPHALEXIN,49,1500.00,CAPS,"FAMILY MEDICINE"
"ANTNFCT, BROAD/MEDIUM SPECTRUM",AZITHROMYCIN,76,250.00,TABS,OPTOMETRIST
"ANTNFCT, BROAD/MEDIUM SPECTRUM",AMOXICILLIN,2,6000.00,SUSR,"PHYSICIAN ASSISTANT"
"B-LACTAM, INCREASED ACTIVITY","AMOXICILLIN & POT CLAVULANATE",38,1750.00,TABS,"FAMILY MEDICINE"
"ANTNFCT, BROAD/MEDIUM SPECTRUM","DOXYCYCLINE HYCLATE",22,50.00,CAPS,DERMATOLOGY
"ANTNFCT, BROAD/MEDIUM SPECTRUM",AMOXICILLIN,50,2000.00,CAPS,DENTIST
"ANTNFCT, BROAD/MEDIUM SPECTRUM",AMOXICILLIN,5,11600.00,SUSR,"NURSE PRACTITIONER"
"ANTNFCT, BROAD/MEDIUM SPECTRUM",AZITHROMYCIN,47,500.00,TABS,"FAMILY MEDICINE"
"ANTNFCT, BROAD/MEDIUM SPECTRUM",AZITHROMYCIN,41,500.00,TABS,"PULMONARY DISEASE"
"ANTNFCT, BROAD/MEDIUM SPECTRUM","CIPROFLOXACIN HCL",71,1000.00,TABS,"FACIAL PLASTIC SURGERY"
"SULFONAMIDES & TRIMETHOPRIM",SULFAMETHOXAZOLE-TRIMETHOPRIM,7,4800.00,SUSP,PEDIATRICS
"B-LACTAM, INCREASED ACTIVITY","AMOXICILLIN & POT CLAVULANATE",17,4400.00,SUSR,OTOLARYNGOLOGY
"ANTNFCT, BROAD/MEDIUM SPECTRUM","DOXYCYCLINE HYCLATE",63,200.00,CAPS,"SPORTS MEDICINE (FAMILY MEDICINE)"
"SULFONAMIDES & TRIMETHOPRIM",SULFAMETHOXAZOLE-TRIMETHOPRIM,46,1600.00,TABS,"PHYSICIAN ASSISTANT"
"ANTNFCT, BROAD/MEDIUM SPECTRUM","CEFPODOXIME PROXETIL",85,400.00,TABS,UROLOGY
"ANTNFCT, BROAD/MEDIUM SPECTRUM","DOXYCYCLINE HYCLATE",58,200.00,CAPS,GASTROENTEROLOGY
"ANTNFCT, BROAD/MEDIUM SPECTRUM",AZITHROMYCIN,41,500.00,TABS,"GENERAL PRACTICE"
"ANTNFCT, BROAD/MEDIUM SPECTRUM",AMOXICILLIN,43,1500.00,CAPS,"PHYSICIAN ASSISTANT"
"B-LACTAM, INCREASED ACTIVITY","AMOXICILLIN & POT CLAVULANATE",48,1750.00,TABS,"PHYSICIAN ASSISTANT"
"ANTNFCT, BROAD/MEDIUM SPECTRUM",AMOXICILLIN,10,2000.00,CAPS,PEDIATRICS
"ANTNFCT, BROAD/MEDIUM SPECTRUM","DOXYCYCLINE HYCLATE",57,200.00,TABS,"NURSE PRACTITIONER"
"ANTNFCT, BROAD/MEDIUM SPECTRUM",AMOXICILLIN,62,1500.00,CAPS,DENTIST
"ANTNFCT, BROAD/MEDIUM SPECTRUM",AMOXICILLIN,32,1500.00,CAPS,DENTIST
"ANTNFCT, BROAD/MEDIUM SPECTRUM",AMOXICILLIN,43,1500.00,CAPS,"FAMILY MEDICINE"
"ANTNFCT, BROAD/MEDIUM SPECTRUM",CEFDINIR,62,600.00,CAPS,"EMERGENCY MEDICINE"
"ANTNFCT, BROAD/MEDIUM SPECTRUM","PENICILLIN V POTASSIUM",68,2000.00,TABS,DENTIST
"ANTNFCT, BROAD/MEDIUM SPECTRUM","CIPROFLOXACIN HCL",76,1000.00,TABS,PODIATRIST
"ANTNFCT, BROAD/MEDIUM SPECTRUM",AZITHROMYCIN,53,500.00,TABS,"PHYSICIAN ASSISTANT"
"ANTNFCT, BROAD/MEDIUM SPECTRUM","DOXYCYCLINE HYCLATE",43,200.00,CAPS,"FAMILY MEDICINE"
"ANTNFCT, BROAD/MEDIUM SPECTRUM",AMOXICILLIN,27,1500.00,CAPS,"EMERGENCY MEDICINE"
"ANTNFCT, BROAD/MEDIUM SPECTRUM","CEFUROXIME AXETIL",41,1000.00,TABS,
"SULFONAMIDES & TRIMETHOPRIM",TRIMETHOPRIM,85,100.00,TABS,"FAMILY MEDICINE"
"ANTNFCT, BROAD/MEDIUM SPECTRUM",AZITHROMYCIN,13,500.00,TABS,PEDIATRICS
"ANTNFCT, BROAD/MEDIUM SPECTRUM",CEFDINIR,52,600.00,CAPS,"INTERNAL MEDICINE"
"ANTNFCT, BROAD/MEDIUM SPECTRUM",AMOXICILLIN,75,2000.00,CAPS,DENTIST
"ANTNFCT, BROAD/MEDIUM SPECTRUM","MINOCYCLINE HCL",15,100.00,CAPS,"PHYSICIAN ASSISTANT"
"ANTNFCT, BROAD/MEDIUM SPECTRUM",AMOXICILLIN,28,1500.00,CAPS,DENTIST
"ANTNFCT, BROAD/MEDIUM SPECTRUM",CEPHALEXIN,58,2000.00,CAPS,"NURSE PRACTITIONER"
"ANTNFCT, BROAD/MEDIUM SPECTRUM",CEPHALEXIN,60,2000.00,CAPS,"INTERNAL MEDICINE"
"ANTNFCT, BROAD/MEDIUM SPECTRUM","CLINDAMYCIN HCL",34,1200.00,CAPS,"NURSE PRACTITIONER"
"ANTNFCT, BROAD/MEDIUM SPECTRUM",LEVOFLOXACIN,65,500.00,TABS,"FAMILY MEDICINE"
"ANTNFCT, BROAD/MEDIUM SPECTRUM","CIPROFLOXACIN HCL",82,1000.00,TABS,"PHYSICIAN ASSISTANT"
"B-LACTAM, INCREASED ACTIVITY","AMOXICILLIN & POT CLAVULANATE",8,1750.00,TABS,"PHYSICIAN ASSISTANT"
"ANTNFCT, BROAD/MEDIUM SPECTRUM","DOXYCYCLINE HYCLATE",-2,200.00,CAPS,"ALLERGY & IMMUNOLOGY"
"ANTNFCT, BROAD/MEDIUM SPECTRUM","DOXYCYCLINE (MONOHYDRATE)",42,50.00,CAPS,"PHYSICIAN ASSISTANT"
"ANTNFCT, BROAD/MEDIUM SPECTRUM",AMOXICILLIN,72,2000.00,CAPS,"FAMILY MEDICINE"
"ANTNFCT, BROAD/MEDIUM SPECTRUM",AMOXICILLIN,57,1750.00,TABS,"FAMILY MEDICINE"
"ANTNFCT, BROAD/MEDIUM SPECTRUM","DOXYCYCLINE HYCLATE",74,100.00,CAPS,DERMATOLOGY
"ANTNFCT, BROAD/MEDIUM SPECTRUM",AMOXICILLIN,46,1500.00,CAPS,"FAMILY MEDICINE"
"ANTNFCT, BROAD/MEDIUM SPECTRUM",AMOXICILLIN,56,2000.00,CAPS,DENTIST
"ANTNFCT, BROAD/MEDIUM SPECTRUM",CEPHALEXIN,48,500.00,CAPS,"NURSE PRACTITIONER"
"ANTNFCT, BROAD/MEDIUM SPECTRUM",CEPHALEXIN,52,2000.00,CAPS,"PHYSICIAN ASSISTANT"
"ANTNFCT, BROAD/MEDIUM SPECTRUM",AMOXICILLIN,34,1500.00,CAPS,"EMERGENCY MEDICINE"
"B-LACTAM, INCREASED ACTIVITY","AMOXICILLIN & POT CLAVULANATE",40,1000.00,TABS,"NURSE PRACTITIONER"
"B-LACTAM, INCREASED ACTIVITY","AMOXICILLIN & POT CLAVULANATE",10,6000.00,SUSR,"EMERGENCY MEDICINE"
"ANTNFCT, BROAD/MEDIUM SPECTRUM","DOXYCYCLINE HYCLATE",58,200.00,CAPS,"FAMILY MEDICINE"
"ANTNFCT, BROAD/MEDIUM SPECTRUM",CLARITHROMYCIN,55,1000.00,TABS,GASTROENTEROLOGY
"ANTNFCT, BROAD/MEDIUM SPECTRUM",LEVOFLOXACIN,68,500.00,TABS,"NURSE PRACTITIONER"
"ANTNFCT, BROAD/MEDIUM SPECTRUM",AZITHROMYCIN,59,500.00,TABS,"INTERNAL MEDICINE"
"ANTNFCT, BROAD/MEDIUM SPECTRUM",AZITHROMYCIN,36,500.00,TABS,"FAMILY MEDICINE"
"ANTNFCT, BROAD/MEDIUM SPECTRUM",CEPHALEXIN,58,2000.00,CAPS,PODIATRIST
"ANTNFCT, BROAD/MEDIUM SPECTRUM",CEPHALEXIN,65,2000.00,CAPS,DENTIST
"ANTNFCT, BROAD/MEDIUM SPECTRUM",AMOXICILLIN,7,4000.00,SUSR,PEDIATRICS
"B-LACTAM, INCREASED ACTIVITY","AMOXICILLIN & POT CLAVULANATE",13,1750.00,TABS,PEDIATRICS
"ANTNFCT, BROAD/MEDIUM SPECTRUM",AZITHROMYCIN,3,600.00,SUSR,PEDIATRICS
"ANTNFCT, BROAD/MEDIUM SPECTRUM",AMOXICILLIN,57,1750.00,TABS,"FAMILY MEDICINE"
"ANTNFCT, BROAD/MEDIUM SPECTRUM",AMOXICILLIN,14,1750.00,TABS,"NURSE PRACTITIONER"
"ANTNFCT, BROAD/MEDIUM SPECTRUM",AMOXICILLIN,7,4000.00,SUSR,"PHYSICIAN ASSISTANT"
"ANTNFCT, BROAD/MEDIUM SPECTRUM",AMOXICILLIN,2,4000.00,SUSR,"PHYSICIAN ASSISTANT"
"ANTNFCT, BROAD/MEDIUM SPECTRUM","DOXYCYCLINE HYCLATE",77,200.00,CAPS,"PULMONARY DISEASE"
"ANTNFCT, BROAD/MEDIUM SPECTRUM","DOXYCYCLINE HYCLATE",25,150.00,TABS,DERMATOLOGY
"ANTNFCT, BROAD/MEDIUM SPECTRUM",CEPHALEXIN,81,1500.00,CAPS,PODIATRIST
"ANTNFCT, BROAD/MEDIUM SPECTRUM",AZITHROMYCIN,59,500.00,TABS,ANESTHESIOLOGY
"SULFONAMIDES & TRIMETHOPRIM",SULFAMETHOXAZOLE-TRIMETHOPRIM,63,1600.00,TABS,"FAMILY MEDICINE"
"ANTNFCT, BROAD/MEDIUM SPECTRUM",AZITHROMYCIN,38,500.00,TABS,"FAMILY MEDICINE"
"ANTNFCT, BROAD/MEDIUM SPECTRUM","CIPROFLOXACIN HCL",73,1000.00,TABS,"PULMONARY DISEASE"
"B-LACTAM, INCREASED ACTIVITY","AMOXICILLIN & POT CLAVULANATE",42,1750.00,TABS,"NURSE PRACTITIONER"
"ANTNFCT, BROAD/MEDIUM SPECTRUM","CIPROFLOXACIN HCL",9,500.00,TABS,VETERINARIAN
"B-LACTAM, INCREASED ACTIVITY","AMOXICILLIN & POT CLAVULANATE",47,1750.00,TABS,"PHYSICIAN ASSISTANT"
"ANTNFCT, BROAD/MEDIUM SPECTRUM","CIPROFLOXACIN HCL",33,1000.00,TABS,"FAMILY MEDICINE"
"B-LACTAM, INCREASED ACTIVITY","AMOXICILLIN & POT CLAVULANATE",31,1000.00,TABS,"NURSE PRACTITIONER"
"ANTNFCT, BROAD/MEDIUM SPECTRUM",AMOXICILLIN,69,3500.00,CAPS,"ORTHOPEDIC SURGERY"
"SULFONAMIDES & TRIMETHOPRIM",SULFAMETHOXAZOLE-TRIMETHOPRIM,77,1600.00,TABS,"FAMILY MEDICINE"
"SULFONAMIDES & TRIMETHOPRIM",SULFAMETHOXAZOLE-TRIMETHOPRIM,49,1600.00,TABS,"NURSE PRACTITIONER"
"SULFONAMIDES & TRIMETHOPRIM",SULFAMETHOXAZOLE-TRIMETHOPRIM,16,1600.00,TABS,DERMATOLOGY
"ANTNFCT, BROAD/MEDIUM SPECTRUM",LEVOFLOXACIN,79,500.00,TABS,HEMATOLOGY/ONCOLOGY
"ANTNFCT, BROAD/MEDIUM SPECTRUM",AMOXICILLIN,2,6000.00,SUSR,PEDIATRICS
"ANTNFCT, BROAD/MEDIUM SPECTRUM",CEPHALEXIN,37,1000.00,CAPS,"FAMILY MEDICINE"
"ANTNFCT, BROAD/MEDIUM SPECTRUM","CIPROFLOXACIN HCL",62,1000.00,TABS,ANESTHESIOLOGY
"ANTNFCT, BROAD/MEDIUM SPECTRUM","PENICILLIN V POTASSIUM",43,2000.00,TABS,DENTIST
"ANTNFCT, BROAD/MEDIUM SPECTRUM",AZITHROMYCIN,28,500.00,TABS,"PHYSICIAN ASSISTANT"
"ANTNFCT, BROAD/MEDIUM SPECTRUM",CEFDINIR,62,600.00,CAPS,"FAMILY MEDICINE"
"ANTNFCT, BROAD/MEDIUM SPECTRUM",AZITHROMYCIN,10,500.00,TABS,"NUCLEAR MEDICINE"
"ANTNFCT, BROAD/MEDIUM SPECTRUM",AZITHROMYCIN,63,500.00,TABS,"INTERNAL MEDICINE"
"ANTNFCT, BROAD/MEDIUM SPECTRUM","CLINDAMYCIN HCL",35,1200.00,CAPS,"FAMILY MEDICINE"
"ANTNFCT, BROAD/MEDIUM SPECTRUM",AZITHROMYCIN,64,500.00,TABS,"FAMILY MEDICINE"
"B-LACTAM, INCREASED ACTIVITY","AMOXICILLIN & POT CLAVULANATE",7,6600.00,SUSR,PEDIATRICS
"ANTNFCT, BROAD/MEDIUM SPECTRUM",CLARITHROMYCIN,54,1000.00,TABS,GASTROENTEROLOGY
"ANTNFCT, BROAD/MEDIUM SPECTRUM",AMOXICILLIN,23,1500.00,CAPS,"PHYSICIAN ASSISTANT"
"ANTNFCT, BROAD/MEDIUM SPECTRUM",AMOXICILLIN,85,1500.00,CAPS,DENTIST
"ANTNFCT, BROAD/MEDIUM SPECTRUM",AMOXICILLIN,15,1500.00,CAPS,"EMERGENCY MEDICINE"
"ANTNFCT, BROAD/MEDIUM SPECTRUM",AMOXICILLIN,21,1000.00,CAPS,"FAMILY MEDICINE"
"SULFONAMIDES & TRIMETHOPRIM",SULFAMETHOXAZOLE-TRIMETHOPRIM,63,1600.00,TABS,"FAMILY MEDICINE"
"ANTNFCT, BROAD/MEDIUM SPECTRUM","PENICILLIN V POTASSIUM",49,2000.00,TABS,NEPHROLOGY
"ANTNFCT, BROAD/MEDIUM SPECTRUM",CLARITHROMYCIN,21,1000.00,TABS,"FAMILY MEDICINE"
"ANTNFCT, BROAD/MEDIUM SPECTRUM",CLARITHROMYCIN,53,1000.00,TABS,OTOLARYNGOLOGY
"ANTNFCT, BROAD/MEDIUM SPECTRUM","MINOCYCLINE HCL",17,100.00,TABS,PEDIATRICS
"ANTNFCT, BROAD/MEDIUM SPECTRUM",AMOXICILLIN,11,12000.00,SUSR,PEDIATRICS
"ANTNFCT, BROAD/MEDIUM SPECTRUM",AMOXICILLIN,4,4000.00,SUSR,PEDIATRICS
"ANTNFCT, BROAD/MEDIUM SPECTRUM",AMOXICILLIN,85,1750.00,TABS,DENTIST
"ANTNFCT, BROAD/MEDIUM SPECTRUM","MINOCYCLINE HCL",21,200.00,TABS,"FAMILY MEDICINE"
"SULFONAMIDES & TRIMETHOPRIM",SULFAMETHOXAZOLE-TRIMETHOPRIM,71,1600.00,TABS,"PHYSICIAN ASSISTANT"
"ANTNFCT, BROAD/MEDIUM SPECTRUM","DOXYCYCLINE (ROSACEA)",17,40.00,CPDR,"FAMILY MEDICINE"
"ANTNFCT, BROAD/MEDIUM SPECTRUM",CEPHALEXIN,74,2000.00,CAPS,"EMERGENCY MEDICINE"
"ANTNFCT, BROAD/MEDIUM SPECTRUM",AMOXICILLIN,33,1750.00,TABS,"NURSE PRACTITIONER"
"ANTNFCT, BROAD/MEDIUM SPECTRUM",AMOXICILLIN,47,1500.00,CAPS,DENTIST
"ANTNFCT, BROAD/MEDIUM SPECTRUM",AMOXICILLIN,18,20000.00,SUSR,"ALLERGY & IMMUNOLOGY"
"ANTNFCT, BROAD/MEDIUM SPECTRUM",AZITHROMYCIN,40,500.00,TABS,"INTERNAL MEDICINE"
"ANTNFCT, BROAD/MEDIUM SPECTRUM","CIPROFLOXACIN HCL",61,1000.00,TABS,"PHYSICIAN ASSISTANT"
"ANTNFCT, BROAD/MEDIUM SPECTRUM",CEFDINIR,4,1500.00,SUSR,PEDIATRICS
"B-LACTAM, INCREASED ACTIVITY","AMOXICILLIN & POT CLAVULANATE",6,9000.00,SUSR,PEDIATRICS
"B-LACTAM, INCREASED ACTIVITY","AMOXICILLIN & POT CLAVULANATE",48,1750.00,TABS,"NURSE PRACTITIONER"
"ANTNFCT, BROAD/MEDIUM SPECTRUM","CIPROFLOXACIN HCL",75,1000.00,TABS,"GENERAL PRACTICE"
"ANTNFCT, BROAD/MEDIUM SPECTRUM",AMOXICILLIN,57,6000.00,SUSR,PEDIATRICS
"ANTNFCT, BROAD/MEDIUM SPECTRUM",AZITHROMYCIN,70,500.00,TABS,"FAMILY MEDICINE"
"B-LACTAM, INCREASED ACTIVITY","AMOXICILLIN & POT CLAVULANATE",48,1750.00,TABS,"NURSE PRACTITIONER"
"ANTNFCT, BROAD/MEDIUM SPECTRUM","DOXYCYCLINE HYCLATE",30,100.00,CAPS,PODIATRIST
"SULFONAMIDES & TRIMETHOPRIM",SULFAMETHOXAZOLE-TRIMETHOPRIM,53,3200.00,TABS,"NURSE PRACTITIONER"
"ANTNFCT, BROAD/MEDIUM SPECTRUM",CEPHALEXIN,34,2000.00,CAPS,"OBSTETRICS & GYNECOLOGY"
"ANTNFCT, BROAD/MEDIUM SPECTRUM",CEPHALEXIN,36,2000.00,CAPS,"EMERGENCY MEDICINE"
"ANTNFCT, BROAD/MEDIUM SPECTRUM","DOXYCYCLINE HYCLATE",17,100.00,CAPS,DERMATOLOGY
"ANTNFCT, BROAD/MEDIUM SPECTRUM",AZITHROMYCIN,78,500.00,TABS,"FAMILY MEDICINE"
"ANTNFCT, BROAD/MEDIUM SPECTRUM","CEFUROXIME AXETIL",69,500.00,TABS,"INTERNAL MEDICINE"
"ANTNFCT, BROAD/MEDIUM SPECTRUM",AMOXICILLIN,5,8000.00,SUSR,PEDIATRICS
"B-LACTAM, INCREASED ACTIVITY","AMOXICILLIN & POT CLAVULANATE",38,1750.00,TABS,"FAMILY MEDICINE"
"ANTNFCT, BROAD/MEDIUM SPECTRUM",AMOXICILLIN,41,1500.00,CAPS,"EMERGENCY MEDICINE"
"B-LACTAM, INCREASED ACTIVITY","AMOXICILLIN & POT CLAVULANATE",43,1750.00,TABS,"NURSE PRACTITIONER"
"ANTNFCT, BROAD/MEDIUM SPECTRUM",AMOXICILLIN,13,8000.00,SUSR,"NURSE PRACTITIONER"
"B-LACTAM, INCREASED ACTIVITY","AMOXICILLIN & POT CLAVULANATE",19,1750.00,TABS,"NURSE PRACTITIONER"
"ANTNFCT, BROAD/MEDIUM SPECTRUM",CEPHALEXIN,60,1000.00,CAPS,"PLASTIC SURGERY"
"ANTNFCT, BROAD/MEDIUM SPECTRUM","DOXYCYCLINE HYCLATE",33,200.00,TABS,"OBSTETRICS & GYNECOLOGY"
"SULFONAMIDES & TRIMETHOPRIM",SULFAMETHOXAZOLE-TRIMETHOPRIM,32,1600.00,TABS,
"ANTNFCT, BROAD/MEDIUM SPECTRUM",AZITHROMYCIN,21,1000.00,TABS,"NURSE PRACTITIONER"
"ANTNFCT, BROAD/MEDIUM SPECTRUM",AMOXICILLIN,48,1500.00,CAPS,"ORAL & MAXILLOFACIAL SURGERY"
"ANTNFCT, BROAD/MEDIUM SPECTRUM",AMOXICILLIN,5,8800.00,SUSR,"EMERGENCY MEDICINE"
"ANTNFCT, BROAD/MEDIUM SPECTRUM","CIPROFLOXACIN HCL",75,1000.00,TABS,"FAMILY MEDICINE"
"ANTNFCT, BROAD/MEDIUM SPECTRUM","CIPROFLOXACIN HCL",85,1000.00,TABS,"OBSTETRICS & GYNECOLOGY"
"ANTNFCT, BROAD/MEDIUM SPECTRUM",AMOXICILLIN,72,2000.00,CAPS,DENTIST
"ANTNFCT, BROAD/MEDIUM SPECTRUM",CEPHALEXIN,35,1000.00,TABS,HOSPITALIST
"B-LACTAM, INCREASED ACTIVITY","AMOXICILLIN & POT CLAVULANATE",19,1750.00,TABS,"EMERGENCY MEDICINE"
"ANTNFCT, BROAD/MEDIUM SPECTRUM",CEPHALEXIN,31,2000.00,CAPS,DENTIST
"ANTNFCT, BROAD/MEDIUM SPECTRUM","DOXYCYCLINE HYCLATE",45,200.00,TABS,"PHYSICIAN ASSISTANT"
"ANTNFCT, BROAD/MEDIUM SPECTRUM",AZITHROMYCIN,41,500.00,TABS,"NURSE PRACTITIONER"
"ANTNFCT, BROAD/MEDIUM SPECTRUM","CIPROFLOXACIN HCL",30,500.00,TABS,"OBSTETRICS & GYNECOLOGY"
"ANTNFCT, BROAD/MEDIUM SPECTRUM","DOXYCYCLINE HYCLATE",77,50.00,CAPS,OPHTHALMOLOGY
"B-LACTAM, INCREASED ACTIVITY","AMOXICILLIN & POT CLAVULANATE",28,1750.00,TABS,"PHYSICIAN ASSISTANT"
"ANTNFCT, BROAD/MEDIUM SPECTRUM","DOXYCYCLINE HYCLATE",34,200.00,CAPS,DERMATOLOGY
"ANTNFCT, BROAD/MEDIUM SPECTRUM",CEPHALEXIN,13,5000.00,SUSR,"NURSE PRACTITIONER"
"ANTNFCT, BROAD/MEDIUM SPECTRUM",LEVOFLOXACIN,77,750.00,TABS,"INTERNAL MEDICINE"
"ANTNFCT, BROAD/MEDIUM SPECTRUM",AMOXICILLIN,57,1500.00,CAPS,DENTIST
"B-LACTAM, INCREASED ACTIVITY","AMOXICILLIN & POT CLAVULANATE",20,1750.00,TABS,"PHYSICIAN ASSISTANT"
"ANTNFCT, BROAD/MEDIUM SPECTRUM","CIPROFLOXACIN HCL",61,1000.00,TABS,"INTERNAL MEDICINE"
"ANTNFCT, BROAD/MEDIUM SPECTRUM",CEFDINIR,27,600.00,CAPS,"NURSE PRACTITIONER"
"ANTNFCT, BROAD/MEDIUM SPECTRUM",AMOXICILLIN,17,1750.00,TABS,"NURSE PRACTITIONER"
"ANTNFCT, BROAD/MEDIUM SPECTRUM","DOXYCYCLINE HYCLATE",19,200.00,CAPS,"FAMILY MEDICINE"
"ANTNFCT, BROAD/MEDIUM SPECTRUM",CEPHALEXIN,7,2500.00,SUSR,"PEDIATRIC NEPHROLOGY"
"B-LACTAM, INCREASED ACTIVITY","AMOXICILLIN & POT CLAVULANATE",40,1750.00,TABS,"PHYSICIAN ASSISTANT"
"ANTNFCT, BROAD/MEDIUM SPECTRUM",AMOXICILLIN,85,1500.00,CAPS,"PHYSICIAN ASSISTANT"
"ANTNFCT, BROAD/MEDIUM SPECTRUM",AMOXICILLIN,64,1500.00,CAPS,DENTIST
"ANTNFCT, BROAD/MEDIUM SPECTRUM",LEVOFLOXACIN,77,500.00,TABS,"FAMILY MEDICINE"
"ANTNFCT, BROAD/MEDIUM SPECTRUM",AMOXICILLIN,68,750.00,CAPS,"INTERNAL MEDICINE"
"B-LACTAM, INCREASED ACTIVITY","AMOXICILLIN & POT CLAVULANATE",69,1750.00,TABS,"INTERNAL MEDICINE"
"ANTNFCT, BROAD/MEDIUM SPECTRUM","CIPROFLOXACIN HCL",55,500.00,TABS,"INTERNAL MEDICINE"
"ANTNFCT, BROAD/MEDIUM SPECTRUM",AZITHROMYCIN,60,500.00,TABS,"NURSE PRACTITIONER"
"ANTNFCT, BROAD/MEDIUM SPECTRUM",AMOXICILLIN,3,6000.00,SUSR,"PHYSICIAN ASSISTANT"
"ANTNFCT, BROAD/MEDIUM SPECTRUM",AMOXICILLIN,9,8000.00,SUSR,PEDIATRICS
"ANTNFCT, BROAD/MEDIUM SPECTRUM",AMOXICILLIN,14,1750.00,TABS,"EMERGENCY MEDICINE"
"ANTNFCT, BROAD/MEDIUM SPECTRUM",AMOXICILLIN,28,2500.00,CAPS,DENTIST
"ANTNFCT, BROAD/MEDIUM SPECTRUM",LEVOFLOXACIN,45,750.00,TABS,"NURSE PRACTITIONER"
"ANTNFCT, BROAD/MEDIUM SPECTRUM",AMOXICILLIN,70,1500.00,CAPS,"INTERNAL MEDICINE"
"ANTNFCT, BROAD/MEDIUM SPECTRUM",AZITHROMYCIN,74,500.00,TABS,"DIAGNOSTIC RADIOLOGY"
"ANTNFCT, BROAD/MEDIUM SPECTRUM",AZITHROMYCIN,54,500.00,TABS,"FAMILY MEDICINE"
"ANTNFCT, BROAD/MEDIUM SPECTRUM",AMOXICILLIN,1,4400.00,SUSR,"NURSE PRACTITIONER"
"ANTNFCT, BROAD/MEDIUM SPECTRUM",AMOXICILLIN,23,1000.00,CAPS,"NURSE PRACTITIONER"
"ANTNFCT, BROAD/MEDIUM SPECTRUM",AMOXICILLIN,12,1000.00,CAPS,"NURSE PRACTITIONER"
"ANTNFCT, BROAD/MEDIUM SPECTRUM",CEPHALEXIN,35,2000.00,CAPS,GYNECOLOGY
"SULFONAMIDES & TRIMETHOPRIM",SULFAMETHOXAZOLE-TRIMETHOPRIM,39,1600.00,TABS,"FAMILY MEDICINE"
"ANTNFCT, BROAD/MEDIUM SPECTRUM",AMOXICILLIN,85,1750.00,TABS,"FAMILY MEDICINE"
"SULFONAMIDES & TRIMETHOPRIM",SULFAMETHOXAZOLE-TRIMETHOPRIM,27,1600.00,TABS,"PHYSICIAN ASSISTANT"
"B-LACTAM, INCREASED ACTIVITY","AMOXICILLIN & POT CLAVULANATE",41,1750.00,TABS,"NURSE PRACTITIONER"
"ANTNFCT, BROAD/MEDIUM SPECTRUM",AZITHROMYCIN,70,500.00,TABS,"FAMILY MEDICINE"
"ANTNFCT, BROAD/MEDIUM SPECTRUM",AZITHROMYCIN,63,500.00,TABS,"INTERNAL MEDICINE"
"ANTNFCT, BROAD/MEDIUM SPECTRUM",AZITHROMYCIN,56,500.00,TABS,"FAMILY MEDICINE"
"ANTNFCT, BROAD/MEDIUM SPECTRUM","DOXYCYCLINE (MONOHYDRATE)",51,200.00,TABS,PODIATRIST
"ANTNFCT, BROAD/MEDIUM SPECTRUM",AZITHROMYCIN,44,500.00,TABS,"NURSE PRACTITIONER"
"ANTNFCT, BROAD/MEDIUM SPECTRUM","CLINDAMYCIN HCL",24,900.00,CAPS,DENTIST
"B-LACTAM, INCREASED ACTIVITY","AMOXICILLIN & POT CLAVULANATE",7,12000.00,SUSR,"NURSE PRACTITIONER"
"ANTNFCT, BROAD/MEDIUM SPECTRUM","DOXYCYCLINE HYCLATE",17,200.00,CAPS,DERMATOLOGY
"ANTNFCT, BROAD/MEDIUM SPECTRUM","CIPROFLOXACIN HCL",57,1000.00,TABS,"NURSE PRACTITIONER"
"ANTNFCT, BROAD/MEDIUM SPECTRUM","CIPROFLOXACIN HCL",70,1000.00,TABS,"SLEEP MEDICINE"
"ANTNFCT, BROAD/MEDIUM SPECTRUM","CIPROFLOXACIN HCL",68,1000.00,TABS,"INTERNAL MEDICINE"
"ANTNFCT, BROAD/MEDIUM SPECTRUM",AMOXICILLIN,61,1500.00,CAPS,DENTIST
"ANTNFCT, BROAD/MEDIUM SPECTRUM",AMOXICILLIN,9,1000.00,CAPS,"EMERGENCY MEDICINE"
"ANTNFCT, BROAD/MEDIUM SPECTRUM",AMOXICILLIN,54,2000.00,CAPS,"ORTHOPEDIC SURGERY"
"ANTNFCT, BROAD/MEDIUM SPECTRUM",CLARITHROMYCIN,46,1000.00,TABS,"NURSE PRACTITIONER"
"ANTNFCT, BROAD/MEDIUM SPECTRUM",AMOXICILLIN,75,2000.00,CAPS,DENTIST
"B-LACTAM, INCREASED ACTIVITY","AMOXICILLIN & POT CLAVULANATE",35,1750.00,TABS,"INTERNAL MEDICINE"
"ANTNFCT, BROAD/MEDIUM SPECTRUM",AMOXICILLIN,54,1500.00,CAPS,DENTIST
"ANTNFCT, BROAD/MEDIUM SPECTRUM",AZITHROMYCIN,2,300.00,SUSR,PEDIATRICS
"ANTNFCT, BROAD/MEDIUM SPECTRUM","PENICILLIN V POTASSIUM",34,2000.00,TABS,DENTIST
"ANTNFCT, BROAD/MEDIUM SPECTRUM",CEPHALEXIN,56,1000.00,CAPS,"HAND SURGERY (SURGERY)"
"ANTNFCT, BROAD/MEDIUM SPECTRUM","DOXYCYCLINE (MONOHYDRATE)",57,100.00,CAPS,"PHYSICIAN ASSISTANT"
"ANTNFCT, BROAD/MEDIUM SPECTRUM",AMOXICILLIN,19,2000.00,CAPS,DENTIST
"ANTNFCT, BROAD/MEDIUM SPECTRUM",AZITHROMYCIN,61,500.00,TABS,"INTERNAL MEDICINE"
"ANTNFCT, BROAD/MEDIUM SPECTRUM","DOXYCYCLINE HYCLATE",55,200.00,TABS,"FAMILY MEDICINE"
"ANTNFCT, BROAD/MEDIUM SPECTRUM",CEFDINIR,3,1250.00,SUSR,"NURSE PRACTITIONER"
"ANTNFCT, BROAD/MEDIUM SPECTRUM",AMPICILLIN,85,2000.00,CAPS,"INTERNAL MEDICINE"
"ANTNFCT, BROAD/MEDIUM SPECTRUM",AMOXICILLIN,18,2500.00,CAPS,"PHYSICIAN ASSISTANT"
"ANTNFCT, BROAD/MEDIUM SPECTRUM","DOXYCYCLINE HYCLATE",42,200.00,CAPS,"INTERNAL MEDICINE/PEDIATRICS"
"ANTNFCT, BROAD/MEDIUM SPECTRUM",AMOXICILLIN,50,1500.00,CAPS,DENTIST
"ANTNFCT, BROAD/MEDIUM SPECTRUM",AZITHROMYCIN,58,500.00,TABS,"INTERNAL MEDICINE"
"ANTNFCT, BROAD/MEDIUM SPECTRUM",AMOXICILLIN,54,1500.00,CAPS,"ORAL & MAXILLOFACIAL SURGERY"
"ANTNFCT, BROAD/MEDIUM SPECTRUM",AMOXICILLIN,6,9200.00,SUSR,PEDIATRICS
"ANTNFCT, BROAD/MEDIUM SPECTRUM","DOXYCYCLINE HYCLATE",47,200.00,CAPS,
"ANTNFCT, BROAD/MEDIUM SPECTRUM","CIPROFLOXACIN HCL",41,1000.00,TABS,"OBSTETRICS & GYNECOLOGY"
"B-LACTAM, INCREASED ACTIVITY","AMOXICILLIN & POT CLAVULANATE",2,3200.00,SUSR,"PHYSICIAN ASSISTANT"
"ANTNFCT, BROAD/MEDIUM SPECTRUM",AZITHROMYCIN,57,500.00,TABS,"CARDIOVASCULAR DISEASE"
"ANTNFCT, BROAD/MEDIUM SPECTRUM",AZITHROMYCIN,75,500.00,TABS,"INTERNAL MEDICINE"
"ANTNFCT, BROAD/MEDIUM SPECTRUM","DOXYCYCLINE HYCLATE",38,200.00,TABS,"PLASTIC SURGERY"
"ANTNFCT, BROAD/MEDIUM SPECTRUM",AZITHROMYCIN,44,1000.00,TABS,"EMERGENCY MEDICINE"
"ANTNFCT, BROAD/MEDIUM SPECTRUM","MINOCYCLINE HCL",15,100.00,CAPS,"NURSE PRACTITIONER"
"ANTNFCT, BROAD/MEDIUM SPECTRUM",CEFDINIR,77,600.00,CAPS,"FAMILY MEDICINE"
"ANTNFCT, BROAD/MEDIUM SPECTRUM","DOXYCYCLINE (MONOHYDRATE)",30,200.00,CAPS,"NURSE PRACTITIONER"
"SULFONAMIDES & TRIMETHOPRIM",SULFAMETHOXAZOLE-TRIMETHOPRIM,7,1000.00,SUSP,
"ANTNFCT, BROAD/MEDIUM SPECTRUM","CIPROFLOXACIN HCL",34,1000.00,TABS,"INTERNAL MEDICINE"
"ANTNFCT, BROAD/MEDIUM SPECTRUM","CLINDAMYCIN HCL",19,900.00,CAPS,"FAMILY MEDICINE"
"B-LACTAM, INCREASED ACTIVITY","AMOXICILLIN & POT CLAVULANATE",59,1750.00,TABS,"PHYSICIAN ASSISTANT"
"SULFONAMIDES & TRIMETHOPRIM",SULFAMETHOXAZOLE-TRIMETHOPRIM,32,1600.00,TABS,"FAMILY MEDICINE"
"ANTNFCT, BROAD/MEDIUM SPECTRUM",CEFDINIR,6,1500.00,SUSR,PEDIATRICS
"B-LACTAM, INCREASED ACTIVITY","AMOXICILLIN & POT CLAVULANATE",31,1750.00,TABS,ANESTHESIOLOGY
"ANTNFCT, BROAD/MEDIUM SPECTRUM",AMOXICILLIN,40,1500.00,CAPS,"PHYSICIAN ASSISTANT"
"ANTNFCT, BROAD/MEDIUM SPECTRUM",AMOXICILLIN,64,1500.00,CAPS,"FAMILY MEDICINE"
"ANTNFCT, BROAD/MEDIUM SPECTRUM","DOXYCYCLINE HYCLATE",45,200.00,TABS,DERMATOLOGY
"ANTNFCT, BROAD/MEDIUM SPECTRUM","CIPROFLOXACIN HCL",76,500.00,TABS,"INTERNAL MEDICINE"
"ANTNFCT, BROAD/MEDIUM SPECTRUM",AZITHROMYCIN,49,500.00,TABS,"FAMILY MEDICINE"
"ANTNFCT, BROAD/MEDIUM SPECTRUM",AMOXICILLIN,5,8000.00,SUSR,PEDIATRICS
"SULFONAMIDES & TRIMETHOPRIM",SULFAMETHOXAZOLE-TRIMETHOPRIM,74,1600.00,TABS,"INTERNAL MEDICINE"
"ANTNFCT, BROAD/MEDIUM SPECTRUM",AMOXICILLIN,5,6000.00,SUSR,"EMERGENCY MEDICINE"
"SULFONAMIDES & TRIMETHOPRIM",SULFAMETHOXAZOLE-TRIMETHOPRIM,36,1600.00,TABS,DERMATOLOGY
"ANTNFCT, BROAD/MEDIUM SPECTRUM",CEPHALEXIN,8,7250.00,SUSR,GASTROENTEROLOGY
"ANTNFCT, BROAD/MEDIUM SPECTRUM",LEVOFLOXACIN,67,750.00,TABS,"EMERGENCY MEDICINE"
"ANTNFCT, BROAD/MEDIUM SPECTRUM","CLINDAMYCIN HCL",15,1800.00,CAPS,DENTIST
"B-LACTAM, INCREASED ACTIVITY","AMOXICILLIN & POT CLAVULANATE",16,1750.00,TABS,"PHYSICIAN ASSISTANT"
"ANTNFCT, BROAD/MEDIUM SPECTRUM",AZITHROMYCIN,0,500.00,SUSR,"GENERAL PRACTICE"
"ANTNFCT, BROAD/MEDIUM SPECTRUM",CEPHALEXIN,67,1000.00,CAPS,OPHTHALMOLOGY
"ANTNFCT, BROAD/MEDIUM SPECTRUM",AZITHROMYCIN,30,500.00,TABS,"FAMILY MEDICINE"
"ANTNFCT, BROAD/MEDIUM SPECTRUM",AZITHROMYCIN,13,500.00,TABS,"INTERNAL MEDICINE"
"ANTNFCT, BROAD/MEDIUM SPECTRUM",AMOXICILLIN,32,1750.00,TABS,DENTIST
"ANTNFCT, BROAD/MEDIUM SPECTRUM",AZITHROMYCIN,68,500.00,TABS,"NURSE PRACTITIONER"
"ANTNFCT, BROAD/MEDIUM SPECTRUM","DOXYCYCLINE HYCLATE",18,200.00,CAPS,DERMATOLOGY
"ANTNFCT, BROAD/MEDIUM SPECTRUM","DOXYCYCLINE HYCLATE",75,200.00,TABS,"EMERGENCY MEDICINE"
"SULFONAMIDES & TRIMETHOPRIM",SULFAMETHOXAZOLE-TRIMETHOPRIM,19,1600.00,TABS,"NURSE PRACTITIONER"
"ANTNFCT, BROAD/MEDIUM SPECTRUM",AMOXICILLIN,85,2000.00,CAPS,DENTIST
"SULFONAMIDES & TRIMETHOPRIM",SULFAMETHOXAZOLE-TRIMETHOPRIM,20,1600.00,TABS,"PHYSICIAN ASSISTANT"
"ANTNFCT, BROAD/MEDIUM SPECTRUM",AMOXICILLIN,9,10750.00,SUSR,DENTIST
"ANTNFCT, BROAD/MEDIUM SPECTRUM",LEVOFLOXACIN,69,500.00,TABS,"EMERGENCY MEDICINE"
"ANTNFCT, BROAD/MEDIUM SPECTRUM",AMOXICILLIN,33,2000.00,CAPS,DENTIST
"ANTNFCT, BROAD/MEDIUM SPECTRUM",AMOXICILLIN,11,8000.00,SUSR,"NURSE PRACTITIONER"
"ANTNFCT, BROAD/MEDIUM SPECTRUM",AMOXICILLIN,8,6000.00,SUSR,PEDIATRICS
"ANTNFCT, BROAD/MEDIUM SPECTRUM","CIPROFLOXACIN HCL",30,1000.00,TABS,"NURSE PRACTITIONER"
"ANTNFCT, BROAD/MEDIUM SPECTRUM","DOXYCYCLINE HYCLATE",55,100.00,CAPS,DERMATOLOGY
"ANTNFCT, BROAD/MEDIUM SPECTRUM",CEFDINIR,13,600.00,CAPS,PEDIATRICS
"ANTNFCT, BROAD/MEDIUM SPECTRUM",AZITHROMYCIN,3,600.00,SUSR,"EMERGENCY MEDICINE"
"ANTNFCT, BROAD/MEDIUM SPECTRUM",AMOXICILLIN,5,6000.00,SUSR,"FAMILY MEDICINE"
"B-LACTAM, INCREASED ACTIVITY","AMOXICILLIN & POT CLAVULANATE",59,1750.00,TABS,DENTIST
"ANTNFCT, BROAD/MEDIUM SPECTRUM",AMOXICILLIN,44,1500.00,TABS,
"ANTNFCT, BROAD/MEDIUM SPECTRUM","CIPROFLOXACIN HCL",39,1000.00,TABS,NEPHROLOGY
"B-LACTAM, INCREASED ACTIVITY","AMOXICILLIN & POT CLAVULANATE",72,1750.00,TABS,"ALLERGY & IMMUNOLOGY"
"ANTNFCT, BROAD/MEDIUM SPECTRUM",LEVOFLOXACIN,80,500.00,TABS,"NURSE PRACTITIONER"
"B-LACTAM, INCREASED ACTIVITY","AMOXICILLIN & POT CLAVULANATE",49,1750.00,TABS,"NURSE PRACTITIONER"
"ANTNFCT, BROAD/MEDIUM SPECTRUM",LEVOFLOXACIN,70,500.00,TABS,"PULMONARY DISEASE"
"ANTNFCT, BROAD/MEDIUM SPECTRUM","CIPROFLOXACIN HCL",81,1000.00,TABS,"NURSE PRACTITIONER"
"ANTNFCT, BROAD/MEDIUM SPECTRUM","CIPROFLOXACIN HCL",68,1000.00,TABS,UROLOGY
"ANTNFCT, BROAD/MEDIUM SPECTRUM",CEPHALEXIN,62,750.00,CAPS,"FAMILY MEDICINE"
"ANTNFCT, BROAD/MEDIUM SPECTRUM","DOXYCYCLINE HYCLATE",77,100.00,TABS,"FAMILY MEDICINE"
"B-LACTAM, INCREASED ACTIVITY","AMOXICILLIN & POT CLAVULANATE",71,1750.00,TABS,"FAMILY MEDICINE"
"ANTNFCT, BROAD/MEDIUM SPECTRUM",AMOXICILLIN,85,2000.00,CAPS,DENTIST
"ANTNFCT, BROAD/MEDIUM SPECTRUM",CEPHALEXIN,15,1500.00,CAPS,"NURSE PRACTITIONER"
"ANTNFCT, BROAD/MEDIUM SPECTRUM",AZITHROMYCIN,57,500.00,TABS,"INTERNAL MEDICINE/PEDIATRICS"
"ANTNFCT, BROAD/MEDIUM SPECTRUM",AMOXICILLIN,37,1000.00,CAPS,"INTERNAL MEDICINE"
"ANTNFCT, BROAD/MEDIUM SPECTRUM",CLARITHROMYCIN,32,1000.00,TB24,"PHYSICIAN ASSISTANT"
"ANTNFCT, BROAD/MEDIUM SPECTRUM",AZITHROMYCIN,85,500.00,TABS,NEPHROLOGY
"ANTNFCT, BROAD/MEDIUM SPECTRUM",AZITHROMYCIN,35,500.00,TABS,"PHYSICIAN ASSISTANT"
"ANTNFCT, BROAD/MEDIUM SPECTRUM","CEFUROXIME AXETIL",58,1000.00,TABS,"FAMILY MEDICINE"
"ANTNFCT, BROAD/MEDIUM SPECTRUM",AMOXICILLIN,60,3000.00,CAPS,"PHYSICIAN ASSISTANT"
"ANTNFCT, BROAD/MEDIUM SPECTRUM",AZITHROMYCIN,8,1000.00,SUSR,PEDIATRICS
"B-LACTAM, INCREASED ACTIVITY","AMOXICILLIN & POT CLAVULANATE",50,500.00,TABS,GASTROENTEROLOGY
"ANTNFCT, BROAD/MEDIUM SPECTRUM",CEPHALEXIN,82,1000.00,CAPS,"NURSE PRACTITIONER"
"ANTNFCT, BROAD/MEDIUM SPECTRUM","CIPROFLOXACIN HCL",70,500.00,TABS,"FAMILY MEDICINE"
"ANTNFCT, BROAD/MEDIUM SPECTRUM",CEFDINIR,3,1250.00,SUSR,OTOLARYNGOLOGY
"ANTNFCT, BROAD/MEDIUM SPECTRUM",CEFPROZIL,12,500.00,TABS,PEDIATRICS
"ANTNFCT, BROAD/MEDIUM SPECTRUM","MINOCYCLINE HCL",75,100.00,CAPS,DERMATOLOGY
"ANTNFCT, BROAD/MEDIUM SPECTRUM",CEPHALEXIN,50,1000.00,CAPS,"FAMILY MEDICINE"
"ANTNFCT, BROAD/MEDIUM SPECTRUM",AZITHROMYCIN,61,500.00,TABS,"FAMILY MEDICINE"
"ANTNFCT, BROAD/MEDIUM SPECTRUM",AZITHROMYCIN,9,1000.00,SUSR,"PHYSICIAN ASSISTANT"
"ANTNFCT, BROAD/MEDIUM SPECTRUM",CEPHALEXIN,5,7250.00,SUSR,PEDIATRICS
"ANTNFCT, BROAD/MEDIUM SPECTRUM","DOXYCYCLINE HYCLATE",37,100.00,CAPS,"PHYSICIAN ASSISTANT"
"ANTNFCT, BROAD/MEDIUM SPECTRUM",CEPHALEXIN,49,2000.00,CAPS,"FAMILY MEDICINE"
"ANTNFCT, BROAD/MEDIUM SPECTRUM",AZITHROMYCIN,53,500.00,TABS,
"SULFONAMIDES & TRIMETHOPRIM",SULFAMETHOXAZOLE-TRIMETHOPRIM,41,1600.00,TABS,"NURSE PRACTITIONER"
"ANTNFCT, BROAD/MEDIUM SPECTRUM",AMOXICILLIN,2,6000.00,SUSR,PEDIATRICS
"ANTNFCT, BROAD/MEDIUM SPECTRUM",AMOXICILLIN,9,8000.00,SUSR,PEDIATRICS
"SULFONAMIDES & TRIMETHOPRIM",SULFAMETHOXAZOLE-TRIMETHOPRIM,76,1600.00,TABS,"FAMILY MEDICINE"
"ANTNFCT, BROAD/MEDIUM SPECTRUM",AMOXICILLIN,5,6000.00,SUSR,"PHYSICIAN ASSISTANT"
"B-LACTAM, INCREASED ACTIVITY","AMOXICILLIN & POT CLAVULANATE",61,1750.00,TABS,"PHYSICIAN ASSISTANT"
"ANTNFCT, BROAD/MEDIUM SPECTRUM","CIPROFLOXACIN HCL",50,500.00,TABS,"GENERAL SURGERY"
"ANTNFCT, BROAD/MEDIUM SPECTRUM","DOXYCYCLINE (MONOHYDRATE)",58,200.00,CAPS,"FAMILY MEDICINE"
"ANTNFCT, BROAD/MEDIUM SPECTRUM",AMOXICILLIN,69,1500.00,CAPS,DENTIST
"ANTNFCT, BROAD/MEDIUM SPECTRUM",AMOXICILLIN,58,1500.00,CAPS,DENTIST
"B-LACTAM, INCREASED ACTIVITY","AMOXICILLIN & POT CLAVULANATE",50,1750.00,TABS,"INTERNAL MEDICINE"
"ANTNFCT, BROAD/MEDIUM SPECTRUM",CEPHALEXIN,63,2000.00,CAPS,"EMERGENCY MEDICINE"
"ANTNFCT, BROAD/MEDIUM SPECTRUM",AZITHROMYCIN,50,500.00,TABS,"FAMILY MEDICINE"
"ANTNFCT, BROAD/MEDIUM SPECTRUM",CLARITHROMYCIN,37,1000.00,TABS,"NURSE PRACTITIONER"
"ANTNFCT, BROAD/MEDIUM SPECTRUM",AZITHROMYCIN,56,500.00,TABS,"INTERNAL MEDICINE"
"ANTNFCT, BROAD/MEDIUM SPECTRUM",CEPHALEXIN,65,2000.00,CAPS,"PHYSICIAN ASSISTANT"
"B-LACTAM, INCREASED ACTIVITY","AMOXICILLIN & POT CLAVULANATE",22,1750.00,TABS,"NURSE PRACTITIONER"
"ANTNFCT, BROAD/MEDIUM SPECTRUM",LEVOFLOXACIN,77,500.00,TABS,"FAMILY MEDICINE"
"ANTNFCT, BROAD/MEDIUM SPECTRUM",AMOXICILLIN,3,4000.00,SUSR,"NURSE PRACTITIONER"
"ANTNFCT, BROAD/MEDIUM SPECTRUM","CIPROFLOXACIN HCL",21,500.00,TABS,"OBSTETRICS & GYNECOLOGY"
"ANTNFCT, BROAD/MEDIUM SPECTRUM",CEPHALEXIN,22,2000.00,CAPS,"NURSE PRACTITIONER"
"ANTNFCT, BROAD/MEDIUM SPECTRUM","DOXYCYCLINE HYCLATE",34,200.00,CAPS,"FAMILY MEDICINE"
"ANTNFCT, BROAD/MEDIUM SPECTRUM",CEFDINIR,5,2500.00,SUSR,PEDIATRICS
"ANTNFCT, BROAD/MEDIUM SPECTRUM","CIPROFLOXACIN HCL",46,1000.00,TABS,"CLINICAL NURSE SPECIALIST"
"ANTNFCT, BROAD/MEDIUM SPECTRUM",AZITHROMYCIN,39,500.00,TABS,"NURSE PRACTITIONER"
"SULFONAMIDES & TRIMETHOPRIM",SULFAMETHOXAZOLE-TRIMETHOPRIM,54,1600.00,TABS,"PHYSICIAN ASSISTANT"
"ANTNFCT, BROAD/MEDIUM SPECTRUM",AMOXICILLIN,26,1000.00,CAPS,"PULMONARY DISEASE"
"SULFONAMIDES & TRIMETHOPRIM",SULFAMETHOXAZOLE-TRIMETHOPRIM,24,1600.00,TABS,"FAMILY MEDICINE"
"ANTNFCT, BROAD/MEDIUM SPECTRUM",AZITHROMYCIN,64,500.00,TABS,DENTIST
"SULFONAMIDES & TRIMETHOPRIM",SULFAMETHOXAZOLE-TRIMETHOPRIM,33,1600.00,TABS,"FAMILY MEDICINE"
"ANTNFCT, BROAD/MEDIUM SPECTRUM",AZITHROMYCIN,17,1000.00,TABS,"OBSTETRICS & GYNECOLOGY"
"ANTNFCT, BROAD/MEDIUM SPECTRUM",AZITHROMYCIN,24,500.00,TABS,"NURSE PRACTITIONER"
"ANTNFCT, BROAD/MEDIUM SPECTRUM","DOXYCYCLINE HYCLATE",35,100.00,CAPS,"PHYSICIAN ASSISTANT"
"ANTNFCT, BROAD/MEDIUM SPECTRUM",AMOXICILLIN,64,2000.00,CAPS,DENTIST
"ANTNFCT, BROAD/MEDIUM SPECTRUM",AMOXICILLIN,5,6000.00,SUSR,PEDIATRICS
"ANTNFCT, BROAD/MEDIUM SPECTRUM",CEFADROXIL,60,1000.00,CAPS,"PHYSICIAN ASSISTANT"
"ANTNFCT, BROAD/MEDIUM SPECTRUM",AMOXICILLIN,9,2500.00,SUSR,"INTERNAL MEDICINE"
"ANTNFCT, BROAD/MEDIUM SPECTRUM",AMOXICILLIN,27,1500.00,CAPS,DENTIST
"ANTNFCT, BROAD/MEDIUM SPECTRUM",CEPHALEXIN,23,1500.00,CAPS,"INTERNAL MEDICINE"
"ANTNFCT, BROAD/MEDIUM SPECTRUM",CEPHALEXIN,75,1500.00,CAPS,UROLOGY
"ANTNFCT, BROAD/MEDIUM SPECTRUM",AZITHROMYCIN,54,500.00,TABS,"FAMILY MEDICINE"
"ANTNFCT, BROAD/MEDIUM SPECTRUM",AZITHROMYCIN,52,500.00,TABS,"NURSE PRACTITIONER"
"ANTNFCT, BROAD/MEDIUM SPECTRUM",CEPHALEXIN,21,2000.00,CAPS,"EMERGENCY MEDICINE"
"SULFONAMIDES & TRIMETHOPRIM",TRIMETHOPRIM,85,100.00,TABS,"INTERNAL MEDICINE"
"SULFONAMIDES & TRIMETHOPRIM",SULFAMETHOXAZOLE-TRIMETHOPRIM,32,1600.00,TABS,"ENDOCRINOLOGY, DIABETES & METABOLISM"
"ANTNFCT, BROAD/MEDIUM SPECTRUM","PENICILLIN V POTASSIUM",40,2000.00,TABS,"PHYSICIAN ASSISTANT"
"ANTNFCT, BROAD/MEDIUM SPECTRUM",AZITHROMYCIN,56,500.00,TABS,"INTERNAL MEDICINE"
"ANTNFCT, BROAD/MEDIUM SPECTRUM",AMOXICILLIN,6,6000.00,SUSR,"EMERGENCY MEDICINE"
"ANTNFCT, BROAD/MEDIUM SPECTRUM",CEFDINIR,1,1500.00,SUSR,PEDIATRICS
"ANTNFCT, BROAD/MEDIUM SPECTRUM","CIPROFLOXACIN HCL",76,1000.00,TABS,DERMATOLOGY
"ANTNFCT, BROAD/MEDIUM SPECTRUM",CEFDINIR,6,1500.00,SUSR,"NURSE PRACTITIONER"
"ANTNFCT, BROAD/MEDIUM SPECTRUM",CEPHALEXIN,68,2000.00,CAPS,"INTERNAL MEDICINE"
"ANTNFCT, BROAD/MEDIUM SPECTRUM",AMOXICILLIN,3,2125.00,SUSR,DENTIST
"B-LACTAM, INCREASED ACTIVITY","AMOXICILLIN & POT CLAVULANATE",8,6600.00,SUSR,"NURSE PRACTITIONER"
"ANTNFCT, BROAD/MEDIUM SPECTRUM",AMOXICILLIN,55,2000.00,CAPS,DENTIST
"ANTNFCT, BROAD/MEDIUM SPECTRUM","DOXYCYCLINE HYCLATE",22,100.00,TABS,"FAMILY MEDICINE"
"ANTNFCT, BROAD/MEDIUM SPECTRUM",AMOXICILLIN,5,6000.00,SUSR,"FAMILY MEDICINE"
"B-LACTAM, INCREASED ACTIVITY","AMOXICILLIN & POT CLAVULANATE",56,1750.00,TABS,"PHYSICIAN ASSISTANT"
"ANTNFCT, BROAD/MEDIUM SPECTRUM",AMOXICILLIN,3,4800.00,SUSR,"NURSE PRACTITIONER"
"ANTNFCT, BROAD/MEDIUM SPECTRUM",AMOXICILLIN,34,2000.00,CAPS,"ADVANCED HEART FAILURE & TRANSPLANT CARDIOLOGY"
"ANTNFCT, BROAD/MEDIUM SPECTRUM","CIPROFLOXACIN HCL",82,1500.00,TABS,"GENERAL SURGERY"
"ANTNFCT, BROAD/MEDIUM SPECTRUM",AMOXICILLIN,85,1000.00,CAPS,"PHYSICIAN ASSISTANT"
"ANTNFCT, BROAD/MEDIUM SPECTRUM",LEVOFLOXACIN,34,500.00,TABS,OTOLARYNGOLOGY
"ANTNFCT, BROAD/MEDIUM SPECTRUM",AZITHROMYCIN,69,500.00,TABS,"INTERNAL MEDICINE"
"ANTNFCT, BROAD/MEDIUM SPECTRUM","CLINDAMYCIN HCL",56,900.00,CAPS,DENTIST
"ANTNFCT, BROAD/MEDIUM SPECTRUM","CLINDAMYCIN HCL",50,600.00,CAPS,"INTERNAL MEDICINE"
"ANTNFCT, BROAD/MEDIUM SPECTRUM",CEFDINIR,48,600.00,CAPS,"PHYSICIAN ASSISTANT"
"ANTNFCT, BROAD/MEDIUM SPECTRUM","CEFUROXIME AXETIL",53,500.00,TABS,UROLOGY
"ANTNFCT, BROAD/MEDIUM SPECTRUM",CEPHALEXIN,19,1000.00,CAPS,"EMERGENCY MEDICINE"
"ANTNFCT, BROAD/MEDIUM SPECTRUM",CEPHALEXIN,85,2000.00,CAPS,PODIATRIST
"ANTNFCT, BROAD/MEDIUM SPECTRUM","DOXYCYCLINE HYCLATE",66,200.00,CAPS,"ORTHOPEDIC SURGERY"
"ANTNFCT, BROAD/MEDIUM SPECTRUM","CLINDAMYCIN HCL",36,450.00,CAPS,DENTIST
"ANTNFCT, BROAD/MEDIUM SPECTRUM","MINOCYCLINE HCL",30,100.00,CAPS,DERMATOLOGY
"ANTNFCT, BROAD/MEDIUM SPECTRUM",AZITHROMYCIN,40,500.00,TABS,"FAMILY MEDICINE"
"ANTNFCT, BROAD/MEDIUM SPECTRUM",AMOXICILLIN,55,1500.00,CAPS,"ORAL & MAXILLOFACIAL SURGERY"
"ANTNFCT, BROAD/MEDIUM SPECTRUM",AZITHROMYCIN,55,500.00,TABS,"OBSTETRICS & GYNECOLOGY"
"ANTNFCT, BROAD/MEDIUM SPECTRUM",LEVOFLOXACIN,74,500.00,TABS,"CARDIOVASCULAR DISEASE"
"ANTNFCT, BROAD/MEDIUM SPECTRUM",CEFDINIR,3,1500.00,SUSR,PEDIATRICS
"ANTNFCT, BROAD/MEDIUM SPECTRUM",AMOXICILLIN,1,1875.00,SUSR,"FAMILY MEDICINE"
"ANTNFCT, BROAD/MEDIUM SPECTRUM",CEFDINIR,19,600.00,CAPS,"FAMILY MEDICINE"
"ANTNFCT, BROAD/MEDIUM SPECTRUM",AMOXICILLIN,21,1000.00,CAPS,"EMERGENCY MEDICINE"
"ANTNFCT, BROAD/MEDIUM SPECTRUM",AMOXICILLIN,6,4000.00,SUSR,"NURSE PRACTITIONER"
"ANTNFCT, BROAD/MEDIUM SPECTRUM","PENICILLIN V POTASSIUM",30,1000.00,TABS,"PHYSICIAN ASSISTANT"
"B-LACTAM, INCREASED ACTIVITY","AMOXICILLIN & POT CLAVULANATE",37,1750.00,TABS,"FAMILY MEDICINE"
"ANTNFCT, BROAD/MEDIUM SPECTRUM",AMOXICILLIN,67,13200.00,SUSR,"PHYSICIAN ASSISTANT"
"B-LACTAM, INCREASED ACTIVITY","AMOXICILLIN & POT CLAVULANATE",19,1000.00,TABS,"ORAL & MAXILLOFACIAL SURGERY"
"ANTNFCT, BROAD/MEDIUM SPECTRUM",CEFADROXIL,62,1000.00,CAPS,"PHYSICIAN ASSISTANT"
"ANTNFCT, BROAD/MEDIUM SPECTRUM",CEFDINIR,28,600.00,CAPS,OTOLARYNGOLOGY
"ANTNFCT, BROAD/MEDIUM SPECTRUM",AZITHROMYCIN,22,500.00,TABS,"FAMILY MEDICINE"
"SULFONAMIDES & TRIMETHOPRIM",SULFAMETHOXAZOLE-TRIMETHOPRIM,63,800.00,TABS,"INFECTIOUS DISEASE"
"ANTNFCT, BROAD/MEDIUM SPECTRUM",CEPHALEXIN,41,2000.00,CAPS,"EMERGENCY MEDICINE"
"ANTNFCT, BROAD/MEDIUM SPECTRUM",CEPHALEXIN,71,2000.00,CAPS,"ORTHOPEDIC SURGERY"
"SULFONAMIDES & TRIMETHOPRIM",SULFAMETHOXAZOLE-TRIMETHOPRIM,67,1600.00,TABS,OTOLARYNGOLOGY
"ANTNFCT, BROAD/MEDIUM SPECTRUM","CLINDAMYCIN HCL",67,600.00,CAPS,DENTIST
"ANTNFCT, BROAD/MEDIUM SPECTRUM","MINOCYCLINE HCL",51,200.00,CAPS,"FAMILY MEDICINE"
"ANTNFCT, BROAD/MEDIUM SPECTRUM",AZITHROMYCIN,65,500.00,TABS,"INTERNAL MEDICINE"
"B-LACTAM, INCREASED ACTIVITY","AMOXICILLIN & POT CLAVULANATE",1,4800.00,SUSR,"PHYSICIAN ASSISTANT"
"ANTNFCT, BROAD/MEDIUM SPECTRUM",AMOXICILLIN,9,7600.00,SUSR,"PHYSICIAN ASSISTANT"
"SULFONAMIDES & TRIMETHOPRIM",SULFAMETHOXAZOLE-TRIMETHOPRIM,43,1600.00,TABS,OPTOMETRIST
"ANTNFCT, BROAD/MEDIUM SPECTRUM","DOXYCYCLINE HYCLATE",56,200.00,CAPS,"PHYSICIAN ASSISTANT"
"ANTNFCT, BROAD/MEDIUM SPECTRUM",AMOXICILLIN,40,1500.00,CAPS,"ORAL & MAXILLOFACIAL SURGERY"
"ANTNFCT, BROAD/MEDIUM SPECTRUM","CLINDAMYCIN HCL",22,900.00,CAPS,"PHYSICIAN ASSISTANT"
"ANTNFCT, BROAD/MEDIUM SPECTRUM",AZITHROMYCIN,70,500.00,TABS,"INTERNAL MEDICINE"
"ANTNFCT, BROAD/MEDIUM SPECTRUM",AZITHROMYCIN,70,500.00,TABS,"FAMILY MEDICINE"
"ANTNFCT, BROAD/MEDIUM SPECTRUM","DOXYCYCLINE HYCLATE",69,50.00,CAPS,OPTOMETRIST
"B-LACTAM, INCREASED ACTIVITY","AMOXICILLIN & POT CLAVULANATE",44,1750.00,TABS,"PHYSICIAN ASSISTANT"
"ANTNFCT, BROAD/MEDIUM SPECTRUM",AMOXICILLIN,14,1750.00,TABS,PEDIATRICS
"ANTNFCT, BROAD/MEDIUM SPECTRUM","DOXYCYCLINE HYCLATE",49,200.00,CAPS,"NURSE PRACTITIONER"
"ANTNFCT, BROAD/MEDIUM SPECTRUM",AMOXICILLIN,20,1750.00,TABS,"EMERGENCY MEDICINE"
"ANTNFCT, BROAD/MEDIUM SPECTRUM",AMOXICILLIN,33,2000.00,CAPS,DENTIST
"ANTNFCT, BROAD/MEDIUM SPECTRUM",CEPHALEXIN,8,5000.00,SUSR,"GENERAL PRACTICE"
"B-LACTAM, INCREASED ACTIVITY","AMOXICILLIN & POT CLAVULANATE",24,1750.00,TABS,"FAMILY MEDICINE"
"ANTNFCT, BROAD/MEDIUM SPECTRUM",AZITHROMYCIN,4,600.00,SUSR,PEDIATRICS
"ANTNFCT, BROAD/MEDIUM SPECTRUM",AMOXICILLIN,8,1000.00,CHEW,PEDIATRICS
"ANTNFCT, BROAD/MEDIUM SPECTRUM",CEPHALEXIN,9,10000.00,SUSR,"EMERGENCY MEDICINE"
"ANTNFCT, BROAD/MEDIUM SPECTRUM","DOXYCYCLINE (ROSACEA)",64,40.00,CPDR,DERMATOLOGY
"ANTNFCT, BROAD/MEDIUM SPECTRUM","CEFUROXIME AXETIL",78,1000.00,TABS,"NURSE PRACTITIONER"
"ANTNFCT, BROAD/MEDIUM SPECTRUM","DOXYCYCLINE HYCLATE",64,200.00,CAPS,"NURSE PRACTITIONER"
"ANTNFCT, BROAD/MEDIUM SPECTRUM",CEFDINIR,43,600.00,CAPS,"INTERNAL MEDICINE"
"ANTNFCT, BROAD/MEDIUM SPECTRUM",AZITHROMYCIN,39,500.00,TABS,"NURSE PRACTITIONER"
"ANTNFCT, BROAD/MEDIUM SPECTRUM","CEFUROXIME AXETIL",47,500.00,TABS,OTOLARYNGOLOGY
"ANTNFCT, BROAD/MEDIUM SPECTRUM",CEPHALEXIN,85,1500.00,CAPS,"NURSE PRACTITIONER"
"B-LACTAM, INCREASED ACTIVITY","AMOXICILLIN & POT CLAVULANATE",20,1750.00,TABS,"INTERNAL MEDICINE"
"ANTNFCT, BROAD/MEDIUM SPECTRUM","CIPROFLOXACIN HCL",29,1000.00,TABS,"EMERGENCY MEDICINE"
"ANTNFCT, BROAD/MEDIUM SPECTRUM",AMOXICILLIN,3,5000.00,SUSR,PEDIATRICS
"ANTNFCT, BROAD/MEDIUM SPECTRUM",AZITHROMYCIN,82,250.00,TABS,"FAMILY MEDICINE"
"SULFONAMIDES & TRIMETHOPRIM",SULFAMETHOXAZOLE-TRIMETHOPRIM,31,800.00,TABS,"EMERGENCY MEDICINE"
"ANTNFCT, BROAD/MEDIUM SPECTRUM","CEFUROXIME AXETIL",18,1000.00,TABS,"PHYSICIAN ASSISTANT"
"ANTNFCT, BROAD/MEDIUM SPECTRUM",AZITHROMYCIN,68,500.00,TABS,"NURSE PRACTITIONER"
"ANTNFCT, BROAD/MEDIUM SPECTRUM","DOXYCYCLINE (MONOHYDRATE)",55,200.00,CAPS,"NURSE PRACTITIONER"
"ANTNFCT, BROAD/MEDIUM SPECTRUM",CEFADROXIL,63,1000.00,CAPS,"INTERVENTIONAL CARDIOLOGY"
"ANTNFCT, BROAD/MEDIUM SPECTRUM",AMOXICILLIN,62,1500.00,CAPS,OTOLARYNGOLOGY
"ANTNFCT, BROAD/MEDIUM SPECTRUM",AZITHROMYCIN,1,600.00,SUSR,VETERINARIAN
"SULFONAMIDES & TRIMETHOPRIM",SULFAMETHOXAZOLE-TRIMETHOPRIM,23,1600.00,TABS,"INTERNAL MEDICINE"
"SULFONAMIDES & TRIMETHOPRIM",SULFAMETHOXAZOLE-TRIMETHOPRIM,71,1600.00,TABS,"NURSE PRACTITIONER"
"ANTNFCT, BROAD/MEDIUM SPECTRUM","CLINDAMYCIN PALMITATE HYDROCHLORIDE",3,2850.00,SOLR,"PHYSICIAN ASSISTANT"
"ANTNFCT, BROAD/MEDIUM SPECTRUM",CEFDINIR,1,500.00,SUSR,PEDIATRICS
"ANTNFCT, BROAD/MEDIUM SPECTRUM",AMOXICILLIN,48,2000.00,CAPS,DENTIST
"ANTNFCT, BROAD/MEDIUM SPECTRUM",CEPHALEXIN,59,1500.00,CAPS,"INTERNAL MEDICINE"
"ANTNFCT, BROAD/MEDIUM SPECTRUM",CEPHALEXIN,39,1500.00,CAPS,
"B-LACTAM, INCREASED ACTIVITY","AMOXICILLIN & POT CLAVULANATE",49,1750.00,TABS,"NURSE PRACTITIONER"
"ANTNFCT, BROAD/MEDIUM SPECTRUM",AZITHROMYCIN,47,500.00,TABS,DENTIST
"ANTNFCT, BROAD/MEDIUM SPECTRUM",AZITHROMYCIN,46,500.00,TABS,"FAMILY MEDICINE"
"ANTNFCT, BROAD/MEDIUM SPECTRUM",AMOXICILLIN,47,1500.00,CAPS,DENTIST
"ANTNFCT, BROAD/MEDIUM SPECTRUM",CEPHALEXIN,16,1500.00,CAPS,"FAMILY MEDICINE"
"ANTNFCT, BROAD/MEDIUM SPECTRUM",LEVOFLOXACIN,75,500.00,TABS,"FAMILY MEDICINE"
"ANTNFCT, BROAD/MEDIUM SPECTRUM","CIPROFLOXACIN HCL",78,1000.00,TABS,OTOLARYNGOLOGY
"B-LACTAM, INCREASED ACTIVITY","AMOXICILLIN & POT CLAVULANATE",1,3200.00,SUSR,PEDIATRICS
"ANTNFCT, BROAD/MEDIUM SPECTRUM","PENICILLIN V POTASSIUM",18,2500.00,TABS,"ORAL & MAXILLOFACIAL SURGERY"
"B-LACTAM, INCREASED ACTIVITY","AMOXICILLIN & POT CLAVULANATE",74,1750.00,TABS,UROLOGY
"ANTNFCT, BROAD/MEDIUM SPECTRUM","DOXYCYCLINE (MONOHYDRATE)",74,100.00,CAPS,DERMATOLOGY
"ANTNFCT, BROAD/MEDIUM SPECTRUM","DOXYCYCLINE HYCLATE",57,200.00,CAPS,"FAMILY MEDICINE"
"ANTNFCT, BROAD/MEDIUM SPECTRUM",CEFDINIR,2,625.00,SUSR,"PHYSICIAN ASSISTANT"
"ANTNFCT, BROAD/MEDIUM SPECTRUM","DOXYCYCLINE HYCLATE",70,200.00,CAPS,DERMATOLOGY
"ANTNFCT, BROAD/MEDIUM SPECTRUM","CIPROFLOXACIN HCL",56,1000.00,TABS,"FAMILY MEDICINE"
"ANTNFCT, BROAD/MEDIUM SPECTRUM",CEPHALEXIN,51,2000.00,CAPS,"ORTHOPEDIC SURGERY"
"ANTNFCT, BROAD/MEDIUM SPECTRUM",CEPHALEXIN,1,2500.00,SUSR,"PHYSICIAN ASSISTANT"
"ANTNFCT, BROAD/MEDIUM SPECTRUM","CLINDAMYCIN HCL",44,600.00,CAPS,DENTIST
"SULFONAMIDES & TRIMETHOPRIM",SULFAMETHOXAZOLE-TRIMETHOPRIM,15,1600.00,TABS,PEDIATRICS
"ANTNFCT, BROAD/MEDIUM SPECTRUM","CIPROFLOXACIN HCL",34,1000.00,TABS,"EMERGENCY MEDICINE"
"B-LACTAM, INCREASED ACTIVITY","AMOXICILLIN & POT CLAVULANATE",85,1500.00,TABS,"FAMILY MEDICINE"
"ANTNFCT, BROAD/MEDIUM SPECTRUM","DOXYCYCLINE (MONOHYDRATE)",66,200.00,TABS,"NURSE PRACTITIONER"
"ANTNFCT, BROAD/MEDIUM SPECTRUM",CEPHALEXIN,69,2000.00,CAPS,"ORTHOPEDIC SURGERY"
"ANTNFCT, BROAD/MEDIUM SPECTRUM",AMOXICILLIN,62,2000.00,CAPS,DENTIST
"ANTNFCT, BROAD/MEDIUM SPECTRUM",AZITHROMYCIN,58,250.00,TABS,"INTERNAL MEDICINE"
"ANTNFCT, BROAD/MEDIUM SPECTRUM",AMOXICILLIN,19,7500.00,SUSR,DENTIST
"ANTNFCT, BROAD/MEDIUM SPECTRUM",CEPHALEXIN,41,1000.00,CAPS,"NURSE PRACTITIONER"
"ANTNFCT, BROAD/MEDIUM SPECTRUM",AMOXICILLIN,36,1750.00,TABS,PEDIATRICS
"ANTNFCT, BROAD/MEDIUM SPECTRUM",AZITHROMYCIN,74,500.00,TABS,GASTROENTEROLOGY
"ANTNFCT, BROAD/MEDIUM SPECTRUM",AZITHROMYCIN,51,500.00,TABS,"EMERGENCY MEDICINE"
"ANTNFCT, BROAD/MEDIUM SPECTRUM",CEPHALEXIN,2,5000.00,SUSR,PEDIATRICS
"SULFONAMIDES & TRIMETHOPRIM",SULFAMETHOXAZOLE-TRIMETHOPRIM,8,4000.00,SUSP,"PHYSICIAN ASSISTANT"
"SULFONAMIDES & TRIMETHOPRIM",SULFAMETHOXAZOLE-TRIMETHOPRIM,19,1600.00,TABS,DERMATOLOGY
"B-LACTAM, INCREASED ACTIVITY","AMOXICILLIN & POT CLAVULANATE",66,1750.00,TABS,"PHYSICIAN ASSISTANT"
"ANTNFCT, BROAD/MEDIUM SPECTRUM",AZITHROMYCIN,66,500.00,TABS,"NURSE PRACTITIONER"
"ANTNFCT, BROAD/MEDIUM SPECTRUM","DOXYCYCLINE HYCLATE",20,200.00,CAPS,"NURSE PRACTITIONER"
"ANTNFCT, BROAD/MEDIUM SPECTRUM",CEFDINIR,1,750.00,SUSR,"NURSE PRACTITIONER"
"ANTNFCT, BROAD/MEDIUM SPECTRUM","CLINDAMYCIN HCL",47,1200.00,CAPS,"INTERNAL MEDICINE"
"ANTNFCT, BROAD/MEDIUM SPECTRUM","DOXYCYCLINE HYCLATE",85,50.00,TBEC,OPHTHALMOLOGY
"ANTNFCT, BROAD/MEDIUM SPECTRUM","MINOCYCLINE HCL",42,200.00,CAPS,DERMATOLOGY
"ANTNFCT, BROAD/MEDIUM SPECTRUM","CLINDAMYCIN HCL",85,900.00,CAPS,DENTIST
"ANTNFCT, BROAD/MEDIUM SPECTRUM",AMOXICILLIN,59,1500.00,CAPS,DENTIST
"B-LACTAM, INCREASED ACTIVITY","AMOXICILLIN & POT CLAVULANATE",9,750.00,TABS,"FAMILY MEDICINE"
"SULFONAMIDES & TRIMETHOPRIM",SULFAMETHOXAZOLE-TRIMETHOPRIM,74,800.00,TABS,DERMATOLOGY
"ANTNFCT, BROAD/MEDIUM SPECTRUM","PENICILLIN V POTASSIUM",60,2000.00,TABS,DENTIST
"ANTNFCT, BROAD/MEDIUM SPECTRUM",CEPHALEXIN,85,1000.00,CAPS,"INTERNAL MEDICINE"
"B-LACTAM, INCREASED ACTIVITY","AMOXICILLIN & POT CLAVULANATE",35,1750.00,TABS,"INTERNAL MEDICINE"
"ANTNFCT, BROAD/MEDIUM SPECTRUM","CIPROFLOXACIN HCL",51,500.00,TABS,"OBSTETRICS & GYNECOLOGY"
"ANTNFCT, BROAD/MEDIUM SPECTRUM",LEVOFLOXACIN,60,500.00,TABS,"INTERNAL MEDICINE"
"ANTNFCT, BROAD/MEDIUM SPECTRUM",AMOXICILLIN,22,1000.00,CAPS,"FAMILY MEDICINE"
"ANTNFCT, BROAD/MEDIUM SPECTRUM",CEPHALEXIN,30,2000.00,CAPS,DENTIST
"ANTNFCT, BROAD/MEDIUM SPECTRUM",AMOXICILLIN,74,8000.00,CAPS,"ORTHOPEDIC SURGERY"
"ANTNFCT, BROAD/MEDIUM SPECTRUM",CEPHALEXIN,85,500.00,CAPS,UROLOGY
"ANTNFCT, BROAD/MEDIUM SPECTRUM","CIPROFLOXACIN HCL",83,1000.00,TABS,HOSPITALIST
"ANTNFCT, BROAD/MEDIUM SPECTRUM","DOXYCYCLINE HYCLATE",65,200.00,CAPS,"INTERNAL MEDICINE"
"ANTNFCT, BROAD/MEDIUM SPECTRUM",LEVOFLOXACIN,35,500.00,TABS,"PHYSICIAN ASSISTANT"
"ANTNFCT, BROAD/MEDIUM SPECTRUM","CLINDAMYCIN HCL",64,1200.00,CAPS,DENTIST
"ANTNFCT, BROAD/MEDIUM SPECTRUM","CLINDAMYCIN HCL",85,1350.00,CAPS,"PHYSICIAN ASSISTANT"
"ANTNFCT, BROAD/MEDIUM SPECTRUM",AMOXICILLIN,5,6000.00,SUSR,PEDIATRICS
"ANTNFCT, BROAD/MEDIUM SPECTRUM",AMOXICILLIN,75,1750.00,TABS,"PULMONARY DISEASE"
"ANTNFCT, BROAD/MEDIUM SPECTRUM",AZITHROMYCIN,23,1000.00,TABS,"INTERNAL MEDICINE"
"ANTNFCT, BROAD/MEDIUM SPECTRUM",AMOXICILLIN,6,3750.00,SUSR,DENTIST
"ANTNFCT, BROAD/MEDIUM SPECTRUM",CEFPROZIL,59,500.00,TABS,"FAMILY MEDICINE"
"B-LACTAM, INCREASED ACTIVITY","AMOXICILLIN & POT CLAVULANATE",50,1750.00,TABS,"PULMONARY DISEASE"
"B-LACTAM, INCREASED ACTIVITY","AMOXICILLIN & POT CLAVULANATE",77,1750.00,TABS,"FAMILY MEDICINE"
"ANTNFCT, BROAD/MEDIUM SPECTRUM","DOXYCYCLINE (MONOHYDRATE)",58,200.00,CAPS,"NURSE PRACTITIONER"
"ANTNFCT, BROAD/MEDIUM SPECTRUM",CEFDINIR,5,2250.00,SUSR,"NURSE PRACTITIONER"
"ANTNFCT, BROAD/MEDIUM SPECTRUM",AMOXICILLIN,19,1500.00,CAPS,DENTIST
"ANTNFCT, BROAD/MEDIUM SPECTRUM",AMOXICILLIN,50,1750.00,TABS,"MEDICAL ONCOLOGY"
"B-LACTAM, INCREASED ACTIVITY","AMOXICILLIN & POT CLAVULANATE",22,1750.00,TABS,"PHYSICIAN ASSISTANT"
"ANTNFCT, BROAD/MEDIUM SPECTRUM",AMOXICILLIN,44,1000.00,CAPS,"FAMILY MEDICINE"
"ANTNFCT, BROAD/MEDIUM SPECTRUM",AZITHROMYCIN,47,500.00,TABS,"PHYSICIAN ASSISTANT"
"ANTNFCT, BROAD/MEDIUM SPECTRUM",CEPHALEXIN,77,2000.00,CAPS,"FAMILY MEDICINE"
"ANTNFCT, BROAD/MEDIUM SPECTRUM",AMOXICILLIN,23,2000.00,CAPS,DENTIST
"ANTNFCT, BROAD/MEDIUM SPECTRUM",AMOXICILLIN,59,1500.00,CAPS,"FAMILY MEDICINE"
"ANTNFCT, BROAD/MEDIUM SPECTRUM",AZITHROMYCIN,85,500.00,TABS,"FAMILY MEDICINE"
"ANTNFCT, BROAD/MEDIUM SPECTRUM","CIPROFLOXACIN HCL",69,1000.00,TABS,UROLOGY
"SULFONAMIDES & TRIMETHOPRIM",SULFAMETHOXAZOLE-TRIMETHOPRIM,13,4000.00,SUSP,"EMERGENCY MEDICINE"
"SULFONAMIDES & TRIMETHOPRIM",SULFAMETHOXAZOLE-TRIMETHOPRIM,60,1600.00,TABS,"ORTHOPEDIC SURGERY"
"ANTNFCT, BROAD/MEDIUM SPECTRUM","PENICILLIN V POTASSIUM",56,2500.00,TABS,DENTIST
"ANTNFCT, BROAD/MEDIUM SPECTRUM",AMOXICILLIN,17,1500.00,CAPS,PEDIATRICS
"ANTNFCT, BROAD/MEDIUM SPECTRUM",CEPHALEXIN,39,1500.00,CAPS,"EMERGENCY MEDICINE"
"B-LACTAM, INCREASED ACTIVITY","AMOXICILLIN & POT CLAVULANATE",53,1750.00,TABS,"ORTHOPEDIC SURGERY"
"B-LACTAM, INCREASED ACTIVITY","AMOXICILLIN & POT CLAVULANATE",9,9000.00,SUSR,PEDIATRICS
"B-LACTAM, INCREASED ACTIVITY","AMOXICILLIN & POT CLAVULANATE",50,1750.00,TABS,"NURSE PRACTITIONER"
"ANTNFCT, BROAD/MEDIUM SPECTRUM","CLINDAMYCIN HCL",29,900.00,CAPS,"PHYSICIAN ASSISTANT"
"ANTNFCT, BROAD/MEDIUM SPECTRUM","CLINDAMYCIN HCL",18,1200.00,CAPS,"NURSE PRACTITIONER"
"ANTNFCT, BROAD/MEDIUM SPECTRUM","CIPROFLOXACIN HCL",67,1000.00,TABS,UROLOGY
"ANTNFCT, BROAD/MEDIUM SPECTRUM",AMOXICILLIN,61,3000.00,CAPS,"INTERNAL MEDICINE"
"ANTNFCT, BROAD/MEDIUM SPECTRUM","DOXYCYCLINE HYCLATE",53,200.00,CAPS,"PHYSICIAN ASSISTANT"
"SULFONAMIDES & TRIMETHOPRIM",SULFAMETHOXAZOLE-TRIMETHOPRIM,1,400.00,TABS,VETERINARIAN
"ANTNFCT, BROAD/MEDIUM SPECTRUM","CIPROFLOXACIN HCL",40,1000.00,TABS,"PHYSICIAN ASSISTANT"
"ANTNFCT, BROAD/MEDIUM SPECTRUM",AZITHROMYCIN,39,500.00,TABS,PSYCHIATRY
"ANTNFCT, BROAD/MEDIUM SPECTRUM",AZITHROMYCIN,33,500.00,TABS,HEMATOLOGY/ONCOLOGY
"ANTNFCT, BROAD/MEDIUM SPECTRUM","MINOCYCLINE HCL",17,100.00,CAPS,PEDIATRICS
"ANTNFCT, BROAD/MEDIUM SPECTRUM","ERYTHROMYCIN ETHYLSUCCINATE",1,2000.00,SUSR,"PEDIATRIC GASTROENTEROLOGY"
"ANTNFCT, BROAD/MEDIUM SPECTRUM",AMOXICILLIN,50,2000.00,CAPS,DENTIST
"ANTNFCT, BROAD/MEDIUM SPECTRUM",AMOXICILLIN,30,2500.00,CAPS,"ORAL & MAXILLOFACIAL SURGERY"
"ANTNFCT, BROAD/MEDIUM SPECTRUM","CIPROFLOXACIN HCL",79,1000.00,TABS,UROLOGY
"ANTNFCT, BROAD/MEDIUM SPECTRUM",CEPHALEXIN,65,500.00,CAPS,"VASCULAR SURGERY"
"ANTNFCT, BROAD/MEDIUM SPECTRUM",AMOXICILLIN,82,1000.00,CAPS,
"B-LACTAM, INCREASED ACTIVITY","AMOXICILLIN & POT CLAVULANATE",52,1750.00,TABS,"PHYSICIAN ASSISTANT"
"ANTNFCT, BROAD/MEDIUM SPECTRUM","CIPROFLOXACIN HCL",76,1000.00,TABS,"NURSE PRACTITIONER"
"ANTNFCT, BROAD/MEDIUM SPECTRUM","DOXYCYCLINE HYCLATE",65,200.00,CAPS,"FAMILY MEDICINE"
"ANTNFCT, BROAD/MEDIUM SPECTRUM",AZITHROMYCIN,42,500.00,TABS,"EMERGENCY MEDICINE"
"ANTNFCT, BROAD/MEDIUM SPECTRUM","DOXYCYCLINE HYCLATE",18,200.00,CAPS,"NURSE PRACTITIONER"
"ANTNFCT, BROAD/MEDIUM SPECTRUM","CIPROFLOXACIN HCL",20,1000.00,TABS,PEDIATRICS
"ANTNFCT, BROAD/MEDIUM SPECTRUM",AMOXICILLIN,6,6000.00,SUSR,PEDIATRICS
"ANTNFCT, BROAD/MEDIUM SPECTRUM",AMOXICILLIN,6,8000.00,SUSR,PEDIATRICS
"ANTNFCT, BROAD/MEDIUM SPECTRUM",AZITHROMYCIN,37,500.00,TABS,"FAMILY MEDICINE"
"ANTNFCT, BROAD/MEDIUM SPECTRUM",CEPHALEXIN,70,2000.00,CAPS,"NEUROLOGICAL SURGERY"
"ANTNFCT, BROAD/MEDIUM SPECTRUM",AMOXICILLIN,1,1875.00,SUSR,PEDIATRICS
"ANTNFCT, BROAD/MEDIUM SPECTRUM","MINOCYCLINE HCL",19,100.00,CAPS,"PHYSICIAN ASSISTANT"
"ANTNFCT, BROAD/MEDIUM SPECTRUM",AZITHROMYCIN,32,500.00,TABS,"FAMILY MEDICINE"
"B-LACTAM, INCREASED ACTIVITY","AMOXICILLIN & POT CLAVULANATE",4,7600.00,SUSR,PEDIATRICS
"ANTNFCT, BROAD/MEDIUM SPECTRUM",CEFDINIR,6,2500.00,SUSR,"NURSE PRACTITIONER"
"SULFONAMIDES & TRIMETHOPRIM",SULFAMETHOXAZOLE-TRIMETHOPRIM,76,1600.00,TABS,"FAMILY MEDICINE"
"ANTNFCT, BROAD/MEDIUM SPECTRUM","DOXYCYCLINE HYCLATE",57,100.00,TABS,"INFECTIOUS DISEASE"
"ANTNFCT, BROAD/MEDIUM SPECTRUM",CEPHALEXIN,83,1500.00,CAPS,NEPHROLOGY
"ANTNFCT, BROAD/MEDIUM SPECTRUM","CLINDAMYCIN HCL",59,1800.00,CAPS,"CARDIOVASCULAR DISEASE"
"ANTNFCT, BROAD/MEDIUM SPECTRUM",AMOXICILLIN,67,2000.00,CAPS,"ORTHOPEDIC SURGERY"
"B-LACTAM, INCREASED ACTIVITY","AMOXICILLIN & POT CLAVULANATE",2,7800.00,SUSR,PEDIATRICS
"ANTNFCT, BROAD/MEDIUM SPECTRUM",CEPHALEXIN,73,1000.00,CAPS,OTOLARYNGOLOGY
"SULFONAMIDES & TRIMETHOPRIM",SULFAMETHOXAZOLE-TRIMETHOPRIM,56,1600.00,TABS,UROLOGY
"ANTNFCT, BROAD/MEDIUM SPECTRUM",AZITHROMYCIN,13,500.00,TABS,PEDIATRICS
"ANTNFCT, BROAD/MEDIUM SPECTRUM",AZITHROMYCIN,19,500.00,TABS,"GENERAL SURGERY"
"ANTNFCT, BROAD/MEDIUM SPECTRUM",AZITHROMYCIN,56,500.00,TABS,"FAMILY MEDICINE"
"ANTNFCT, BROAD/MEDIUM SPECTRUM",CEPHALEXIN,65,2000.00,CAPS,"NURSE PRACTITIONER"
"ANTNFCT, BROAD/MEDIUM SPECTRUM",AMOXICILLIN,31,1750.00,TABS,"FAMILY MEDICINE"
"ANTNFCT, BROAD/MEDIUM SPECTRUM",CEFDINIR,40,600.00,CAPS,"NURSE PRACTITIONER"
"SULFONAMIDES & TRIMETHOPRIM",SULFAMETHOXAZOLE-TRIMETHOPRIM,37,1600.00,TABS,"EMERGENCY MEDICINE"
"ANTNFCT, BROAD/MEDIUM SPECTRUM",AZITHROMYCIN,71,500.00,TABS,"FAMILY MEDICINE"
"ANTNFCT, BROAD/MEDIUM SPECTRUM","DOXYCYCLINE HYCLATE",64,200.00,TABS,"GENERAL PRACTICE"
"B-LACTAM, INCREASED ACTIVITY","AMOXICILLIN & POT CLAVULANATE",56,1750.00,TABS,"ORAL & MAXILLOFACIAL SURGERY"
"ANTNFCT, BROAD/MEDIUM SPECTRUM","DOXYCYCLINE HYCLATE",41,200.00,CAPS,"PHYSICIAN ASSISTANT"
"ANTNFCT, BROAD/MEDIUM SPECTRUM",CEPHALEXIN,29,2000.00,CAPS,"EMERGENCY MEDICINE"
"ANTNFCT, BROAD/MEDIUM SPECTRUM","DOXYCYCLINE HYCLATE",69,200.00,CAPS,"NURSE PRACTITIONER"
"ANTNFCT, BROAD/MEDIUM SPECTRUM",CEFDINIR,71,600.00,CAPS,"FAMILY MEDICINE"
"B-LACTAM, INCREASED ACTIVITY","AMOXICILLIN & POT CLAVULANATE",47,1750.00,TABS,"GENERAL PREVENTIVE MEDICINE"
"B-LACTAM, INCREASED ACTIVITY","AMOXICILLIN & POT CLAVULANATE",53,1750.00,TABS,"FAMILY MEDICINE"
"ANTNFCT, BROAD/MEDIUM SPECTRUM",LEVOFLOXACIN,33,500.00,TABS,"FAMILY MEDICINE"
"ANTNFCT, BROAD/MEDIUM SPECTRUM",AZITHROMYCIN,30,500.00,TABS,"FAMILY MEDICINE"
"ANTNFCT, BROAD/MEDIUM SPECTRUM",AMOXICILLIN,19,1500.00,CAPS,"ORAL & MAXILLOFACIAL SURGERY"
"ANTNFCT, BROAD/MEDIUM SPECTRUM",CEFDINIR,3,1250.00,SUSR,PEDIATRICS
"B-LACTAM, INCREASED ACTIVITY","AMOXICILLIN & POT CLAVULANATE",62,1750.00,TABS,"FAMILY MEDICINE"
"ANTNFCT, BROAD/MEDIUM SPECTRUM",AZITHROMYCIN,50,500.00,TABS,"FAMILY MEDICINE"
OXAZOLIDINONES,LINEZOLID,64,1200.00,TABS,"FAMILY MEDICINE"
"ANTNFCT, BROAD/MEDIUM SPECTRUM",AZITHROMYCIN,21,250.00,TABS,"EMERGENCY MEDICINE"
"ANTNFCT, BROAD/MEDIUM SPECTRUM",AMOXICILLIN,13,8000.00,SUSR,PEDIATRICS
"SULFONAMIDES & TRIMETHOPRIM",SULFAMETHOXAZOLE-TRIMETHOPRIM,70,1600.00,TABS,"FAMILY MEDICINE"
"ANTNFCT, BROAD/MEDIUM SPECTRUM","DOXYCYCLINE (ROSACEA)",68,40.00,CPDR,DERMATOLOGY
"B-LACTAM, INCREASED ACTIVITY","AMOXICILLIN & POT CLAVULANATE",3,4000.00,SUSR,PEDIATRICS
"ANTNFCT, BROAD/MEDIUM SPECTRUM",AZITHROMYCIN,36,500.00,TABS,"FAMILY MEDICINE"
"SULFONAMIDES & TRIMETHOPRIM",SULFAMETHOXAZOLE-TRIMETHOPRIM,68,1600.00,TABS,"INTERNAL MEDICINE"
"SULFONAMIDES & TRIMETHOPRIM",SULFAMETHOXAZOLE-TRIMETHOPRIM,85,1600.00,TABS,"FAMILY MEDICINE"
"SULFONAMIDES & TRIMETHOPRIM",SULFAMETHOXAZOLE-TRIMETHOPRIM,50,1600.00,TABS,"PHYSICIAN ASSISTANT"
"ANTNFCT, BROAD/MEDIUM SPECTRUM",AMOXICILLIN,69,1750.00,TABS,"NURSE PRACTITIONER"
"B-LACTAM, INCREASED ACTIVITY","AMOXICILLIN & POT CLAVULANATE",49,1750.00,TABS,"NURSE PRACTITIONER"
"ANTNFCT, BROAD/MEDIUM SPECTRUM",AMOXICILLIN,0,4000.00,SUSR,PEDIATRICS
"ANTNFCT, BROAD/MEDIUM SPECTRUM",CEPHALEXIN,28,1500.00,CAPS,"PHYSICIAN ASSISTANT"
"ANTNFCT, BROAD/MEDIUM SPECTRUM","CIPROFLOXACIN HCL",37,500.00,TABS,"OBSTETRICS & GYNECOLOGY"
"ANTNFCT, BROAD/MEDIUM SPECTRUM","CEFUROXIME AXETIL",40,500.00,TABS,"OBSTETRICS & GYNECOLOGY"
"ANTNFCT, BROAD/MEDIUM SPECTRUM","PENICILLIN V POTASSIUM",39,2000.00,TABS,HOSPITALIST
"ANTNFCT, BROAD/MEDIUM SPECTRUM",AMOXICILLIN,18,250.00,CHEW,VETERINARIAN
"ANTNFCT, BROAD/MEDIUM SPECTRUM",LEVOFLOXACIN,85,500.00,TABS,"NURSE PRACTITIONER"
"ANTNFCT, BROAD/MEDIUM SPECTRUM","CLINDAMYCIN HCL",67,900.00,CAPS,DERMATOLOGY
"ANTNFCT, BROAD/MEDIUM SPECTRUM",CEFIXIME,32,400.00,CAPS,"FAMILY MEDICINE"
"ANTNFCT, BROAD/MEDIUM SPECTRUM",AMOXICILLIN,32,1500.00,CAPS,"OBSTETRICS & GYNECOLOGY"
"ANTNFCT, BROAD/MEDIUM SPECTRUM","CIPROFLOXACIN HCL",15,1000.00,TABS,"INTERNAL MEDICINE"
"ANTNFCT, BROAD/MEDIUM SPECTRUM","DOXYCYCLINE HYCLATE",31,200.00,TABS,"SPORTS MEDICINE (ORTHOPEDIC SURGERY)"
"ANTNFCT, BROAD/MEDIUM SPECTRUM",AMOXICILLIN,41,1750.00,TABS,"NURSE PRACTITIONER"
"ANTNFCT, BROAD/MEDIUM SPECTRUM",AMOXICILLIN,14,1750.00,TABS,"NURSE PRACTITIONER"
"ANTNFCT, BROAD/MEDIUM SPECTRUM",AMOXICILLIN,57,2000.00,CAPS,DENTIST
"ANTNFCT, BROAD/MEDIUM SPECTRUM",AMOXICILLIN,7,8000.00,SUSR,PEDIATRICS
"SULFONAMIDES & TRIMETHOPRIM",SULFAMETHOXAZOLE-TRIMETHOPRIM,12,1600.00,TABS,"NURSE PRACTITIONER"
"ANTNFCT, BROAD/MEDIUM SPECTRUM",AMOXICILLIN,14,1000.00,CAPS,"FAMILY MEDICINE"
"ANTNFCT, BROAD/MEDIUM SPECTRUM",AMOXICILLIN,59,1500.00,CAPS,DENTIST
"ANTNFCT, BROAD/MEDIUM SPECTRUM",AZITHROMYCIN,18,500.00,TABS,"NURSE PRACTITIONER"
"ANTNFCT, BROAD/MEDIUM SPECTRUM","DOXYCYCLINE HYCLATE",59,100.00,CAPS,OPHTHALMOLOGY
"ANTNFCT, BROAD/MEDIUM SPECTRUM",AZITHROMYCIN,27,1.00,PACK,"NURSE PRACTITIONER"
"ANTNFCT, BROAD/MEDIUM SPECTRUM","NEOMYCIN SULFATE",61,2000.00,TABS,"GENERAL SURGERY"
"ANTNFCT, BROAD/MEDIUM SPECTRUM",AMOXICILLIN,35,1000.00,TABS,"NURSE PRACTITIONER"
"ANTNFCT, BROAD/MEDIUM SPECTRUM",AMOXICILLIN,1,4000.00,SUSR,"PHYSICIAN ASSISTANT"
"B-LACTAM, INCREASED ACTIVITY","AMOXICILLIN & POT CLAVULANATE",66,1500.00,TABS,"PHYSICAL MEDICINE & REHABILITATION"
"ANTNFCT, BROAD/MEDIUM SPECTRUM",CEPHALEXIN,54,1000.00,CAPS,DERMATOLOGY
"ANTNFCT, BROAD/MEDIUM SPECTRUM",CEPHALEXIN,69,1500.00,CAPS,"SURGICAL ONCOLOGY"
"ANTNFCT, BROAD/MEDIUM SPECTRUM","DOXYCYCLINE (MONOHYDRATE)",50,200.00,CAPS,"EMERGENCY MEDICINE"
"SULFONAMIDES & TRIMETHOPRIM",SULFAMETHOXAZOLE-TRIMETHOPRIM,52,1600.00,TABS,"INTERNAL MEDICINE"
"SULFONAMIDES & TRIMETHOPRIM",SULFAMETHOXAZOLE-TRIMETHOPRIM,81,1600.00,TABS,UROLOGY
"ANTNFCT, BROAD/MEDIUM SPECTRUM",AMOXICILLIN,2,1875.00,SUSR,"FAMILY MEDICINE"
"B-LACTAM, INCREASED ACTIVITY","AMOXICILLIN & POT CLAVULANATE",2,4200.00,SUSR,PEDIATRICS
"ANTNFCT, BROAD/MEDIUM SPECTRUM","VANCOMYCIN HCL",56,1000.00,CAPS,"COLON & RECTAL SURGERY"
"B-LACTAM, INCREASED ACTIVITY","AMOXICILLIN & POT CLAVULANATE",37,1750.00,TABS,"PHYSICIAN ASSISTANT"
"ANTNFCT, BROAD/MEDIUM SPECTRUM",AMOXICILLIN,44,1500.00,TABS,"INTERNAL MEDICINE"
"ANTNFCT, BROAD/MEDIUM SPECTRUM",CEPHALEXIN,56,1000.00,TABS,"NURSE PRACTITIONER"
"ANTNFCT, BROAD/MEDIUM SPECTRUM","CLINDAMYCIN HCL",46,900.00,CAPS,DENTIST
"ANTNFCT, BROAD/MEDIUM SPECTRUM",AZITHROMYCIN,20,250.00,TABS,"PHYSICIAN ASSISTANT"
"ANTNFCT, BROAD/MEDIUM SPECTRUM","CIPROFLOXACIN HCL",45,1000.00,TABS,"INFECTIOUS DISEASE"
"ANTNFCT, BROAD/MEDIUM SPECTRUM",AZITHROMYCIN,29,500.00,TABS,"PHYSICIAN ASSISTANT"
"B-LACTAM, INCREASED ACTIVITY","AMOXICILLIN & POT CLAVULANATE",31,1750.00,TABS,"NURSE PRACTITIONER"
"SULFONAMIDES & TRIMETHOPRIM",SULFAMETHOXAZOLE-TRIMETHOPRIM,42,1600.00,TABS,"PEDIATRIC SURGERY"
"SULFONAMIDES & TRIMETHOPRIM",SULFAMETHOXAZOLE-TRIMETHOPRIM,81,1600.00,TABS,UROLOGY
"ANTNFCT, BROAD/MEDIUM SPECTRUM",AZITHROMYCIN,49,500.00,TABS,"PHYSICIAN ASSISTANT"
"ANTNFCT, BROAD/MEDIUM SPECTRUM","CLINDAMYCIN HCL",53,600.00,CAPS,DENTIST
"ANTNFCT, BROAD/MEDIUM SPECTRUM",AMOXICILLIN,7,8000.00,SUSR,PEDIATRICS
"B-LACTAM, INCREASED ACTIVITY","AMOXICILLIN & POT CLAVULANATE",51,1750.00,TABS,"NEUROLOGICAL SURGERY"
"SULFONAMIDES & TRIMETHOPRIM",SULFAMETHOXAZOLE-TRIMETHOPRIM,53,1600.00,TABS,"NURSE PRACTITIONER"
"B-LACTAM, INCREASED ACTIVITY","AMOXICILLIN & POT CLAVULANATE",79,1000.00,TABS,OPHTHALMOLOGY
"ANTNFCT, BROAD/MEDIUM SPECTRUM",AMOXICILLIN,72,1500.00,CAPS,"INTERNAL MEDICINE"
"ANTNFCT, BROAD/MEDIUM SPECTRUM",AMOXICILLIN,5,7500.00,SUSR,"INFECTIOUS DISEASE"
"B-LACTAM, INCREASED ACTIVITY","AMOXICILLIN & POT CLAVULANATE",27,1750.00,TABS,"NURSE PRACTITIONER"
"ANTNFCT, BROAD/MEDIUM SPECTRUM",AMOXICILLIN,53,1500.00,CAPS,"FAMILY MEDICINE"
"ANTNFCT, BROAD/MEDIUM SPECTRUM",AZITHROMYCIN,40,500.00,TABS,"EMERGENCY MEDICINE"
"ANTNFCT, BROAD/MEDIUM SPECTRUM",AMOXICILLIN,49,2500.00,CAPS,DENTIST
"SULFONAMIDES & TRIMETHOPRIM",SULFAMETHOXAZOLE-TRIMETHOPRIM,0,400.00,SUSP,"PEDIATRIC UROLOGY"
"ANTNFCT, BROAD/MEDIUM SPECTRUM",CEFADROXIL,14,1000.00,CAPS,PEDIATRICS
"ANTNFCT, BROAD/MEDIUM SPECTRUM","CLINDAMYCIN HCL",79,450.00,CAPS,"PHYSICIAN ASSISTANT"
"ANTNFCT, BROAD/MEDIUM SPECTRUM","PENICILLIN V POTASSIUM",63,2000.00,TABS,DENTIST
"ANTNFCT, BROAD/MEDIUM SPECTRUM",CEPHALEXIN,34,1500.00,CAPS,UROLOGY
"B-LACTAM, INCREASED ACTIVITY","AMOXICILLIN & POT CLAVULANATE",4,7800.00,SUSR,PEDIATRICS
"SULFONAMIDES & TRIMETHOPRIM",SULFAMETHOXAZOLE-TRIMETHOPRIM,31,1600.00,TABS,OTOLARYNGOLOGY
"ANTNFCT, BROAD/MEDIUM SPECTRUM",AMOXICILLIN,26,1750.00,TABS,"FAMILY MEDICINE"
"ANTNFCT, BROAD/MEDIUM SPECTRUM","PENICILLIN V POTASSIUM",66,2000.00,TABS,DENTIST
"ANTNFCT, BROAD/MEDIUM SPECTRUM","CIPROFLOXACIN HCL",73,500.00,TABS,"INTERNAL MEDICINE"
"B-LACTAM, INCREASED ACTIVITY","AMOXICILLIN & POT CLAVULANATE",31,1750.00,TABS,"FAMILY MEDICINE"
"ANTNFCT, BROAD/MEDIUM SPECTRUM","CLINDAMYCIN HCL",51,600.00,CAPS,DENTIST
"ANTNFCT, BROAD/MEDIUM SPECTRUM","MINOCYCLINE HCL",15,200.00,CAPS,"FAMILY MEDICINE"
"ANTNFCT, BROAD/MEDIUM SPECTRUM",AZITHROMYCIN,60,500.00,TABS,"INTERNAL MEDICINE"
"ANTNFCT, BROAD/MEDIUM SPECTRUM",AZITHROMYCIN,71,500.00,TABS,"FAMILY MEDICINE"
"ANTNFCT, BROAD/MEDIUM SPECTRUM","CLINDAMYCIN HCL",63,600.00,CAPS,DENTIST
"ANTNFCT, BROAD/MEDIUM SPECTRUM",AMOXICILLIN,1,4400.00,SUSR,"EMERGENCY MEDICINE"
"ANTNFCT, BROAD/MEDIUM SPECTRUM","CIPROFLOXACIN HCL",85,1000.00,TABS,"FAMILY MEDICINE"
"ANTNFCT, BROAD/MEDIUM SPECTRUM",CEPHALEXIN,18,1000.00,CAPS,"PHYSICIAN ASSISTANT"
"B-LACTAM, INCREASED ACTIVITY","AMOXICILLIN & POT CLAVULANATE",29,1750.00,TABS,"NURSE PRACTITIONER"
"ANTNFCT, BROAD/MEDIUM SPECTRUM","CLINDAMYCIN HCL",42,900.00,CAPS,DERMATOLOGY
"ANTNFCT, BROAD/MEDIUM SPECTRUM",AMOXICILLIN,1,4000.00,SUSR,"FAMILY MEDICINE"
"ANTNFCT, BROAD/MEDIUM SPECTRUM",AMOXICILLIN,64,2000.00,TABS,"INTERNAL MEDICINE"
"ANTNFCT, BROAD/MEDIUM SPECTRUM",AZITHROMYCIN,16,500.00,TABS,"PHYSICIAN ASSISTANT"
"SULFONAMIDES & TRIMETHOPRIM",SULFAMETHOXAZOLE-TRIMETHOPRIM,43,1600.00,TABS,"NURSE PRACTITIONER"
"ANTNFCT, BROAD/MEDIUM SPECTRUM",AZITHROMYCIN,9,2400.00,SUSR,PEDIATRICS
"ANTNFCT, BROAD/MEDIUM SPECTRUM","CEFPODOXIME PROXETIL",41,200.00,TABS,"INTERNAL MEDICINE"
"ANTNFCT, BROAD/MEDIUM SPECTRUM",AMOXICILLIN,5,6000.00,SUSR,PEDIATRICS
"ANTNFCT, BROAD/MEDIUM SPECTRUM",AMOXICILLIN,67,1500.00,CAPS,DENTIST
"B-LACTAM, INCREASED ACTIVITY","AMOXICILLIN & POT CLAVULANATE",67,1750.00,TABS,"FAMILY MEDICINE"
"ANTNFCT, BROAD/MEDIUM SPECTRUM",LEVOFLOXACIN,85,500.00,TABS,"FAMILY MEDICINE"
"B-LACTAM, INCREASED ACTIVITY","AMOXICILLIN & POT CLAVULANATE",58,1750.00,TABS,"NURSE PRACTITIONER"
"ANTNFCT, BROAD/MEDIUM SPECTRUM",AMOXICILLIN,26,1500.00,CAPS,"PHYSICIAN ASSISTANT"
"ANTNFCT, BROAD/MEDIUM SPECTRUM",CEPHALEXIN,77,1500.00,CAPS,"PHYSICIAN ASSISTANT"
"ANTNFCT, BROAD/MEDIUM SPECTRUM",CEPHALEXIN,85,250.00,CAPS,"FAMILY MEDICINE"
"ANTNFCT, BROAD/MEDIUM SPECTRUM","CIPROFLOXACIN HCL",75,1000.00,TABS,UROLOGY
"ANTNFCT, BROAD/MEDIUM SPECTRUM","CEFUROXIME AXETIL",68,500.00,TABS,"NURSE PRACTITIONER"
"ANTNFCT, BROAD/MEDIUM SPECTRUM",AZITHROMYCIN,69,500.00,TABS,"EMERGENCY MEDICINE"
"ANTNFCT, BROAD/MEDIUM SPECTRUM",AZITHROMYCIN,85,500.00,TABS,"INTERNAL MEDICINE"
"ANTNFCT, BROAD/MEDIUM SPECTRUM",AZITHROMYCIN,27,500.00,TABS,"NURSE PRACTITIONER"
"ANTNFCT, BROAD/MEDIUM SPECTRUM","ERYTHROMYCIN BASE",49,500.00,TABS,UROLOGY
"ANTNFCT, BROAD/MEDIUM SPECTRUM",AZITHROMYCIN,66,500.00,TABS,"FAMILY MEDICINE"
"ANTNFCT, BROAD/MEDIUM SPECTRUM","MINOCYCLINE HCL",71,100.00,CAPS,"PHYSICIAN ASSISTANT"
"ANTNFCT, BROAD/MEDIUM SPECTRUM","PENICILLIN V POTASSIUM",71,2000.00,TABS,"ORAL & MAXILLOFACIAL SURGERY"
"B-LACTAM, INCREASED ACTIVITY","AMOXICILLIN & POT CLAVULANATE",47,1750.00,TABS,"INTERNAL MEDICINE"
"ANTNFCT, BROAD/MEDIUM SPECTRUM",CEPHALEXIN,85,1000.00,CAPS,"EMERGENCY MEDICINE"
"ANTNFCT, BROAD/MEDIUM SPECTRUM","PENICILLIN V POTASSIUM",66,2000.00,TABS,"INFECTIOUS DISEASE"
"ANTNFCT, BROAD/MEDIUM SPECTRUM",AZITHROMYCIN,58,500.00,TABS,DENTIST
"ANTNFCT, BROAD/MEDIUM SPECTRUM",AMOXICILLIN,6,8000.00,SUSR,PEDIATRICS
"B-LACTAM, INCREASED ACTIVITY","AMOXICILLIN & POT CLAVULANATE",72,1750.00,TABS,"FAMILY MEDICINE"
"ANTNFCT, BROAD/MEDIUM SPECTRUM",AMOXICILLIN,80,1500.00,CAPS,"INTERNAL MEDICINE"
"SULFONAMIDES & TRIMETHOPRIM",SULFAMETHOXAZOLE-TRIMETHOPRIM,85,1600.00,TABS,UROLOGY
"ANTNFCT, BROAD/MEDIUM SPECTRUM",AMOXICILLIN,47,2000.00,CAPS,DENTIST
"ANTNFCT, BROAD/MEDIUM SPECTRUM",AMOXICILLIN,80,1750.00,TABS,DENTIST
"ANTNFCT, BROAD/MEDIUM SPECTRUM",AZITHROMYCIN,75,500.00,TABS,"OBSTETRICS & GYNECOLOGY"
"ANTNFCT, BROAD/MEDIUM SPECTRUM",AZITHROMYCIN,7,250.00,TABS,"PEDIATRIC DERMATOLOGY"
"ANTNFCT, BROAD/MEDIUM SPECTRUM","DOXYCYCLINE HYCLATE",36,200.00,CAPS,"FAMILY MEDICINE"
"ANTNFCT, BROAD/MEDIUM SPECTRUM",AZITHROMYCIN,78,500.00,TABS,"INTERNAL MEDICINE"
"ANTNFCT, BROAD/MEDIUM SPECTRUM",AMOXICILLIN,9,12000.00,SUSR,"NURSE PRACTITIONER"
"ANTNFCT, BROAD/MEDIUM SPECTRUM",AMOXICILLIN,12,6000.00,SUSR,"PHYSICIAN ASSISTANT"
"ANTNFCT, BROAD/MEDIUM SPECTRUM",AMOXICILLIN,11,20000.00,SUSR,"PHYSICIAN ASSISTANT"
"SULFONAMIDES & TRIMETHOPRIM",SULFAMETHOXAZOLE-TRIMETHOPRIM,27,1600.00,TABS,"FAMILY MEDICINE"
"ANTNFCT, BROAD/MEDIUM SPECTRUM","CLINDAMYCIN HCL",60,900.00,CAPS,"FAMILY MEDICINE"
"B-LACTAM, INCREASED ACTIVITY","AMOXICILLIN & POT CLAVULANATE",55,1750.00,TABS,"FAMILY MEDICINE"
"ANTNFCT, BROAD/MEDIUM SPECTRUM",AMOXICILLIN,7,6000.00,SUSR,"NURSE PRACTITIONER"
"ANTNFCT, BROAD/MEDIUM SPECTRUM","PENICILLIN V POTASSIUM",17,2000.00,TABS,DENTIST
"ANTNFCT, BROAD/MEDIUM SPECTRUM",AZITHROMYCIN,49,500.00,TABS,"PHYSICIAN ASSISTANT"
"SULFONAMIDES & TRIMETHOPRIM",SULFAMETHOXAZOLE-TRIMETHOPRIM,77,1600.00,TABS,"INTERNAL MEDICINE"
"ANTNFCT, BROAD/MEDIUM SPECTRUM",AMOXICILLIN,43,1500.00,CAPS,DENTIST
"ANTNFCT, BROAD/MEDIUM SPECTRUM",AMOXICILLIN,10,8000.00,SUSR,"PHYSICIAN ASSISTANT"
"ANTNFCT, BROAD/MEDIUM SPECTRUM","CIPROFLOXACIN HCL",59,1000.00,TABS,"PHYSICIAN ASSISTANT"
"ANTNFCT, BROAD/MEDIUM SPECTRUM",CEFDINIR,46,600.00,CAPS,OTOLARYNGOLOGY
"ANTNFCT, BROAD/MEDIUM SPECTRUM",AMOXICILLIN,11,7500.00,SUSR,PEDIATRICS
"ANTNFCT, BROAD/MEDIUM SPECTRUM",AMOXICILLIN,39,2500.00,CAPS,DENTIST
"ANTNFCT, BROAD/MEDIUM SPECTRUM",AMOXICILLIN,36,1500.00,CAPS,"GENERAL SURGERY"
"ANTNFCT, BROAD/MEDIUM SPECTRUM",CEPHALEXIN,24,2500.00,CAPS,DENTIST
"ANTNFCT, BROAD/MEDIUM SPECTRUM",AMOXICILLIN,3,6000.00,SUSR,"FAMILY MEDICINE"
"ANTNFCT, BROAD/MEDIUM SPECTRUM",AMOXICILLIN,7,13200.00,SUSR,"FAMILY MEDICINE"
"SULFONAMIDES & TRIMETHOPRIM",SULFAMETHOXAZOLE-TRIMETHOPRIM,40,1600.00,TABS,"PHYSICIAN ASSISTANT"
"ANTNFCT, BROAD/MEDIUM SPECTRUM","CIPROFLOXACIN HCL",77,1000.00,TABS,"NURSE PRACTITIONER"
"SULFONAMIDES & TRIMETHOPRIM",SULFAMETHOXAZOLE-TRIMETHOPRIM,24,800.00,TABS,"NURSE PRACTITIONER"
"ANTNFCT, BROAD/MEDIUM SPECTRUM",AMOXICILLIN,55,2000.00,CAPS,DENTIST
"ANTNFCT, BROAD/MEDIUM SPECTRUM",AMOXICILLIN,43,1750.00,TABS,"FAMILY MEDICINE"
"ANTNFCT, BROAD/MEDIUM SPECTRUM",CEFADROXIL,81,1000.00,CAPS,DERMATOLOGY
"ANTNFCT, BROAD/MEDIUM SPECTRUM",AZITHROMYCIN,75,500.00,TABS,"FAMILY MEDICINE"
"ANTNFCT, BROAD/MEDIUM SPECTRUM",CEPHALEXIN,41,1500.00,CAPS,"PHYSICIAN ASSISTANT"
"B-LACTAM, INCREASED ACTIVITY","AMOXICILLIN & POT CLAVULANATE",12,4000.00,SUSR,"NURSE PRACTITIONER"
"ANTNFCT, BROAD/MEDIUM SPECTRUM",AZITHROMYCIN,5,600.00,SUSR,PEDIATRICS
"ANTNFCT, BROAD/MEDIUM SPECTRUM",CEFDINIR,60,600.00,CAPS,"INTERNAL MEDICINE"
"ANTNFCT, BROAD/MEDIUM SPECTRUM",AMOXICILLIN,42,1000.00,CAPS,"NURSE PRACTITIONER"
"ANTNFCT, BROAD/MEDIUM SPECTRUM","CLINDAMYCIN HCL",31,450.00,CAPS,DENTIST
"ANTNFCT, BROAD/MEDIUM SPECTRUM",CEFDINIR,25,600.00,CAPS,"PHYSICIAN ASSISTANT"
"B-LACTAM, INCREASED ACTIVITY","AMOXICILLIN & POT CLAVULANATE",29,1750.00,TABS,"FAMILY MEDICINE"
"ANTNFCT, BROAD/MEDIUM SPECTRUM",AZITHROMYCIN,66,500.00,TABS,"NURSE PRACTITIONER"
"ANTNFCT, BROAD/MEDIUM SPECTRUM","CLINDAMYCIN HCL",36,900.00,CAPS,PODIATRIST
"B-LACTAM, INCREASED ACTIVITY","AMOXICILLIN & POT CLAVULANATE",36,1750.00,TABS,"INTERNAL MEDICINE"
"ANTNFCT, BROAD/MEDIUM SPECTRUM",AMOXICILLIN,80,2000.00,CAPS,"ORTHOPEDIC SURGERY"
"SULFONAMIDES & TRIMETHOPRIM",SULFAMETHOXAZOLE-TRIMETHOPRIM,27,1600.00,TABS,"NURSE PRACTITIONER"
"ANTNFCT, BROAD/MEDIUM SPECTRUM",AZITHROMYCIN,4,600.00,SUSR,"FAMILY MEDICINE"
"ANTNFCT, BROAD/MEDIUM SPECTRUM",CEPHALEXIN,42,250.00,CAPS,"NURSE PRACTITIONER"
"ANTNFCT, BROAD/MEDIUM SPECTRUM",AZITHROMYCIN,15,250.00,TABS,PEDIATRICS
"ANTNFCT, BROAD/MEDIUM SPECTRUM","CLINDAMYCIN HCL",59,1200.00,CAPS,"FAMILY MEDICINE"
"ANTNFCT, BROAD/MEDIUM SPECTRUM","MINOCYCLINE HCL",15,200.00,CAPS,"FAMILY MEDICINE"
"ANTNFCT, BROAD/MEDIUM SPECTRUM",AMOXICILLIN,30,1500.00,CAPS,DENTIST
"ANTNFCT, BROAD/MEDIUM SPECTRUM",AMOXICILLIN,70,1500.00,CAPS,"NURSE PRACTITIONER"
"B-LACTAM, INCREASED ACTIVITY","AMOXICILLIN & POT CLAVULANATE",80,1750.00,TABS,"FAMILY MEDICINE"
"ANTNFCT, BROAD/MEDIUM SPECTRUM",AMOXICILLIN,21,1500.00,CAPS,"ORTHOPEDIC SURGERY"
"ANTNFCT, BROAD/MEDIUM SPECTRUM",CEPHALEXIN,68,2000.00,CAPS,DERMATOLOGY
"ANTNFCT, BROAD/MEDIUM SPECTRUM","DOXYCYCLINE (MONOHYDRATE)",51,200.00,TABS,"FAMILY MEDICINE"
"ANTNFCT, BROAD/MEDIUM SPECTRUM",LEVOFLOXACIN,8,250.00,TABS,"EMERGENCY MEDICINE"
"ANTNFCT, BROAD/MEDIUM SPECTRUM",CEPHALEXIN,79,1500.00,CAPS,"FAMILY MEDICINE"
"B-LACTAM, INCREASED ACTIVITY","AMOXICILLIN & POT CLAVULANATE",67,1500.00,TABS,"PULMONARY CRITICAL CARE MEDICINE"
"B-LACTAM, INCREASED ACTIVITY","AMOXICILLIN & POT CLAVULANATE",46,1750.00,TABS,"INTERNAL MEDICINE"
"ANTNFCT, BROAD/MEDIUM SPECTRUM","CLINDAMYCIN HCL",72,600.00,CAPS,"ORTHOPEDIC SURGERY"
"ANTNFCT, BROAD/MEDIUM SPECTRUM",AZITHROMYCIN,71,500.00,TABS,"NURSE PRACTITIONER"
"B-LACTAM, INCREASED ACTIVITY","AMOXICILLIN & POT CLAVULANATE",85,1000.00,TABS,GASTROENTEROLOGY
"ANTNFCT, BROAD/MEDIUM SPECTRUM",AZITHROMYCIN,18,1000.00,TABS,
"ANTNFCT, BROAD/MEDIUM SPECTRUM",CEPHALEXIN,85,250.00,CAPS,UROLOGY
"ANTNFCT, BROAD/MEDIUM SPECTRUM",AMOXICILLIN,3,8000.00,SUSR,"NURSE PRACTITIONER"
"ANTNFCT, BROAD/MEDIUM SPECTRUM",CEPHALEXIN,45,2000.00,CAPS,"PLASTIC SURGERY"
"ANTNFCT, BROAD/MEDIUM SPECTRUM",AZITHROMYCIN,64,500.00,TABS,"NURSE PRACTITIONER"
"ANTNFCT, BROAD/MEDIUM SPECTRUM",AZITHROMYCIN,42,500.00,TABS,"PHYSICIAN ASSISTANT"
"SULFONAMIDES & TRIMETHOPRIM",SULFAMETHOXAZOLE-TRIMETHOPRIM,55,400.00,TABS,"NURSE PRACTITIONER"
"ANTNFCT, BROAD/MEDIUM SPECTRUM",AMOXICILLIN,64,1750.00,TABS,"FAMILY MEDICINE"
"B-LACTAM, INCREASED ACTIVITY","AMOXICILLIN & POT CLAVULANATE",41,1750.00,TABS,"FACIAL PLASTIC SURGERY"
"ANTNFCT, BROAD/MEDIUM SPECTRUM",CEFPROZIL,0,1250.00,SUSR,PEDIATRICS
"ANTNFCT, BROAD/MEDIUM SPECTRUM",CEPHALEXIN,17,1000.00,CAPS,"PHYSICIAN ASSISTANT"
"SULFONAMIDES & TRIMETHOPRIM",SULFAMETHOXAZOLE-TRIMETHOPRIM,78,1600.00,TABS,"EMERGENCY MEDICINE"
"ANTNFCT, BROAD/MEDIUM SPECTRUM",CEPHALEXIN,21,1500.00,CAPS,"PHYSICIAN ASSISTANT"
"ANTNFCT, BROAD/MEDIUM SPECTRUM",CEPHALEXIN,85,750.00,CAPS,"EMERGENCY MEDICINE"
"ANTNFCT, BROAD/MEDIUM SPECTRUM",AZITHROMYCIN,22,500.00,TABS,"EMERGENCY MEDICINE"
"ANTNFCT, BROAD/MEDIUM SPECTRUM","DICLOXACILLIN SODIUM",56,750.00,CAPS,DERMATOLOGY
"ANTNFCT, BROAD/MEDIUM SPECTRUM",AZITHROMYCIN,20,1000.00,TABS,"NURSE PRACTITIONER"
"ANTNFCT, BROAD/MEDIUM SPECTRUM",LEVOFLOXACIN,85,500.00,TABS,"ANATOMIC/CLINICAL PATHOLOGY"
"B-LACTAM, INCREASED ACTIVITY","AMOXICILLIN & POT CLAVULANATE",36,1750.00,TABS,"NURSE PRACTITIONER"
"ANTNFCT, BROAD/MEDIUM SPECTRUM",LEVOFLOXACIN,53,500.00,TABS,"INTERNAL MEDICINE"
"ANTNFCT, BROAD/MEDIUM SPECTRUM",AMOXICILLIN,47,2000.00,TABS,DENTIST
"B-LACTAM, INCREASED ACTIVITY","AMOXICILLIN & POT CLAVULANATE",66,1750.00,TABS,DENTIST
"ANTNFCT, BROAD/MEDIUM SPECTRUM","CIPROFLOXACIN HCL",68,1000.00,TABS,"INTERNAL MEDICINE"
"B-LACTAM, INCREASED ACTIVITY","AMOXICILLIN & POT CLAVULANATE",24,1750.00,TABS,"EMERGENCY MEDICINE"
"B-LACTAM, INCREASED ACTIVITY","AMOXICILLIN & POT CLAVULANATE",41,1750.00,TABS,"NURSE PRACTITIONER"
"ANTNFCT, BROAD/MEDIUM SPECTRUM",CEPHALEXIN,76,250.00,CAPS,UROLOGY
"ANTNFCT, BROAD/MEDIUM SPECTRUM",AMOXICILLIN,1,4000.00,SUSR,PEDIATRICS
"ANTNFCT, BROAD/MEDIUM SPECTRUM","CLINDAMYCIN HCL",34,900.00,CAPS,DENTIST
"ANTNFCT, BROAD/MEDIUM SPECTRUM",AZITHROMYCIN,41,500.00,TABS,"NURSE PRACTITIONER"
OXAZOLIDINONES,LINEZOLID,34,1200.00,TABS,
"ANTNFCT, BROAD/MEDIUM SPECTRUM",CEPHALEXIN,8,7500.00,SUSR,PEDIATRICS
"ANTNFCT, BROAD/MEDIUM SPECTRUM",CEFDINIR,85,600.00,CAPS,"INTERNAL MEDICINE"
"ANTNFCT, BROAD/MEDIUM SPECTRUM",AMOXICILLIN,2,6000.00,SUSR,"PHYSICIAN ASSISTANT"
"ANTNFCT, BROAD/MEDIUM SPECTRUM",CEFDINIR,4,1500.00,SUSR,"NURSE PRACTITIONER"
"ANTNFCT, BROAD/MEDIUM SPECTRUM",AMOXICILLIN,59,1000.00,CAPS,"STUDENT, HEALTH CARE"
"B-LACTAM, INCREASED ACTIVITY","AMOXICILLIN & POT CLAVULANATE",40,1750.00,TABS,"NURSE PRACTITIONER"
"ANTNFCT, BROAD/MEDIUM SPECTRUM",AZITHROMYCIN,16,500.00,TABS,"NURSE PRACTITIONER"
"ANTNFCT, BROAD/MEDIUM SPECTRUM",AMOXICILLIN,46,2500.00,CAPS,DENTIST
"ANTNFCT, BROAD/MEDIUM SPECTRUM",AMOXICILLIN,41,1500.00,CAPS,DENTIST
"ANTNFCT, BROAD/MEDIUM SPECTRUM","DOXYCYCLINE HYCLATE",34,200.00,TABS,"NURSE PRACTITIONER"
"SULFONAMIDES & TRIMETHOPRIM",SULFAMETHOXAZOLE-TRIMETHOPRIM,9,8000.00,SUSP,PEDIATRICS
"B-LACTAM, INCREASED ACTIVITY","AMOXICILLIN & POT CLAVULANATE",77,1750.00,TABS,DENTIST
"ANTNFCT, BROAD/MEDIUM SPECTRUM",CEPHALEXIN,71,1000.00,CAPS,"PHYSICIAN ASSISTANT"
"ANTNFCT, BROAD/MEDIUM SPECTRUM",AMOXICILLIN,26,2000.00,CAPS,"PHYSICIAN ASSISTANT"
"ANTNFCT, BROAD/MEDIUM SPECTRUM",AZITHROMYCIN,20,1000.00,TABS,"NURSE PRACTITIONER"
"ANTNFCT, BROAD/MEDIUM SPECTRUM",AZITHROMYCIN,46,500.00,TABS,"NURSE PRACTITIONER"
"ANTNFCT, BROAD/MEDIUM SPECTRUM",AMOXICILLIN,8,7500.00,SUSR,PEDIATRICS
"ANTNFCT, BROAD/MEDIUM SPECTRUM",CEPHALEXIN,56,2000.00,CAPS,"PHYSICIAN ASSISTANT"
"B-LACTAM, INCREASED ACTIVITY","AMOXICILLIN & POT CLAVULANATE",15,1750.00,TABS,DENTIST
"ANTNFCT, BROAD/MEDIUM SPECTRUM",CEPHALEXIN,54,1000.00,CAPS,"EMERGENCY MEDICINE"
"ANTNFCT, BROAD/MEDIUM SPECTRUM","CLINDAMYCIN HCL",63,1200.00,CAPS,"PHYSICIAN ASSISTANT"
"ANTNFCT, BROAD/MEDIUM SPECTRUM",AZITHROMYCIN,51,500.00,TABS,"NURSE PRACTITIONER"
"ANTNFCT, BROAD/MEDIUM SPECTRUM",CEFDINIR,32,600.00,CAPS,"EMERGENCY MEDICINE"
"B-LACTAM, INCREASED ACTIVITY","AMOXICILLIN & POT CLAVULANATE",62,1750.00,TABS,PODIATRIST
"ANTNFCT, BROAD/MEDIUM SPECTRUM",AZITHROMYCIN,73,500.00,TABS,"NURSE PRACTITIONER"
"ANTNFCT, BROAD/MEDIUM SPECTRUM","PENICILLIN V POTASSIUM",46,2000.00,TABS,"ORAL & MAXILLOFACIAL SURGERY"
"B-LACTAM, INCREASED ACTIVITY","AMOXICILLIN & POT CLAVULANATE",1,4800.00,SUSR,PEDIATRICS
"ANTNFCT, BROAD/MEDIUM SPECTRUM","PENICILLIN V POTASSIUM",51,1000.00,TABS,"NURSE PRACTITIONER"
"B-LACTAM, INCREASED ACTIVITY","AMOXICILLIN & POT CLAVULANATE",59,1750.00,TABS,"FAMILY MEDICINE"
"ANTNFCT, BROAD/MEDIUM SPECTRUM","CEFUROXIME AXETIL",60,1000.00,TABS,"FAMILY MEDICINE"
"ANTNFCT, BROAD/MEDIUM SPECTRUM",AZITHROMYCIN,36,500.00,TABS,"INTERNAL MEDICINE"
"ANTNFCT, BROAD/MEDIUM SPECTRUM",CEPHALEXIN,81,1000.00,CAPS,"GENERAL SURGERY"
"ANTNFCT, BROAD/MEDIUM SPECTRUM",AZITHROMYCIN,44,500.00,TABS,"ORAL & MAXILLOFACIAL SURGERY"
"ANTNFCT, BROAD/MEDIUM SPECTRUM",CLARITHROMYCIN,67,1000.00,TABS,"PHYSICIAN ASSISTANT"
"B-LACTAM, INCREASED ACTIVITY","AMOXICILLIN & POT CLAVULANATE",32,1750.00,TABS,"NURSE PRACTITIONER"
"ANTNFCT, BROAD/MEDIUM SPECTRUM",AZITHROMYCIN,60,500.00,TABS,"NURSE PRACTITIONER"
"B-LACTAM, INCREASED ACTIVITY","AMOXICILLIN & POT CLAVULANATE",44,1750.00,TABS,"ENDOCRINOLOGY, DIABETES & METABOLISM"
"ANTNFCT, BROAD/MEDIUM SPECTRUM",LEVOFLOXACIN,85,250.00,TABS,HOSPITALIST
"ANTNFCT, BROAD/MEDIUM SPECTRUM",AMOXICILLIN,59,1500.00,CAPS,DENTIST
"ANTNFCT, BROAD/MEDIUM SPECTRUM",CEPHALEXIN,62,1000.00,CAPS,"NURSE PRACTITIONER"
"SULFONAMIDES & TRIMETHOPRIM",SULFAMETHOXAZOLE-TRIMETHOPRIM,60,1600.00,TABS,"FAMILY MEDICINE"
"ANTNFCT, BROAD/MEDIUM SPECTRUM",AMOXICILLIN,53,1750.00,TABS,DENTIST
"B-LACTAM, INCREASED ACTIVITY","AMOXICILLIN & POT CLAVULANATE",22,1750.00,TABS,OTOLARYNGOLOGY
"ANTNFCT, BROAD/MEDIUM SPECTRUM","DOXYCYCLINE (MONOHYDRATE)",74,200.00,CAPS,"FAMILY MEDICINE"
"ANTNFCT, BROAD/MEDIUM SPECTRUM",AMOXICILLIN,31,1500.00,TABS,"NURSE PRACTITIONER"
"ANTNFCT, BROAD/MEDIUM SPECTRUM","CLINDAMYCIN HCL",26,1200.00,CAPS,"ORAL & MAXILLOFACIAL SURGERY"
"ANTNFCT, BROAD/MEDIUM SPECTRUM","ERYTHROMYCIN BASE",61,3000.00,TABS,"GENERAL SURGERY"
"ANTNFCT, BROAD/MEDIUM SPECTRUM",AMOXICILLIN,5,8000.00,SUSR,PEDIATRICS
"ANTNFCT, BROAD/MEDIUM SPECTRUM","DOXYCYCLINE HYCLATE",15,200.00,CAPS,"FAMILY MEDICINE"
"ANTNFCT, BROAD/MEDIUM SPECTRUM",AMOXICILLIN,8,500.00,CAPS,"PEDIATRIC HEMATOLOGY/ONCOLOGY"
"ANTNFCT, BROAD/MEDIUM SPECTRUM",AZITHROMYCIN,11,500.00,TABS,PEDIATRICS
"ANTNFCT, BROAD/MEDIUM SPECTRUM","DOXYCYCLINE HYCLATE",55,200.00,CAPS,"NURSE PRACTITIONER"
"ANTNFCT, BROAD/MEDIUM SPECTRUM",AMOXICILLIN,75,1000.00,CAPS,"FAMILY MEDICINE"
"ANTNFCT, BROAD/MEDIUM SPECTRUM","DOXYCYCLINE HYCLATE",80,200.00,TABS,"INTERNAL MEDICINE"
"ANTNFCT, BROAD/MEDIUM SPECTRUM",CEPHALEXIN,1,3750.00,SUSR,PEDIATRICS
"ANTNFCT, BROAD/MEDIUM SPECTRUM",CEFDINIR,13,3000.00,SUSR,PEDIATRICS
"ANTNFCT, BROAD/MEDIUM SPECTRUM",CLARITHROMYCIN,24,1000.00,TABS,"NURSE PRACTITIONER"
"ANTNFCT, BROAD/MEDIUM SPECTRUM",AMOXICILLIN,5,8000.00,SUSR,"NURSE PRACTITIONER"
"ANTNFCT, BROAD/MEDIUM SPECTRUM",AZITHROMYCIN,57,500.00,TABS,"CERTIFIED NURSE ANESTHETIST"
"ANTNFCT, BROAD/MEDIUM SPECTRUM",AZITHROMYCIN,29,500.00,TABS,DENTIST
"B-LACTAM, INCREASED ACTIVITY","AMOXICILLIN & POT CLAVULANATE",14,1750.00,TABS,PEDIATRICS
"ANTNFCT, BROAD/MEDIUM SPECTRUM",AMOXICILLIN,61,1500.00,CAPS,DENTIST
"SULFONAMIDES & TRIMETHOPRIM",SULFAMETHOXAZOLE-TRIMETHOPRIM,47,1600.00,TABS,"EMERGENCY MEDICINE"
"SULFONAMIDES & TRIMETHOPRIM",SULFAMETHOXAZOLE-TRIMETHOPRIM,30,1600.00,TABS,"EMERGENCY MEDICINE"
"B-LACTAM, INCREASED ACTIVITY","AMOXICILLIN & POT CLAVULANATE",50,1000.00,TABS,"COLON & RECTAL SURGERY"
"ANTNFCT, BROAD/MEDIUM SPECTRUM","CEFUROXIME AXETIL",61,500.00,TABS,"PLASTIC SURGERY"
"ANTNFCT, BROAD/MEDIUM SPECTRUM",CEPHALEXIN,16,1500.00,CAPS,PEDIATRICS
"ANTNFCT, BROAD/MEDIUM SPECTRUM",CEFDINIR,14,600.00,CAPS,"PHYSICIAN ASSISTANT"
"B-LACTAM, INCREASED ACTIVITY","AMOXICILLIN & POT CLAVULANATE",43,1000.00,TABS,"FAMILY MEDICINE"
"ANTNFCT, BROAD/MEDIUM SPECTRUM",AMOXICILLIN,63,250.00,CHEW,"FAMILY MEDICINE"
"ANTNFCT, BROAD/MEDIUM SPECTRUM",AMOXICILLIN,68,1500.00,TABS,"INTERNAL MEDICINE"
"ANTNFCT, BROAD/MEDIUM SPECTRUM",AMOXICILLIN,4,3750.00,SUSR,"PHYSICIAN ASSISTANT"
"ANTNFCT, BROAD/MEDIUM SPECTRUM",AMOXICILLIN,73,2000.00,CAPS,DENTIST
"ANTNFCT, BROAD/MEDIUM SPECTRUM",AMOXICILLIN,43,1500.00,CAPS,DENTIST
"B-LACTAM, INCREASED ACTIVITY","AMOXICILLIN & POT CLAVULANATE",33,1750.00,TABS,"INTERNAL MEDICINE"
"ANTNFCT, BROAD/MEDIUM SPECTRUM",CEPHALEXIN,27,1000.00,CAPS,"PHYSICIAN ASSISTANT"
"ANTNFCT, BROAD/MEDIUM SPECTRUM","DOXYCYCLINE HYCLATE",76,200.00,TABS,"PHYSICIAN ASSISTANT"
"ANTNFCT, BROAD/MEDIUM SPECTRUM",AMOXICILLIN,59,1000.00,CAPS,UROLOGY
"B-LACTAM, INCREASED ACTIVITY","AMOXICILLIN & POT CLAVULANATE",39,1750.00,TABS,"FAMILY MEDICINE"
"ANTNFCT, BROAD/MEDIUM SPECTRUM","CEFUROXIME AXETIL",21,1000.00,TABS,"NURSE PRACTITIONER"
"ANTNFCT, BROAD/MEDIUM SPECTRUM","DOXYCYCLINE HYCLATE",15,200.00,TABS,VETERINARIAN
"SULFONAMIDES & TRIMETHOPRIM",SULFAMETHOXAZOLE-TRIMETHOPRIM,27,1600.00,TABS,"OBSTETRICS & GYNECOLOGY"
"ANTNFCT, BROAD/MEDIUM SPECTRUM","DOXYCYCLINE HYCLATE",85,200.00,TABS,"INTERNAL MEDICINE"
"ANTNFCT, BROAD/MEDIUM SPECTRUM",AMOXICILLIN,25,1000.00,CAPS,"OBSTETRICS & GYNECOLOGY"
"ANTNFCT, BROAD/MEDIUM SPECTRUM",AMOXICILLIN,85,2000.00,CAPS,"ORAL & MAXILLOFACIAL SURGERY"
"ANTNFCT, BROAD/MEDIUM SPECTRUM","CLINDAMYCIN HCL",50,900.00,CAPS,DENTIST
"ANTNFCT, BROAD/MEDIUM SPECTRUM",AZITHROMYCIN,65,500.00,TABS,"PHYSICIAN ASSISTANT"
"ANTNFCT, BROAD/MEDIUM SPECTRUM",AMOXICILLIN,85,2000.00,CAPS,DENTIST
"ANTNFCT, BROAD/MEDIUM SPECTRUM",AMOXICILLIN,85,1000.00,CAPS,"ORAL & MAXILLOFACIAL SURGERY"
"ANTNFCT, BROAD/MEDIUM SPECTRUM",AZITHROMYCIN,74,500.00,TABS,"PHYSICIAN ASSISTANT"
"ANTNFCT, BROAD/MEDIUM SPECTRUM",AZITHROMYCIN,12,1200.00,SUSR,"INTERNAL MEDICINE/PEDIATRICS"
"SULFONAMIDES & TRIMETHOPRIM",SULFAMETHOXAZOLE-TRIMETHOPRIM,6,3600.00,SUSP,"PEDIATRIC UROLOGY"
"ANTNFCT, BROAD/MEDIUM SPECTRUM",AMOXICILLIN,57,1500.00,CAPS,DENTIST
"B-LACTAM, INCREASED ACTIVITY","AMOXICILLIN & POT CLAVULANATE",45,1750.00,TABS,"FAMILY MEDICINE"
"ANTNFCT, BROAD/MEDIUM SPECTRUM",AZITHROMYCIN,33,500.00,TABS,"PHYSICIAN ASSISTANT"
"ANTNFCT, BROAD/MEDIUM SPECTRUM","CIPROFLOXACIN HCL",67,1000.00,TABS,"INTERNAL MEDICINE"
"ANTNFCT, BROAD/MEDIUM SPECTRUM",CEPHALEXIN,38,1000.00,CAPS,"PHYSICIAN ASSISTANT"
"ANTNFCT, BROAD/MEDIUM SPECTRUM",AMOXICILLIN,65,1500.00,CAPS,"ORAL & MAXILLOFACIAL SURGERY"
"ANTNFCT, BROAD/MEDIUM SPECTRUM",AMOXICILLIN,28,1500.00,CAPS,DENTIST
"ANTNFCT, BROAD/MEDIUM SPECTRUM",CEPHALEXIN,36,1000.00,CAPS,"INTERNAL MEDICINE"
"ANTNFCT, BROAD/MEDIUM SPECTRUM","CEFUROXIME AXETIL",81,1000.00,TABS,"NURSE PRACTITIONER"
"ANTNFCT, BROAD/MEDIUM SPECTRUM",CEFDINIR,10,2500.00,SUSR,PEDIATRICS
"ANTNFCT, BROAD/MEDIUM SPECTRUM",AMOXICILLIN,75,1750.00,TABS,"ORAL & MAXILLOFACIAL SURGERY"
"ANTNFCT, BROAD/MEDIUM SPECTRUM",CEFPROZIL,1,2000.00,SUSR,PEDIATRICS
"ANTNFCT, BROAD/MEDIUM SPECTRUM","CEFUROXIME AXETIL",64,1000.00,TABS,HOSPITALIST
"ANTNFCT, BROAD/MEDIUM SPECTRUM",AMOXICILLIN,85,2000.00,CAPS,DENTIST
"ANTNFCT, BROAD/MEDIUM SPECTRUM",CLARITHROMYCIN,42,1000.00,TABS,"INTERNAL MEDICINE"
"ANTNFCT, BROAD/MEDIUM SPECTRUM",LEVOFLOXACIN,29,500.00,TABS,"NURSE PRACTITIONER"
"B-LACTAM, INCREASED ACTIVITY","AMOXICILLIN & POT CLAVULANATE",34,1750.00,TABS,"PHYSICIAN ASSISTANT"
"ANTNFCT, BROAD/MEDIUM SPECTRUM",AMOXICILLIN,59,1750.00,TABS,"NURSE PRACTITIONER"
"ANTNFCT, BROAD/MEDIUM SPECTRUM",AZITHROMYCIN,17,500.00,TABS,"ALLERGY & IMMUNOLOGY"
"B-LACTAM, INCREASED ACTIVITY","AMOXICILLIN & POT CLAVULANATE",62,1750.00,TABS,"FAMILY MEDICINE"
"B-LACTAM, INCREASED ACTIVITY","AMOXICILLIN & POT CLAVULANATE",59,1500.00,TABS,GASTROENTEROLOGY
"ANTNFCT, BROAD/MEDIUM SPECTRUM","VANCOMYCIN HCL",65,2000.00,CAPS,"PHYSICIAN ASSISTANT"
"ANTNFCT, BROAD/MEDIUM SPECTRUM",AMOXICILLIN,85,1500.00,CAPS,DENTIST
"ANTNFCT, BROAD/MEDIUM SPECTRUM","CIPROFLOXACIN HCL",61,1000.00,TABS,"INTERNAL MEDICINE"
"ANTNFCT, BROAD/MEDIUM SPECTRUM","MINOCYCLINE HCL",24,200.00,CAPS,DERMATOLOGY
"B-LACTAM, INCREASED ACTIVITY","AMOXICILLIN & POT CLAVULANATE",61,1750.00,TABS,"FAMILY MEDICINE"
"ANTNFCT, BROAD/MEDIUM SPECTRUM",AMOXICILLIN,8,8000.00,SUSR,PEDIATRICS
"ANTNFCT, BROAD/MEDIUM SPECTRUM",AZITHROMYCIN,18,1000.00,TABS,"NURSE PRACTITIONER"
"ANTNFCT, BROAD/MEDIUM SPECTRUM",AZITHROMYCIN,5,1600.00,SUSR,PEDIATRICS
"ANTNFCT, BROAD/MEDIUM SPECTRUM","CIPROFLOXACIN HCL",33,500.00,TABS,"NURSE PRACTITIONER"
"SULFONAMIDES & TRIMETHOPRIM",SULFAMETHOXAZOLE-TRIMETHOPRIM,53,1600.00,TABS,"NURSE PRACTITIONER"
"B-LACTAM, INCREASED ACTIVITY","AMOXICILLIN & POT CLAVULANATE",8,1000.00,TABS,VETERINARIAN
"ANTNFCT, BROAD/MEDIUM SPECTRUM","CLINDAMYCIN HCL",43,1200.00,CAPS,DENTIST
"SULFONAMIDES & TRIMETHOPRIM",SULFAMETHOXAZOLE-TRIMETHOPRIM,32,1600.00,TABS,"FAMILY MEDICINE"
"ANTNFCT, BROAD/MEDIUM SPECTRUM","CLINDAMYCIN HCL",22,900.00,CAPS,GASTROENTEROLOGY
"ANTNFCT, BROAD/MEDIUM SPECTRUM",AMOXICILLIN,61,1500.00,CAPS,"ORAL & MAXILLOFACIAL SURGERY"
"ANTNFCT, BROAD/MEDIUM SPECTRUM",CEPHALEXIN,43,2000.00,CAPS,"EMERGENCY MEDICINE"
"ANTNFCT, BROAD/MEDIUM SPECTRUM","DOXYCYCLINE HYCLATE",17,100.00,CAPS,"PHYSICIAN ASSISTANT"
"ANTNFCT, BROAD/MEDIUM SPECTRUM",AMOXICILLIN,9,8000.00,SUSR,PEDIATRICS
"ANTNFCT, BROAD/MEDIUM SPECTRUM",AMOXICILLIN,22,1000.00,CAPS,"NURSE PRACTITIONER"
"ANTNFCT, BROAD/MEDIUM SPECTRUM",AZITHROMYCIN,41,500.00,TABS,"NURSE PRACTITIONER"
"ANTNFCT, BROAD/MEDIUM SPECTRUM",AZITHROMYCIN,17,500.00,TABS,"FAMILY MEDICINE"
"SULFONAMIDES & TRIMETHOPRIM",SULFAMETHOXAZOLE-TRIMETHOPRIM,18,800.00,TABS,VETERINARIAN
"ANTNFCT, BROAD/MEDIUM SPECTRUM",CEPHALEXIN,18,1000.00,CAPS,"NURSE PRACTITIONER"
"ANTNFCT, BROAD/MEDIUM SPECTRUM","PENICILLIN V POTASSIUM",13,500.00,TABS,"PEDIATRIC HEMATOLOGY/ONCOLOGY"
"ANTNFCT, BROAD/MEDIUM SPECTRUM",AZITHROMYCIN,43,500.00,TABS,NEPHROLOGY
"B-LACTAM, INCREASED ACTIVITY","AMOXICILLIN & POT CLAVULANATE",64,1750.00,TABS,"NURSE PRACTITIONER"
"ANTNFCT, BROAD/MEDIUM SPECTRUM",AMOXICILLIN,5,8000.00,SUSR,"FAMILY MEDICINE"
"ANTNFCT, BROAD/MEDIUM SPECTRUM",LEVOFLOXACIN,77,500.00,TABS,HOSPITALIST
"ANTNFCT, BROAD/MEDIUM SPECTRUM",AZITHROMYCIN,65,500.00,TABS,"NURSE PRACTITIONER"
"ANTNFCT, BROAD/MEDIUM SPECTRUM",AMOXICILLIN,59,2000.00,CAPS,DENTIST
"ANTNFCT, BROAD/MEDIUM SPECTRUM","CLINDAMYCIN HCL",28,450.00,CAPS,DENTIST
"SULFONAMIDES & TRIMETHOPRIM",SULFAMETHOXAZOLE-TRIMETHOPRIM,68,1600.00,TABS,"GENERAL PRACTICE"
"SULFONAMIDES & TRIMETHOPRIM",SULFAMETHOXAZOLE-TRIMETHOPRIM,61,1600.00,TABS,OTOLARYNGOLOGY
"ANTNFCT, BROAD/MEDIUM SPECTRUM","CLINDAMYCIN HCL",9,600.00,CAPS,VETERINARIAN
"ANTNFCT, BROAD/MEDIUM SPECTRUM",CEFDINIR,10,1500.00,SUSR,PEDIATRICS
"ANTNFCT, BROAD/MEDIUM SPECTRUM","CIPROFLOXACIN HCL",64,500.00,TABS,NEPHROLOGY
"B-LACTAM, INCREASED ACTIVITY","AMOXICILLIN & POT CLAVULANATE",22,1750.00,TABS,"NURSE PRACTITIONER"
"B-LACTAM, INCREASED ACTIVITY","AMOXICILLIN & POT CLAVULANATE",51,1750.00,TABS,"INTERNAL MEDICINE"
"B-LACTAM, INCREASED ACTIVITY","AMOXICILLIN & POT CLAVULANATE",40,1750.00,TABS,"GENERAL SURGERY"
"ANTNFCT, BROAD/MEDIUM SPECTRUM",CEFDINIR,64,600.00,CAPS,"EMERGENCY MEDICINE"
"ANTNFCT, BROAD/MEDIUM SPECTRUM",CEPHALEXIN,56,1500.00,CAPS,DERMATOLOGY
"ANTNFCT, BROAD/MEDIUM SPECTRUM",AZITHROMYCIN,85,500.00,TABS,"INTERNAL MEDICINE"
"ANTNFCT, BROAD/MEDIUM SPECTRUM",CEPHALEXIN,69,750.00,CAPS,"INTERNAL MEDICINE"
"ANTNFCT, BROAD/MEDIUM SPECTRUM",AMOXICILLIN,4,8000.00,SUSR,"FAMILY MEDICINE"
"ANTNFCT, BROAD/MEDIUM SPECTRUM","CIPROFLOXACIN HCL",28,1000.00,TABS,"NURSE PRACTITIONER"
"ANTNFCT, BROAD/MEDIUM SPECTRUM",CEPHALEXIN,40,1000.00,CAPS,"NURSE PRACTITIONER"
"ANTNFCT, BROAD/MEDIUM SPECTRUM",AZITHROMYCIN,30,500.00,TABS,"INTERNAL MEDICINE"
"ANTNFCT, BROAD/MEDIUM SPECTRUM",AMOXICILLIN,11,5200.00,SUSR,PEDIATRICS
"ANTNFCT, BROAD/MEDIUM SPECTRUM",AMOXICILLIN,4,4000.00,SUSR,PEDIATRICS
"B-LACTAM, INCREASED ACTIVITY","AMOXICILLIN & POT CLAVULANATE",43,1750.00,TABS,"GENERAL PRACTICE"
"B-LACTAM, INCREASED ACTIVITY","AMOXICILLIN & POT CLAVULANATE",23,1750.00,TABS,"FAMILY MEDICINE"
"ANTNFCT, BROAD/MEDIUM SPECTRUM",AZITHROMYCIN,16,500.00,TABS,PEDIATRICS
"ANTNFCT, BROAD/MEDIUM SPECTRUM","PENICILLIN V POTASSIUM",18,2500.00,TABS,DENTIST
"ANTNFCT, BROAD/MEDIUM SPECTRUM","DOXYCYCLINE (MONOHYDRATE)",35,200.00,CAPS,"NURSE PRACTITIONER"
"ANTNFCT, BROAD/MEDIUM SPECTRUM",AZITHROMYCIN,70,500.00,TABS,"INTERNAL MEDICINE"
"B-LACTAM, INCREASED ACTIVITY","AMOXICILLIN & POT CLAVULANATE",3,7800.00,SUSR,
"ANTNFCT, BROAD/MEDIUM SPECTRUM",AMOXICILLIN,70,2000.00,CAPS,DENTIST
"ANTNFCT, BROAD/MEDIUM SPECTRUM",AMOXICILLIN,3,4000.00,SUSR,PEDIATRICS
"ANTNFCT, BROAD/MEDIUM SPECTRUM",AMOXICILLIN,19,1500.00,CAPS,DENTIST
"ANTNFCT, BROAD/MEDIUM SPECTRUM",CEPHALEXIN,7,5000.00,SUSR,PEDIATRICS
"B-LACTAM, INCREASED ACTIVITY","AMOXICILLIN & POT CLAVULANATE",54,1750.00,TABS,"NURSE PRACTITIONER"
"ANTNFCT, BROAD/MEDIUM SPECTRUM","DOXYCYCLINE HYCLATE",85,200.00,TABS,"NURSE PRACTITIONER"
"ANTNFCT, BROAD/MEDIUM SPECTRUM",AZITHROMYCIN,52,500.00,TABS,"FAMILY MEDICINE"
"B-LACTAM, INCREASED ACTIVITY","AMOXICILLIN & POT CLAVULANATE",47,1750.00,TABS,"NURSE PRACTITIONER"
"SULFONAMIDES & TRIMETHOPRIM",SULFAMETHOXAZOLE-TRIMETHOPRIM,55,1600.00,TABS,"GERIATRIC MEDICINE (INTERNAL MEDICINE)"
"ANTNFCT, BROAD/MEDIUM SPECTRUM","MINOCYCLINE HCL",13,100.00,CAPS,DERMATOLOGY
"SULFONAMIDES & TRIMETHOPRIM",SULFAMETHOXAZOLE-TRIMETHOPRIM,81,1600.00,TABS,DIABETES
"ANTNFCT, BROAD/MEDIUM SPECTRUM",CEPHALEXIN,66,1000.00,CAPS,"PLASTIC SURGERY"
"ANTNFCT, BROAD/MEDIUM SPECTRUM",LEVOFLOXACIN,74,500.00,TABS,"INTERNAL MEDICINE"
"ANTNFCT, BROAD/MEDIUM SPECTRUM",CEFDINIR,79,600.00,CAPS,"FAMILY MEDICINE"
"ANTNFCT, BROAD/MEDIUM SPECTRUM",AMOXICILLIN,42,1500.00,CAPS,"INTERNAL MEDICINE"
"ANTNFCT, BROAD/MEDIUM SPECTRUM",CEFDINIR,8,1750.00,SUSR,"NURSE PRACTITIONER"
"ANTNFCT, BROAD/MEDIUM SPECTRUM","DOXYCYCLINE HYCLATE",26,200.00,TABS,OPTOMETRIST
"ANTNFCT, BROAD/MEDIUM SPECTRUM",CEFDINIR,43,600.00,CAPS,"NURSE PRACTITIONER"
"ANTNFCT, BROAD/MEDIUM SPECTRUM",AZITHROMYCIN,52,500.00,TABS,"GERIATRIC MEDICINE (FAMILY MEDICINE)"
"ANTNFCT, BROAD/MEDIUM SPECTRUM",AMOXICILLIN,22,1750.00,TABS,"FAMILY MEDICINE"
"ANTNFCT, BROAD/MEDIUM SPECTRUM",AMOXICILLIN,2,6000.00,SUSR,"NURSE PRACTITIONER"
"ANTNFCT, BROAD/MEDIUM SPECTRUM",LEVOFLOXACIN,40,500.00,TABS,PEDIATRICS
"ANTNFCT, BROAD/MEDIUM SPECTRUM","DOXYCYCLINE HYCLATE",25,500.00,TABS,"NURSE PRACTITIONER"
"ANTNFCT, BROAD/MEDIUM SPECTRUM",AZITHROMYCIN,46,500.00,TABS,"FAMILY MEDICINE"
"B-LACTAM, INCREASED ACTIVITY","AMOXICILLIN & POT CLAVULANATE",1,4000.00,SUSR,"NURSE PRACTITIONER"
"ANTNFCT, BROAD/MEDIUM SPECTRUM","CIPROFLOXACIN HCL",20,1000.00,TABS,"NURSE PRACTITIONER"
"ANTNFCT, BROAD/MEDIUM SPECTRUM",AZITHROMYCIN,69,500.00,TABS,"NURSE PRACTITIONER"
"ANTNFCT, BROAD/MEDIUM SPECTRUM",AZITHROMYCIN,10,500.00,TABS,"PHYSICIAN ASSISTANT"
"SULFONAMIDES & TRIMETHOPRIM",SULFAMETHOXAZOLE-TRIMETHOPRIM,21,1600.00,TABS,"FAMILY MEDICINE"
"ANTNFCT, BROAD/MEDIUM SPECTRUM",CEPHALEXIN,63,2000.00,CAPS,"FAMILY MEDICINE"
"ANTNFCT, BROAD/MEDIUM SPECTRUM",LEVOFLOXACIN,49,500.00,TABS,"PHYSICIAN ASSISTANT"
"ANTNFCT, BROAD/MEDIUM SPECTRUM","CIPROFLOXACIN HCL",48,1000.00,TABS,OTOLARYNGOLOGY
"ANTNFCT, BROAD/MEDIUM SPECTRUM",AZITHROMYCIN,53,500.00,TABS,"PHYSICIAN ASSISTANT"
"ANTNFCT, BROAD/MEDIUM SPECTRUM","CEFUROXIME AXETIL",66,1000.00,TABS,"FAMILY MEDICINE"
"ANTNFCT, BROAD/MEDIUM SPECTRUM","CEFUROXIME AXETIL",50,1000.00,TABS,"INTERNAL MEDICINE"
"ANTNFCT, BROAD/MEDIUM SPECTRUM",CEFDINIR,18,600.00,CAPS,"NURSE PRACTITIONER"
"SULFONAMIDES & TRIMETHOPRIM",SULFAMETHOXAZOLE-TRIMETHOPRIM,37,1600.00,TABS,"PHYSICIAN ASSISTANT"
"ANTNFCT, BROAD/MEDIUM SPECTRUM",AMOXICILLIN,3,5600.00,SUSR,"EMERGENCY MEDICINE"
"ANTNFCT, BROAD/MEDIUM SPECTRUM","DOXYCYCLINE (MONOHYDRATE)",38,200.00,TABS,"NURSE PRACTITIONER"
"ANTNFCT, BROAD/MEDIUM SPECTRUM",AMOXICILLIN,42,1000.00,CAPS,"PHYSICIAN ASSISTANT"
"ANTNFCT, BROAD/MEDIUM SPECTRUM",AZITHROMYCIN,68,250.00,TABS,"PULMONARY CRITICAL CARE MEDICINE"
"ANTNFCT, BROAD/MEDIUM SPECTRUM",CEPHALEXIN,5,5000.00,SUSR,"NURSE PRACTITIONER"
"ANTNFCT, BROAD/MEDIUM SPECTRUM","PENICILLIN V POTASSIUM",24,2500.00,TABS,DENTIST
"ANTNFCT, BROAD/MEDIUM SPECTRUM",CEPHALEXIN,1,5000.00,SUSR,"PHYSICIAN ASSISTANT"
"SULFONAMIDES & TRIMETHOPRIM",SULFAMETHOXAZOLE-TRIMETHOPRIM,2,2800.00,SUSP,PEDIATRICS
"ANTNFCT, BROAD/MEDIUM SPECTRUM",CEPHALEXIN,15,1000.00,CAPS,"EMERGENCY MEDICINE"
"ANTNFCT, BROAD/MEDIUM SPECTRUM",AZITHROMYCIN,63,500.00,TABS,"GENERAL PRACTICE"
"ANTNFCT, BROAD/MEDIUM SPECTRUM",AZITHROMYCIN,53,500.00,TABS,"NURSE PRACTITIONER"
"ANTNFCT, BROAD/MEDIUM SPECTRUM",AMOXICILLIN,4,4000.00,SUSR,"NURSE PRACTITIONER"
"ANTNFCT, BROAD/MEDIUM SPECTRUM",CEPHALEXIN,20,5000.00,SUSR,"NURSE PRACTITIONER"
"ANTNFCT, BROAD/MEDIUM SPECTRUM",AMOXICILLIN,4,8000.00,SUSR,PEDIATRICS
"ANTNFCT, BROAD/MEDIUM SPECTRUM","DOXYCYCLINE HYCLATE",18,200.00,TABS,"NURSE PRACTITIONER"
"ANTNFCT, BROAD/MEDIUM SPECTRUM",AMOXICILLIN,7,6800.00,SUSR,PEDIATRICS
"ANTNFCT, BROAD/MEDIUM SPECTRUM",AZITHROMYCIN,51,500.00,TABS,"FAMILY MEDICINE"
"ANTNFCT, BROAD/MEDIUM SPECTRUM",AMOXICILLIN,70,1500.00,CAPS,"INFECTIOUS DISEASE"
"ANTNFCT, BROAD/MEDIUM SPECTRUM",AMOXICILLIN,35,1500.00,CAPS,DENTIST
"ANTNFCT, BROAD/MEDIUM SPECTRUM",AMOXICILLIN,10,4400.00,SUSR,"NURSE PRACTITIONER"
"ANTNFCT, BROAD/MEDIUM SPECTRUM","MINOCYCLINE HCL",16,105.00,TB24,"PHYSICIAN ASSISTANT"
"ANTNFCT, BROAD/MEDIUM SPECTRUM",AZITHROMYCIN,44,250.00,TABS,"PHYSICIAN ASSISTANT"
"ANTNFCT, BROAD/MEDIUM SPECTRUM","DOXYCYCLINE (MONOHYDRATE)",68,200.00,CAPS,"FAMILY MEDICINE"
"ANTNFCT, BROAD/MEDIUM SPECTRUM",AZITHROMYCIN,12,500.00,TABS,PEDIATRICS
"ANTNFCT, BROAD/MEDIUM SPECTRUM","CLINDAMYCIN HCL",15,1350.00,CAPS,PEDIATRICS
"ANTNFCT, BROAD/MEDIUM SPECTRUM",CEPHALEXIN,62,1000.00,CAPS,"INTERNAL MEDICINE"
"ANTNFCT, BROAD/MEDIUM SPECTRUM",AZITHROMYCIN,13,500.00,TABS,"NURSE PRACTITIONER"
"SULFONAMIDES & TRIMETHOPRIM",SULFAMETHOXAZOLE-TRIMETHOPRIM,81,1600.00,TABS,"INTERNAL MEDICINE"
"SULFONAMIDES & TRIMETHOPRIM",SULFAMETHOXAZOLE-TRIMETHOPRIM,15,4000.00,SUSP,"NURSE PRACTITIONER"
"ANTNFCT, BROAD/MEDIUM SPECTRUM","CEFUROXIME AXETIL",10,500.00,TABS,"PHYSICIAN ASSISTANT"
"ANTNFCT, BROAD/MEDIUM SPECTRUM",AMOXICILLIN,28,1500.00,CAPS,DENTIST
"ANTNFCT, BROAD/MEDIUM SPECTRUM",CEFDINIR,16,600.00,CAPS,"NURSE PRACTITIONER"
"ANTNFCT, BROAD/MEDIUM SPECTRUM",AMOXICILLIN,68,1500.00,CAPS,DENTIST
"ANTNFCT, BROAD/MEDIUM SPECTRUM","DOXYCYCLINE HYCLATE",14,300.00,CAPS,DERMATOLOGY
"ANTNFCT, BROAD/MEDIUM SPECTRUM",AMOXICILLIN,46,2000.00,CAPS,"NURSE PRACTITIONER"
"ANTNFCT, BROAD/MEDIUM SPECTRUM",CEPHALEXIN,22,1500.00,CAPS,"ORTHOPEDIC SURGERY"
"B-LACTAM, INCREASED ACTIVITY","AMOXICILLIN & POT CLAVULANATE",58,1750.00,TABS,"INTERNAL MEDICINE"
"ANTNFCT, BROAD/MEDIUM SPECTRUM",AMOXICILLIN,0,2000.00,SUSR,PEDIATRICS
"ANTNFCT, BROAD/MEDIUM SPECTRUM","DOXYCYCLINE (MONOHYDRATE)",18,200.00,TABS,"EMERGENCY MEDICINE"
"B-LACTAM, INCREASED ACTIVITY","AMOXICILLIN & POT CLAVULANATE",19,1000.00,TABS,"PHYSICIAN ASSISTANT"
"SULFONAMIDES & TRIMETHOPRIM",SULFAMETHOXAZOLE-TRIMETHOPRIM,21,400.00,TABS,"OBSTETRICS & GYNECOLOGY"
"ANTNFCT, BROAD/MEDIUM SPECTRUM","CIPROFLOXACIN HCL",42,1000.00,TABS,"NURSE PRACTITIONER"
"ANTNFCT, BROAD/MEDIUM SPECTRUM",AMOXICILLIN,10,17200.00,SUSR,PEDIATRICS
"ANTNFCT, BROAD/MEDIUM SPECTRUM",AMOXICILLIN,32,2000.00,CAPS,DENTIST
"SULFONAMIDES & TRIMETHOPRIM",SULFAMETHOXAZOLE-TRIMETHOPRIM,29,1800.00,SUSP,"PEDIATRIC ANESTHESIOLOGY"
"ANTNFCT, BROAD/MEDIUM SPECTRUM",CEPHALEXIN,27,1500.00,CAPS,"FAMILY MEDICINE"
"ANTNFCT, BROAD/MEDIUM SPECTRUM",AZITHROMYCIN,44,500.00,TABS,"FAMILY MEDICINE"
"ANTNFCT, BROAD/MEDIUM SPECTRUM",AMOXICILLIN,1,4000.00,SUSR,PEDIATRICS
"ANTNFCT, BROAD/MEDIUM SPECTRUM",CEPHALEXIN,85,2000.00,CAPS,"PHYSICIAN ASSISTANT"
"ANTNFCT, BROAD/MEDIUM SPECTRUM","DOXYCYCLINE HYCLATE",22,200.00,CAPS,"FAMILY MEDICINE"
"ANTNFCT, BROAD/MEDIUM SPECTRUM",AZITHROMYCIN,71,500.00,TABS,"FAMILY MEDICINE"
"ANTNFCT, BROAD/MEDIUM SPECTRUM",AMOXICILLIN,1,2000.00,SUSR,PEDIATRICS
"ANTNFCT, BROAD/MEDIUM SPECTRUM",AMOXICILLIN,7,7500.00,SUSR,"NURSE PRACTITIONER"
"ANTNFCT, BROAD/MEDIUM SPECTRUM",AZITHROMYCIN,67,500.00,TABS,DENTIST
"SULFONAMIDES & TRIMETHOPRIM",SULFAMETHOXAZOLE-TRIMETHOPRIM,43,400.00,TABS,UROLOGY
"B-LACTAM, INCREASED ACTIVITY","AMOXICILLIN & POT CLAVULANATE",41,1750.00,TABS,"FAMILY MEDICINE"
"ANTNFCT, BROAD/MEDIUM SPECTRUM","DOXYCYCLINE HYCLATE",54,100.00,TABS,DENTIST
"ANTNFCT, BROAD/MEDIUM SPECTRUM","CEFUROXIME AXETIL",81,1000.00,TABS,"FAMILY MEDICINE"
"ANTNFCT, BROAD/MEDIUM SPECTRUM","CLINDAMYCIN HCL",32,600.00,CAPS,"NURSE PRACTITIONER"
"ANTNFCT, BROAD/MEDIUM SPECTRUM",CEPHALEXIN,20,2000.00,CAPS,"EMERGENCY MEDICINE"
"ANTNFCT, BROAD/MEDIUM SPECTRUM",AMOXICILLIN,53,1500.00,CAPS,"FAMILY MEDICINE"
"ANTNFCT, BROAD/MEDIUM SPECTRUM","DOXYCYCLINE (MONOHYDRATE)",63,200.00,CAPS,OTOLARYNGOLOGY
"ANTNFCT, BROAD/MEDIUM SPECTRUM",AMOXICILLIN,17,7500.00,SUSR,"ORAL & MAXILLOFACIAL SURGERY"
"ANTNFCT, BROAD/MEDIUM SPECTRUM","MINOCYCLINE HCL",41,50.00,CAPS,"NURSE PRACTITIONER"
"ANTNFCT, BROAD/MEDIUM SPECTRUM",CEFDINIR,15,600.00,CAPS,"PHYSICIAN ASSISTANT"
"ANTNFCT, BROAD/MEDIUM SPECTRUM","CIPROFLOXACIN HCL",38,1000.00,TABS,HOSPITALIST
"ANTNFCT, BROAD/MEDIUM SPECTRUM","DOXYCYCLINE (MONOHYDRATE)",60,200.00,CAPS,"PHYSICIAN ASSISTANT"
"ANTNFCT, BROAD/MEDIUM SPECTRUM",CEPHALEXIN,43,2000.00,CAPS,"PHYSICIAN ASSISTANT"
"ANTNFCT, BROAD/MEDIUM SPECTRUM","MINOCYCLINE HCL",30,100.00,CAPS,DERMATOLOGY
"ANTNFCT, BROAD/MEDIUM SPECTRUM",AMOXICILLIN,7,8800.00,SUSR,"NURSE PRACTITIONER"
"ANTNFCT, BROAD/MEDIUM SPECTRUM",AZITHROMYCIN,45,500.00,TABS,"NURSE PRACTITIONER"
"ANTNFCT, BROAD/MEDIUM SPECTRUM",AZITHROMYCIN,57,500.00,TABS,HEMATOLOGY/ONCOLOGY
"ANTNFCT, BROAD/MEDIUM SPECTRUM",AMOXICILLIN,39,1500.00,CAPS,"ORAL & MAXILLOFACIAL SURGERY"
"SULFONAMIDES & TRIMETHOPRIM",SULFAMETHOXAZOLE-TRIMETHOPRIM,64,1600.00,TABS,"FAMILY MEDICINE"
"ANTNFCT, BROAD/MEDIUM SPECTRUM",AZITHROMYCIN,36,500.00,TABS,"INTERNAL MEDICINE"
"B-LACTAM, INCREASED ACTIVITY","AMOXICILLIN & POT CLAVULANATE",37,1000.00,TABS,"NURSE PRACTITIONER"
"B-LACTAM, INCREASED ACTIVITY","AMOXICILLIN & POT CLAVULANATE",41,1750.00,TABS,"PHYSICIAN ASSISTANT"
"ANTNFCT, BROAD/MEDIUM SPECTRUM",AMOXICILLIN,14,1750.00,TABS,"NURSE PRACTITIONER"
"SULFONAMIDES & TRIMETHOPRIM",TRIMETHOPRIM,66,100.00,TABS,UROLOGY
"ANTNFCT, BROAD/MEDIUM SPECTRUM",AMOXICILLIN,57,2000.00,CAPS,DENTIST
"B-LACTAM, INCREASED ACTIVITY","AMOXICILLIN & POT CLAVULANATE",56,4000.00,TB12,"NURSE PRACTITIONER"
"ANTNFCT, BROAD/MEDIUM SPECTRUM",AZITHROMYCIN,39,500.00,TABS,"FAMILY MEDICINE"
"ANTNFCT, BROAD/MEDIUM SPECTRUM",AMOXICILLIN,53,1750.00,TABS,"NURSE PRACTITIONER"
"ANTNFCT, BROAD/MEDIUM SPECTRUM","CIPROFLOXACIN HCL",66,500.00,TABS,"INTERNAL MEDICINE"
"ANTNFCT, BROAD/MEDIUM SPECTRUM",AMOXICILLIN,18,1750.00,TABS,"PHYSICIAN ASSISTANT"
"B-LACTAM, INCREASED ACTIVITY","AMOXICILLIN & POT CLAVULANATE",50,1750.00,TABS,"NURSE PRACTITIONER"
"ANTNFCT, BROAD/MEDIUM SPECTRUM","DOXYCYCLINE HYCLATE",42,40.00,TABS,"PHYSICIAN ASSISTANT"
"B-LACTAM, INCREASED ACTIVITY","AMOXICILLIN & POT CLAVULANATE",71,1750.00,TABS,"NURSE PRACTITIONER"
"ANTNFCT, BROAD/MEDIUM SPECTRUM","PENICILLIN V POTASSIUM",12,2000.00,TABS,"INTERNAL MEDICINE"
"ANTNFCT, BROAD/MEDIUM SPECTRUM",AMOXICILLIN,26,1750.00,TABS,"EMERGENCY MEDICINE"
"ANTNFCT, BROAD/MEDIUM SPECTRUM",AMOXICILLIN,73,1500.00,CAPS,DENTIST
"ANTNFCT, BROAD/MEDIUM SPECTRUM","DOXYCYCLINE HYCLATE",19,200.00,CAPS,"EMERGENCY MEDICINE"
"ANTNFCT, BROAD/MEDIUM SPECTRUM",AMOXICILLIN,7,12000.00,SUSR,"NURSE PRACTITIONER"
"ANTNFCT, BROAD/MEDIUM SPECTRUM",CLARITHROMYCIN,40,1000.00,TABS,GASTROENTEROLOGY
"ANTNFCT, BROAD/MEDIUM SPECTRUM",AZITHROMYCIN,81,500.00,TABS,"FAMILY MEDICINE"
"B-LACTAM, INCREASED ACTIVITY","AMOXICILLIN & POT CLAVULANATE",51,1750.00,TABS,"NURSE PRACTITIONER"
"B-LACTAM, INCREASED ACTIVITY","AMOXICILLIN & POT CLAVULANATE",66,1750.00,TABS,PODIATRIST
"B-LACTAM, INCREASED ACTIVITY","AMOXICILLIN & POT CLAVULANATE",78,1750.00,TABS,"FAMILY MEDICINE"
"ANTNFCT, BROAD/MEDIUM SPECTRUM","DOXYCYCLINE HYCLATE",40,200.00,CAPS,"PHYSICIAN ASSISTANT"
"ANTNFCT, BROAD/MEDIUM SPECTRUM",AZITHROMYCIN,74,500.00,TABS,"PULMONARY DISEASE"
"ANTNFCT, BROAD/MEDIUM SPECTRUM",AMOXICILLIN,11,1750.00,TABS,PEDIATRICS
"ANTNFCT, BROAD/MEDIUM SPECTRUM",AMOXICILLIN,4,4000.00,SUSR,"NURSE PRACTITIONER"
"ANTNFCT, BROAD/MEDIUM SPECTRUM","DOXYCYCLINE HYCLATE",16,100.00,CAPS,PEDIATRICS
"SULFONAMIDES & TRIMETHOPRIM",SULFAMETHOXAZOLE-TRIMETHOPRIM,60,1600.00,TABS,"INTERNAL MEDICINE"
"ANTNFCT, BROAD/MEDIUM SPECTRUM",AMOXICILLIN,14,1750.00,TABS,"NURSE PRACTITIONER"
"ANTNFCT, BROAD/MEDIUM SPECTRUM",AZITHROMYCIN,7,2000.00,SUSR,"INTERNAL MEDICINE"
"SULFONAMIDES & TRIMETHOPRIM",SULFAMETHOXAZOLE-TRIMETHOPRIM,13,1600.00,TABS,PEDIATRICS
"ANTNFCT, BROAD/MEDIUM SPECTRUM","MINOCYCLINE HCL",59,200.00,CAPS,DERMATOLOGY
"ANTNFCT, BROAD/MEDIUM SPECTRUM",AZITHROMYCIN,32,500.00,TABS,ANESTHESIOLOGY
"ANTNFCT, BROAD/MEDIUM SPECTRUM",AMOXICILLIN,37,1500.00,CAPS,DENTIST
"ANTNFCT, BROAD/MEDIUM SPECTRUM","CLINDAMYCIN HCL",23,900.00,CAPS,"EMERGENCY MEDICINE"
"ANTNFCT, BROAD/MEDIUM SPECTRUM","DOXYCYCLINE HYCLATE",60,200.00,TABS,HOSPITALIST
"ANTNFCT, BROAD/MEDIUM SPECTRUM",LEVOFLOXACIN,57,250.00,TABS,"FAMILY MEDICINE"
"ANTNFCT, BROAD/MEDIUM SPECTRUM",AMOXICILLIN,63,1750.00,TABS,"PHYSICIAN ASSISTANT"
"ANTNFCT, BROAD/MEDIUM SPECTRUM",AMOXICILLIN,34,2000.00,CAPS,"EMERGENCY MEDICINE"
"ANTNFCT, BROAD/MEDIUM SPECTRUM",AZITHROMYCIN,56,500.00,TABS,"NURSE PRACTITIONER"
"ANTNFCT, BROAD/MEDIUM SPECTRUM","DOXYCYCLINE HYCLATE",54,200.00,CAPS,DERMATOLOGY
"SULFONAMIDES & TRIMETHOPRIM",SULFAMETHOXAZOLE-TRIMETHOPRIM,58,400.00,TABS,NEPHROLOGY
"B-LACTAM, INCREASED ACTIVITY","AMOXICILLIN & POT CLAVULANATE",58,1000.00,TABS,"FAMILY MEDICINE"
"ANTNFCT, BROAD/MEDIUM SPECTRUM",AMOXICILLIN,61,2000.00,CAPS,DENTIST
"ANTNFCT, BROAD/MEDIUM SPECTRUM",AMOXICILLIN,51,1500.00,TABS,"ORAL & MAXILLOFACIAL SURGERY"
"ANTNFCT, BROAD/MEDIUM SPECTRUM",LEVOFLOXACIN,57,500.00,TABS,"EMERGENCY MEDICINE"
"ANTNFCT, BROAD/MEDIUM SPECTRUM",AZITHROMYCIN,19,500.00,TABS,"PHYSICIAN ASSISTANT"
"B-LACTAM, INCREASED ACTIVITY","AMOXICILLIN & POT CLAVULANATE",55,1750.00,TABS,"FAMILY MEDICINE"
"ANTNFCT, BROAD/MEDIUM SPECTRUM","PENICILLIN V POTASSIUM",27,1500.00,TABS,DENTIST
"ANTNFCT, BROAD/MEDIUM SPECTRUM","DOXYCYCLINE HYCLATE",22,200.00,CAPS,"EMERGENCY MEDICINE"
"ANTNFCT, BROAD/MEDIUM SPECTRUM",CEFDINIR,1,1500.00,SUSR,PEDIATRICS
"ANTNFCT, BROAD/MEDIUM SPECTRUM","DOXYCYCLINE HYCLATE",28,200.00,CAPS,"FAMILY MEDICINE"
"ANTNFCT, BROAD/MEDIUM SPECTRUM","CIPROFLOXACIN HCL",41,1000.00,TABS,DERMATOLOGY
"ANTNFCT, BROAD/MEDIUM SPECTRUM",AZITHROMYCIN,70,500.00,TABS,"INTERNAL MEDICINE"
"ANTNFCT, BROAD/MEDIUM SPECTRUM",AZITHROMYCIN,58,500.00,TABS,"NURSE PRACTITIONER"
"ANTNFCT, BROAD/MEDIUM SPECTRUM",AMOXICILLIN,6,6000.00,SUSR,PEDIATRICS
"ANTNFCT, BROAD/MEDIUM SPECTRUM",LEVOFLOXACIN,51,500.00,TABS,"INFECTIOUS DISEASE"
"ANTNFCT, BROAD/MEDIUM SPECTRUM",AZITHROMYCIN,10,1200.00,SUSR,"FAMILY MEDICINE"
"ANTNFCT, BROAD/MEDIUM SPECTRUM","PENICILLIN V POTASSIUM",58,2000.00,TABS,DENTIST
"ANTNFCT, BROAD/MEDIUM SPECTRUM","CEFPODOXIME PROXETIL",68,400.00,TABS,"PHYSICIAN ASSISTANT"
"ANTNFCT, BROAD/MEDIUM SPECTRUM",AZITHROMYCIN,10,250.00,TABS,"NURSE PRACTITIONER"
"ANTNFCT, BROAD/MEDIUM SPECTRUM",AZITHROMYCIN,64,500.00,TABS,"INTERNAL MEDICINE"
"B-LACTAM, INCREASED ACTIVITY","AMOXICILLIN & POT CLAVULANATE",74,1750.00,TABS,"PHYSICIAN ASSISTANT"
"ANTNFCT, BROAD/MEDIUM SPECTRUM",AMOXICILLIN,55,1500.00,CAPS,DENTIST
"ANTNFCT, BROAD/MEDIUM SPECTRUM",CEFDINIR,51,600.00,CAPS,"FAMILY MEDICINE"
"B-LACTAM, INCREASED ACTIVITY","AMOXICILLIN & POT CLAVULANATE",47,1750.00,TABS,"FAMILY MEDICINE"
"ANTNFCT, BROAD/MEDIUM SPECTRUM",AZITHROMYCIN,85,500.00,TABS,"NEUROLOGICAL SURGERY"
"ANTNFCT, BROAD/MEDIUM SPECTRUM",AZITHROMYCIN,27,1000.00,TABS,"FAMILY MEDICINE"
"ANTNFCT, BROAD/MEDIUM SPECTRUM",AZITHROMYCIN,5,600.00,SUSR,"INTERNAL MEDICINE"
"ANTNFCT, BROAD/MEDIUM SPECTRUM",CEPHALEXIN,85,1500.00,CAPS,DENTIST
"ANTNFCT, BROAD/MEDIUM SPECTRUM",CEFADROXIL,60,1000.00,CAPS,PODIATRIST
"ANTNFCT, BROAD/MEDIUM SPECTRUM","DOXYCYCLINE HYCLATE",52,100.00,CAPS,"INTERNAL MEDICINE"
"ANTNFCT, BROAD/MEDIUM SPECTRUM","CIPROFLOXACIN HCL",82,500.00,TABS,"FAMILY MEDICINE"
"ANTNFCT, BROAD/MEDIUM SPECTRUM",AMOXICILLIN,6,6000.00,SUSR,PEDIATRICS
"SULFONAMIDES & TRIMETHOPRIM",SULFAMETHOXAZOLE-TRIMETHOPRIM,64,1600.00,TABS,"MEDICAL ONCOLOGY"
"ANTNFCT, BROAD/MEDIUM SPECTRUM","MINOCYCLINE HCL",53,100.00,TABS,DERMATOLOGY
"ANTNFCT, BROAD/MEDIUM SPECTRUM","DOXYCYCLINE HYCLATE",24,200.00,CAPS,"FAMILY MEDICINE"
"ANTNFCT, BROAD/MEDIUM SPECTRUM",AMOXICILLIN,8,8000.00,SUSR,"NURSE PRACTITIONER"
"ANTNFCT, BROAD/MEDIUM SPECTRUM",CEPHALEXIN,54,1000.00,CAPS,NEPHROLOGY
"ANTNFCT, BROAD/MEDIUM SPECTRUM",AMOXICILLIN,57,1500.00,CAPS,"OBSTETRICS & GYNECOLOGY"
"ANTNFCT, BROAD/MEDIUM SPECTRUM",AZITHROMYCIN,8,2400.00,SUSR,PEDIATRICS
"ANTNFCT, BROAD/MEDIUM SPECTRUM",CEPHALEXIN,74,2000.00,CAPS,DENTIST
"ANTNFCT, BROAD/MEDIUM SPECTRUM",AMOXICILLIN,27,1000.00,CAPS,DENTIST
"ANTNFCT, BROAD/MEDIUM SPECTRUM",AMOXICILLIN,75,2000.00,CAPS,DENTIST
"ANTNFCT, BROAD/MEDIUM SPECTRUM","DOXYCYCLINE HYCLATE",16,100.00,CAPS,DERMATOLOGY
"ANTNFCT, BROAD/MEDIUM SPECTRUM",AMOXICILLIN,72,1750.00,TABS,DENTIST
"ANTNFCT, BROAD/MEDIUM SPECTRUM",AMOXICILLIN,19,2000.00,CAPS,"FAMILY MEDICINE"
"SULFONAMIDES & TRIMETHOPRIM",SULFAMETHOXAZOLE-TRIMETHOPRIM,59,1600.00,TABS,"NURSE PRACTITIONER"
"B-LACTAM, INCREASED ACTIVITY","AMOXICILLIN & POT CLAVULANATE",43,1500.00,TABS,"ENDOCRINOLOGY, DIABETES & METABOLISM"
"ANTNFCT, BROAD/MEDIUM SPECTRUM",AMOXICILLIN,66,2000.00,CAPS,"ORTHOPEDIC SURGERY"
"ANTNFCT, BROAD/MEDIUM SPECTRUM",CEFDINIR,75,600.00,CAPS,"FAMILY MEDICINE"
"ANTNFCT, BROAD/MEDIUM SPECTRUM","DOXYCYCLINE HYCLATE",18,200.00,CAPS,DERMATOLOGY
"B-LACTAM, INCREASED ACTIVITY","AMOXICILLIN & POT CLAVULANATE",29,1750.00,TABS,"PHYSICIAN ASSISTANT"
"ANTNFCT, BROAD/MEDIUM SPECTRUM",CEFDINIR,56,600.00,CAPS,OTOLARYNGOLOGY
"ANTNFCT, BROAD/MEDIUM SPECTRUM",LEVOFLOXACIN,58,500.00,TABS,HEMATOLOGY/ONCOLOGY
"ANTNFCT, BROAD/MEDIUM SPECTRUM","DOXYCYCLINE HYCLATE",56,100.00,CAPS,DERMATOLOGY
"B-LACTAM, INCREASED ACTIVITY","AMOXICILLIN & POT CLAVULANATE",5,7800.00,SUSR,PEDIATRICS
"B-LACTAM, INCREASED ACTIVITY","AMOXICILLIN & POT CLAVULANATE",42,1750.00,TABS,"FAMILY MEDICINE"
"ANTNFCT, BROAD/MEDIUM SPECTRUM",AZITHROMYCIN,51,500.00,TABS,"EMERGENCY MEDICINE"
"ANTNFCT, BROAD/MEDIUM SPECTRUM","CIPROFLOXACIN HCL",30,1000.00,TABS,"NURSE PRACTITIONER"
"ANTNFCT, BROAD/MEDIUM SPECTRUM",AMOXICILLIN,11,8000.00,SUSR,"PHYSICIAN ASSISTANT"
"ANTNFCT, BROAD/MEDIUM SPECTRUM",AZITHROMYCIN,5,1000.00,SUSR,PEDIATRICS
"ANTNFCT, BROAD/MEDIUM SPECTRUM","MINOCYCLINE HCL",54,100.00,TABS,RHEUMATOLOGY
"ANTNFCT, BROAD/MEDIUM SPECTRUM",AZITHROMYCIN,43,500.00,TABS,"FAMILY MEDICINE"
"ANTNFCT, BROAD/MEDIUM SPECTRUM",AMOXICILLIN,62,1750.00,TABS,PEDIATRICS
"B-LACTAM, INCREASED ACTIVITY","AMOXICILLIN & POT CLAVULANATE",6,9000.00,SUSR,PEDIATRICS
"B-LACTAM, INCREASED ACTIVITY","AMOXICILLIN & POT CLAVULANATE",41,1750.00,TABS,"PHYSICIAN ASSISTANT"
"ANTNFCT, BROAD/MEDIUM SPECTRUM","CEFUROXIME AXETIL",36,1000.00,TABS,"INTERNAL MEDICINE"
"ANTNFCT, BROAD/MEDIUM SPECTRUM",AMOXICILLIN,49,1000.00,CAPS,"PHYSICIAN ASSISTANT"
"ANTNFCT, BROAD/MEDIUM SPECTRUM",AMOXICILLIN,4,6000.00,SUSR,"PHYSICIAN ASSISTANT"
"ANTNFCT, BROAD/MEDIUM SPECTRUM","CLINDAMYCIN PALMITATE HYDROCHLORIDE",9,7500.00,SOLR,"EMERGENCY MEDICINE"
"ANTNFCT, BROAD/MEDIUM SPECTRUM",AZITHROMYCIN,37,500.00,TABS,"NURSE PRACTITIONER"
"ANTNFCT, BROAD/MEDIUM SPECTRUM",CEFDINIR,3,1500.00,SUSR,PEDIATRICS
"ANTNFCT, BROAD/MEDIUM SPECTRUM","CLINDAMYCIN HCL",32,1200.00,CAPS,"FAMILY MEDICINE"
"ANTNFCT, BROAD/MEDIUM SPECTRUM",AZITHROMYCIN,42,500.00,TABS,"NURSE PRACTITIONER"
"ANTNFCT, BROAD/MEDIUM SPECTRUM",AMOXICILLIN,60,1500.00,CAPS,"NURSE PRACTITIONER"
"ANTNFCT, BROAD/MEDIUM SPECTRUM",CEPHALEXIN,85,2000.00,CAPS,"NEUROLOGICAL SURGERY"
"ANTNFCT, BROAD/MEDIUM SPECTRUM",AMOXICILLIN,62,1500.00,CAPS,DENTIST
"B-LACTAM, INCREASED ACTIVITY","AMOXICILLIN & POT CLAVULANATE",65,1750.00,TABS,"PHYSICIAN ASSISTANT"
"B-LACTAM, INCREASED ACTIVITY","AMOXICILLIN & POT CLAVULANATE",3,3200.00,SUSR,PEDIATRICS
"ANTNFCT, BROAD/MEDIUM SPECTRUM","MINOCYCLINE HCL",50,200.00,CAPS,"FAMILY MEDICINE"
"ANTNFCT, BROAD/MEDIUM SPECTRUM",AMOXICILLIN,7,8000.00,SUSR,PEDIATRICS
"B-LACTAM, INCREASED ACTIVITY","AMOXICILLIN & POT CLAVULANATE",4,7800.00,SUSR,"FAMILY MEDICINE"
"B-LACTAM, INCREASED ACTIVITY","AMOXICILLIN & POT CLAVULANATE",70,1750.00,TABS,"INTERNAL MEDICINE"
"SULFONAMIDES & TRIMETHOPRIM",SULFAMETHOXAZOLE-TRIMETHOPRIM,37,800.00,TABS,UROLOGY
"ANTNFCT, BROAD/MEDIUM SPECTRUM","DOXYCYCLINE HYCLATE",64,200.00,CAPS,"NURSE PRACTITIONER"
"ANTNFCT, BROAD/MEDIUM SPECTRUM","MINOCYCLINE HCL",62,100.00,CAPS,"PHYSICIAN ASSISTANT"
"ANTNFCT, BROAD/MEDIUM SPECTRUM","CIPROFLOXACIN HCL",25,1000.00,TABS,GASTROENTEROLOGY
"B-LACTAM, INCREASED ACTIVITY","AMOXICILLIN & POT CLAVULANATE",61,1750.00,TABS,"FAMILY MEDICINE"
"ANTNFCT, BROAD/MEDIUM SPECTRUM",CEPHALEXIN,58,2000.00,CAPS,"SURGICAL ONCOLOGY"
"SULFONAMIDES & TRIMETHOPRIM",SULFAMETHOXAZOLE-TRIMETHOPRIM,31,1600.00,TABS,"INTERNAL MEDICINE"
"B-LACTAM, INCREASED ACTIVITY","AMOXICILLIN & POT CLAVULANATE",35,1750.00,TABS,"INTERNAL MEDICINE"
"ANTNFCT, BROAD/MEDIUM SPECTRUM",CEFDINIR,6,1250.00,SUSR,"EMERGENCY MEDICINE"
"ANTNFCT, BROAD/MEDIUM SPECTRUM","CIPROFLOXACIN HCL",81,1000.00,TABS,"FAMILY MEDICINE"
"ANTNFCT, BROAD/MEDIUM SPECTRUM",AMOXICILLIN,30,1500.00,CAPS,
"B-LACTAM, INCREASED ACTIVITY","AMOXICILLIN & POT CLAVULANATE",55,1750.00,TABS,"FAMILY MEDICINE"
"ANTNFCT, BROAD/MEDIUM SPECTRUM",AMOXICILLIN,44,2500.00,CAPS,
"ANTNFCT, BROAD/MEDIUM SPECTRUM",CEPHALEXIN,74,1500.00,CAPS,"NURSE PRACTITIONER"
"ANTNFCT, BROAD/MEDIUM SPECTRUM",AZITHROMYCIN,16,1000.00,TABS,"NURSE PRACTITIONER"
"ANTNFCT, BROAD/MEDIUM SPECTRUM",AMOXICILLIN,10,5000.00,SUSR,"NURSE PRACTITIONER"
"ANTNFCT, BROAD/MEDIUM SPECTRUM",CEPHALEXIN,15,1000.00,CAPS,"PHYSICIAN ASSISTANT"
"ANTNFCT, BROAD/MEDIUM SPECTRUM","DOXYCYCLINE (MONOHYDRATE)",35,200.00,CAPS,"EMERGENCY MEDICINE"
"ANTNFCT, BROAD/MEDIUM SPECTRUM","CLINDAMYCIN HCL",62,600.00,CAPS,DENTIST
"ANTNFCT, BROAD/MEDIUM SPECTRUM","CEFPODOXIME PROXETIL",70,200.00,TABS,UROLOGY
"ANTNFCT, BROAD/MEDIUM SPECTRUM",AMOXICILLIN,2,4000.00,SUSR,PEDIATRICS
"ANTNFCT, BROAD/MEDIUM SPECTRUM",AMOXICILLIN,42,1000.00,CAPS,"FAMILY MEDICINE"
"ANTNFCT, BROAD/MEDIUM SPECTRUM",AZITHROMYCIN,30,500.00,TABS,"INTERNAL MEDICINE"
"ANTNFCT, BROAD/MEDIUM SPECTRUM","DOXYCYCLINE HYCLATE",2,400.00,CAPS,VETERINARIAN
"ANTNFCT, BROAD/MEDIUM SPECTRUM",AZITHROMYCIN,47,500.00,TABS,"NURSE PRACTITIONER"
"B-LACTAM, INCREASED ACTIVITY","AMOXICILLIN & POT CLAVULANATE",66,1750.00,TABS,"INTERNAL MEDICINE"
"ANTNFCT, BROAD/MEDIUM SPECTRUM","DOXYCYCLINE HYCLATE",76,200.00,CAPS,"FAMILY MEDICINE"
"ANTNFCT, BROAD/MEDIUM SPECTRUM","TETRACYCLINE HCL",67,2000.00,CAPS,"INFECTIOUS DISEASE"
"ANTNFCT, BROAD/MEDIUM SPECTRUM",AMOXICILLIN,36,1500.00,CAPS,"PHYSICIAN ASSISTANT"
"ANTNFCT, BROAD/MEDIUM SPECTRUM",AMOXICILLIN,66,2000.00,CAPS,"ORAL & MAXILLOFACIAL SURGERY"
"ANTNFCT, BROAD/MEDIUM SPECTRUM",AZITHROMYCIN,18,500.00,TABS,"PHYSICIAN ASSISTANT"
"ANTNFCT, BROAD/MEDIUM SPECTRUM",CEPHALEXIN,52,1000.00,CAPS,"PLASTIC SURGERY"
"ANTNFCT, BROAD/MEDIUM SPECTRUM",AZITHROMYCIN,44,500.00,TABS,DERMATOLOGY
"ANTNFCT, BROAD/MEDIUM SPECTRUM","CLINDAMYCIN HCL",17,900.00,CAPS,"NURSE PRACTITIONER"
"ANTNFCT, BROAD/MEDIUM SPECTRUM",AMOXICILLIN,36,3000.00,CAPS,"FAMILY MEDICINE"
"ANTNFCT, BROAD/MEDIUM SPECTRUM",AZITHROMYCIN,37,500.00,TABS,"NURSE PRACTITIONER"
"SULFONAMIDES & TRIMETHOPRIM",SULFAMETHOXAZOLE-TRIMETHOPRIM,76,1600.00,TABS,"INTERNAL MEDICINE"
"ANTNFCT, BROAD/MEDIUM SPECTRUM",CLARITHROMYCIN,77,1000.00,TB24,"INTERNAL MEDICINE"
"ANTNFCT, BROAD/MEDIUM SPECTRUM",AMOXICILLIN,10,8000.00,SUSR,PEDIATRICS
"ANTNFCT, BROAD/MEDIUM SPECTRUM","CIPROFLOXACIN HCL",85,1000.00,TABS,"INTERNAL MEDICINE"
"ANTNFCT, BROAD/MEDIUM SPECTRUM","CEFUROXIME AXETIL",73,500.00,TABS,"PHYSICIAN ASSISTANT"
"SULFONAMIDES & TRIMETHOPRIM",SULFAMETHOXAZOLE-TRIMETHOPRIM,69,1600.00,TABS,"GENERAL SURGERY"
"SULFONAMIDES & TRIMETHOPRIM",SULFAMETHOXAZOLE-TRIMETHOPRIM,32,1600.00,TABS,"PHYSICIAN ASSISTANT"
"ANTNFCT, BROAD/MEDIUM SPECTRUM","CLINDAMYCIN HCL",78,600.00,CAPS,DENTIST
"ANTNFCT, BROAD/MEDIUM SPECTRUM",AMOXICILLIN,44,1500.00,CAPS,"PHYSICIAN ASSISTANT"
"ANTNFCT, BROAD/MEDIUM SPECTRUM",AZITHROMYCIN,18,500.00,TABS,PEDIATRICS
"ANTNFCT, BROAD/MEDIUM SPECTRUM",AZITHROMYCIN,70,500.00,TABS,"NURSE PRACTITIONER"
"ANTNFCT, BROAD/MEDIUM SPECTRUM",AMOXICILLIN,3,3750.00,SUSR,"INTERNAL MEDICINE"
"ANTNFCT, BROAD/MEDIUM SPECTRUM",AZITHROMYCIN,40,500.00,TABS,"INTERNAL MEDICINE"
"ANTNFCT, BROAD/MEDIUM SPECTRUM",AZITHROMYCIN,73,500.00,TABS,"NURSE PRACTITIONER"
"ANTNFCT, BROAD/MEDIUM SPECTRUM",CEPHALEXIN,75,2000.00,CAPS,"FAMILY MEDICINE"
"ANTNFCT, BROAD/MEDIUM SPECTRUM",CEPHALEXIN,63,1500.00,CAPS,"FAMILY MEDICINE"
"ANTNFCT, BROAD/MEDIUM SPECTRUM",AZITHROMYCIN,53,500.00,TABS,NEPHROLOGY
"ANTNFCT, BROAD/MEDIUM SPECTRUM",AMOXICILLIN,20,2000.00,CAPS,DENTIST
"ANTNFCT, BROAD/MEDIUM SPECTRUM","CLINDAMYCIN HCL",34,1200.00,CAPS,DENTIST
"ANTNFCT, BROAD/MEDIUM SPECTRUM",AMOXICILLIN,25,1750.00,TABS,"FAMILY MEDICINE"
"ANTNFCT, BROAD/MEDIUM SPECTRUM",AZITHROMYCIN,61,500.00,TABS,DENTIST
"ANTNFCT, BROAD/MEDIUM SPECTRUM","CIPROFLOXACIN HCL",85,500.00,TABS,"INTERNAL MEDICINE"
"ANTNFCT, BROAD/MEDIUM SPECTRUM",AZITHROMYCIN,14,500.00,TABS,"NURSE PRACTITIONER"
"ANTNFCT, BROAD/MEDIUM SPECTRUM",AMOXICILLIN,85,2000.00,CAPS,DENTIST
"ANTNFCT, BROAD/MEDIUM SPECTRUM",AMOXICILLIN,62,1500.00,CAPS,"FAMILY MEDICINE"
"B-LACTAM, INCREASED ACTIVITY","AMOXICILLIN & POT CLAVULANATE",16,1500.00,TABS,"INTERNAL MEDICINE/PEDIATRICS"
"SULFONAMIDES & TRIMETHOPRIM",SULFAMETHOXAZOLE-TRIMETHOPRIM,37,1600.00,TABS,"GENERAL SURGERY"
"B-LACTAM, INCREASED ACTIVITY","AMOXICILLIN & POT CLAVULANATE",23,1750.00,TABS,OTOLARYNGOLOGY
"ANTNFCT, BROAD/MEDIUM SPECTRUM",AMOXICILLIN,35,1500.00,CAPS,DENTIST
"B-LACTAM, INCREASED ACTIVITY","AMOXICILLIN & POT CLAVULANATE",3,7800.00,SUSR,PEDIATRICS
"ANTNFCT, BROAD/MEDIUM SPECTRUM",LEVOFLOXACIN,72,750.00,TABS,"FAMILY MEDICINE"
"ANTNFCT, BROAD/MEDIUM SPECTRUM","DOXYCYCLINE HYCLATE",66,200.00,CAPS,DERMATOLOGY
"ANTNFCT, BROAD/MEDIUM SPECTRUM",CEFDINIR,47,600.00,CAPS,"NURSE PRACTITIONER"
"ANTNFCT, BROAD/MEDIUM SPECTRUM","ERYTHROMYCIN BASE",40,2000.00,TABS,DENTIST
"ANTNFCT, BROAD/MEDIUM SPECTRUM",AZITHROMYCIN,63,500.00,TABS,"OBSTETRICS & GYNECOLOGY"
"ANTNFCT, BROAD/MEDIUM SPECTRUM","MINOCYCLINE HCL",18,200.00,CAPS,PEDIATRICS
"ANTNFCT, BROAD/MEDIUM SPECTRUM",CEFADROXIL,26,1500.00,CAPS,PEDIATRICS
"ANTNFCT, BROAD/MEDIUM SPECTRUM",AMOXICILLIN,6,6000.00,SUSR,"PHYSICIAN ASSISTANT"
"ANTNFCT, BROAD/MEDIUM SPECTRUM","CIPROFLOXACIN HCL",61,1000.00,TABS,"PHYSICIAN ASSISTANT"
"ANTNFCT, BROAD/MEDIUM SPECTRUM",AZITHROMYCIN,73,500.00,TABS,"PHYSICIAN ASSISTANT"
"ANTNFCT, BROAD/MEDIUM SPECTRUM",AZITHROMYCIN,13,500.00,TABS,"NURSE PRACTITIONER"
"SULFONAMIDES & TRIMETHOPRIM",SULFAMETHOXAZOLE-TRIMETHOPRIM,55,400.00,TABS,"PHYSICIAN ASSISTANT"
"B-LACTAM, INCREASED ACTIVITY","AMOXICILLIN & POT CLAVULANATE",10,12000.00,SUSR,PEDIATRICS
"SULFONAMIDES & TRIMETHOPRIM",SULFAMETHOXAZOLE-TRIMETHOPRIM,46,1600.00,TABS,UROLOGY
"ANTNFCT, BROAD/MEDIUM SPECTRUM",CEFDINIR,1,1250.00,SUSR,"NURSE PRACTITIONER"
"ANTNFCT, BROAD/MEDIUM SPECTRUM",AZITHROMYCIN,26,500.00,TABS,"NURSE PRACTITIONER"
"ANTNFCT, BROAD/MEDIUM SPECTRUM",AMOXICILLIN,27,1500.00,CAPS,DENTIST
"ANTNFCT, BROAD/MEDIUM SPECTRUM","CLINDAMYCIN HCL",23,900.00,CAPS,DENTIST
"ANTNFCT, BROAD/MEDIUM SPECTRUM","CIPROFLOXACIN HCL",70,1000.00,TABS,"MEDICAL ONCOLOGY"
"ANTNFCT, BROAD/MEDIUM SPECTRUM","CIPROFLOXACIN HCL",61,1000.00,TABS,"PHYSICIAN ASSISTANT"
"B-LACTAM, INCREASED ACTIVITY","AMOXICILLIN & POT CLAVULANATE",16,1000.00,TABS,"NURSE PRACTITIONER"
"ANTNFCT, BROAD/MEDIUM SPECTRUM",AZITHROMYCIN,59,500.00,TABS,"INTERNAL MEDICINE"
"SULFONAMIDES & TRIMETHOPRIM",SULFAMETHOXAZOLE-TRIMETHOPRIM,85,1600.00,TABS,"NURSE PRACTITIONER"
"ANTNFCT, BROAD/MEDIUM SPECTRUM",AMOXICILLIN,7,7500.00,SUSR,"FAMILY MEDICINE"
"ANTNFCT, BROAD/MEDIUM SPECTRUM",AZITHROMYCIN,66,250.00,TABS,"PULMONARY DISEASE"
"ANTNFCT, BROAD/MEDIUM SPECTRUM","DOXYCYCLINE HYCLATE",18,200.00,TABS,"PHYSICIAN ASSISTANT"
"ANTNFCT, BROAD/MEDIUM SPECTRUM",AMOXICILLIN,2,4000.00,SUSR,"NURSE PRACTITIONER"
"ANTNFCT, BROAD/MEDIUM SPECTRUM",CEFDINIR,2,1250.00,SUSR,PEDIATRICS
"ANTNFCT, BROAD/MEDIUM SPECTRUM","CLINDAMYCIN HCL",40,900.00,CAPS,DENTIST
"ANTNFCT, BROAD/MEDIUM SPECTRUM",AZITHROMYCIN,31,500.00,TABS,
"B-LACTAM, INCREASED ACTIVITY","AMOXICILLIN & POT CLAVULANATE",51,1750.00,TABS,"PHYSICIAN ASSISTANT"
"SULFONAMIDES & TRIMETHOPRIM",SULFAMETHOXAZOLE-TRIMETHOPRIM,51,1600.00,TABS,"PHYSICIAN ASSISTANT"
"ANTNFCT, BROAD/MEDIUM SPECTRUM",AMOXICILLIN,26,1500.00,CAPS,"FAMILY MEDICINE"
"ANTNFCT, BROAD/MEDIUM SPECTRUM",CEPHALEXIN,85,750.00,CAPS,"FAMILY MEDICINE"
"ANTNFCT, BROAD/MEDIUM SPECTRUM",AMOXICILLIN,32,1000.00,CAPS,"PHYSICIAN ASSISTANT"
"ANTNFCT, BROAD/MEDIUM SPECTRUM",CEFDINIR,8,2500.00,SUSR,"NURSE PRACTITIONER"
"ANTNFCT, BROAD/MEDIUM SPECTRUM",AMOXICILLIN,4,6000.00,SUSR,PEDIATRICS
"ANTNFCT, BROAD/MEDIUM SPECTRUM",CEPHALEXIN,4,3750.00,SUSR,PEDIATRICS
"ANTNFCT, BROAD/MEDIUM SPECTRUM","DOXYCYCLINE HYCLATE",64,100.00,TABS,DERMATOLOGY
"ANTNFCT, BROAD/MEDIUM SPECTRUM",AMOXICILLIN,7,8000.00,SUSR,"PHYSICIAN ASSISTANT"
"B-LACTAM, INCREASED ACTIVITY","AMOXICILLIN & POT CLAVULANATE",39,1750.00,TABS,"FAMILY MEDICINE"
"B-LACTAM, INCREASED ACTIVITY","AMOXICILLIN & POT CLAVULANATE",28,1750.00,TABS,PEDIATRICS
"ANTNFCT, BROAD/MEDIUM SPECTRUM",AMOXICILLIN,47,3500.00,CAPS,
"ANTNFCT, BROAD/MEDIUM SPECTRUM",LEVOFLOXACIN,51,500.00,TABS,"FAMILY MEDICINE"
"ANTNFCT, BROAD/MEDIUM SPECTRUM","CLINDAMYCIN HCL",82,1200.00,CAPS,DENTIST
"ANTNFCT, BROAD/MEDIUM SPECTRUM","CIPROFLOXACIN HCL",59,1000.00,TABS,"EMERGENCY MEDICINE"
"ANTNFCT, BROAD/MEDIUM SPECTRUM","DOXYCYCLINE HYCLATE",55,100.00,CAPS,"FAMILY MEDICINE"
"ANTNFCT, BROAD/MEDIUM SPECTRUM",AMOXICILLIN,2,4000.00,SUSR,"EMERGENCY MEDICINE"
"SULFONAMIDES & TRIMETHOPRIM",SULFAMETHOXAZOLE-TRIMETHOPRIM,79,1600.00,TABS,"EMERGENCY MEDICINE"
"B-LACTAM, INCREASED ACTIVITY","AMOXICILLIN & POT CLAVULANATE",34,1750.00,TABS,"NURSE PRACTITIONER"
"ANTNFCT, BROAD/MEDIUM SPECTRUM","DOXYCYCLINE HYCLATE",24,200.00,CAPS,"INTERNAL MEDICINE"
"ANTNFCT, BROAD/MEDIUM SPECTRUM",CLARITHROMYCIN,55,1000.00,TABS,"INTERNAL MEDICINE"
"ANTNFCT, BROAD/MEDIUM SPECTRUM",AMOXICILLIN,13,1000.00,CAPS,PEDIATRICS
"ANTNFCT, BROAD/MEDIUM SPECTRUM",AMOXICILLIN,47,1500.00,CAPS,DENTIST
"ANTNFCT, BROAD/MEDIUM SPECTRUM",AZITHROMYCIN,37,1000.00,TABS,"FAMILY MEDICINE"
"ANTNFCT, BROAD/MEDIUM SPECTRUM",CEPHALEXIN,80,1500.00,CAPS,"NURSE PRACTITIONER"
"ANTNFCT, BROAD/MEDIUM SPECTRUM","DOXYCYCLINE (MONOHYDRATE)",48,200.00,TABS,PSYCHIATRY
"B-LACTAM, INCREASED ACTIVITY","AMOXICILLIN & POT CLAVULANATE",45,1750.00,TABS,"EMERGENCY MEDICINE"
"SULFONAMIDES & TRIMETHOPRIM",SULFAMETHOXAZOLE-TRIMETHOPRIM,45,800.00,TABS,"PHYSICIAN ASSISTANT"
"ANTNFCT, BROAD/MEDIUM SPECTRUM",AZITHROMYCIN,85,500.00,TABS,"NURSE PRACTITIONER"
"ANTNFCT, BROAD/MEDIUM SPECTRUM",AZITHROMYCIN,43,500.00,TABS,"PHYSICIAN ASSISTANT"
"ANTNFCT, BROAD/MEDIUM SPECTRUM",AMOXICILLIN,73,2000.00,CAPS,DENTIST
"B-LACTAM, INCREASED ACTIVITY","AMOXICILLIN & POT CLAVULANATE",36,1750.00,TABS,"PHYSICIAN ASSISTANT"
"ANTNFCT, BROAD/MEDIUM SPECTRUM","CIPROFLOXACIN HCL",64,1000.00,TABS,"INTERNAL MEDICINE/PEDIATRICS"
"ANTNFCT, BROAD/MEDIUM SPECTRUM",LEVOFLOXACIN,52,750.00,TABS,HEMATOLOGY/ONCOLOGY
"ANTNFCT, BROAD/MEDIUM SPECTRUM","DOXYCYCLINE (MONOHYDRATE)",26,200.00,CAPS,"NURSE PRACTITIONER"
"ANTNFCT, BROAD/MEDIUM SPECTRUM",CEFDINIR,1,1500.00,SUSR,PEDIATRICS
"B-LACTAM, INCREASED ACTIVITY","AMOXICILLIN & POT CLAVULANATE",32,1750.00,TABS,"INTERNAL MEDICINE"
"ANTNFCT, BROAD/MEDIUM SPECTRUM",AMOXICILLIN,2,2500.00,SUSR,"PHYSICIAN ASSISTANT"
"ANTNFCT, BROAD/MEDIUM SPECTRUM",CLARITHROMYCIN,56,1000.00,TABS,"FAMILY MEDICINE"
"SULFONAMIDES & TRIMETHOPRIM",SULFAMETHOXAZOLE-TRIMETHOPRIM,52,1600.00,TABS,"PLASTIC SURGERY"
"ANTNFCT, BROAD/MEDIUM SPECTRUM","DOXYCYCLINE HYCLATE",28,200.00,TABS,"PHYSICIAN ASSISTANT"
"ANTNFCT, BROAD/MEDIUM SPECTRUM","PENICILLIN V POTASSIUM",56,2500.00,TABS,DENTIST
"ANTNFCT, BROAD/MEDIUM SPECTRUM",CEPHALEXIN,16,2000.00,CAPS,"EMERGENCY MEDICINE"
"ANTNFCT, BROAD/MEDIUM SPECTRUM",AZITHROMYCIN,33,500.00,TABS,"FAMILY MEDICINE"
"ANTNFCT, BROAD/MEDIUM SPECTRUM",CEPHALEXIN,7,5000.00,SUSR,"PHYSICIAN ASSISTANT"
"ANTNFCT, BROAD/MEDIUM SPECTRUM",AMOXICILLIN,44,1500.00,CAPS,"FAMILY MEDICINE"
"ANTNFCT, BROAD/MEDIUM SPECTRUM",AMOXICILLIN,73,1500.00,CAPS,DENTISTRY/PERIODONTICS
"ANTNFCT, BROAD/MEDIUM SPECTRUM",CEPHALEXIN,85,750.00,CAPS,PEDIATRICS
"B-LACTAM, INCREASED ACTIVITY","AMOXICILLIN & POT CLAVULANATE",64,1500.00,TABS,DENTIST
"SULFONAMIDES & TRIMETHOPRIM",SULFAMETHOXAZOLE-TRIMETHOPRIM,64,1600.00,TABS,"FAMILY MEDICINE"
"ANTNFCT, BROAD/MEDIUM SPECTRUM",AZITHROMYCIN,59,500.00,TABS,"NURSE PRACTITIONER"
"ANTNFCT, BROAD/MEDIUM SPECTRUM","CEFUROXIME AXETIL",42,500.00,TABS,"PHYSICIAN ASSISTANT"
"ANTNFCT, BROAD/MEDIUM SPECTRUM",AMOXICILLIN,2,4000.00,SUSR,PEDIATRICS
"ANTNFCT, BROAD/MEDIUM SPECTRUM",AMOXICILLIN,53,2000.00,CAPS,DENTIST
"B-LACTAM, INCREASED ACTIVITY","AMOXICILLIN & POT CLAVULANATE",67,1750.00,TABS,"FAMILY MEDICINE"
"ANTNFCT, BROAD/MEDIUM SPECTRUM","CEFUROXIME AXETIL",70,1000.00,TABS,"PHYSICIAN ASSISTANT"
"ANTNFCT, BROAD/MEDIUM SPECTRUM",AMOXICILLIN,54,1750.00,TABS,"PHYSICIAN ASSISTANT"
"ANTNFCT, BROAD/MEDIUM SPECTRUM",AMOXICILLIN,64,1500.00,CAPS,DENTIST
"ANTNFCT, BROAD/MEDIUM SPECTRUM","CLINDAMYCIN HCL",56,450.00,CAPS,DENTIST
"ANTNFCT, BROAD/MEDIUM SPECTRUM","MINOCYCLINE HCL",35,100.00,CAPS,"NURSE PRACTITIONER"
"ANTNFCT, BROAD/MEDIUM SPECTRUM",AMOXICILLIN,1,4000.00,SUSR,PEDIATRICS
"ANTNFCT, BROAD/MEDIUM SPECTRUM","DOXYCYCLINE HYCLATE",61,200.00,TABS,DERMATOLOGY
"B-LACTAM, INCREASED ACTIVITY","AMOXICILLIN & POT CLAVULANATE",5,6000.00,SUSR,"NURSE PRACTITIONER"
"ANTNFCT, BROAD/MEDIUM SPECTRUM","CEFPODOXIME PROXETIL",72,200.00,TABS,"INFECTIOUS DISEASE"
"ANTNFCT, BROAD/MEDIUM SPECTRUM",CEFDINIR,6,2500.00,SUSR,PEDIATRICS
"ANTNFCT, BROAD/MEDIUM SPECTRUM","CLINDAMYCIN HCL",56,1200.00,CAPS,"CARDIOVASCULAR DISEASE"
"ANTNFCT, BROAD/MEDIUM SPECTRUM",AZITHROMYCIN,51,250.00,TABS,"GENERAL PRACTICE"
"ANTNFCT, BROAD/MEDIUM SPECTRUM",CLARITHROMYCIN,37,1000.00,TABS,"OBSTETRICS & GYNECOLOGY"
"ANTNFCT, BROAD/MEDIUM SPECTRUM",AZITHROMYCIN,9,1200.00,SUSR,"PHYSICIAN ASSISTANT"
"ANTNFCT, BROAD/MEDIUM SPECTRUM",AMOXICILLIN,64,1500.00,CAPS,DENTIST
"ANTNFCT, BROAD/MEDIUM SPECTRUM",AMOXICILLIN,13,8000.00,SUSR,"FAMILY MEDICINE"
"ANTNFCT, BROAD/MEDIUM SPECTRUM",LEVOFLOXACIN,85,500.00,TABS,"INTERNAL MEDICINE"
"ANTNFCT, BROAD/MEDIUM SPECTRUM","CIPROFLOXACIN HCL",69,1000.00,TABS,"INTERNAL MEDICINE"
"B-LACTAM, INCREASED ACTIVITY","AMOXICILLIN & POT CLAVULANATE",43,1750.00,TABS,"EMERGENCY MEDICINE"
"ANTNFCT, BROAD/MEDIUM SPECTRUM",CEFDINIR,13,600.00,CAPS,PEDIATRICS
"ANTNFCT, BROAD/MEDIUM SPECTRUM",AMOXICILLIN,5,9200.00,SUSR,PEDIATRICS
"SULFONAMIDES & TRIMETHOPRIM",SULFAMETHOXAZOLE-TRIMETHOPRIM,42,400.00,TABS,UROLOGY
"B-LACTAM, INCREASED ACTIVITY","AMOXICILLIN & POT CLAVULANATE",10,7800.00,SUSR,PEDIATRICS
"ANTNFCT, BROAD/MEDIUM SPECTRUM","CLINDAMYCIN HCL",28,900.00,CAPS,"EMERGENCY MEDICINE"
"SULFONAMIDES & TRIMETHOPRIM",SULFAMETHOXAZOLE-TRIMETHOPRIM,85,1600.00,TABS,"INTERNAL MEDICINE"
"ANTNFCT, BROAD/MEDIUM SPECTRUM",CEPHALEXIN,26,1000.00,CAPS,"NURSE PRACTITIONER"
"ANTNFCT, BROAD/MEDIUM SPECTRUM","CIPROFLOXACIN HCL",52,1000.00,TABS,"INTERNAL MEDICINE"
"ANTNFCT, BROAD/MEDIUM SPECTRUM","MINOCYCLINE HCL",16,200.00,CAPS,"FAMILY MEDICINE"
"ANTNFCT, BROAD/MEDIUM SPECTRUM",AMOXICILLIN,35,1000.00,CAPS,"PHYSICIAN ASSISTANT"
"ANTNFCT, BROAD/MEDIUM SPECTRUM",CEPHALEXIN,69,2000.00,CAPS,"ADVANCED REGISTERED NURSE"
"ANTNFCT, BROAD/MEDIUM SPECTRUM",CEFDINIR,2,1000.00,SUSR,"PEDIATRIC OTOLARYNGOLOGY"
"ANTNFCT, BROAD/MEDIUM SPECTRUM",AZITHROMYCIN,73,500.00,TABS,"INTERNAL MEDICINE"
"ANTNFCT, BROAD/MEDIUM SPECTRUM",AMOXICILLIN,10,6000.00,SUSR,"PHYSICIAN ASSISTANT"
"B-LACTAM, INCREASED ACTIVITY","AMOXICILLIN & POT CLAVULANATE",21,1750.00,TABS,"FAMILY MEDICINE"
"ANTNFCT, BROAD/MEDIUM SPECTRUM",CEPHALEXIN,78,2000.00,CAPS,"FAMILY MEDICINE"
"ANTNFCT, BROAD/MEDIUM SPECTRUM",AZITHROMYCIN,75,500.00,TABS,"FAMILY MEDICINE"
"ANTNFCT, BROAD/MEDIUM SPECTRUM","MINOCYCLINE HCL",26,200.00,CAPS,DERMATOLOGY
"ANTNFCT, BROAD/MEDIUM SPECTRUM",AZITHROMYCIN,67,500.00,TABS,"FAMILY MEDICINE"
"ANTNFCT, BROAD/MEDIUM SPECTRUM",AMOXICILLIN,11,8000.00,SUSR,"NURSE PRACTITIONER"
"ANTNFCT, BROAD/MEDIUM SPECTRUM",CEPHALEXIN,32,1500.00,CAPS,"FAMILY MEDICINE"
"ANTNFCT, BROAD/MEDIUM SPECTRUM","MINOCYCLINE HCL",24,200.00,CAPS,DERMATOLOGY
"SULFONAMIDES & TRIMETHOPRIM",SULFAMETHOXAZOLE-TRIMETHOPRIM,34,1600.00,TABS,"OBSTETRICS & GYNECOLOGY"
"SULFONAMIDES & TRIMETHOPRIM",SULFAMETHOXAZOLE-TRIMETHOPRIM,45,1600.00,TABS,"GENERAL PRACTICE"
"ANTNFCT, BROAD/MEDIUM SPECTRUM","CLINDAMYCIN HCL",62,900.00,CAPS,"ORTHOPEDIC SURGERY OF THE SPINE"
"ANTNFCT, BROAD/MEDIUM SPECTRUM","DOXYCYCLINE (MONOHYDRATE)",63,100.00,TABS,DERMATOLOGY
"ANTNFCT, BROAD/MEDIUM SPECTRUM",AMOXICILLIN,0,1500.00,SUSR,"FAMILY MEDICINE"
"ANTNFCT, BROAD/MEDIUM SPECTRUM","DOXYCYCLINE HYCLATE",31,200.00,CAPS,"REPRODUCTIVE ENDOCRINOLOGY & INFERTILITY"
"ANTNFCT, BROAD/MEDIUM SPECTRUM",CEFDINIR,4,1000.00,SUSR,"FAMILY MEDICINE"
"ANTNFCT, BROAD/MEDIUM SPECTRUM",CEPHALEXIN,9,5000.00,SUSR,"EMERGENCY MEDICINE"
"ANTNFCT, BROAD/MEDIUM SPECTRUM",AZITHROMYCIN,60,250.00,TABS,"PULMONARY CRITICAL CARE MEDICINE"
"ANTNFCT, BROAD/MEDIUM SPECTRUM",AMOXICILLIN,2,8000.00,SUSR,PEDIATRICS
"ANTNFCT, BROAD/MEDIUM SPECTRUM",AMOXICILLIN,30,1000.00,CAPS,"FAMILY MEDICINE"
"ANTNFCT, BROAD/MEDIUM SPECTRUM",AMOXICILLIN,13,9200.00,SUSR,"FAMILY MEDICINE"
"ANTNFCT, BROAD/MEDIUM SPECTRUM","CLINDAMYCIN HCL",74,900.00,CAPS,"ORTHOPEDIC SURGERY"
"ANTNFCT, BROAD/MEDIUM SPECTRUM",CEPHALEXIN,63,2000.00,CAPS,DENTIST
"ANTNFCT, BROAD/MEDIUM SPECTRUM",AMOXICILLIN,41,1500.00,CAPS,DENTIST
"B-LACTAM, INCREASED ACTIVITY","AMOXICILLIN & POT CLAVULANATE",37,1750.00,TABS,"NURSE PRACTITIONER"
"B-LACTAM, INCREASED ACTIVITY","AMOXICILLIN & POT CLAVULANATE",71,1750.00,TABS,"PHYSICIAN ASSISTANT"
"ANTNFCT, BROAD/MEDIUM SPECTRUM","DOXYCYCLINE HYCLATE",58,100.00,CAPS,"PHYSICIAN ASSISTANT"
"ANTNFCT, BROAD/MEDIUM SPECTRUM",CLARITHROMYCIN,44,1000.00,TABS,"INTERNAL MEDICINE"
"ANTNFCT, BROAD/MEDIUM SPECTRUM","CIPROFLOXACIN HCL",85,500.00,TABS,"INTERNAL MEDICINE"
"ANTNFCT, BROAD/MEDIUM SPECTRUM",AMOXICILLIN,56,2000.00,CAPS,GASTROENTEROLOGY
"B-LACTAM, INCREASED ACTIVITY","AMOXICILLIN & POT CLAVULANATE",33,1750.00,TABS,"NURSE PRACTITIONER"
"SULFONAMIDES & TRIMETHOPRIM",TRIMETHOPRIM,22,400.00,TABS,DERMATOLOGY
"ANTNFCT, BROAD/MEDIUM SPECTRUM",CEPHALEXIN,26,1500.00,TABS,"NURSE PRACTITIONER"
"B-LACTAM, INCREASED ACTIVITY","AMOXICILLIN & POT CLAVULANATE",7,1750.00,TABS,"NURSE PRACTITIONER"
"ANTNFCT, BROAD/MEDIUM SPECTRUM",AMOXICILLIN,2,6000.00,SUSR,PEDIATRICS
"ANTNFCT, BROAD/MEDIUM SPECTRUM",CEFDINIR,55,600.00,CAPS,"PHYSICIAN ASSISTANT"
"ANTNFCT, BROAD/MEDIUM SPECTRUM",CEPHALEXIN,23,1000.00,CAPS,"PHYSICIAN ASSISTANT"
"ANTNFCT, BROAD/MEDIUM SPECTRUM",AMOXICILLIN,10,8000.00,SUSR,PSYCHIATRY
"ANTNFCT, BROAD/MEDIUM SPECTRUM","CLINDAMYCIN HCL",63,600.00,CAPS,"ORAL & MAXILLOFACIAL SURGERY"
"ANTNFCT, BROAD/MEDIUM SPECTRUM",AMOXICILLIN,66,1500.00,TABS,
"ANTNFCT, BROAD/MEDIUM SPECTRUM","PENICILLIN V POTASSIUM",54,1500.00,TABS,DENTIST
"ANTNFCT, BROAD/MEDIUM SPECTRUM",AZITHROMYCIN,49,500.00,TABS,"PHYSICIAN ASSISTANT"
"ANTNFCT, BROAD/MEDIUM SPECTRUM","VANCOMYCIN HCL",45,500.00,CAPS,"EMERGENCY MEDICINE"
"B-LACTAM, INCREASED ACTIVITY","AMOXICILLIN & POT CLAVULANATE",16,1750.00,TABS,PEDIATRICS
"B-LACTAM, INCREASED ACTIVITY","AMOXICILLIN & POT CLAVULANATE",21,1750.00,TABS,"PHYSICIAN ASSISTANT"
"ANTNFCT, BROAD/MEDIUM SPECTRUM",AMOXICILLIN,73,1750.00,TABS,"NURSE PRACTITIONER"
"ANTNFCT, BROAD/MEDIUM SPECTRUM","DOXYCYCLINE HYCLATE",26,200.00,TABS,"FAMILY MEDICINE"
"ANTNFCT, BROAD/MEDIUM SPECTRUM",AMOXICILLIN,5,8000.00,SUSR,PEDIATRICS
"ANTNFCT, BROAD/MEDIUM SPECTRUM","CIPROFLOXACIN HCL",67,1000.00,TABS,GASTROENTEROLOGY
"B-LACTAM, INCREASED ACTIVITY","AMOXICILLIN & POT CLAVULANATE",6,7800.00,SUSR,"PHYSICIAN ASSISTANT"
"ANTNFCT, BROAD/MEDIUM SPECTRUM",CEPHALEXIN,28,1500.00,CAPS,"PHYSICIAN ASSISTANT"
"ANTNFCT, BROAD/MEDIUM SPECTRUM",CEPHALEXIN,85,1000.00,CAPS,"INTERNAL MEDICINE"
"ANTNFCT, BROAD/MEDIUM SPECTRUM","CLINDAMYCIN HCL",58,1200.00,CAPS,"EMERGENCY MEDICINE"
"ANTNFCT, BROAD/MEDIUM SPECTRUM",AMOXICILLIN,18,1750.00,TABS,"ORAL & MAXILLOFACIAL SURGERY"
"ANTNFCT, BROAD/MEDIUM SPECTRUM",AZITHROMYCIN,23,500.00,TABS,"NURSE PRACTITIONER"
"ANTNFCT, BROAD/MEDIUM SPECTRUM",AMOXICILLIN,2,4000.00,SUSR,"NURSE PRACTITIONER"
"B-LACTAM, INCREASED ACTIVITY","AMOXICILLIN & POT CLAVULANATE",77,1750.00,TABS,"INTERNAL MEDICINE"
"ANTNFCT, BROAD/MEDIUM SPECTRUM","CLINDAMYCIN PALMITATE HYDROCHLORIDE",7,5400.00,SOLR,"NURSE PRACTITIONER"
"ANTNFCT, BROAD/MEDIUM SPECTRUM",AMOXICILLIN,18,2000.00,CAPS,DENTIST
"ANTNFCT, BROAD/MEDIUM SPECTRUM",AMOXICILLIN,30,1500.00,CAPS,"PHYSICIAN ASSISTANT"
"ANTNFCT, BROAD/MEDIUM SPECTRUM",AZITHROMYCIN,24,500.00,TABS,DENTIST
"ANTNFCT, BROAD/MEDIUM SPECTRUM",AMOXICILLIN,85,1500.00,CAPS,"INTERNAL MEDICINE/FAMILY MEDICINE"
"ANTNFCT, BROAD/MEDIUM SPECTRUM","CLINDAMYCIN HCL",66,600.00,CAPS,DENTIST
"B-LACTAM, INCREASED ACTIVITY","AMOXICILLIN & POT CLAVULANATE",2,6000.00,SUSR,"PHYSICIAN ASSISTANT"
"SULFONAMIDES & TRIMETHOPRIM",SULFAMETHOXAZOLE-TRIMETHOPRIM,49,1600.00,TABS,"PHYSICIAN ASSISTANT"
"SULFONAMIDES & TRIMETHOPRIM",SULFAMETHOXAZOLE-TRIMETHOPRIM,58,2400.00,TABS,
"ANTNFCT, BROAD/MEDIUM SPECTRUM",LEVOFLOXACIN,73,750.00,TABS,"GENERAL PRACTICE"
"ANTNFCT, BROAD/MEDIUM SPECTRUM","DOXYCYCLINE (MONOHYDRATE)",34,200.00,TABS,"INTERNAL MEDICINE"
"ANTNFCT, BROAD/MEDIUM SPECTRUM","DOXYCYCLINE HYCLATE",56,40.00,TABS,DENTIST
"ANTNFCT, BROAD/MEDIUM SPECTRUM","MINOCYCLINE HCL",16,200.00,CAPS,PEDIATRICS
"ANTNFCT, BROAD/MEDIUM SPECTRUM","CIPROFLOXACIN HCL",32,1000.00,TABS,"FAMILY MEDICINE"
"B-LACTAM, INCREASED ACTIVITY","AMOXICILLIN & POT CLAVULANATE",73,1750.00,TABS,DENTIST
"ANTNFCT, BROAD/MEDIUM SPECTRUM","CEFUROXIME AXETIL",67,1000.00,TABS,"INTERNAL MEDICINE"
"B-LACTAM, INCREASED ACTIVITY","AMOXICILLIN & POT CLAVULANATE",35,1750.00,TABS,"EMERGENCY MEDICINE"
"ANTNFCT, BROAD/MEDIUM SPECTRUM",AMOXICILLIN,44,1500.00,CAPS,"PHYSICIAN ASSISTANT"
"SULFONAMIDES & TRIMETHOPRIM",SULFAMETHOXAZOLE-TRIMETHOPRIM,19,1600.00,TABS,"INTERNAL MEDICINE"
"ANTNFCT, BROAD/MEDIUM SPECTRUM","CIPROFLOXACIN HCL",83,1000.00,TABS,"INTERNAL MEDICINE"
"ANTNFCT, BROAD/MEDIUM SPECTRUM",CEPHALEXIN,30,1500.00,CAPS,PODIATRIST
"ANTNFCT, BROAD/MEDIUM SPECTRUM",LEVOFLOXACIN,67,500.00,TABS,"FAMILY MEDICINE"
"ANTNFCT, BROAD/MEDIUM SPECTRUM","CLINDAMYCIN PALMITATE HYDROCHLORIDE",1,2250.00,SOLR,PEDIATRICS
"ANTNFCT, BROAD/MEDIUM SPECTRUM",AMOXICILLIN,81,2000.00,CAPS,DENTIST
"B-LACTAM, INCREASED ACTIVITY","AMOXICILLIN & POT CLAVULANATE",85,1750.00,TABS,"INTERNAL MEDICINE"
"ANTNFCT, BROAD/MEDIUM SPECTRUM",CEPHALEXIN,59,1000.00,CAPS,"NEUROTOLOGY (OTOLARYNGOLOGY)"
"ANTNFCT, BROAD/MEDIUM SPECTRUM","DOXYCYCLINE HYCLATE",62,40.00,TABS,DERMATOLOGY
"ANTNFCT, BROAD/MEDIUM SPECTRUM",AMOXICILLIN,46,2000.00,CAPS,"ORTHOPEDIC SURGERY"
"ANTNFCT, BROAD/MEDIUM SPECTRUM",AZITHROMYCIN,3,600.00,SUSR,PEDIATRICS
"ANTNFCT, BROAD/MEDIUM SPECTRUM",AMOXICILLIN,57,2000.00,CAPS,DENTIST
"ANTNFCT, BROAD/MEDIUM SPECTRUM",AMOXICILLIN,24,1500.00,CAPS,DENTIST
"ANTNFCT, BROAD/MEDIUM SPECTRUM",AZITHROMYCIN,53,500.00,TABS,"OBSTETRICS & GYNECOLOGY"
"ANTNFCT, BROAD/MEDIUM SPECTRUM","PENICILLIN V POTASSIUM",48,1500.00,TABS,"NURSE PRACTITIONER"
"SULFONAMIDES & TRIMETHOPRIM",SULFAMETHOXAZOLE-TRIMETHOPRIM,49,1600.00,TABS,"FAMILY MEDICINE"
"B-LACTAM, INCREASED ACTIVITY","AMOXICILLIN & POT CLAVULANATE",13,12000.00,SUSR,"NURSE PRACTITIONER"
"ANTNFCT, BROAD/MEDIUM SPECTRUM","CLINDAMYCIN HCL",53,900.00,CAPS,DENTIST
"ANTNFCT, BROAD/MEDIUM SPECTRUM",CEPHALEXIN,3,3750.00,SUSR,"ORAL & MAXILLOFACIAL SURGERY"
"ANTNFCT, BROAD/MEDIUM SPECTRUM",CEPHALEXIN,58,1500.00,CAPS,"FAMILY MEDICINE"
"ANTNFCT, BROAD/MEDIUM SPECTRUM",AMOXICILLIN,36,1000.00,CAPS,"NURSE PRACTITIONER"
"ANTNFCT, BROAD/MEDIUM SPECTRUM",CEFDINIR,60,600.00,CAPS,"FAMILY MEDICINE"
"ANTNFCT, BROAD/MEDIUM SPECTRUM",AMOXICILLIN,1,2000.00,SUSR,PEDIATRICS
"B-LACTAM, INCREASED ACTIVITY","AMOXICILLIN & POT CLAVULANATE",20,1750.00,TABS,"FAMILY MEDICINE"
"B-LACTAM, INCREASED ACTIVITY","AMOXICILLIN & POT CLAVULANATE",59,1750.00,TABS,PEDIATRICS
"SULFONAMIDES & TRIMETHOPRIM",SULFAMETHOXAZOLE-TRIMETHOPRIM,74,1600.00,TABS,"PHYSICIAN ASSISTANT"
"ANTNFCT, BROAD/MEDIUM SPECTRUM","CEFUROXIME AXETIL",24,1000.00,TABS,"INTERNAL MEDICINE"
"ANTNFCT, BROAD/MEDIUM SPECTRUM",AZITHROMYCIN,51,500.00,TABS,"FAMILY MEDICINE"
"ANTNFCT, BROAD/MEDIUM SPECTRUM","CIPROFLOXACIN HCL",39,500.00,TABS,"NURSE PRACTITIONER"
"ANTNFCT, BROAD/MEDIUM SPECTRUM",AMOXICILLIN,18,1500.00,CAPS,"ORAL & MAXILLOFACIAL SURGERY"
"ANTNFCT, BROAD/MEDIUM SPECTRUM",CEPHALEXIN,49,3000.00,CAPS,HOSPITALIST
"ANTNFCT, BROAD/MEDIUM SPECTRUM",AMOXICILLIN,75,2000.00,CAPS,"NURSE PRACTITIONER"
"SULFONAMIDES & TRIMETHOPRIM",SULFAMETHOXAZOLE-TRIMETHOPRIM,42,1600.00,TABS,UROLOGY
"ANTNFCT, BROAD/MEDIUM SPECTRUM",AMOXICILLIN,27,1500.00,CAPS,DENTIST
"ANTNFCT, BROAD/MEDIUM SPECTRUM",AMOXICILLIN,67,1500.00,CAPS,DENTIST
"ANTNFCT, BROAD/MEDIUM SPECTRUM","DOXYCYCLINE HYCLATE",69,200.00,CAPS,"NURSE PRACTITIONER"
"ANTNFCT, BROAD/MEDIUM SPECTRUM",AZITHROMYCIN,30,1800.00,SUSR,"NURSE PRACTITIONER"
"ANTNFCT, BROAD/MEDIUM SPECTRUM","ERYTHROMYCIN BASE",33,2000.00,TABS,"ORTHOPEDIC SURGERY"
"ANTNFCT, BROAD/MEDIUM SPECTRUM","DOXYCYCLINE (MONOHYDRATE)",58,200.00,TABS,"PHYSICIAN ASSISTANT"
"SULFONAMIDES & TRIMETHOPRIM",SULFAMETHOXAZOLE-TRIMETHOPRIM,69,1600.00,TABS,"NURSE PRACTITIONER"
"ANTNFCT, BROAD/MEDIUM SPECTRUM",CEPHALEXIN,15,1000.00,CAPS,PEDIATRICS
"B-LACTAM, INCREASED ACTIVITY","AMOXICILLIN & POT CLAVULANATE",58,1750.00,TABS,"NURSE PRACTITIONER"
"B-LACTAM, INCREASED ACTIVITY","AMOXICILLIN & POT CLAVULANATE",47,1750.00,TABS,"NURSE PRACTITIONER"
"B-LACTAM, INCREASED ACTIVITY","AMOXICILLIN & POT CLAVULANATE",1,3200.00,SUSR,PEDIATRICS
"ANTNFCT, BROAD/MEDIUM SPECTRUM","CEFUROXIME AXETIL",60,1000.00,TABS,"STUDENT, HEALTH CARE"
"ANTNFCT, BROAD/MEDIUM SPECTRUM",CEPHALEXIN,2,3750.00,SUSR,PEDIATRICS
"ANTNFCT, BROAD/MEDIUM SPECTRUM","CIPROFLOXACIN HCL",83,1000.00,TABS,"EMERGENCY MEDICINE"
"ANTNFCT, BROAD/MEDIUM SPECTRUM",CEFDINIR,85,600.00,CAPS,"NURSE PRACTITIONER"
"ANTNFCT, BROAD/MEDIUM SPECTRUM",AZITHROMYCIN,41,500.00,TABS,HOSPITALIST
"ANTNFCT, BROAD/MEDIUM SPECTRUM",AMOXICILLIN,57,1750.00,TABS,"FAMILY MEDICINE"
"ANTNFCT, BROAD/MEDIUM SPECTRUM","CLINDAMYCIN HCL",24,900.00,CAPS,"FAMILY MEDICINE"
"ANTNFCT, BROAD/MEDIUM SPECTRUM","CIPROFLOXACIN HCL",54,1000.00,TABS,"INTERNAL MEDICINE"
"B-LACTAM, INCREASED ACTIVITY","AMOXICILLIN & POT CLAVULANATE",40,1500.00,TABS,"NURSE PRACTITIONER"
"B-LACTAM, INCREASED ACTIVITY","AMOXICILLIN & POT CLAVULANATE",2,7800.00,SUSR,"NURSE PRACTITIONER"
"ANTNFCT, BROAD/MEDIUM SPECTRUM","MINOCYCLINE HCL",18,50.00,CAPS,PEDIATRICS
"B-LACTAM, INCREASED ACTIVITY","AMOXICILLIN & POT CLAVULANATE",35,1500.00,TABS,"ORAL & MAXILLOFACIAL SURGERY"
"ANTNFCT, BROAD/MEDIUM SPECTRUM","CLINDAMYCIN HCL",64,1200.00,CAPS,DENTIST
"ANTNFCT, BROAD/MEDIUM SPECTRUM",LEVOFLOXACIN,38,750.00,TABS,"FAMILY MEDICINE"
"ANTNFCT, BROAD/MEDIUM SPECTRUM",AZITHROMYCIN,17,500.00,TABS,"NURSE PRACTITIONER"
"ANTNFCT, BROAD/MEDIUM SPECTRUM",AZITHROMYCIN,6,600.00,SUSR,"PHYSICIAN ASSISTANT"
"SULFONAMIDES & TRIMETHOPRIM",SULFAMETHOXAZOLE-TRIMETHOPRIM,20,800.00,TABS,"PHYSICIAN ASSISTANT"
"ANTNFCT, BROAD/MEDIUM SPECTRUM","DOXYCYCLINE HYCLATE",79,200.00,CAPS,"INTERNAL MEDICINE"
"ANTNFCT, BROAD/MEDIUM SPECTRUM","DOXYCYCLINE HYCLATE",51,200.00,TABS,"EMERGENCY MEDICINE"
"B-LACTAM, INCREASED ACTIVITY","AMOXICILLIN & POT CLAVULANATE",19,1750.00,TABS,"NURSE PRACTITIONER"
"ANTNFCT, BROAD/MEDIUM SPECTRUM","DOXYCYCLINE HYCLATE",63,200.00,TABS,"NURSE PRACTITIONER"
"ANTNFCT, BROAD/MEDIUM SPECTRUM",AMOXICILLIN,3,4400.00,SUSR,ALLERGY
"ANTNFCT, BROAD/MEDIUM SPECTRUM","MINOCYCLINE HCL",34,100.00,CAPS,DERMATOLOGY
"ANTNFCT, BROAD/MEDIUM SPECTRUM",CEPHALEXIN,37,1500.00,CAPS,"PHYSICIAN ASSISTANT"
"ANTNFCT, BROAD/MEDIUM SPECTRUM","DOXYCYCLINE HYCLATE",41,150.00,TABS,DERMATOLOGY
"B-LACTAM, INCREASED ACTIVITY","AMOXICILLIN & POT CLAVULANATE",85,1750.00,TABS,"INFECTIOUS DISEASE"
"ANTNFCT, BROAD/MEDIUM SPECTRUM","PENICILLIN V POTASSIUM",8,2500.00,SOLR,"EMERGENCY MEDICINE"
"SULFONAMIDES & TRIMETHOPRIM",SULFAMETHOXAZOLE-TRIMETHOPRIM,15,1600.00,TABS,"PEDIATRIC EMERGENCY MEDICINE (PEDIATRICS)"
"ANTNFCT, BROAD/MEDIUM SPECTRUM",AMOXICILLIN,10,4000.00,SUSR,PEDIATRICS
"SULFONAMIDES & TRIMETHOPRIM",SULFAMETHOXAZOLE-TRIMETHOPRIM,23,1600.00,TABS,"NURSE PRACTITIONER"
"B-LACTAM, INCREASED ACTIVITY","AMOXICILLIN & POT CLAVULANATE",60,1750.00,TABS,"FAMILY MEDICINE"
"ANTNFCT, BROAD/MEDIUM SPECTRUM","CLINDAMYCIN HCL",64,1200.00,CAPS,"NURSE PRACTITIONER"
"ANTNFCT, BROAD/MEDIUM SPECTRUM",AZITHROMYCIN,21,500.00,TABS,"FAMILY MEDICINE"
"ANTNFCT, BROAD/MEDIUM SPECTRUM",CEPHALEXIN,64,1000.00,CAPS,"NURSE PRACTITIONER"
"ANTNFCT, BROAD/MEDIUM SPECTRUM",CEPHALEXIN,66,2000.00,CAPS,"EMERGENCY MEDICINE"
"SULFONAMIDES & TRIMETHOPRIM",SULFAMETHOXAZOLE-TRIMETHOPRIM,31,1600.00,TABS,"OBSTETRICS & GYNECOLOGY"
"B-LACTAM, INCREASED ACTIVITY","AMOXICILLIN & POT CLAVULANATE",2,3200.00,SUSR,"FAMILY MEDICINE"
"ANTNFCT, BROAD/MEDIUM SPECTRUM",AMOXICILLIN,22,1000.00,CAPS,"FAMILY MEDICINE"
"ANTNFCT, BROAD/MEDIUM SPECTRUM",CEPHALEXIN,10,7250.00,SUSR,"PHYSICIAN ASSISTANT"
"B-LACTAM, INCREASED ACTIVITY","AMOXICILLIN & POT CLAVULANATE",0,4800.00,SUSR,PEDIATRICS
"ANTNFCT, BROAD/MEDIUM SPECTRUM","MINOCYCLINE HCL",14,100.00,CAPS,PEDIATRICS
"ANTNFCT, BROAD/MEDIUM SPECTRUM","CLINDAMYCIN HCL",27,450.00,CAPS,DENTIST
"ANTNFCT, BROAD/MEDIUM SPECTRUM",AMOXICILLIN,82,2000.00,CAPS,DENTIST
"ANTNFCT, BROAD/MEDIUM SPECTRUM",CEPHALEXIN,14,1500.00,CAPS,"FAMILY MEDICINE"
"ANTNFCT, BROAD/MEDIUM SPECTRUM",AMOXICILLIN,2,8000.00,SUSR,PEDIATRICS
"B-LACTAM, INCREASED ACTIVITY","AMOXICILLIN & POT CLAVULANATE",2,3200.00,SUSR,"PHYSICIAN ASSISTANT"
"B-LACTAM, INCREASED ACTIVITY","AMOXICILLIN & POT CLAVULANATE",33,1750.00,TABS,"OBSTETRICS & GYNECOLOGY"
"ANTNFCT, BROAD/MEDIUM SPECTRUM",AMOXICILLIN,61,2000.00,CAPS,DENTIST
"SULFONAMIDES & TRIMETHOPRIM",SULFAMETHOXAZOLE-TRIMETHOPRIM,33,1600.00,TABS,"NURSE PRACTITIONER"
"ANTNFCT, BROAD/MEDIUM SPECTRUM","DOXYCYCLINE (MONOHYDRATE)",49,1050.00,SUSR,HEMATOLOGY/ONCOLOGY
"ANTNFCT, BROAD/MEDIUM SPECTRUM",CEPHALEXIN,19,2000.00,CAPS,"EMERGENCY MEDICINE"
"ANTNFCT, BROAD/MEDIUM SPECTRUM",AMOXICILLIN,56,1500.00,CAPS,DENTIST
"ANTNFCT, BROAD/MEDIUM SPECTRUM",AMOXICILLIN,14,1750.00,TABS,PEDIATRICS
"ANTNFCT, BROAD/MEDIUM SPECTRUM",AZITHROMYCIN,4,600.00,SUSR,"INTERNAL MEDICINE"
"ANTNFCT, BROAD/MEDIUM SPECTRUM",AZITHROMYCIN,3,300.00,SUSR,"NURSE PRACTITIONER"
"ANTNFCT, BROAD/MEDIUM SPECTRUM","DOXYCYCLINE HYCLATE",63,200.00,CAPS,"INFECTIOUS DISEASE"
"ANTNFCT, BROAD/MEDIUM SPECTRUM",AZITHROMYCIN,76,500.00,TABS,"NURSE PRACTITIONER"
"ANTNFCT, BROAD/MEDIUM SPECTRUM",AMOXICILLIN,7,10000.00,SUSR,"NURSE PRACTITIONER"
"B-LACTAM, INCREASED ACTIVITY","AMOXICILLIN & POT CLAVULANATE",64,1750.00,TABS,"PHYSICIAN ASSISTANT"
"ANTNFCT, BROAD/MEDIUM SPECTRUM",CEFDINIR,9,3000.00,SUSR,PEDIATRICS
"ANTNFCT, BROAD/MEDIUM SPECTRUM",OFLOXACIN,67,400.00,TABS,RHEUMATOLOGY
"ANTNFCT, BROAD/MEDIUM SPECTRUM",AMOXICILLIN,74,1500.00,CAPS,"ORAL & MAXILLOFACIAL SURGERY"
"ANTNFCT, BROAD/MEDIUM SPECTRUM","DOXYCYCLINE HYCLATE",44,200.00,CAPS,UROLOGY
"B-LACTAM, INCREASED ACTIVITY","AMOXICILLIN & POT CLAVULANATE",45,1750.00,TABS,HEMATOLOGY/ONCOLOGY
"ANTNFCT, BROAD/MEDIUM SPECTRUM","CLINDAMYCIN HCL",63,600.00,CAPS,DENTIST
"ANTNFCT, BROAD/MEDIUM SPECTRUM","PENICILLIN V POTASSIUM",51,2000.00,TABS,DENTIST
"ANTNFCT, BROAD/MEDIUM SPECTRUM",AZITHROMYCIN,39,500.00,TABS,"NURSE PRACTITIONER"
"ANTNFCT, BROAD/MEDIUM SPECTRUM",CEFDINIR,85,600.00,CAPS,"FAMILY MEDICINE"
"B-LACTAM, INCREASED ACTIVITY","AMOXICILLIN & POT CLAVULANATE",15,1750.00,TABS,"NURSE PRACTITIONER"
"ANTNFCT, BROAD/MEDIUM SPECTRUM","CLINDAMYCIN HCL",21,600.00,CAPS,"FAMILY MEDICINE"
"ANTNFCT, BROAD/MEDIUM SPECTRUM",AMOXICILLIN,41,1500.00,CAPS,"ORAL & MAXILLOFACIAL SURGERY"
"SULFONAMIDES & TRIMETHOPRIM",SULFAMETHOXAZOLE-TRIMETHOPRIM,75,1600.00,TABS,"PHYSICIAN ASSISTANT"
"ANTNFCT, BROAD/MEDIUM SPECTRUM",AMOXICILLIN,47,2000.00,CAPS,DENTIST
"ANTNFCT, BROAD/MEDIUM SPECTRUM",AMOXICILLIN,65,2000.00,CAPS,DENTIST
"ANTNFCT, BROAD/MEDIUM SPECTRUM",LEVOFLOXACIN,43,500.00,TABS,"INTERNAL MEDICINE"
"ANTNFCT, BROAD/MEDIUM SPECTRUM",AZITHROMYCIN,57,500.00,TABS,"FAMILY MEDICINE"
"ANTNFCT, BROAD/MEDIUM SPECTRUM",AMOXICILLIN,85,1750.00,TABS,"INTERNAL MEDICINE"
"B-LACTAM, INCREASED ACTIVITY","AMOXICILLIN & POT CLAVULANATE",64,875.00,TABS,"INFECTIOUS DISEASE"
"ANTNFCT, BROAD/MEDIUM SPECTRUM",LEVOFLOXACIN,60,500.00,TABS,"PULMONARY CRITICAL CARE MEDICINE"
"ANTNFCT, BROAD/MEDIUM SPECTRUM","CIPROFLOXACIN HCL",73,1000.00,TABS,"CARDIOVASCULAR DISEASE"
"SULFONAMIDES & TRIMETHOPRIM",SULFAMETHOXAZOLE-TRIMETHOPRIM,27,1600.00,TABS,"NURSE PRACTITIONER"
"B-LACTAM, INCREASED ACTIVITY","AMOXICILLIN & POT CLAVULANATE",77,750.00,TABS,"INTERNAL MEDICINE"
"ANTNFCT, BROAD/MEDIUM SPECTRUM","CIPROFLOXACIN HCL",76,1000.00,TABS,UROLOGY
"ANTNFCT, BROAD/MEDIUM SPECTRUM",AMOXICILLIN,6,4000.00,SUSR,PEDIATRICS
"ANTNFCT, BROAD/MEDIUM SPECTRUM",AMOXICILLIN,7,10750.00,SUSR,"PHYSICIAN ASSISTANT"
"ANTNFCT, BROAD/MEDIUM SPECTRUM","CIPROFLOXACIN HCL",77,1000.00,TABS,"NURSE PRACTITIONER"
"ANTNFCT, BROAD/MEDIUM SPECTRUM",AMOXICILLIN,20,1500.00,CAPS,DENTIST
"ANTNFCT, BROAD/MEDIUM SPECTRUM",LEVOFLOXACIN,52,750.00,TABS,ANESTHESIOLOGY
"ANTNFCT, BROAD/MEDIUM SPECTRUM",AMOXICILLIN,8,10750.00,SUSR,DENTIST
"ANTNFCT, BROAD/MEDIUM SPECTRUM",AZITHROMYCIN,15,500.00,TABS,"NURSE PRACTITIONER"
"ANTNFCT, BROAD/MEDIUM SPECTRUM","DOXYCYCLINE (ROSACEA)",77,40.00,CPDR,DERMATOLOGY
"SULFONAMIDES & TRIMETHOPRIM",SULFAMETHOXAZOLE-TRIMETHOPRIM,81,1600.00,TABS,OTOLARYNGOLOGY
"ANTNFCT, BROAD/MEDIUM SPECTRUM",AZITHROMYCIN,57,500.00,TABS,"FAMILY MEDICINE"
"ANTNFCT, BROAD/MEDIUM SPECTRUM",AZITHROMYCIN,17,500.00,TABS,PEDIATRICS
"ANTNFCT, BROAD/MEDIUM SPECTRUM","DOXYCYCLINE HYCLATE",74,200.00,CAPS,UROLOGY
"B-LACTAM, INCREASED ACTIVITY","AMOXICILLIN & POT CLAVULANATE",58,1750.00,TABS,"FAMILY MEDICINE"
"ANTNFCT, BROAD/MEDIUM SPECTRUM",CEPHALEXIN,20,1500.00,CAPS,"OBSTETRICS & GYNECOLOGY"
"SULFONAMIDES & TRIMETHOPRIM",SULFAMETHOXAZOLE-TRIMETHOPRIM,17,1600.00,TABS,PEDIATRICS
"ANTNFCT, BROAD/MEDIUM SPECTRUM","CIPROFLOXACIN HCL",72,1000.00,TABS,"PHYSICIAN ASSISTANT"
"ANTNFCT, BROAD/MEDIUM SPECTRUM",AMOXICILLIN,1,3750.00,SUSR,"PHYSICIAN ASSISTANT"
"ANTNFCT, BROAD/MEDIUM SPECTRUM",AZITHROMYCIN,72,500.00,TABS,"ORAL & MAXILLOFACIAL SURGERY"
"ANTNFCT, BROAD/MEDIUM SPECTRUM",AMOXICILLIN,1,4800.00,SUSR,PEDIATRICS
"SULFONAMIDES & TRIMETHOPRIM",SULFAMETHOXAZOLE-TRIMETHOPRIM,81,1600.00,TABS,UROLOGY
"SULFONAMIDES & TRIMETHOPRIM",SULFAMETHOXAZOLE-TRIMETHOPRIM,6,4000.00,SUSP,PEDIATRICS
"B-LACTAM, INCREASED ACTIVITY","AMOXICILLIN & POT CLAVULANATE",26,1750.00,TABS,"FAMILY MEDICINE"
"ANTNFCT, BROAD/MEDIUM SPECTRUM","MINOCYCLINE HCL",24,200.00,CAPS,"INTERNAL MEDICINE"
"ANTNFCT, BROAD/MEDIUM SPECTRUM",AMOXICILLIN,47,1750.00,TABS,"NURSE PRACTITIONER"
"ANTNFCT, BROAD/MEDIUM SPECTRUM","CIPROFLOXACIN HCL",85,250.00,TABS,UROLOGY
"ANTNFCT, BROAD/MEDIUM SPECTRUM",LEVOFLOXACIN,74,250.00,TABS,"INTERNAL MEDICINE"
"ANTNFCT, BROAD/MEDIUM SPECTRUM",AZITHROMYCIN,53,500.00,TABS,"NURSE PRACTITIONER"
"ANTNFCT, BROAD/MEDIUM SPECTRUM",AMOXICILLIN,19,1000.00,CAPS,"PHYSICIAN ASSISTANT"
"ANTNFCT, BROAD/MEDIUM SPECTRUM",CEPHALEXIN,35,1500.00,CAPS,"INTERNAL MEDICINE"
"ANTNFCT, BROAD/MEDIUM SPECTRUM","PENICILLIN V POTASSIUM",70,1500.00,TABS,DENTIST
"B-LACTAM, INCREASED ACTIVITY","AMOXICILLIN & POT CLAVULANATE",29,1750.00,TABS,
"ANTNFCT, BROAD/MEDIUM SPECTRUM",CEPHALEXIN,24,2000.00,CAPS,"FAMILY MEDICINE"
"SULFONAMIDES & TRIMETHOPRIM",SULFAMETHOXAZOLE-TRIMETHOPRIM,8,8000.00,SUSP,"NURSE PRACTITIONER"
"ANTNFCT, BROAD/MEDIUM SPECTRUM",AZITHROMYCIN,20,500.00,TABS,"FAMILY MEDICINE"
"ANTNFCT, BROAD/MEDIUM SPECTRUM","NEOMYCIN SULFATE",82,3000.00,TABS,"GENERAL SURGERY"
"ANTNFCT, BROAD/MEDIUM SPECTRUM",CEFADROXIL,40,1000.00,CAPS,"PHYSICIAN ASSISTANT"
"ANTNFCT, BROAD/MEDIUM SPECTRUM",LEVOFLOXACIN,72,500.00,TABS,"FAMILY MEDICINE"
"ANTNFCT, BROAD/MEDIUM SPECTRUM","CIPROFLOXACIN HCL",61,1000.00,TABS,"MEDICAL ONCOLOGY"
"ANTNFCT, BROAD/MEDIUM SPECTRUM",AMOXICILLIN,8,1500.00,CAPS,"NURSE PRACTITIONER"
"B-LACTAM, INCREASED ACTIVITY","AMOXICILLIN & POT CLAVULANATE",40,1750.00,TABS,"NURSE PRACTITIONER"
"ANTNFCT, BROAD/MEDIUM SPECTRUM",AMOXICILLIN,74,1500.00,CAPS,DENTIST
"ANTNFCT, BROAD/MEDIUM SPECTRUM",AMOXICILLIN,85,1500.00,CAPS,"GENERAL PRACTICE"
"ANTNFCT, BROAD/MEDIUM SPECTRUM",AMOXICILLIN,21,2000.00,CAPS,"PEDIATRIC CARDIOLOGY"
"ANTNFCT, BROAD/MEDIUM SPECTRUM",CEFDINIR,15,600.00,CAPS,PEDIATRICS
"B-LACTAM, INCREASED ACTIVITY","AMOXICILLIN & POT CLAVULANATE",74,1750.00,TABS,"INTERNAL MEDICINE"
"B-LACTAM, INCREASED ACTIVITY","AMOXICILLIN & POT CLAVULANATE",75,1750.00,TABS,"FAMILY MEDICINE"
"ANTNFCT, BROAD/MEDIUM SPECTRUM",AZITHROMYCIN,53,500.00,TABS,"FAMILY MEDICINE"
"B-LACTAM, INCREASED ACTIVITY","AMOXICILLIN & POT CLAVULANATE",1,6600.00,SUSR,"PHYSICIAN ASSISTANT"
"ANTNFCT, BROAD/MEDIUM SPECTRUM",AZITHROMYCIN,5,1200.00,SUSR,PEDIATRICS
"ANTNFCT, BROAD/MEDIUM SPECTRUM","CLINDAMYCIN HCL",43,600.00,CAPS,"OBSTETRICS & GYNECOLOGY"
"ANTNFCT, BROAD/MEDIUM SPECTRUM",AMOXICILLIN,69,1000.00,CAPS,DENTIST
"ANTNFCT, BROAD/MEDIUM SPECTRUM",AMOXICILLIN,30,1750.00,TABS,"PHYSICIAN ASSISTANT"
"ANTNFCT, BROAD/MEDIUM SPECTRUM","CLINDAMYCIN HCL",30,600.00,CAPS,"NURSE PRACTITIONER"
"ANTNFCT, BROAD/MEDIUM SPECTRUM",AMOXICILLIN,38,6000.00,SUSR,PEDIATRICS
"B-LACTAM, INCREASED ACTIVITY","AMOXICILLIN & POT CLAVULANATE",20,1750.00,TABS,"FAMILY MEDICINE"
"SULFONAMIDES & TRIMETHOPRIM",SULFAMETHOXAZOLE-TRIMETHOPRIM,82,1600.00,TABS,"INTERNAL MEDICINE"
"ANTNFCT, BROAD/MEDIUM SPECTRUM","MINOCYCLINE HCL",21,135.00,TB24,"PHYSICIAN ASSISTANT"
"B-LACTAM, INCREASED ACTIVITY","AMOXICILLIN & POT CLAVULANATE",47,1750.00,TABS,"PHYSICIAN ASSISTANT"
"ANTNFCT, BROAD/MEDIUM SPECTRUM",AMOXICILLIN,65,2000.00,CAPS,"PHYSICIAN ASSISTANT"
"ANTNFCT, BROAD/MEDIUM SPECTRUM",AMOXICILLIN,5,4000.00,SUSR,"PHYSICIAN ASSISTANT"
"ANTNFCT, BROAD/MEDIUM SPECTRUM","CIPROFLOXACIN HCL",80,1000.00,TABS,"FAMILY MEDICINE"
"ANTNFCT, BROAD/MEDIUM SPECTRUM","DOXYCYCLINE (MONOHYDRATE)",42,200.00,CAPS,"NURSE PRACTITIONER"
"B-LACTAM, INCREASED ACTIVITY","AMOXICILLIN & POT CLAVULANATE",41,1750.00,TABS,"FAMILY MEDICINE"
"ANTNFCT, BROAD/MEDIUM SPECTRUM",AZITHROMYCIN,23,500.00,TABS,"INTERNAL MEDICINE"
"B-LACTAM, INCREASED ACTIVITY","AMOXICILLIN & POT CLAVULANATE",50,1750.00,TABS,"FAMILY MEDICINE"
"SULFONAMIDES & TRIMETHOPRIM",SULFAMETHOXAZOLE-TRIMETHOPRIM,43,1600.00,TABS,"PHYSICIAN ASSISTANT"
"ANTNFCT, BROAD/MEDIUM SPECTRUM",AZITHROMYCIN,75,500.00,TABS,"INTERNAL MEDICINE"
"B-LACTAM, INCREASED ACTIVITY","AMOXICILLIN & POT CLAVULANATE",30,1750.00,TABS,"EMERGENCY MEDICINE"
"SULFONAMIDES & TRIMETHOPRIM",SULFAMETHOXAZOLE-TRIMETHOPRIM,56,1600.00,TABS,"INTERNAL MEDICINE"
"ANTNFCT, BROAD/MEDIUM SPECTRUM",AMOXICILLIN,21,1500.00,CAPS,"FAMILY MEDICINE"
"ANTNFCT, BROAD/MEDIUM SPECTRUM","DOXYCYCLINE HYCLATE",42,100.00,CAPS,"PHYSICIAN ASSISTANT"
"ANTNFCT, BROAD/MEDIUM SPECTRUM","DOXYCYCLINE HYCLATE",15,100.00,CAPS,"PHYSICIAN ASSISTANT"
"B-LACTAM, INCREASED ACTIVITY","AMOXICILLIN & POT CLAVULANATE",27,1750.00,TABS,"FAMILY MEDICINE"
"ANTNFCT, BROAD/MEDIUM SPECTRUM","DOXYCYCLINE HYCLATE",67,200.00,CAPS,"PHYSICIAN ASSISTANT"
"ANTNFCT SYSTEMIC, OTHER",ATOVAQUONE,65,7500.00,SUSP,HEMATOLOGY/ONCOLOGY
"ANTNFCT, BROAD/MEDIUM SPECTRUM",AZITHROMYCIN,57,500.00,TABS,"NURSE PRACTITIONER"
"ANTNFCT, BROAD/MEDIUM SPECTRUM","PENICILLIN V POTASSIUM",19,1000.00,TABS,"NURSE PRACTITIONER"
"ANTNFCT, BROAD/MEDIUM SPECTRUM","DOXYCYCLINE HYCLATE",68,200.00,CAPS,DENTIST
"ANTNFCT, BROAD/MEDIUM SPECTRUM","CIPROFLOXACIN HCL",64,1000.00,TABS,UROLOGY
"SULFONAMIDES & TRIMETHOPRIM",SULFAMETHOXAZOLE-TRIMETHOPRIM,49,1600.00,TABS,"NURSE PRACTITIONER"
"ANTNFCT, BROAD/MEDIUM SPECTRUM","CLINDAMYCIN HCL",77,1200.00,CAPS,"INTERNAL MEDICINE"
"ANTNFCT, BROAD/MEDIUM SPECTRUM",AMOXICILLIN,77,2000.00,CAPS,DENTIST
"B-LACTAM, INCREASED ACTIVITY","AMOXICILLIN & POT CLAVULANATE",85,1750.00,TABS,"NURSE PRACTITIONER"
"ANTNFCT, BROAD/MEDIUM SPECTRUM",CEPHALEXIN,16,2000.00,CAPS,"EMERGENCY MEDICINE"
"ANTNFCT, BROAD/MEDIUM SPECTRUM","DOXYCYCLINE HYCLATE",56,200.00,TABS,"NURSE PRACTITIONER"
"ANTNFCT, BROAD/MEDIUM SPECTRUM","CLINDAMYCIN HCL",63,600.00,CAPS,"ORTHOPEDIC SURGERY"
"ANTNFCT, BROAD/MEDIUM SPECTRUM","CIPROFLOXACIN HCL",79,1000.00,TABS,"INTERNAL MEDICINE"
"ANTNFCT, BROAD/MEDIUM SPECTRUM",CLARITHROMYCIN,58,1000.00,TABS,"INTERNAL MEDICINE"
"ANTNFCT, BROAD/MEDIUM SPECTRUM",AMOXICILLIN,5,8000.00,SUSR,"NURSE PRACTITIONER"
"ANTNFCT, BROAD/MEDIUM SPECTRUM","CIPROFLOXACIN HCL",14,1000.00,TABS,PEDIATRICS
"ANTNFCT, BROAD/MEDIUM SPECTRUM",AZITHROMYCIN,73,500.00,TABS,RHEUMATOLOGY
"ANTNFCT, BROAD/MEDIUM SPECTRUM",AMOXICILLIN,66,1500.00,CAPS,DENTIST
"ANTNFCT, BROAD/MEDIUM SPECTRUM",AMOXICILLIN,8,6000.00,SUSR,PEDIATRICS
"B-LACTAM, INCREASED ACTIVITY","AMOXICILLIN & POT CLAVULANATE",64,1750.00,TABS,"NURSE PRACTITIONER"
"ANTNFCT, BROAD/MEDIUM SPECTRUM",AZITHROMYCIN,60,500.00,TABS,"OBSTETRICS & GYNECOLOGY"
"ANTNFCT, BROAD/MEDIUM SPECTRUM",AMOXICILLIN,37,1500.00,CAPS,"ORAL & MAXILLOFACIAL SURGERY"
"ANTNFCT, BROAD/MEDIUM SPECTRUM",AZITHROMYCIN,1,500.00,SUSR,"PHYSICIAN ASSISTANT"
"SULFONAMIDES & TRIMETHOPRIM",SULFAMETHOXAZOLE-TRIMETHOPRIM,50,1600.00,TABS,DERMATOLOGY
"B-LACTAM, INCREASED ACTIVITY","AMOXICILLIN & POT CLAVULANATE",58,1750.00,TABS,"INTERNAL MEDICINE"
"ANTNFCT, BROAD/MEDIUM SPECTRUM","DOXYCYCLINE HYCLATE",75,200.00,CAPS,"NURSE PRACTITIONER"
"ANTNFCT, BROAD/MEDIUM SPECTRUM",AZITHROMYCIN,31,500.00,TABS,PEDIATRICS
"SULFONAMIDES & TRIMETHOPRIM",SULFAMETHOXAZOLE-TRIMETHOPRIM,32,1600.00,TABS,"GENERAL SURGERY"
"ANTNFCT, BROAD/MEDIUM SPECTRUM",AMOXICILLIN,71,1750.00,TABS,"NURSE PRACTITIONER"
"B-LACTAM, INCREASED ACTIVITY","AMOXICILLIN & POT CLAVULANATE",35,1750.00,TABS,"PHYSICIAN ASSISTANT"
"ANTNFCT, BROAD/MEDIUM SPECTRUM","CIPROFLOXACIN HCL",70,1500.00,TABS,"PHYSICIAN ASSISTANT"
"SULFONAMIDES & TRIMETHOPRIM",SULFAMETHOXAZOLE-TRIMETHOPRIM,64,1600.00,TABS,UROLOGY
"ANTNFCT, BROAD/MEDIUM SPECTRUM",CEPHALEXIN,46,1500.00,CAPS,"FAMILY MEDICINE"
"ANTNFCT, BROAD/MEDIUM SPECTRUM",AZITHROMYCIN,59,500.00,TABS,"PHYSICIAN ASSISTANT"
"ANTNFCT, BROAD/MEDIUM SPECTRUM",CEPHALEXIN,4,5000.00,SUSR,PEDIATRICS
"ANTNFCT, BROAD/MEDIUM SPECTRUM","DOXYCYCLINE HYCLATE",68,100.00,CAPS,DERMATOLOGY
"SULFONAMIDES & TRIMETHOPRIM",TRIMETHOPRIM,63,100.00,TABS,UROLOGY
"ANTNFCT, BROAD/MEDIUM SPECTRUM","CEFPODOXIME PROXETIL",85,200.00,TABS,"INTERNAL MEDICINE"
"ANTNFCT, BROAD/MEDIUM SPECTRUM",CEPHALEXIN,26,2000.00,CAPS,"PHYSICIAN ASSISTANT"
"ANTNFCT, BROAD/MEDIUM SPECTRUM",AZITHROMYCIN,67,500.00,TABS,"PHYSICIAN ASSISTANT"
"ANTNFCT, BROAD/MEDIUM SPECTRUM",LEVOFLOXACIN,67,500.00,TABS,"FAMILY MEDICINE"
"ANTNFCT, BROAD/MEDIUM SPECTRUM","PENICILLIN V POTASSIUM",32,2000.00,TABS,"EMERGENCY MEDICINE"
"ANTNFCT, BROAD/MEDIUM SPECTRUM","CLINDAMYCIN HCL",45,900.00,CAPS,DENTIST
"ANTNFCT, BROAD/MEDIUM SPECTRUM","DOXYCYCLINE (MONOHYDRATE)",25,200.00,CAPS,"NURSE PRACTITIONER"
"B-LACTAM, INCREASED ACTIVITY","AMOXICILLIN & POT CLAVULANATE",70,1000.00,TABS,"NURSE PRACTITIONER"
"ANTNFCT, BROAD/MEDIUM SPECTRUM",AZITHROMYCIN,10,250.00,TABS,"NURSE PRACTITIONER"
"ANTNFCT, BROAD/MEDIUM SPECTRUM","CIPROFLOXACIN HCL",56,500.00,TABS,NEPHROLOGY
"ANTNFCT, BROAD/MEDIUM SPECTRUM","PENICILLIN V POTASSIUM",56,2000.00,TABS,DENTIST
"ANTNFCT, BROAD/MEDIUM SPECTRUM","CLINDAMYCIN HCL",33,600.00,CAPS,DENTIST
"ANTNFCT, BROAD/MEDIUM SPECTRUM",AMOXICILLIN,20,1750.00,TABS,"PHYSICIAN ASSISTANT"
"ANTNFCT, BROAD/MEDIUM SPECTRUM","DOXYCYCLINE (MONOHYDRATE)",58,200.00,TABS,"PHYSICIAN ASSISTANT"
"SULFONAMIDES & TRIMETHOPRIM",SULFAMETHOXAZOLE-TRIMETHOPRIM,27,1600.00,TABS,"FAMILY MEDICINE"
"ANTNFCT, BROAD/MEDIUM SPECTRUM","PENICILLIN V POTASSIUM",16,1000.00,TABS,"NURSE PRACTITIONER"
"ANTNFCT, BROAD/MEDIUM SPECTRUM",AMOXICILLIN,68,1000.00,CAPS,"PHYSICIAN ASSISTANT"
"ANTNFCT, BROAD/MEDIUM SPECTRUM",AMOXICILLIN,66,1500.00,CAPS,DENTIST
"B-LACTAM, INCREASED ACTIVITY","AMOXICILLIN & POT CLAVULANATE",16,1750.00,TABS,"PHYSICIAN ASSISTANT"
"ANTNFCT, BROAD/MEDIUM SPECTRUM",CEPHALEXIN,3,3625.00,SUSR,PEDIATRICS
"ANTNFCT, BROAD/MEDIUM SPECTRUM",AZITHROMYCIN,52,1000.00,TABS,"PHYSICIAN ASSISTANT"
"ANTNFCT, BROAD/MEDIUM SPECTRUM",AZITHROMYCIN,70,500.00,TABS,"FAMILY MEDICINE"
"ANTNFCT, BROAD/MEDIUM SPECTRUM","CLINDAMYCIN HCL",51,600.00,CAPS,DENTIST
"B-LACTAM, INCREASED ACTIVITY","AMOXICILLIN & POT CLAVULANATE",25,1000.00,TABS,"NURSE PRACTITIONER"
"B-LACTAM, INCREASED ACTIVITY","AMOXICILLIN & POT CLAVULANATE",47,1750.00,TABS,"NURSE PRACTITIONER"
"ANTNFCT, BROAD/MEDIUM SPECTRUM","DOXYCYCLINE HYCLATE",54,200.00,CAPS,"PHYSICIAN ASSISTANT"
"ANTNFCT, BROAD/MEDIUM SPECTRUM",AMOXICILLIN,28,1500.00,CAPS,"FAMILY MEDICINE"
"ANTNFCT, BROAD/MEDIUM SPECTRUM","PENICILLIN V POTASSIUM",58,2000.00,TABS,DENTIST
"ANTNFCT, BROAD/MEDIUM SPECTRUM","DOXYCYCLINE HYCLATE",37,200.00,CAPS,DERMATOLOGY
"ANTNFCT, BROAD/MEDIUM SPECTRUM",AMOXICILLIN,17,1500.00,CAPS,DENTIST
"ANTNFCT, BROAD/MEDIUM SPECTRUM",CEFDINIR,1,1500.00,SUSR,PEDIATRICS
"ANTNFCT, BROAD/MEDIUM SPECTRUM","CIPROFLOXACIN HCL",47,1000.00,TABS,"NURSE PRACTITIONER"
"ANTNFCT, BROAD/MEDIUM SPECTRUM",AZITHROMYCIN,52,500.00,TABS,"INTERNAL MEDICINE"
"ANTNFCT, BROAD/MEDIUM SPECTRUM",AMOXICILLIN,29,1500.00,CAPS,"EMERGENCY MEDICINE"
"ANTNFCT, BROAD/MEDIUM SPECTRUM","DOXYCYCLINE (MONOHYDRATE)",76,200.00,CAPS,"INTERNAL MEDICINE"
"ANTNFCT, BROAD/MEDIUM SPECTRUM",AMOXICILLIN,3,4000.00,SUSR,PEDIATRICS
"SULFONAMIDES & TRIMETHOPRIM",SULFAMETHOXAZOLE-TRIMETHOPRIM,8,6000.00,SUSP,"PHYSICIAN ASSISTANT"
"ANTNFCT, BROAD/MEDIUM SPECTRUM",AMOXICILLIN,1,4000.00,SUSR,"PHYSICIAN ASSISTANT"
"ANTNFCT, BROAD/MEDIUM SPECTRUM","DOXYCYCLINE HYCLATE",44,200.00,CAPS,"NURSE PRACTITIONER"
"ANTNFCT, BROAD/MEDIUM SPECTRUM",AMOXICILLIN,32,1000.00,CAPS,"OBSTETRICS & GYNECOLOGY"
"ANTNFCT, BROAD/MEDIUM SPECTRUM","DOXYCYCLINE HYCLATE",71,200.00,CAPS,"FAMILY MEDICINE"
"ANTNFCT, BROAD/MEDIUM SPECTRUM",AZITHROMYCIN,54,500.00,TABS,"GERIATRIC MEDICINE (FAMILY MEDICINE)"
"ANTNFCT, BROAD/MEDIUM SPECTRUM",CEPHALEXIN,30,500.00,CAPS,"PHYSICIAN ASSISTANT"
"SULFONAMIDES & TRIMETHOPRIM",SULFAMETHOXAZOLE-TRIMETHOPRIM,53,1600.00,TABS,OTOLARYNGOLOGY
"ANTNFCT, BROAD/MEDIUM SPECTRUM",AMOXICILLIN,43,1750.00,TABS,"FAMILY MEDICINE"
"ANTNFCT, BROAD/MEDIUM SPECTRUM",AZITHROMYCIN,4,600.00,SUSR,"NURSE PRACTITIONER"
"B-LACTAM, INCREASED ACTIVITY","AMOXICILLIN & POT CLAVULANATE",58,1750.00,TABS,RHEUMATOLOGY
"ANTNFCT, BROAD/MEDIUM SPECTRUM",AZITHROMYCIN,20,500.00,TABS,PEDIATRICS
"ANTNFCT, BROAD/MEDIUM SPECTRUM",AMOXICILLIN,60,1500.00,CAPS,DENTIST
"ANTNFCT, BROAD/MEDIUM SPECTRUM",CEPHALEXIN,54,1000.00,CAPS,"PHYSICIAN ASSISTANT"
"ANTNFCT, BROAD/MEDIUM SPECTRUM",AMOXICILLIN,60,1500.00,CAPS,"FAMILY MEDICINE"
"ANTNFCT, BROAD/MEDIUM SPECTRUM",AMOXICILLIN,41,1750.00,TABS,"PHYSICIAN ASSISTANT"
"B-LACTAM, INCREASED ACTIVITY","AMOXICILLIN & POT CLAVULANATE",62,1750.00,TABS,"INTERNAL MEDICINE"
"ANTNFCT, BROAD/MEDIUM SPECTRUM",AMOXICILLIN,4,4000.00,SUSR,PEDIATRICS
"B-LACTAM, INCREASED ACTIVITY","AMOXICILLIN & POT CLAVULANATE",2,2000.00,SUSR,PEDIATRICS
"ANTNFCT, BROAD/MEDIUM SPECTRUM",AZITHROMYCIN,85,500.00,TABS,"FAMILY MEDICINE"
"ANTNFCT, BROAD/MEDIUM SPECTRUM",AMOXICILLIN,14,1000.00,CAPS,"PULMONARY DISEASE"
"ANTNFCT, BROAD/MEDIUM SPECTRUM","CEFUROXIME AXETIL",70,1000.00,TABS,"FAMILY MEDICINE"
"B-LACTAM, INCREASED ACTIVITY","AMOXICILLIN & POT CLAVULANATE",56,1750.00,TABS,"EMERGENCY MEDICINE"
"ANTNFCT, BROAD/MEDIUM SPECTRUM",AMOXICILLIN,19,1750.00,TABS,"FAMILY MEDICINE"
"ANTNFCT, BROAD/MEDIUM SPECTRUM",AMOXICILLIN,54,1500.00,CAPS,"ORAL & MAXILLOFACIAL SURGERY"
"ANTNFCT, BROAD/MEDIUM SPECTRUM",AZITHROMYCIN,76,500.00,TABS,"INTERNAL MEDICINE"
"B-LACTAM, INCREASED ACTIVITY","AMOXICILLIN & POT CLAVULANATE",52,1750.00,TABS,"FAMILY MEDICINE"
"ANTNFCT, BROAD/MEDIUM SPECTRUM",AMOXICILLIN,12,17200.00,SUSR,PEDIATRICS
"B-LACTAM, INCREASED ACTIVITY","AMOXICILLIN & POT CLAVULANATE",73,1750.00,TABS,"PHYSICIAN ASSISTANT"
"ANTNFCT, BROAD/MEDIUM SPECTRUM","DOXYCYCLINE (MONOHYDRATE)",22,100.00,CAPS,"NURSE PRACTITIONER"
"ANTNFCT, BROAD/MEDIUM SPECTRUM",CEPHALEXIN,64,2000.00,CAPS,"STUDENT, HEALTH CARE"
"ANTNFCT, BROAD/MEDIUM SPECTRUM","DOXYCYCLINE HYCLATE",35,200.00,CAPS,"PHYSICIAN ASSISTANT"
"SULFONAMIDES & TRIMETHOPRIM",TRIMETHOPRIM,74,100.00,TABS,"INTERNAL MEDICINE/PEDIATRICS"
"ANTNFCT, BROAD/MEDIUM SPECTRUM","CIPROFLOXACIN HCL",43,1000.00,TABS,"NURSE PRACTITIONER"
"ANTNFCT, BROAD/MEDIUM SPECTRUM","CIPROFLOXACIN HCL",85,1000.00,TABS,"FAMILY MEDICINE"
"ANTNFCT, BROAD/MEDIUM SPECTRUM",CEPHALEXIN,25,1500.00,CAPS,"FAMILY MEDICINE"
"ANTNFCT, BROAD/MEDIUM SPECTRUM",CEPHALEXIN,42,2000.00,CAPS,DENTIST
"ANTNFCT, BROAD/MEDIUM SPECTRUM",CEPHALEXIN,71,1500.00,CAPS,"INTERNAL MEDICINE"
"SULFONAMIDES & TRIMETHOPRIM",SULFAMETHOXAZOLE-TRIMETHOPRIM,20,1600.00,TABS,"PHYSICIAN ASSISTANT"
"ANTNFCT, BROAD/MEDIUM SPECTRUM",AZITHROMYCIN,7,1200.00,SUSR,"INTERNAL MEDICINE"
"ANTNFCT, BROAD/MEDIUM SPECTRUM",LEVOFLOXACIN,70,500.00,TABS,"INTERNAL MEDICINE"
"ANTNFCT, BROAD/MEDIUM SPECTRUM",AZITHROMYCIN,76,500.00,TABS,DENTIST
"ANTNFCT, BROAD/MEDIUM SPECTRUM",CEPHALEXIN,73,1000.00,CAPS,"EMERGENCY MEDICINE"
"ANTNFCT, BROAD/MEDIUM SPECTRUM",AMOXICILLIN,79,1500.00,CAPS,DENTIST
"ANTNFCT, BROAD/MEDIUM SPECTRUM",AZITHROMYCIN,43,500.00,TABS,"FAMILY MEDICINE"
"ANTNFCT, BROAD/MEDIUM SPECTRUM",AZITHROMYCIN,77,500.00,TABS,"FAMILY MEDICINE"
"ANTNFCT, BROAD/MEDIUM SPECTRUM","DOXYCYCLINE HYCLATE",67,100.00,TABS,"PHYSICIAN ASSISTANT"
"ANTNFCT, BROAD/MEDIUM SPECTRUM","DOXYCYCLINE (ROSACEA)",45,40.00,CPDR,DERMATOLOGY
"ANTNFCT, BROAD/MEDIUM SPECTRUM",AZITHROMYCIN,30,500.00,TABS,"INTERNAL MEDICINE"
"ANTNFCT, BROAD/MEDIUM SPECTRUM",AMOXICILLIN,17,1750.00,TABS,PEDIATRICS
"B-LACTAM, INCREASED ACTIVITY","AMOXICILLIN & POT CLAVULANATE",50,1750.00,TABS,DENTIST
"ANTNFCT, BROAD/MEDIUM SPECTRUM",AZITHROMYCIN,65,500.00,TABS,"INTERNAL MEDICINE"
"ANTNFCT, BROAD/MEDIUM SPECTRUM",AZITHROMYCIN,65,500.00,TABS,DENTIST
"ANTNFCT, BROAD/MEDIUM SPECTRUM","MINOCYCLINE HCL",43,200.00,CAPS,"FAMILY MEDICINE"
"B-LACTAM, INCREASED ACTIVITY","AMOXICILLIN & POT CLAVULANATE",75,1750.00,TABS,"INTERNAL MEDICINE"
"ANTNFCT, BROAD/MEDIUM SPECTRUM","CLINDAMYCIN HCL",82,1200.00,CAPS,DENTIST
"ANTNFCT, BROAD/MEDIUM SPECTRUM","CLINDAMYCIN HCL",29,900.00,CAPS,"NURSE PRACTITIONER"
"ANTNFCT, BROAD/MEDIUM SPECTRUM","CIPROFLOXACIN HCL",77,1000.00,TABS,"FAMILY MEDICINE"
"ANTNFCT, BROAD/MEDIUM SPECTRUM",AZITHROMYCIN,61,500.00,TABS,"FAMILY MEDICINE"
"ANTNFCT, BROAD/MEDIUM SPECTRUM",AZITHROMYCIN,44,500.00,TABS,"NURSE PRACTITIONER"
"ANTNFCT, BROAD/MEDIUM SPECTRUM",AMOXICILLIN,28,2000.00,CAPS,
"ANTNFCT, BROAD/MEDIUM SPECTRUM",AMOXICILLIN,64,1500.00,CAPS,DENTIST
"SULFONAMIDES & TRIMETHOPRIM",SULFAMETHOXAZOLE-TRIMETHOPRIM,49,1600.00,TABS,"NURSE PRACTITIONER"
"ANTNFCT, BROAD/MEDIUM SPECTRUM",AMOXICILLIN,7,5600.00,SUSR,"NURSE PRACTITIONER"
"B-LACTAM, INCREASED ACTIVITY","AMOXICILLIN & POT CLAVULANATE",85,1750.00,TABS,"INTERNAL MEDICINE"
"ANTNFCT, BROAD/MEDIUM SPECTRUM",AMOXICILLIN,16,1000.00,CAPS,"NURSE PRACTITIONER"
"ANTNFCT, BROAD/MEDIUM SPECTRUM",CEPHALEXIN,63,2000.00,CAPS,"EMERGENCY MEDICINE"
"ANTNFCT, BROAD/MEDIUM SPECTRUM","CEFUROXIME AXETIL",62,1000.00,TABS,"PHYSICIAN ASSISTANT"
"B-LACTAM, INCREASED ACTIVITY","AMOXICILLIN & POT CLAVULANATE",44,1750.00,TABS,"FAMILY MEDICINE"
"ANTNFCT, BROAD/MEDIUM SPECTRUM",AMOXICILLIN,55,12000.00,SUSR,"PHYSICIAN ASSISTANT"
"ANTNFCT, BROAD/MEDIUM SPECTRUM","MINOCYCLINE HCL",41,100.00,CAPS,"FAMILY MEDICINE"
"ANTNFCT, BROAD/MEDIUM SPECTRUM","DOXYCYCLINE HYCLATE",40,200.00,CAPS,"FAMILY MEDICINE"
"B-LACTAM, INCREASED ACTIVITY","AMOXICILLIN & POT CLAVULANATE",85,1750.00,TABS,DENTIST
"ANTNFCT, BROAD/MEDIUM SPECTRUM",AMOXICILLIN,0,2000.00,SUSR,PEDIATRICS
"ANTNFCT, BROAD/MEDIUM SPECTRUM",CEPHALEXIN,33,1500.00,CAPS,"PHYSICIAN ASSISTANT"
"B-LACTAM, INCREASED ACTIVITY","AMOXICILLIN & POT CLAVULANATE",65,1750.00,TABS,"INTERNAL MEDICINE"
"ANTNFCT, BROAD/MEDIUM SPECTRUM",CEFDINIR,82,600.00,CAPS,"NURSE PRACTITIONER"
"ANTNFCT, BROAD/MEDIUM SPECTRUM","CIPROFLOXACIN HCL",49,1000.00,TABS,"GENERAL PRACTICE"
"ANTNFCT, BROAD/MEDIUM SPECTRUM",CEPHALEXIN,83,2000.00,CAPS,DENTIST
"ANTNFCT, BROAD/MEDIUM SPECTRUM",CEPHALEXIN,47,1000.00,CAPS,"PHYSICIAN ASSISTANT"
"B-LACTAM, INCREASED ACTIVITY","AMOXICILLIN & POT CLAVULANATE",58,1750.00,TABS,"PHYSICIAN ASSISTANT"
"ANTNFCT, BROAD/MEDIUM SPECTRUM",AMOXICILLIN,41,2000.00,CAPS,DENTIST
"ANTNFCT, BROAD/MEDIUM SPECTRUM",AZITHROMYCIN,60,500.00,TABS,DENTIST
"ANTNFCT, BROAD/MEDIUM SPECTRUM",AMOXICILLIN,31,1000.00,CAPS,"NURSE PRACTITIONER"
"B-LACTAM, INCREASED ACTIVITY","AMOXICILLIN & POT CLAVULANATE",52,1750.00,TABS,"FAMILY MEDICINE"
"SULFONAMIDES & TRIMETHOPRIM",SULFAMETHOXAZOLE-TRIMETHOPRIM,70,1600.00,TABS,"PHYSICIAN ASSISTANT"
"ANTNFCT, BROAD/MEDIUM SPECTRUM",AMOXICILLIN,13,1500.00,CAPS,DENTIST
"B-LACTAM, INCREASED ACTIVITY","AMOXICILLIN & POT CLAVULANATE",85,1750.00,TABS,OTOLARYNGOLOGY
"ANTNFCT, BROAD/MEDIUM SPECTRUM",AZITHROMYCIN,63,500.00,TABS,"GENERAL PRACTICE"
"ANTNFCT, BROAD/MEDIUM SPECTRUM",LEVOFLOXACIN,72,500.00,TABS,UROLOGY
"ANTNFCT, BROAD/MEDIUM SPECTRUM",CEFDINIR,3,1500.00,SUSR,PEDIATRICS
"ANTNFCT, BROAD/MEDIUM SPECTRUM",AMOXICILLIN,10,8000.00,SUSR,"FAMILY MEDICINE"
"SULFONAMIDES & TRIMETHOPRIM",SULFAMETHOXAZOLE-TRIMETHOPRIM,53,1600.00,TABS,"FAMILY MEDICINE"
"ANTNFCT, BROAD/MEDIUM SPECTRUM",AMPICILLIN,50,1000.00,CAPS,"PHYSICIAN ASSISTANT"
"ANTNFCT, BROAD/MEDIUM SPECTRUM",AMOXICILLIN,56,2625.00,TABS,DENTIST
"ANTNFCT, BROAD/MEDIUM SPECTRUM",CEFDINIR,83,600.00,CAPS,"INTERNAL MEDICINE"
"B-LACTAM, INCREASED ACTIVITY","AMOXICILLIN & POT CLAVULANATE",85,1000.00,TABS,"GENERAL SURGERY"
"ANTNFCT, BROAD/MEDIUM SPECTRUM",AMOXICILLIN,3,8000.00,SUSR,PEDIATRICS
"SULFONAMIDES & TRIMETHOPRIM",SULFAMETHOXAZOLE-TRIMETHOPRIM,41,1600.00,TABS,DERMATOLOGY
"ANTNFCT, BROAD/MEDIUM SPECTRUM",AMOXICILLIN,19,1500.00,CAPS,DENTIST
"ANTNFCT, BROAD/MEDIUM SPECTRUM","ERYTHROMYCIN BASE",48,3000.00,TABS,"SURGICAL ONCOLOGY"
"B-LACTAM, INCREASED ACTIVITY","AMOXICILLIN & POT CLAVULANATE",79,1750.00,TABS,"INTERNAL MEDICINE"
"ANTNFCT, BROAD/MEDIUM SPECTRUM","DOXYCYCLINE HYCLATE",59,200.00,TBEC,"INTERVENTIONAL CARDIOLOGY"
"ANTNFCT, BROAD/MEDIUM SPECTRUM",AMOXICILLIN,9,750.00,CAPS,DENTIST
"ANTNFCT, BROAD/MEDIUM SPECTRUM",AMOXICILLIN,43,1500.00,CAPS,DENTIST
"ANTNFCT, BROAD/MEDIUM SPECTRUM",CEPHALEXIN,26,1500.00,CAPS,"EMERGENCY MEDICINE"
"ANTNFCT, BROAD/MEDIUM SPECTRUM",AMOXICILLIN,54,1500.00,CAPS,"ORAL & MAXILLOFACIAL SURGERY"
"ANTNFCT, BROAD/MEDIUM SPECTRUM","DOXYCYCLINE HYCLATE",53,200.00,CAPS,"NURSE PRACTITIONER"
"ANTNFCT, BROAD/MEDIUM SPECTRUM",LEVOFLOXACIN,85,250.00,TABS,NEPHROLOGY
"SULFONAMIDES & TRIMETHOPRIM",SULFAMETHOXAZOLE-TRIMETHOPRIM,15,1600.00,TABS,PEDIATRICS
"ANTNFCT, BROAD/MEDIUM SPECTRUM",CEPHALEXIN,24,1000.00,CAPS,"OBSTETRICS & GYNECOLOGY"
"ANTNFCT, BROAD/MEDIUM SPECTRUM","PENICILLIN V POTASSIUM",45,2000.00,TABS,DENTIST
"ANTNFCT, BROAD/MEDIUM SPECTRUM",LEVOFLOXACIN,36,750.00,TABS,"FAMILY MEDICINE"
"ANTNFCT, BROAD/MEDIUM SPECTRUM","MINOCYCLINE HCL",18,100.00,CAPS,"FAMILY MEDICINE"
"ANTNFCT, BROAD/MEDIUM SPECTRUM",CEFDINIR,5,1500.00,SUSR,PEDIATRICS
"ANTNFCT, BROAD/MEDIUM SPECTRUM",CEFPROZIL,63,1000.00,TABS,"INTERNAL MEDICINE"
"ANTNFCT, BROAD/MEDIUM SPECTRUM",AMOXICILLIN,67,1500.00,CAPS,"ORAL & MAXILLOFACIAL SURGERY"
"ANTNFCT, BROAD/MEDIUM SPECTRUM",AMOXICILLIN,3,5000.00,SUSR,PEDIATRICS
"ANTNFCT, BROAD/MEDIUM SPECTRUM",AZITHROMYCIN,42,500.00,TABS,"FAMILY MEDICINE"
"B-LACTAM, INCREASED ACTIVITY","AMOXICILLIN & POT CLAVULANATE",85,1000.00,TABS,DENTIST
"ANTNFCT, BROAD/MEDIUM SPECTRUM",CEPHALEXIN,46,2000.00,CAPS,"PLASTIC SURGERY"
"ANTNFCT, BROAD/MEDIUM SPECTRUM","DOXYCYCLINE HYCLATE",62,200.00,CAPS,OPTOMETRIST
"ANTNFCT, BROAD/MEDIUM SPECTRUM",AZITHROMYCIN,60,500.00,TABS,"NURSE PRACTITIONER"
"ANTNFCT, BROAD/MEDIUM SPECTRUM",CEFDINIR,1,1250.00,SUSR,PEDIATRICS
"B-LACTAM, INCREASED ACTIVITY","AMOXICILLIN & POT CLAVULANATE",85,1750.00,TABS,"EMERGENCY MEDICINE"
"ANTNFCT, BROAD/MEDIUM SPECTRUM",AZITHROMYCIN,34,1000.00,TABS,"FAMILY MEDICINE"
"ANTNFCT, BROAD/MEDIUM SPECTRUM",CEPHALEXIN,28,1000.00,CAPS,"PHYSICIAN ASSISTANT"
"B-LACTAM, INCREASED ACTIVITY","AMOXICILLIN & POT CLAVULANATE",44,1750.00,TABS,"FAMILY MEDICINE"
"ANTNFCT, BROAD/MEDIUM SPECTRUM","DOXYCYCLINE HYCLATE",59,200.00,TABS,"GENERAL SURGERY"
"ANTNFCT, BROAD/MEDIUM SPECTRUM","DOXYCYCLINE HYCLATE",64,200.00,TABS,"INTERNAL MEDICINE"
"ANTNFCT, BROAD/MEDIUM SPECTRUM",AMOXICILLIN,46,750.00,CAPS,"PHYSICIAN ASSISTANT"
"ANTNFCT, BROAD/MEDIUM SPECTRUM",CEPHALEXIN,4,3750.00,SUSR,"FAMILY MEDICINE"
"ANTNFCT, BROAD/MEDIUM SPECTRUM",CEFDINIR,20,600.00,CAPS,"NURSE PRACTITIONER"
"B-LACTAM, INCREASED ACTIVITY","AMOXICILLIN & POT CLAVULANATE",14,1750.00,TABS,"NURSE PRACTITIONER"
"ANTNFCT, BROAD/MEDIUM SPECTRUM","DOXYCYCLINE (MONOHYDRATE)",33,100.00,CAPS,"PHYSICIAN ASSISTANT"
"ANTNFCT, BROAD/MEDIUM SPECTRUM",AMOXICILLIN,0,3200.00,SUSR,PEDIATRICS
"ANTNFCT, BROAD/MEDIUM SPECTRUM",AZITHROMYCIN,10,1800.00,SUSR,PEDIATRICS
"ANTNFCT, BROAD/MEDIUM SPECTRUM",AMOXICILLIN,18,1500.00,CAPS,"NURSE PRACTITIONER"
"B-LACTAM, INCREASED ACTIVITY","AMOXICILLIN & POT CLAVULANATE",74,1000.00,TABS,"PHYSICIAN ASSISTANT"
"B-LACTAM, INCREASED ACTIVITY","AMOXICILLIN & POT CLAVULANATE",50,1750.00,TABS,"FAMILY MEDICINE"
"B-LACTAM, INCREASED ACTIVITY","AMOXICILLIN & POT CLAVULANATE",0,4800.00,SUSR,PEDIATRICS
"ANTNFCT, BROAD/MEDIUM SPECTRUM",AZITHROMYCIN,70,500.00,TABS,"FAMILY MEDICINE"
"ANTNFCT, BROAD/MEDIUM SPECTRUM",AZITHROMYCIN,59,500.00,TABS,"PHYSICIAN ASSISTANT"
"ANTNFCT, BROAD/MEDIUM SPECTRUM","CIPROFLOXACIN HCL",45,1000.00,TABS,"INTERNAL MEDICINE"
"ANTNFCT, BROAD/MEDIUM SPECTRUM",AZITHROMYCIN,45,1000.00,SUSR,"NURSE PRACTITIONER"
"ANTNFCT, BROAD/MEDIUM SPECTRUM",AZITHROMYCIN,39,500.00,TABS,"CARDIOVASCULAR DISEASE"
"ANTNFCT, BROAD/MEDIUM SPECTRUM",CEPHALEXIN,58,3000.00,CAPS,"INFECTIOUS DISEASE"
"ANTNFCT, BROAD/MEDIUM SPECTRUM",AZITHROMYCIN,14,500.00,TABS,"INTERNAL MEDICINE"
"ANTNFCT, BROAD/MEDIUM SPECTRUM",CEPHALEXIN,85,1000.00,CAPS,"FAMILY MEDICINE"
"B-LACTAM, INCREASED ACTIVITY","AMOXICILLIN & POT CLAVULANATE",49,1750.00,TABS,"OCCUPATIONAL MEDICINE"
"ANTNFCT, BROAD/MEDIUM SPECTRUM",CEPHALEXIN,37,1500.00,CAPS,"NURSE PRACTITIONER"
"ANTNFCT, BROAD/MEDIUM SPECTRUM",AMOXICILLIN,1,4000.00,SUSR,PEDIATRICS
"B-LACTAM, INCREASED ACTIVITY","AMOXICILLIN & POT CLAVULANATE",14,1750.00,TABS,"PHYSICIAN ASSISTANT"
"ANTNFCT, BROAD/MEDIUM SPECTRUM",AMOXICILLIN,18,1500.00,CAPS,DENTIST
"ANTNFCT, BROAD/MEDIUM SPECTRUM",CEFDINIR,8,3000.00,SUSR,PEDIATRICS
"B-LACTAM, INCREASED ACTIVITY","AMOXICILLIN & POT CLAVULANATE",64,1000.00,TABS,OTOLARYNGOLOGY
"ANTNFCT, BROAD/MEDIUM SPECTRUM",AMOXICILLIN,33,2000.00,CAPS,"FAMILY MEDICINE"
"B-LACTAM, INCREASED ACTIVITY","AMOXICILLIN & POT CLAVULANATE",27,1750.00,TABS,"INTERNAL MEDICINE"
"ANTNFCT, BROAD/MEDIUM SPECTRUM",CEPHALEXIN,66,1500.00,CAPS,"FAMILY MEDICINE"
"B-LACTAM, INCREASED ACTIVITY","AMOXICILLIN & POT CLAVULANATE",74,1750.00,TABS,"PHYSICIAN ASSISTANT"
"ANTNFCT, BROAD/MEDIUM SPECTRUM",CEFDINIR,3,1500.00,SUSR,PEDIATRICS
"SULFONAMIDES & TRIMETHOPRIM",SULFAMETHOXAZOLE-TRIMETHOPRIM,27,1600.00,TABS,"OBSTETRICS & GYNECOLOGY"
"ANTNFCT, BROAD/MEDIUM SPECTRUM","CLINDAMYCIN HCL",54,1800.00,CAPS,"PHYSICIAN ASSISTANT"
"ANTNFCT, BROAD/MEDIUM SPECTRUM","DOXYCYCLINE (MONOHYDRATE)",24,200.00,TABS,"NURSE PRACTITIONER"
"ANTNFCT, BROAD/MEDIUM SPECTRUM",AZITHROMYCIN,73,500.00,TABS,"NURSE PRACTITIONER"
"ANTNFCT, BROAD/MEDIUM SPECTRUM",AMOXICILLIN,5,6000.00,SUSR,"PHYSICIAN ASSISTANT"
"SULFONAMIDES & TRIMETHOPRIM",SULFAMETHOXAZOLE-TRIMETHOPRIM,26,1600.00,TABS,"NURSE PRACTITIONER"
"ANTNFCT, BROAD/MEDIUM SPECTRUM",AMOXICILLIN,69,1500.00,CAPS,DENTIST
"ANTNFCT, BROAD/MEDIUM SPECTRUM",AZITHROMYCIN,16,500.00,TABS,PEDIATRICS
"ANTNFCT, BROAD/MEDIUM SPECTRUM",AZITHROMYCIN,45,500.00,TABS,"FAMILY MEDICINE"
"ANTNFCT, BROAD/MEDIUM SPECTRUM",AZITHROMYCIN,2,300.00,SUSR,"FAMILY MEDICINE"
"ANTNFCT, BROAD/MEDIUM SPECTRUM",AZITHROMYCIN,30,500.00,TABS,"NURSE PRACTITIONER"
"ANTNFCT, BROAD/MEDIUM SPECTRUM","PENICILLIN V POTASSIUM",23,2000.00,TABS,DENTIST
"ANTNFCT, BROAD/MEDIUM SPECTRUM","VANCOMYCIN HCL",75,500.00,CAPS,"FAMILY MEDICINE"
"ANTNFCT, BROAD/MEDIUM SPECTRUM",AMOXICILLIN,6,12000.00,SUSR,"PHYSICIAN ASSISTANT"
"B-LACTAM, INCREASED ACTIVITY","AMOXICILLIN & POT CLAVULANATE",64,1750.00,TABS,"FAMILY MEDICINE"
"ANTNFCT, BROAD/MEDIUM SPECTRUM",CEFADROXIL,48,1000.00,CAPS,"FAMILY MEDICINE"
"B-LACTAM, INCREASED ACTIVITY","AMOXICILLIN & POT CLAVULANATE",28,1750.00,TABS,"PHYSICIAN ASSISTANT"
"ANTNFCT, BROAD/MEDIUM SPECTRUM",CEFDINIR,3,1500.00,SUSR,"NURSE PRACTITIONER"
"B-LACTAM, INCREASED ACTIVITY","AMOXICILLIN & POT CLAVULANATE",63,1750.00,TABS,"EMERGENCY MEDICINE"
"ANTNFCT, BROAD/MEDIUM SPECTRUM",AMOXICILLIN,18,1000.00,CAPS,"NURSE PRACTITIONER"
"ANTNFCT, BROAD/MEDIUM SPECTRUM",CEPHALEXIN,81,1000.00,CAPS,"INTERNAL MEDICINE"
"ANTNFCT, BROAD/MEDIUM SPECTRUM",CEPHALEXIN,41,2000.00,CAPS,"PHYSICIAN ASSISTANT"
"ANTNFCT, BROAD/MEDIUM SPECTRUM",AZITHROMYCIN,53,500.00,TABS,"FAMILY MEDICINE"
"ANTNFCT, BROAD/MEDIUM SPECTRUM","DOXYCYCLINE HYCLATE",62,200.00,TABS,"INFECTIOUS DISEASE"
"ANTNFCT, BROAD/MEDIUM SPECTRUM",AZITHROMYCIN,26,2000.00,TABS,"INTERNAL MEDICINE"
"ANTNFCT, BROAD/MEDIUM SPECTRUM",AMOXICILLIN,2,6000.00,SUSR,"PHYSICIAN ASSISTANT"
"ANTNFCT, BROAD/MEDIUM SPECTRUM",CEPHALEXIN,73,1000.00,CAPS,"PHYSICIAN ASSISTANT"
"ANTNFCT, BROAD/MEDIUM SPECTRUM","CIPROFLOXACIN HCL",85,1000.00,TABS,"PHYSICIAN ASSISTANT"
"ANTNFCT, BROAD/MEDIUM SPECTRUM","DOXYCYCLINE HYCLATE",53,200.00,TABS,"GENERAL SURGERY"
"ANTNFCT, BROAD/MEDIUM SPECTRUM",AZITHROMYCIN,33,1000.00,TABS,"PHYSICIAN ASSISTANT"
"ANTNFCT, BROAD/MEDIUM SPECTRUM","DOXYCYCLINE (MONOHYDRATE)",36,200.00,CAPS,"NURSE PRACTITIONER"
"ANTNFCT, BROAD/MEDIUM SPECTRUM","CIPROFLOXACIN HCL",53,1000.00,TABS,UROLOGY
"ANTNFCT, BROAD/MEDIUM SPECTRUM",AZITHROMYCIN,18,500.00,TABS,"OBSTETRICS & GYNECOLOGY"
"ANTNFCT, BROAD/MEDIUM SPECTRUM",AMOXICILLIN,74,1500.00,CAPS,"ORAL & MAXILLOFACIAL SURGERY"
"ANTNFCT, BROAD/MEDIUM SPECTRUM",CEFDINIR,2,1500.00,SUSR,PEDIATRICS
"ANTNFCT, BROAD/MEDIUM SPECTRUM",AZITHROMYCIN,35,500.00,TABS,"PHYSICIAN ASSISTANT"
"ANTNFCT, BROAD/MEDIUM SPECTRUM",AMOXICILLIN,24,1750.00,TABS,"ORAL & MAXILLOFACIAL SURGERY"
"ANTNFCT, BROAD/MEDIUM SPECTRUM",CEFDINIR,59,600.00,CAPS,"NURSE PRACTITIONER"
"ANTNFCT, BROAD/MEDIUM SPECTRUM","PENICILLIN V POTASSIUM",41,2000.00,TABS,DENTIST
"ANTNFCT, BROAD/MEDIUM SPECTRUM",AMOXICILLIN,9,8000.00,SUSR,"PHYSICIAN ASSISTANT"
"ANTNFCT, BROAD/MEDIUM SPECTRUM",AMOXICILLIN,66,1500.00,TABS,DENTIST
"ANTNFCT, BROAD/MEDIUM SPECTRUM",AMOXICILLIN,9,8000.00,SUSR,"PHYSICIAN ASSISTANT"
"ANTNFCT, BROAD/MEDIUM SPECTRUM",AZITHROMYCIN,54,2400.00,SUSR,"NURSE PRACTITIONER"
"ANTNFCT, BROAD/MEDIUM SPECTRUM","DOXYCYCLINE HYCLATE",25,200.00,TABS,"PHYSICIAN ASSISTANT"
"ANTNFCT, BROAD/MEDIUM SPECTRUM",AZITHROMYCIN,53,500.00,TABS,"FAMILY MEDICINE"
"ANTNFCT, BROAD/MEDIUM SPECTRUM","DOXYCYCLINE HYCLATE",47,200.00,TABS,"NURSE PRACTITIONER"
"SULFONAMIDES & TRIMETHOPRIM",SULFAMETHOXAZOLE-TRIMETHOPRIM,85,1600.00,TABS,"CHILD NEUROLOGY"
"B-LACTAM, INCREASED ACTIVITY","AMOXICILLIN & POT CLAVULANATE",49,1750.00,TABS,"FAMILY MEDICINE"
"B-LACTAM, INCREASED ACTIVITY","AMOXICILLIN & POT CLAVULANATE",64,1750.00,TABS,"NURSE PRACTITIONER"
"B-LACTAM, INCREASED ACTIVITY","AMOXICILLIN & POT CLAVULANATE",27,1750.00,TABS,"PHYSICIAN ASSISTANT"
"SULFONAMIDES & TRIMETHOPRIM",SULFAMETHOXAZOLE-TRIMETHOPRIM,56,1600.00,TABS,"PHYSICIAN ASSISTANT"
"ANTNFCT, BROAD/MEDIUM SPECTRUM","CIPROFLOXACIN HCL",76,1000.00,TABS,"INTERNAL MEDICINE"
"ANTNFCT, BROAD/MEDIUM SPECTRUM",AMOXICILLIN,2,6000.00,SUSR,"NURSE PRACTITIONER"
"ANTNFCT, BROAD/MEDIUM SPECTRUM",AZITHROMYCIN,60,500.00,TABS,"PHYSICIAN ASSISTANT"
"ANTNFCT, BROAD/MEDIUM SPECTRUM","DOXYCYCLINE HYCLATE",77,200.00,CAPS,DERMATOLOGY
"ANTNFCT, BROAD/MEDIUM SPECTRUM",CEPHALEXIN,22,2000.00,CAPS,"EMERGENCY MEDICINE"
"ANTNFCT, BROAD/MEDIUM SPECTRUM",AZITHROMYCIN,16,500.00,TABS,"NURSE PRACTITIONER"
"ANTNFCT, BROAD/MEDIUM SPECTRUM",AMOXICILLIN,3,6000.00,SUSR,PEDIATRICS
"ANTNFCT, BROAD/MEDIUM SPECTRUM","PENICILLIN V POTASSIUM",58,3000.00,TABS,"NURSE PRACTITIONER"
"ANTNFCT, BROAD/MEDIUM SPECTRUM",AMOXICILLIN,3,4000.00,SUSR,PEDIATRICS
"ANTNFCT, BROAD/MEDIUM SPECTRUM","DOXYCYCLINE HYCLATE",48,200.00,TABS,"OBSTETRICS & GYNECOLOGY"
"ANTNFCT, BROAD/MEDIUM SPECTRUM",CEFDINIR,24,600.00,CAPS,"EMERGENCY MEDICINE"
"ANTNFCT, BROAD/MEDIUM SPECTRUM",CEFDINIR,49,600.00,CAPS,"FAMILY MEDICINE"
"ANTNFCT, BROAD/MEDIUM SPECTRUM",AZITHROMYCIN,85,500.00,TABS,"FAMILY MEDICINE"
"ANTNFCT, BROAD/MEDIUM SPECTRUM",CEFDINIR,5,1500.00,SUSR,PEDIATRICS
"ANTNFCT, BROAD/MEDIUM SPECTRUM",AZITHROMYCIN,21,500.00,TABS,"NURSE PRACTITIONER"
"B-LACTAM, INCREASED ACTIVITY","AMOXICILLIN & POT CLAVULANATE",77,1750.00,TABS,"PHYSICIAN ASSISTANT"
"ANTNFCT, BROAD/MEDIUM SPECTRUM",AZITHROMYCIN,32,500.00,TABS,"FAMILY MEDICINE"
"ANTNFCT, BROAD/MEDIUM SPECTRUM","CIPROFLOXACIN HCL",48,1000.00,TABS,"INFECTIOUS DISEASE"
"ANTNFCT, BROAD/MEDIUM SPECTRUM",AMOXICILLIN,3,8000.00,SUSR,"NURSE PRACTITIONER"
"ANTNFCT, BROAD/MEDIUM SPECTRUM",AZITHROMYCIN,51,500.00,TABS,"NURSE PRACTITIONER"
"SULFONAMIDES & TRIMETHOPRIM",SULFAMETHOXAZOLE-TRIMETHOPRIM,76,1600.00,TABS,"GENERAL SURGERY"
"ANTNFCT, BROAD/MEDIUM SPECTRUM","DOXYCYCLINE (MONOHYDRATE)",60,200.00,CAPS,DERMATOLOGY
"ANTNFCT, BROAD/MEDIUM SPECTRUM",CEPHALEXIN,49,1500.00,CAPS,"PHYSICIAN ASSISTANT"
"ANTNFCT, BROAD/MEDIUM SPECTRUM",AZITHROMYCIN,48,500.00,TABS,"INTERNAL MEDICINE/PEDIATRICS"
"ANTNFCT, BROAD/MEDIUM SPECTRUM",CEPHALEXIN,6,5000.00,SUSR,PEDIATRICS
"ANTNFCT, BROAD/MEDIUM SPECTRUM","CLINDAMYCIN HCL",68,600.00,CAPS,"PHYSICIAN ASSISTANT"
"ANTNFCT, BROAD/MEDIUM SPECTRUM",CEPHALEXIN,33,4000.00,CAPS,"PHYSICIAN ASSISTANT"
"ANTNFCT, BROAD/MEDIUM SPECTRUM",CEPHALEXIN,5,7500.00,SUSR,"PHYSICIAN ASSISTANT"
"B-LACTAM, INCREASED ACTIVITY","AMOXICILLIN & POT CLAVULANATE",35,1750.00,TABS,DENTIST
"ANTNFCT, BROAD/MEDIUM SPECTRUM",AZITHROMYCIN,60,500.00,TABS,"FAMILY MEDICINE"
"B-LACTAM, INCREASED ACTIVITY","AMOXICILLIN & POT CLAVULANATE",11,13800.00,SUSR,PEDIATRICS
"ANTNFCT, BROAD/MEDIUM SPECTRUM",CEFDINIR,19,600.00,CAPS,"NURSE PRACTITIONER"
"ANTNFCT, BROAD/MEDIUM SPECTRUM","DOXYCYCLINE HYCLATE",38,50.00,CAPS,DERMATOLOGY
"ANTNFCT, BROAD/MEDIUM SPECTRUM","CEFUROXIME AXETIL",69,3000.00,TABS,UROLOGY
"ANTNFCT, BROAD/MEDIUM SPECTRUM","CIPROFLOXACIN HCL",60,1000.00,TABS,"NURSE PRACTITIONER"
"ANTNFCT, BROAD/MEDIUM SPECTRUM",AMOXICILLIN,35,1500.00,CAPS,DENTIST
"ANTNFCT, BROAD/MEDIUM SPECTRUM",CEPHALEXIN,65,1500.00,CAPS,"INTERNAL MEDICINE/PEDIATRICS"
"ANTNFCT, BROAD/MEDIUM SPECTRUM","MINOCYCLINE HCL",33,200.00,CAPS,"PHYSICIAN ASSISTANT"
"ANTNFCT, BROAD/MEDIUM SPECTRUM",CEPHALEXIN,27,2000.00,CAPS,"OBSTETRICS & GYNECOLOGY"
"ANTNFCT, BROAD/MEDIUM SPECTRUM",AMOXICILLIN,72,1500.00,CAPS,DENTIST
"ANTNFCT, BROAD/MEDIUM SPECTRUM",AZITHROMYCIN,59,500.00,TABS,"NURSE PRACTITIONER"
"ANTNFCT, BROAD/MEDIUM SPECTRUM",AMOXICILLIN,78,2000.00,CAPS,DENTIST
"ANTNFCT, BROAD/MEDIUM SPECTRUM",AMOXICILLIN,18,1750.00,TABS,"NURSE PRACTITIONER"
"ANTNFCT, BROAD/MEDIUM SPECTRUM","DOXYCYCLINE HYCLATE",83,200.00,CAPS,"FAMILY MEDICINE"
"ANTNFCT, BROAD/MEDIUM SPECTRUM",AMOXICILLIN,37,500.00,TABS,UROLOGY
"ANTNFCT, BROAD/MEDIUM SPECTRUM",CEFDINIR,0,750.00,SUSR,OTOLARYNGOLOGY
"ANTNFCT, BROAD/MEDIUM SPECTRUM","PENICILLIN V POTASSIUM",1,1250.00,SOLR,PEDIATRICS
"ANTNFCT, BROAD/MEDIUM SPECTRUM","CLINDAMYCIN PALMITATE HYDROCHLORIDE",1,2175.00,SOLR,"PHYSICIAN ASSISTANT"
"B-LACTAM, INCREASED ACTIVITY","AMOXICILLIN & POT CLAVULANATE",35,1750.00,TABS,"NURSE PRACTITIONER"
"ANTNFCT, BROAD/MEDIUM SPECTRUM","DOXYCYCLINE HYCLATE",18,100.00,CAPS,DERMATOLOGY
"B-LACTAM, INCREASED ACTIVITY","AMOXICILLIN & POT CLAVULANATE",42,1750.00,TABS,"NURSE PRACTITIONER"
"B-LACTAM, INCREASED ACTIVITY","AMOXICILLIN & POT CLAVULANATE",64,1750.00,TABS,"PHYSICIAN ASSISTANT"
"ANTNFCT, BROAD/MEDIUM SPECTRUM",AMOXICILLIN,40,1500.00,TABS,DENTIST
"ANTNFCT, BROAD/MEDIUM SPECTRUM",CEPHALEXIN,41,1500.00,CAPS,"NURSE PRACTITIONER"
"ANTNFCT, BROAD/MEDIUM SPECTRUM",CEPHALEXIN,6,5000.00,SUSR,"NURSE PRACTITIONER"
"B-LACTAM, INCREASED ACTIVITY","AMOXICILLIN & POT CLAVULANATE",42,1750.00,TABS,"FAMILY MEDICINE"
"ANTNFCT, BROAD/MEDIUM SPECTRUM",AMOXICILLIN,21,8000.00,SUSR,OTOLARYNGOLOGY
"ANTNFCT, BROAD/MEDIUM SPECTRUM","DOXYCYCLINE HYCLATE",72,50.00,CAPS,OPHTHALMOLOGY
"ANTNFCT, BROAD/MEDIUM SPECTRUM",AMOXICILLIN,42,1750.00,TABS,"INTERNAL MEDICINE"
"ANTNFCT, BROAD/MEDIUM SPECTRUM","CLINDAMYCIN HCL",12,1200.00,CAPS,"ORTHOPEDIC SURGERY"
"ANTNFCT, BROAD/MEDIUM SPECTRUM",AZITHROMYCIN,58,500.00,TABS,"PHYSICIAN ASSISTANT"
"ANTNFCT, BROAD/MEDIUM SPECTRUM",AMOXICILLIN,31,1750.00,TABS,"EMERGENCY MEDICINE"
"ANTNFCT, BROAD/MEDIUM SPECTRUM",AMOXICILLIN,6,8000.00,SUSR,PEDIATRICS
"SULFONAMIDES & TRIMETHOPRIM",SULFAMETHOXAZOLE-TRIMETHOPRIM,38,400.00,TABS,
"ANTNFCT, BROAD/MEDIUM SPECTRUM",CEFDINIR,79,600.00,CAPS,"PHYSICIAN ASSISTANT"
"ANTNFCT, BROAD/MEDIUM SPECTRUM",AMOXICILLIN,49,1750.00,TABS,DENTIST
"ANTNFCT, BROAD/MEDIUM SPECTRUM",AMOXICILLIN,5,8000.00,SUSR,PEDIATRICS
"B-LACTAM, INCREASED ACTIVITY","AMOXICILLIN & POT CLAVULANATE",76,1000.00,TABS,"NURSE PRACTITIONER"
"ANTNFCT, BROAD/MEDIUM SPECTRUM",AZITHROMYCIN,24,1000.00,TABS,"OBSTETRICS & GYNECOLOGY"
"ANTNFCT, BROAD/MEDIUM SPECTRUM","CIPROFLOXACIN HCL",75,500.00,TABS,NEPHROLOGY
"ANTNFCT, BROAD/MEDIUM SPECTRUM",AZITHROMYCIN,50,500.00,TABS,"NURSE PRACTITIONER"
"ANTNFCT, BROAD/MEDIUM SPECTRUM",AMOXICILLIN,38,1750.00,TABS,"FAMILY MEDICINE"
"ANTNFCT, BROAD/MEDIUM SPECTRUM",AZITHROMYCIN,73,250.00,TABS,"NURSE PRACTITIONER"
"ANTNFCT, BROAD/MEDIUM SPECTRUM",AZITHROMYCIN,83,500.00,TABS,"INTERNAL MEDICINE"
"ANTNFCT, BROAD/MEDIUM SPECTRUM","DOXYCYCLINE HYCLATE",41,200.00,CAPS,"NURSE PRACTITIONER"
"ANTNFCT, BROAD/MEDIUM SPECTRUM",CEFDINIR,1,1500.00,SUSR,"NURSE PRACTITIONER"
"ANTNFCT, BROAD/MEDIUM SPECTRUM",AMOXICILLIN,1,4000.00,SUSR,PEDIATRICS
"ANTNFCT, BROAD/MEDIUM SPECTRUM",AMOXICILLIN,63,1500.00,CAPS,DENTIST
"B-LACTAM, INCREASED ACTIVITY","AMOXICILLIN & POT CLAVULANATE",76,1750.00,TABS,"FAMILY MEDICINE"
"ANTNFCT, BROAD/MEDIUM SPECTRUM",AMOXICILLIN,39,1500.00,CAPS,DENTIST
"ANTNFCT, BROAD/MEDIUM SPECTRUM",AMOXICILLIN,69,1000.00,CAPS,"FAMILY MEDICINE"
"ANTNFCT, BROAD/MEDIUM SPECTRUM","DOXYCYCLINE (MONOHYDRATE)",68,200.00,TABS,"ORTHOPEDIC SURGERY"
"ANTNFCT, BROAD/MEDIUM SPECTRUM",AMOXICILLIN,34,1750.00,TABS,"FAMILY MEDICINE"
"ANTNFCT, BROAD/MEDIUM SPECTRUM","CIPROFLOXACIN HCL",70,1000.00,TABS,UROLOGY
"ANTNFCT, BROAD/MEDIUM SPECTRUM","DOXYCYCLINE HYCLATE",47,200.00,TABS,"INTERNAL MEDICINE"
"ANTNFCT, BROAD/MEDIUM SPECTRUM",AZITHROMYCIN,21,500.00,TABS,"FAMILY MEDICINE"
"ANTNFCT, BROAD/MEDIUM SPECTRUM",CEPHALEXIN,22,1500.00,CAPS,"NURSE PRACTITIONER"
"ANTNFCT, BROAD/MEDIUM SPECTRUM",CEFDINIR,50,600.00,CAPS,"PHYSICIAN ASSISTANT"
"SULFONAMIDES & TRIMETHOPRIM",SULFAMETHOXAZOLE-TRIMETHOPRIM,34,1600.00,TABS,"FAMILY MEDICINE"
"ANTNFCT, BROAD/MEDIUM SPECTRUM","DOXYCYCLINE HYCLATE",85,200.00,TABS,"INFECTIOUS DISEASE"
"ANTNFCT, BROAD/MEDIUM SPECTRUM",CEFADROXIL,20,1000.00,CAPS,"FAMILY MEDICINE"
"ANTNFCT, BROAD/MEDIUM SPECTRUM",AMOXICILLIN,22,1500.00,CAPS,DENTIST
"B-LACTAM, INCREASED ACTIVITY","AMOXICILLIN & POT CLAVULANATE",16,1750.00,TABS,"EMERGENCY MEDICINE"
"B-LACTAM, INCREASED ACTIVITY","AMOXICILLIN & POT CLAVULANATE",51,1750.00,TABS,"NURSE PRACTITIONER"
"ANTNFCT, BROAD/MEDIUM SPECTRUM",AMOXICILLIN,2,8000.00,SUSR,PEDIATRICS
"ANTNFCT, BROAD/MEDIUM SPECTRUM",AZITHROMYCIN,1,600.00,SUSR,PEDIATRICS
"ANTNFCT, BROAD/MEDIUM SPECTRUM",AZITHROMYCIN,11,800.00,SUSR,"PEDIATRIC ALLERGY"
"ANTNFCT, BROAD/MEDIUM SPECTRUM",AMOXICILLIN,56,1500.00,CAPS,DENTIST
"ANTNFCT, BROAD/MEDIUM SPECTRUM",AZITHROMYCIN,58,500.00,TABS,RHEUMATOLOGY
"ANTNFCT, BROAD/MEDIUM SPECTRUM",AMOXICILLIN,17,2000.00,CAPS,DENTIST
"ANTNFCT, BROAD/MEDIUM SPECTRUM","DOXYCYCLINE (MONOHYDRATE)",53,200.00,CAPS,"NURSE PRACTITIONER"
"ANTNFCT, BROAD/MEDIUM SPECTRUM",AMOXICILLIN,0,4000.00,SUSR,PEDIATRICS
"ANTNFCT, BROAD/MEDIUM SPECTRUM","DOXYCYCLINE HYCLATE",18,200.00,CAPS,"PHYSICIAN ASSISTANT"
"ANTNFCT, BROAD/MEDIUM SPECTRUM",CEPHALEXIN,55,1500.00,CAPS,"FAMILY MEDICINE"
"ANTNFCT, BROAD/MEDIUM SPECTRUM",CEPHALEXIN,68,2000.00,CAPS,"FAMILY MEDICINE"
"B-LACTAM, INCREASED ACTIVITY","AMOXICILLIN & POT CLAVULANATE",33,1750.00,TABS,"FAMILY MEDICINE"
"ANTNFCT, BROAD/MEDIUM SPECTRUM",AMOXICILLIN,1,6000.00,SUSR,"PEDIATRIC CRITICAL CARE MEDICINE"
"ANTNFCT, BROAD/MEDIUM SPECTRUM","DOXYCYCLINE HYCLATE",21,200.00,CAPS,"NURSE PRACTITIONER"
"ANTNFCT, BROAD/MEDIUM SPECTRUM",AMOXICILLIN,2,8800.00,SUSR,"PHYSICIAN ASSISTANT"
"ANTNFCT, BROAD/MEDIUM SPECTRUM","DOXYCYCLINE HYCLATE",18,200.00,CAPS,DERMATOLOGY
"ANTNFCT, BROAD/MEDIUM SPECTRUM",AZITHROMYCIN,7,2000.00,SUSR,"NURSE PRACTITIONER"
"ANTNFCT, BROAD/MEDIUM SPECTRUM",AMOXICILLIN,65,2000.00,CAPS,DENTIST
"ANTNFCT, BROAD/MEDIUM SPECTRUM","PENICILLIN V POTASSIUM",48,2000.00,TABS,DENTIST
"B-LACTAM, INCREASED ACTIVITY","AMOXICILLIN & POT CLAVULANATE",26,1750.00,TABS,"NURSE PRACTITIONER"
"ANTNFCT, BROAD/MEDIUM SPECTRUM",CEPHALEXIN,1,5000.00,SUSR,PEDIATRICS
"ANTNFCT, BROAD/MEDIUM SPECTRUM","PENICILLIN V POTASSIUM",43,1500.00,TABS,"INTERNAL MEDICINE"
"ANTNFCT, BROAD/MEDIUM SPECTRUM",CEFDINIR,2,1500.00,SUSR,"NURSE PRACTITIONER"
"ANTNFCT, BROAD/MEDIUM SPECTRUM","DOXYCYCLINE (MONOHYDRATE)",75,200.00,CAPS,"PHYSICIAN ASSISTANT"
"ANTNFCT SYSTEMIC, OTHER",ATOVAQUONE,60,3750.00,SUSP,"INTERNAL MEDICINE"
"SULFONAMIDES & TRIMETHOPRIM",SULFAMETHOXAZOLE-TRIMETHOPRIM,63,1600.00,TABS,"PHYSICIAN ASSISTANT"
"B-LACTAM, INCREASED ACTIVITY","AMOXICILLIN & POT CLAVULANATE",56,1750.00,TABS,"INTERNAL MEDICINE"
"ANTNFCT, BROAD/MEDIUM SPECTRUM",CEFDINIR,80,600.00,CAPS,"PULMONARY DISEASE"
"ANTNFCT, BROAD/MEDIUM SPECTRUM",CEPHALEXIN,85,1000.00,CAPS,NEPHROLOGY
"ANTNFCT, BROAD/MEDIUM SPECTRUM",CEPHALEXIN,82,1500.00,CAPS,DERMATOLOGY
"ANTNFCT, BROAD/MEDIUM SPECTRUM",AMOXICILLIN,32,1500.00,CAPS,DENTIST
"ANTNFCT, BROAD/MEDIUM SPECTRUM",AZITHROMYCIN,3,1200.00,SUSR,PEDIATRICS
"ANTNFCT, BROAD/MEDIUM SPECTRUM",AZITHROMYCIN,22,500.00,TABS,DENTIST
"ANTNFCT, BROAD/MEDIUM SPECTRUM",CEPHALEXIN,74,1500.00,CAPS,"PHYSICIAN ASSISTANT"
"ANTNFCT, BROAD/MEDIUM SPECTRUM",AMOXICILLIN,7,8000.00,SUSR,"FAMILY MEDICINE"
"ANTNFCT, BROAD/MEDIUM SPECTRUM","CLINDAMYCIN HCL",74,600.00,CAPS,"OBSTETRICS & GYNECOLOGY"
"ANTNFCT, BROAD/MEDIUM SPECTRUM",CEFDINIR,52,600.00,CAPS,"FAMILY MEDICINE"
"ANTNFCT, BROAD/MEDIUM SPECTRUM","DOXYCYCLINE HYCLATE",57,100.00,CAPS,DERMATOLOGY
"B-LACTAM, INCREASED ACTIVITY","AMOXICILLIN & POT CLAVULANATE",48,1750.00,TABS,"EMERGENCY MEDICINE"
"ANTNFCT, BROAD/MEDIUM SPECTRUM","MINOCYCLINE HCL",17,100.00,CAPS,"PHYSICIAN ASSISTANT"
"ANTNFCT, BROAD/MEDIUM SPECTRUM","DOXYCYCLINE HYCLATE",62,200.00,TABS,"NURSE PRACTITIONER"
"ANTNFCT, BROAD/MEDIUM SPECTRUM",AMOXICILLIN,1,4000.00,SUSR,"NURSE PRACTITIONER"
"ANTNFCT, BROAD/MEDIUM SPECTRUM",AMOXICILLIN,12,3750.00,SUSR,DENTIST
"B-LACTAM, INCREASED ACTIVITY","AMOXICILLIN & POT CLAVULANATE",54,1750.00,TABS,PODIATRIST
"ANTNFCT, BROAD/MEDIUM SPECTRUM","NEOMYCIN SULFATE",76,3000.00,TABS,"PHYSICIAN ASSISTANT"
"ANTNFCT, BROAD/MEDIUM SPECTRUM",CEFDINIR,6,1500.00,SUSR,"FAMILY MEDICINE"
"ANTNFCT, BROAD/MEDIUM SPECTRUM","MINOCYCLINE HCL",31,50.00,CAPS,DERMATOLOGY
"ANTNFCT, BROAD/MEDIUM SPECTRUM",AZITHROMYCIN,25,500.00,TABS,"PHYSICIAN ASSISTANT"
"ANTNFCT, BROAD/MEDIUM SPECTRUM",AMOXICILLIN,60,500.00,CAPS,"ORAL & MAXILLOFACIAL SURGERY"
"ANTNFCT, BROAD/MEDIUM SPECTRUM","PENICILLIN V POTASSIUM",44,2000.00,TABS,DENTIST
"ANTNFCT, BROAD/MEDIUM SPECTRUM","CLINDAMYCIN HCL",23,1200.00,CAPS,"PEDIATRIC INFECTIOUS DISEASE"
"ANTNFCT, BROAD/MEDIUM SPECTRUM",AMOXICILLIN,1,4000.00,SUSR,PEDIATRICS
"SULFONAMIDES & TRIMETHOPRIM",SULFAMETHOXAZOLE-TRIMETHOPRIM,17,1600.00,TABS,PEDIATRICS
"ANTNFCT, BROAD/MEDIUM SPECTRUM","DOXYCYCLINE HYCLATE",26,50.00,CAPS,OPHTHALMOLOGY
"B-LACTAM, INCREASED ACTIVITY","AMOXICILLIN & POT CLAVULANATE",53,1750.00,TABS,"NURSE PRACTITIONER"
"SULFONAMIDES & TRIMETHOPRIM",SULFAMETHOXAZOLE-TRIMETHOPRIM,64,1600.00,TABS,"INTERNAL MEDICINE"
"ANTNFCT, BROAD/MEDIUM SPECTRUM",CEFDINIR,8,2500.00,SUSR,
"ANTNFCT, BROAD/MEDIUM SPECTRUM","DOXYCYCLINE HYCLATE",38,200.00,TABS,"NURSE PRACTITIONER"
"ANTNFCT, BROAD/MEDIUM SPECTRUM",AZITHROMYCIN,72,500.00,TABS,"INTERNAL MEDICINE"
"ANTNFCT, BROAD/MEDIUM SPECTRUM",AMOXICILLIN,47,1750.00,TABS,DENTIST
"ANTNFCT, BROAD/MEDIUM SPECTRUM",CEPHALEXIN,11,1500.00,CAPS,"FAMILY MEDICINE"
"ANTNFCT, BROAD/MEDIUM SPECTRUM",AMOXICILLIN,0,2000.00,SUSR,
"B-LACTAM, INCREASED ACTIVITY","AMOXICILLIN & POT CLAVULANATE",37,1750.00,TABS,"PHYSICIAN ASSISTANT"
"B-LACTAM, INCREASED ACTIVITY","AMOXICILLIN & POT CLAVULANATE",68,1750.00,TABS,"INTERNAL MEDICINE"
"ANTNFCT, BROAD/MEDIUM SPECTRUM","PENICILLIN V POTASSIUM",28,500.00,TABS,"FAMILY MEDICINE"
"SULFONAMIDES & TRIMETHOPRIM",SULFAMETHOXAZOLE-TRIMETHOPRIM,22,1600.00,TABS,"FAMILY MEDICINE"
"ANTNFCT, BROAD/MEDIUM SPECTRUM",AMOXICILLIN,2,6000.00,SUSR,PEDIATRICS
"ANTNFCT, BROAD/MEDIUM SPECTRUM","DOXYCYCLINE HYCLATE",17,200.00,CAPS,DERMATOLOGY
"ANTNFCT, BROAD/MEDIUM SPECTRUM",AZITHROMYCIN,18,500.00,TABS,"ALLERGY & IMMUNOLOGY"
"ANTNFCT, BROAD/MEDIUM SPECTRUM",AMOXICILLIN,81,2000.00,CAPS,DENTIST
"ANTNFCT, BROAD/MEDIUM SPECTRUM",AMOXICILLIN,35,1000.00,CAPS,"NURSE PRACTITIONER"
"ANTNFCT, BROAD/MEDIUM SPECTRUM",AMOXICILLIN,11,1000.00,CAPS,"NURSE PRACTITIONER"
"ANTNFCT, BROAD/MEDIUM SPECTRUM",CEPHALEXIN,50,1500.00,CAPS,"FAMILY MEDICINE"
"ANTNFCT, BROAD/MEDIUM SPECTRUM","DOXYCYCLINE (MONOHYDRATE)",78,200.00,CAPS,"INTERNAL MEDICINE"
"ANTNFCT, BROAD/MEDIUM SPECTRUM",AZITHROMYCIN,50,500.00,TABS,"INTERNAL MEDICINE"
"ANTNFCT, BROAD/MEDIUM SPECTRUM",LEVOFLOXACIN,85,500.00,TABS,"INTERNAL MEDICINE"
"ANTNFCT, BROAD/MEDIUM SPECTRUM",AMOXICILLIN,6,8000.00,SUSR,"NURSE PRACTITIONER"
"ANTNFCT, BROAD/MEDIUM SPECTRUM",AMOXICILLIN,16,1500.00,CAPS,"ORAL & MAXILLOFACIAL SURGERY"
"ANTNFCT, BROAD/MEDIUM SPECTRUM","CLINDAMYCIN HCL",19,600.00,CAPS,"PHYSICIAN ASSISTANT"
"ANTNFCT, BROAD/MEDIUM SPECTRUM",AMOXICILLIN,39,1500.00,CAPS,DENTIST
"ANTNFCT, BROAD/MEDIUM SPECTRUM",AZITHROMYCIN,52,500.00,TABS,"FAMILY MEDICINE"
"ANTNFCT, BROAD/MEDIUM SPECTRUM",AMOXICILLIN,38,1500.00,CAPS,"NURSE PRACTITIONER"
"ANTNFCT, BROAD/MEDIUM SPECTRUM","DOXYCYCLINE HYCLATE",25,200.00,CAPS,"NURSE PRACTITIONER"
"ANTNFCT, BROAD/MEDIUM SPECTRUM",CEPHALEXIN,34,2000.00,CAPS,"NURSE PRACTITIONER"
"ANTNFCT, BROAD/MEDIUM SPECTRUM",CEPHALEXIN,69,1000.00,CAPS,"INFECTIOUS DISEASE"
"ANTNFCT, BROAD/MEDIUM SPECTRUM","CIPROFLOXACIN HCL",59,1000.00,TABS,"NURSE PRACTITIONER"
"ANTNFCT, BROAD/MEDIUM SPECTRUM",AMOXICILLIN,18,1750.00,TABS,"PHYSICIAN ASSISTANT"
"ANTNFCT, BROAD/MEDIUM SPECTRUM",AZITHROMYCIN,45,500.00,TABS,"NURSE PRACTITIONER"
"ANTNFCT, BROAD/MEDIUM SPECTRUM",CEPHALEXIN,59,1500.00,CAPS,UROLOGY
"ANTNFCT, BROAD/MEDIUM SPECTRUM",CEPHALEXIN,17,1500.00,CAPS,PEDIATRICS
"ANTNFCT, BROAD/MEDIUM SPECTRUM",AMPICILLIN,59,1000.00,CAPS,DERMATOLOGY
"ANTNFCT, BROAD/MEDIUM SPECTRUM",AZITHROMYCIN,38,500.00,TABS,"PHYSICIAN ASSISTANT"
"ANTNFCT, BROAD/MEDIUM SPECTRUM",AMOXICILLIN,6,8800.00,SUSR,PEDIATRICS
"ANTNFCT, BROAD/MEDIUM SPECTRUM","DOXYCYCLINE HYCLATE",64,200.00,CAPS,"FAMILY MEDICINE"
"ANTNFCT, BROAD/MEDIUM SPECTRUM",LEVOFLOXACIN,34,500.00,TABS,"CRITICAL CARE MEDICINE (INTERNAL MEDICINE)"
"ANTNFCT, BROAD/MEDIUM SPECTRUM",AMOXICILLIN,85,1500.00,CAPS,DENTIST
"ANTNFCT, BROAD/MEDIUM SPECTRUM",CEFIXIME,12,400.00,CAPS,"INTERNAL MEDICINE/PEDIATRICS"
"ANTNFCT, BROAD/MEDIUM SPECTRUM",CEPHALEXIN,56,1500.00,CAPS,OPTOMETRIST
"ANTNFCT, BROAD/MEDIUM SPECTRUM",AZITHROMYCIN,60,500.00,TABS,"NURSE PRACTITIONER"
"ANTNFCT, BROAD/MEDIUM SPECTRUM",AZITHROMYCIN,50,500.00,TABS,"PHYSICIAN ASSISTANT"
"ANTNFCT, BROAD/MEDIUM SPECTRUM",CEFDINIR,15,600.00,CAPS,"INTERNAL MEDICINE"
"SULFONAMIDES & TRIMETHOPRIM",SULFAMETHOXAZOLE-TRIMETHOPRIM,47,800.00,TABS,"INFECTIOUS DISEASE"
"ANTNFCT, BROAD/MEDIUM SPECTRUM","DOXYCYCLINE HYCLATE",33,100.00,CAPS,"PHYSICIAN ASSISTANT"
"SULFONAMIDES & TRIMETHOPRIM",SULFAMETHOXAZOLE-TRIMETHOPRIM,59,1600.00,TABS,"PHYSICIAN ASSISTANT"
"ANTNFCT, BROAD/MEDIUM SPECTRUM",AZITHROMYCIN,61,500.00,TABS,"INTERNAL MEDICINE"
"ANTNFCT, BROAD/MEDIUM SPECTRUM","CIPROFLOXACIN HCL",80,500.00,TABS,"FAMILY MEDICINE"
"ANTNFCT, BROAD/MEDIUM SPECTRUM","DICLOXACILLIN SODIUM",33,2000.00,CAPS,"OBSTETRICS & GYNECOLOGY"
"ANTNFCT, BROAD/MEDIUM SPECTRUM","CIPROFLOXACIN HCL",52,1000.00,TABS,"GENERAL PRACTICE"
"ANTNFCT, BROAD/MEDIUM SPECTRUM",CEPHALEXIN,16,1000.00,CAPS,"FAMILY MEDICINE"
"ANTNFCT, BROAD/MEDIUM SPECTRUM","DOXYCYCLINE HYCLATE",64,200.00,CAPS,"NURSE PRACTITIONER"
"ANTNFCT, BROAD/MEDIUM SPECTRUM","DOXYCYCLINE HYCLATE",50,200.00,CAPS,DENTIST
"ANTNFCT, BROAD/MEDIUM SPECTRUM","DOXYCYCLINE HYCLATE",19,100.00,CAPS,DERMATOLOGY
"ANTNFCT, BROAD/MEDIUM SPECTRUM",CEFDINIR,6,1500.00,SUSR,"NURSE PRACTITIONER"
"ANTNFCT, BROAD/MEDIUM SPECTRUM",AMOXICILLIN,45,1500.00,CAPS,OTOLARYNGOLOGY
"ANTNFCT, BROAD/MEDIUM SPECTRUM",AMOXICILLIN,19,2000.00,TABS,DENTIST
"ANTNFCT, BROAD/MEDIUM SPECTRUM","CIPROFLOXACIN HCL",50,1000.00,TABS,"FAMILY MEDICINE"
"ANTNFCT, BROAD/MEDIUM SPECTRUM",AMOXICILLIN,3,6000.00,SUSR,"NURSE PRACTITIONER"
"ANTNFCT, BROAD/MEDIUM SPECTRUM",CEFDINIR,19,600.00,CAPS,"HEAD & NECK SURGERY"
"ANTNFCT, BROAD/MEDIUM SPECTRUM",AMOXICILLIN,5,11600.00,SUSR,"INTERNAL MEDICINE/PEDIATRICS"
"ANTNFCT, BROAD/MEDIUM SPECTRUM","CLINDAMYCIN HCL",77,1200.00,CAPS,"ORAL & MAXILLOFACIAL SURGERY"
"ANTNFCT, BROAD/MEDIUM SPECTRUM","DOXYCYCLINE HYCLATE",79,100.00,CAPS,DERMATOLOGY
"ANTNFCT, BROAD/MEDIUM SPECTRUM",AMOXICILLIN,37,1500.00,CAPS,DENTIST
"ANTNFCT, BROAD/MEDIUM SPECTRUM",AMOXICILLIN,8,12000.00,SUSR,"NURSE PRACTITIONER"
"SULFONAMIDES & TRIMETHOPRIM",SULFAMETHOXAZOLE-TRIMETHOPRIM,67,1600.00,TABS,"EMERGENCY MEDICINE"
"ANTNFCT, BROAD/MEDIUM SPECTRUM",AMOXICILLIN,41,1500.00,CAPS,"OBSTETRICS & GYNECOLOGY"
"ANTNFCT, BROAD/MEDIUM SPECTRUM","CIPROFLOXACIN HCL",30,1000.00,TABS,"EMERGENCY MEDICINE"
"ANTNFCT, BROAD/MEDIUM SPECTRUM",AMOXICILLIN,40,2000.00,CAPS,"OBSTETRICS & GYNECOLOGY"
"B-LACTAM, INCREASED ACTIVITY","AMOXICILLIN & POT CLAVULANATE",3,4000.00,SUSR,PEDIATRICS
"ANTNFCT, BROAD/MEDIUM SPECTRUM",AZITHROMYCIN,51,500.00,TABS,"NURSE PRACTITIONER"
"ANTNFCT, BROAD/MEDIUM SPECTRUM",AMOXICILLIN,69,2625.00,TABS,DENTIST
"ANTNFCT, BROAD/MEDIUM SPECTRUM","CIPROFLOXACIN HCL",69,1000.00,TABS,"CARDIOVASCULAR DISEASE"
"B-LACTAM, INCREASED ACTIVITY","AMOXICILLIN & POT CLAVULANATE",49,1750.00,TABS,"FAMILY MEDICINE"
"ANTNFCT, BROAD/MEDIUM SPECTRUM",CEFDINIR,57,600.00,CAPS,DERMATOLOGY
"ANTNFCT, BROAD/MEDIUM SPECTRUM","DOXYCYCLINE HYCLATE",17,200.00,CAPS,"NURSE PRACTITIONER"
"ANTNFCT, BROAD/MEDIUM SPECTRUM","CIPROFLOXACIN HCL",56,1000.00,TABS,UROLOGY
"ANTNFCT, BROAD/MEDIUM SPECTRUM",CEPHALEXIN,57,250.00,CAPS,"INFECTIOUS DISEASE"
"ANTNFCT, BROAD/MEDIUM SPECTRUM","MINOCYCLINE HCL",18,200.00,CAPS,PEDIATRICS
"ANTNFCT, BROAD/MEDIUM SPECTRUM",CEPHALEXIN,49,1000.00,CAPS,"FAMILY MEDICINE"
"ANTNFCT, BROAD/MEDIUM SPECTRUM",AMOXICILLIN,64,1750.00,TABS,PEDIATRICS
"ANTNFCT, BROAD/MEDIUM SPECTRUM",AMPICILLIN,83,1500.00,CAPS,"CARDIOVASCULAR DISEASE"
"SULFONAMIDES & TRIMETHOPRIM",SULFAMETHOXAZOLE-TRIMETHOPRIM,68,1600.00,TABS,"FAMILY MEDICINE"
"ANTNFCT, BROAD/MEDIUM SPECTRUM",AZITHROMYCIN,49,500.00,TABS,"PHYSICIAN ASSISTANT"
"ANTNFCT, BROAD/MEDIUM SPECTRUM",CEFDINIR,73,600.00,CAPS,"NURSE PRACTITIONER"
"ANTNFCT, BROAD/MEDIUM SPECTRUM",AZITHROMYCIN,36,1000.00,TABS,RHEUMATOLOGY
"B-LACTAM, INCREASED ACTIVITY","AMOXICILLIN & POT CLAVULANATE",76,1750.00,TABS,"FAMILY MEDICINE"
"ANTNFCT, BROAD/MEDIUM SPECTRUM",CEPHALEXIN,62,1000.00,CAPS,"PHYSICIAN ASSISTANT"
"B-LACTAM, INCREASED ACTIVITY","AMOXICILLIN & POT CLAVULANATE",55,1750.00,TABS,"PHYSICIAN ASSISTANT"
"ANTNFCT, BROAD/MEDIUM SPECTRUM","DOXYCYCLINE HYCLATE",46,200.00,TABS,"PHYSICIAN ASSISTANT"
"ANTNFCT, BROAD/MEDIUM SPECTRUM",AZITHROMYCIN,22,1.00,PACK,"NURSE PRACTITIONER"
"ANTNFCT, BROAD/MEDIUM SPECTRUM",AZITHROMYCIN,10,1200.00,SUSR,PEDIATRICS
"ANTNFCT, BROAD/MEDIUM SPECTRUM",AMOXICILLIN,55,1500.00,CAPS,"EMERGENCY MEDICINE"
"ANTNFCT, BROAD/MEDIUM SPECTRUM",CEPHALEXIN,85,250.00,CAPS,"INFECTIOUS DISEASE"
"ANTNFCT, BROAD/MEDIUM SPECTRUM",AMOXICILLIN,31,1500.00,TABS,"EMERGENCY MEDICINE"
"ANTNFCT, BROAD/MEDIUM SPECTRUM","MINOCYCLINE HCL",50,75.00,CAPS,DERMATOLOGY
"ANTNFCT, BROAD/MEDIUM SPECTRUM","CIPROFLOXACIN HCL",81,1000.00,TABS,"NURSE PRACTITIONER"
"SULFONAMIDES & TRIMETHOPRIM",SULFAMETHOXAZOLE-TRIMETHOPRIM,37,1600.00,TABS,UROLOGY
"ANTNFCT, BROAD/MEDIUM SPECTRUM","VANCOMYCIN HCL",37,500.00,CAPS,"NURSE PRACTITIONER"
"ANTNFCT, BROAD/MEDIUM SPECTRUM",CEPHALEXIN,54,2000.00,CAPS,"INTERNAL MEDICINE"
"ANTNFCT, BROAD/MEDIUM SPECTRUM","CLINDAMYCIN HCL",46,1200.00,CAPS,DENTIST
"ANTNFCT, BROAD/MEDIUM SPECTRUM",AMOXICILLIN,2,6000.00,SUSR,"EMERGENCY MEDICINE"
"ANTNFCT, BROAD/MEDIUM SPECTRUM","DOXYCYCLINE (MONOHYDRATE)",44,200.00,TABS,"FAMILY MEDICINE"
"ANTNFCT, BROAD/MEDIUM SPECTRUM",CEPHALEXIN,55,1500.00,CAPS,"NURSE PRACTITIONER"
"ANTNFCT, BROAD/MEDIUM SPECTRUM",CEPHALEXIN,50,1500.00,CAPS,UROLOGY
"ANTNFCT, BROAD/MEDIUM SPECTRUM",AZITHROMYCIN,48,500.00,TABS,"INTERNAL MEDICINE"
"ANTNFCT, BROAD/MEDIUM SPECTRUM","DOXYCYCLINE HYCLATE",47,200.00,CAPS,"PHYSICIAN ASSISTANT"
"ANTNFCT, BROAD/MEDIUM SPECTRUM","CLINDAMYCIN HCL",29,900.00,CAPS,DENTIST
"ANTNFCT, BROAD/MEDIUM SPECTRUM",AZITHROMYCIN,46,500.00,TABS,"FAMILY MEDICINE"
"ANTNFCT, BROAD/MEDIUM SPECTRUM",AZITHROMYCIN,42,1000.00,TABS,"HOSPICE & PALLIATIVE MEDICINE (FAMILY MEDICINE)"
"ANTNFCT, BROAD/MEDIUM SPECTRUM",AZITHROMYCIN,69,500.00,TABS,"NURSE PRACTITIONER"
"ANTNFCT, BROAD/MEDIUM SPECTRUM",AMOXICILLIN,77,500.00,CAPS,"INTERNAL MEDICINE"
"ANTNFCT, BROAD/MEDIUM SPECTRUM",AMOXICILLIN,57,1750.00,TABS,"PHYSICIAN ASSISTANT"
"ANTNFCT, BROAD/MEDIUM SPECTRUM",AZITHROMYCIN,62,500.00,TABS,"FAMILY MEDICINE"
"B-LACTAM, INCREASED ACTIVITY","AMOXICILLIN & POT CLAVULANATE",50,1750.00,TABS,"NURSE PRACTITIONER"
"ANTNFCT, BROAD/MEDIUM SPECTRUM",AZITHROMYCIN,58,500.00,TABS,"PHYSICIAN ASSISTANT"
"ANTNFCT, BROAD/MEDIUM SPECTRUM",AZITHROMYCIN,82,500.00,TABS,"INTERNAL MEDICINE"
"ANTNFCT, BROAD/MEDIUM SPECTRUM","CIPROFLOXACIN HCL",64,1000.00,TABS,UROLOGY
"ANTNFCT, BROAD/MEDIUM SPECTRUM","CLINDAMYCIN HCL",19,900.00,CAPS,"PLASTIC SURGERY"
"B-LACTAM, INCREASED ACTIVITY","AMOXICILLIN & POT CLAVULANATE",16,2000.00,TB12,"NURSE PRACTITIONER"
"SULFONAMIDES & TRIMETHOPRIM",SULFAMETHOXAZOLE-TRIMETHOPRIM,41,1600.00,TABS,"EMERGENCY MEDICINE"
"B-LACTAM, INCREASED ACTIVITY","AMOXICILLIN & POT CLAVULANATE",65,1750.00,TABS,OPHTHALMOLOGY
"SULFONAMIDES & TRIMETHOPRIM",SULFAMETHOXAZOLE-TRIMETHOPRIM,53,1600.00,TABS,"NURSE PRACTITIONER"
"ANTNFCT, BROAD/MEDIUM SPECTRUM",CEPHALEXIN,35,1000.00,CAPS,"PHYSICIAN ASSISTANT"
"ANTNFCT, BROAD/MEDIUM SPECTRUM","PENICILLIN V POTASSIUM",27,1000.00,TABS,"NURSE PRACTITIONER"
"ANTNFCT, BROAD/MEDIUM SPECTRUM",CEPHALEXIN,64,1000.00,CAPS,"ORTHOPEDIC SURGERY"
"ANTNFCT, BROAD/MEDIUM SPECTRUM","PENICILLIN V POTASSIUM",22,1000.00,TABS,"NURSE PRACTITIONER"
"ANTNFCT, BROAD/MEDIUM SPECTRUM","DOXYCYCLINE HYCLATE",20,200.00,CAPS,PEDIATRICS
"ANTNFCT, BROAD/MEDIUM SPECTRUM","PENICILLIN V POTASSIUM",27,1500.00,TABS,"PHYSICIAN ASSISTANT"
"ANTNFCT, BROAD/MEDIUM SPECTRUM","PENICILLIN V POTASSIUM",57,2000.00,TABS,DENTIST
"B-LACTAM, INCREASED ACTIVITY","AMOXICILLIN & POT CLAVULANATE",46,1750.00,TABS,"NURSE PRACTITIONER"
"ANTNFCT, BROAD/MEDIUM SPECTRUM","CIPROFLOXACIN HCL",49,1000.00,TABS,UROLOGY
"ANTNFCT, BROAD/MEDIUM SPECTRUM",AZITHROMYCIN,33,500.00,TABS,"PHYSICIAN ASSISTANT"
"ANTNFCT, BROAD/MEDIUM SPECTRUM",CEPHALEXIN,30,1500.00,CAPS,"FAMILY MEDICINE"
"ANTNFCT, BROAD/MEDIUM SPECTRUM","CIPROFLOXACIN HCL",85,1000.00,TABS,HEMATOLOGY/ONCOLOGY
"SULFONAMIDES & TRIMETHOPRIM",SULFAMETHOXAZOLE-TRIMETHOPRIM,26,1600.00,TABS,"FAMILY MEDICINE"
"ANTNFCT, BROAD/MEDIUM SPECTRUM",AMOXICILLIN,9,9200.00,SUSR,PEDIATRICS
"ANTNFCT, BROAD/MEDIUM SPECTRUM",CEFDINIR,21,600.00,CAPS,"FAMILY MEDICINE"
"ANTNFCT, BROAD/MEDIUM SPECTRUM",AMOXICILLIN,26,1500.00,CAPS,DENTIST
"B-LACTAM, INCREASED ACTIVITY","AMOXICILLIN & POT CLAVULANATE",55,1000.00,TABS,"ORAL & MAXILLOFACIAL SURGERY"
"ANTNFCT, BROAD/MEDIUM SPECTRUM",AMOXICILLIN,53,1500.00,CAPS,DENTIST
"ANTNFCT, BROAD/MEDIUM SPECTRUM",AZITHROMYCIN,43,500.00,TABS,"EMERGENCY MEDICINE"
"ANTNFCT, BROAD/MEDIUM SPECTRUM",AZITHROMYCIN,1,300.00,SUSR,"NURSE PRACTITIONER"
"ANTNFCT, BROAD/MEDIUM SPECTRUM",AZITHROMYCIN,63,500.00,TABS,"FAMILY MEDICINE"
"SULFONAMIDES & TRIMETHOPRIM",SULFAMETHOXAZOLE-TRIMETHOPRIM,85,1600.00,TABS,"INTERNAL MEDICINE"
"B-LACTAM, INCREASED ACTIVITY","AMOXICILLIN & POT CLAVULANATE",82,1750.00,TABS,"INTERNAL MEDICINE"
"ANTNFCT, BROAD/MEDIUM SPECTRUM","CEFUROXIME AXETIL",57,1000.00,TABS,"FAMILY MEDICINE"
"ANTNFCT, BROAD/MEDIUM SPECTRUM",AMOXICILLIN,66,2000.00,CAPS,DENTIST
"SULFONAMIDES & TRIMETHOPRIM",SULFAMETHOXAZOLE-TRIMETHOPRIM,71,1600.00,TABS,"FAMILY MEDICINE"
"ANTNFCT, BROAD/MEDIUM SPECTRUM",CEPHALEXIN,44,2000.00,CAPS,"NURSE PRACTITIONER"
"ANTNFCT, BROAD/MEDIUM SPECTRUM",AZITHROMYCIN,38,500.00,TABS,"EMERGENCY MEDICINE"
"ANTNFCT, BROAD/MEDIUM SPECTRUM",LEVOFLOXACIN,75,500.00,TABS,UROLOGY
"ANTNFCT, BROAD/MEDIUM SPECTRUM","DOXYCYCLINE HYCLATE",66,200.00,CAPS,"NURSE PRACTITIONER"
"ANTNFCT, BROAD/MEDIUM SPECTRUM","CLINDAMYCIN PALMITATE HYDROCHLORIDE",68,2550.00,SOLR,"NURSE PRACTITIONER"
"ANTNFCT, BROAD/MEDIUM SPECTRUM",AZITHROMYCIN,57,500.00,TABS,"INTERNAL MEDICINE"
"SULFONAMIDES & TRIMETHOPRIM",SULFAMETHOXAZOLE-TRIMETHOPRIM,50,1600.00,TABS,"INTERNAL MEDICINE"
"B-LACTAM, INCREASED ACTIVITY","AMOXICILLIN & POT CLAVULANATE",2,4800.00,SUSR,"NURSE PRACTITIONER"
"ANTNFCT, BROAD/MEDIUM SPECTRUM","CEFUROXIME AXETIL",29,1000.00,TABS,"PHYSICIAN ASSISTANT"
"SULFONAMIDES & TRIMETHOPRIM",SULFAMETHOXAZOLE-TRIMETHOPRIM,36,1600.00,TABS,"FAMILY MEDICINE"
"ANTNFCT, BROAD/MEDIUM SPECTRUM",AZITHROMYCIN,26,500.00,TABS,"INTERNAL MEDICINE"
"ANTNFCT, BROAD/MEDIUM SPECTRUM","DOXYCYCLINE HYCLATE",26,100.00,TABS,"NURSE PRACTITIONER"
"ANTNFCT, BROAD/MEDIUM SPECTRUM",AMOXICILLIN,6,8000.00,SUSR,PEDIATRICS
"ANTNFCT, BROAD/MEDIUM SPECTRUM",AMOXICILLIN,2,6000.00,SUSR,"NURSE PRACTITIONER"
"ANTNFCT, BROAD/MEDIUM SPECTRUM",AZITHROMYCIN,3,1200.00,SUSR,PEDIATRICS
"B-LACTAM, INCREASED ACTIVITY","AMOXICILLIN & POT CLAVULANATE",5,1750.00,TABS,"NURSE PRACTITIONER"
"ANTNFCT, BROAD/MEDIUM SPECTRUM","CLINDAMYCIN HCL",38,600.00,CAPS,"FAMILY MEDICINE"
"ANTNFCT, BROAD/MEDIUM SPECTRUM",AMOXICILLIN,77,1500.00,CAPS,"INFECTIOUS DISEASE"
"SULFONAMIDES & TRIMETHOPRIM",SULFAMETHOXAZOLE-TRIMETHOPRIM,51,1600.00,TABS,NEPHROLOGY
"ANTNFCT, BROAD/MEDIUM SPECTRUM",AMOXICILLIN,55,1500.00,CAPS,DENTIST
"ANTNFCT, BROAD/MEDIUM SPECTRUM",AMOXICILLIN,15,7500.00,SUSR,"PHYSICIAN ASSISTANT"
"SULFONAMIDES & TRIMETHOPRIM",SULFAMETHOXAZOLE-TRIMETHOPRIM,50,800.00,TABS,"OBSTETRICS & GYNECOLOGY"
"ANTNFCT, BROAD/MEDIUM SPECTRUM",AMOXICILLIN,6,6000.00,SUSR,"PEDIATRIC INFECTIOUS DISEASE"
"ANTNFCT, BROAD/MEDIUM SPECTRUM",AMOXICILLIN,0,4000.00,SUSR,PEDIATRICS
"ANTNFCT, BROAD/MEDIUM SPECTRUM",AMOXICILLIN,3,8000.00,SUSR,"NURSE PRACTITIONER"
"ANTNFCT, BROAD/MEDIUM SPECTRUM",LEVOFLOXACIN,75,500.00,TABS,UROLOGY
"SULFONAMIDES & TRIMETHOPRIM",SULFAMETHOXAZOLE-TRIMETHOPRIM,60,1600.00,TABS,"GENERAL SURGERY"
"ANTNFCT, BROAD/MEDIUM SPECTRUM",CEPHALEXIN,85,1000.00,TABS,"FAMILY MEDICINE"
"ANTNFCT, BROAD/MEDIUM SPECTRUM","CLINDAMYCIN HCL",38,1800.00,CAPS,"PHYSICIAN ASSISTANT"
"ANTNFCT, BROAD/MEDIUM SPECTRUM","CIPROFLOXACIN HCL",24,1000.00,TABS,"NURSE PRACTITIONER"
"SULFONAMIDES & TRIMETHOPRIM",SULFAMETHOXAZOLE-TRIMETHOPRIM,38,1600.00,TABS,"FAMILY MEDICINE"
"ANTNFCT, BROAD/MEDIUM SPECTRUM",CEPHALEXIN,62,1500.00,CAPS,"NURSE PRACTITIONER"
"B-LACTAM, INCREASED ACTIVITY","AMOXICILLIN & POT CLAVULANATE",35,1750.00,TABS,DENTIST
"B-LACTAM, INCREASED ACTIVITY","AMOXICILLIN & POT CLAVULANATE",13,1750.00,TABS,"NURSE PRACTITIONER"
"ANTNFCT, BROAD/MEDIUM SPECTRUM",AMOXICILLIN,23,1500.00,CAPS,"ORAL & MAXILLOFACIAL SURGERY"
"ANTNFCT, BROAD/MEDIUM SPECTRUM",AMOXICILLIN,29,1000.00,CAPS,"PHYSICIAN ASSISTANT"
"ANTNFCT, BROAD/MEDIUM SPECTRUM",AZITHROMYCIN,42,500.00,TABS,"FAMILY MEDICINE"
"ANTNFCT, BROAD/MEDIUM SPECTRUM",CEPHALEXIN,23,1500.00,CAPS,"FAMILY MEDICINE"
"ANTNFCT, BROAD/MEDIUM SPECTRUM",CEPHALEXIN,71,1000.00,CAPS,"NURSE PRACTITIONER"
"ANTNFCT, BROAD/MEDIUM SPECTRUM",AMOXICILLIN,77,1500.00,CAPS,"FAMILY MEDICINE"
"ANTNFCT, BROAD/MEDIUM SPECTRUM",CEPHALEXIN,34,1000.00,CAPS,"INTERNAL MEDICINE"
"B-LACTAM, INCREASED ACTIVITY","AMOXICILLIN & POT CLAVULANATE",57,1500.00,TABS,"FAMILY MEDICINE"
"ANTNFCT, BROAD/MEDIUM SPECTRUM","MINOCYCLINE HCL",14,100.00,CAPS,DERMATOLOGY
"ANTNFCT, BROAD/MEDIUM SPECTRUM",CEPHALEXIN,39,1000.00,CAPS,"INTERNAL MEDICINE"
"ANTNFCT, BROAD/MEDIUM SPECTRUM","DOXYCYCLINE HYCLATE",73,100.00,CAPS,DERMATOLOGY
"ANTNFCT, BROAD/MEDIUM SPECTRUM",CEPHALEXIN,45,2000.00,CAPS,"PHYSICIAN ASSISTANT"
"ANTNFCT, BROAD/MEDIUM SPECTRUM","DOXYCYCLINE HYCLATE",36,200.00,CAPS,"PHYSICIAN ASSISTANT"
"ANTNFCT, BROAD/MEDIUM SPECTRUM","CLINDAMYCIN HCL",53,1800.00,CAPS,"EMERGENCY MEDICINE"
"ANTNFCT, BROAD/MEDIUM SPECTRUM",AMOXICILLIN,55,1750.00,TABS,"NURSE PRACTITIONER"
"ANTNFCT, BROAD/MEDIUM SPECTRUM",AZITHROMYCIN,51,1.00,PACK,"OBSTETRICS & GYNECOLOGY"
"ANTNFCT, BROAD/MEDIUM SPECTRUM",AZITHROMYCIN,75,500.00,TABS,DENTIST
"ANTNFCT, BROAD/MEDIUM SPECTRUM",LEVOFLOXACIN,44,500.00,TABS,OPHTHALMOLOGY
"ANTNFCT, BROAD/MEDIUM SPECTRUM",AMOXICILLIN,2,4000.00,SUSR,PEDIATRICS
"SULFONAMIDES & TRIMETHOPRIM",SULFAMETHOXAZOLE-TRIMETHOPRIM,44,1600.00,TABS,"NURSE PRACTITIONER"
"ANTNFCT, BROAD/MEDIUM SPECTRUM",CEPHALEXIN,11,5000.00,SUSR,"PHYSICIAN ASSISTANT"
"SULFONAMIDES & TRIMETHOPRIM",SULFAMETHOXAZOLE-TRIMETHOPRIM,66,1600.00,TABS,"EMERGENCY MEDICINE"
"ANTNFCT, BROAD/MEDIUM SPECTRUM",CEPHALEXIN,77,2000.00,CAPS,"FAMILY MEDICINE"
"ANTNFCT, BROAD/MEDIUM SPECTRUM","DOXYCYCLINE HYCLATE",51,100.00,CAPS,"PLASTIC SURGERY"
"ANTNFCT, BROAD/MEDIUM SPECTRUM",CEPHALEXIN,64,1000.00,CAPS,"FAMILY MEDICINE"
"ANTNFCT, BROAD/MEDIUM SPECTRUM","DOXYCYCLINE HYCLATE",30,200.00,CAPS,"NURSE PRACTITIONER"
"SULFONAMIDES & TRIMETHOPRIM",SULFAMETHOXAZOLE-TRIMETHOPRIM,64,1600.00,TABS,"NURSE PRACTITIONER"
"ANTNFCT, BROAD/MEDIUM SPECTRUM","MINOCYCLINE HCL",16,100.00,CAPS,DERMATOLOGY
"ANTNFCT, BROAD/MEDIUM SPECTRUM",AZITHROMYCIN,66,500.00,TABS,"FAMILY MEDICINE"
"ANTNFCT, BROAD/MEDIUM SPECTRUM","DOXYCYCLINE HYCLATE",61,200.00,TABS,"NURSE PRACTITIONER"
"ANTNFCT, BROAD/MEDIUM SPECTRUM",AMOXICILLIN,72,2000.00,CAPS,DENTIST
"ANTNFCT, BROAD/MEDIUM SPECTRUM",CEFDINIR,47,600.00,CAPS,"PHYSICIAN ASSISTANT"
"ANTNFCT, BROAD/MEDIUM SPECTRUM",CEPHALEXIN,27,2000.00,CAPS,"NURSE PRACTITIONER"
"SULFONAMIDES & TRIMETHOPRIM",TRIMETHOPRIM,73,100.00,TABS,UROLOGY
"ANTNFCT, BROAD/MEDIUM SPECTRUM",AZITHROMYCIN,79,500.00,TABS,"INTERNAL MEDICINE"
"ANTNFCT, BROAD/MEDIUM SPECTRUM",AZITHROMYCIN,37,500.00,TABS,"FAMILY MEDICINE"
"ANTNFCT, BROAD/MEDIUM SPECTRUM",CEPHALEXIN,73,1000.00,CAPS,"INFECTIOUS DISEASE"
"ANTNFCT, BROAD/MEDIUM SPECTRUM","CLINDAMYCIN HCL",67,900.00,CAPS,DENTIST
"B-LACTAM, INCREASED ACTIVITY","AMOXICILLIN & POT CLAVULANATE",75,1000.00,TABS,"PHYSICIAN ASSISTANT"
"SULFONAMIDES & TRIMETHOPRIM",SULFAMETHOXAZOLE-TRIMETHOPRIM,57,1600.00,TABS,"PHYSICIAN ASSISTANT"
"ANTNFCT, BROAD/MEDIUM SPECTRUM",AZITHROMYCIN,76,500.00,TABS,"INTERNAL MEDICINE"
"ANTNFCT, BROAD/MEDIUM SPECTRUM",AZITHROMYCIN,64,500.00,TABS,"FAMILY MEDICINE"
"ANTNFCT, BROAD/MEDIUM SPECTRUM",AZITHROMYCIN,10,1200.00,SUSR,PEDIATRICS
"ANTNFCT, BROAD/MEDIUM SPECTRUM","DOXYCYCLINE HYCLATE",66,200.00,CAPS,RHEUMATOLOGY
"ANTNFCT, BROAD/MEDIUM SPECTRUM",AMOXICILLIN,19,1000.00,CAPS,VETERINARIAN
"SULFONAMIDES & TRIMETHOPRIM",SULFAMETHOXAZOLE-TRIMETHOPRIM,54,1600.00,TABS,"FAMILY MEDICINE"
"ANTNFCT, BROAD/MEDIUM SPECTRUM",CEPHALEXIN,82,750.00,CAPS,PODIATRIST
"B-LACTAM, INCREASED ACTIVITY","AMOXICILLIN & POT CLAVULANATE",56,1750.00,TABS,"PHYSICIAN ASSISTANT"
"B-LACTAM, INCREASED ACTIVITY","AMOXICILLIN & POT CLAVULANATE",63,1750.00,TABS,"PHYSICIAN ASSISTANT"
"ANTNFCT, BROAD/MEDIUM SPECTRUM","DOXYCYCLINE HYCLATE",61,200.00,CAPS,"NURSE PRACTITIONER"
"ANTNFCT, BROAD/MEDIUM SPECTRUM","DOXYCYCLINE (MONOHYDRATE)",21,200.00,CAPS,DERMATOLOGY
"ANTNFCT, BROAD/MEDIUM SPECTRUM",CEPHALEXIN,47,2000.00,CAPS,PODIATRIST
"ANTNFCT, BROAD/MEDIUM SPECTRUM","CIPROFLOXACIN HCL",57,1000.00,TABS,"FAMILY MEDICINE"
"ANTNFCT, BROAD/MEDIUM SPECTRUM","DOXYCYCLINE HYCLATE",62,50.00,TBEC,DERMATOLOGY
"B-LACTAM, INCREASED ACTIVITY","AMOXICILLIN & POT CLAVULANATE",2,4000.00,SUSR,PEDIATRICS
"SULFONAMIDES & TRIMETHOPRIM",SULFAMETHOXAZOLE-TRIMETHOPRIM,46,1600.00,TABS,"OBSTETRICS & GYNECOLOGY"
"SULFONAMIDES & TRIMETHOPRIM",SULFAMETHOXAZOLE-TRIMETHOPRIM,70,1600.00,TABS,OPHTHALMOLOGY
"ANTNFCT, BROAD/MEDIUM SPECTRUM",CEPHALEXIN,85,250.00,CAPS,"INTERNAL MEDICINE"
"SULFONAMIDES & TRIMETHOPRIM",SULFAMETHOXAZOLE-TRIMETHOPRIM,82,1600.00,TABS,"FAMILY MEDICINE"
"B-LACTAM, INCREASED ACTIVITY","AMOXICILLIN & POT CLAVULANATE",27,1750.00,TABS,"PHYSICIAN ASSISTANT"
"ANTNFCT, BROAD/MEDIUM SPECTRUM",AZITHROMYCIN,20,500.00,TABS,"FAMILY MEDICINE"
"SULFONAMIDES & TRIMETHOPRIM",SULFAMETHOXAZOLE-TRIMETHOPRIM,1,2000.00,SUSP,"NURSE PRACTITIONER"
"ANTNFCT, BROAD/MEDIUM SPECTRUM",CEPHALEXIN,20,1500.00,CAPS,"PHYSICIAN ASSISTANT"
"ANTNFCT, BROAD/MEDIUM SPECTRUM",CEFDINIR,4,1500.00,SUSR,"NURSE PRACTITIONER"
"ANTNFCT, BROAD/MEDIUM SPECTRUM",AMOXICILLIN,10,6000.00,SUSR,PEDIATRICS
"SULFONAMIDES & TRIMETHOPRIM",SULFAMETHOXAZOLE-TRIMETHOPRIM,8,4000.00,SUSP,"NURSE PRACTITIONER"
"ANTNFCT, BROAD/MEDIUM SPECTRUM","CIPROFLOXACIN HCL",49,1000.00,TABS,NEPHROLOGY
"ANTNFCT, BROAD/MEDIUM SPECTRUM",CEFPROZIL,1,1250.00,SUSR,PEDIATRICS
"SULFONAMIDES & TRIMETHOPRIM",SULFAMETHOXAZOLE-TRIMETHOPRIM,50,1600.00,TABS,"NURSE PRACTITIONER"
"ANTNFCT, BROAD/MEDIUM SPECTRUM",CEPHALEXIN,43,1000.00,CAPS,"NURSE PRACTITIONER"
"SULFONAMIDES & TRIMETHOPRIM",TRIMETHOPRIM,85,100.00,TABS,"FAMILY MEDICINE"
"B-LACTAM, INCREASED ACTIVITY","AMOXICILLIN & POT CLAVULANATE",9,12000.00,SUSR,"INTERNAL MEDICINE"
"ANTNFCT, BROAD/MEDIUM SPECTRUM",AZITHROMYCIN,16,500.00,TABS,"PHYSICIAN ASSISTANT"
"B-LACTAM, INCREASED ACTIVITY","AMOXICILLIN & POT CLAVULANATE",65,1750.00,TABS,OTOLARYNGOLOGY
"ANTNFCT, BROAD/MEDIUM SPECTRUM",CEPHALEXIN,25,1000.00,CAPS,"PHYSICIAN ASSISTANT"
"ANTNFCT, BROAD/MEDIUM SPECTRUM",AZITHROMYCIN,63,500.00,TABS,"NURSE PRACTITIONER"
"ANTNFCT, BROAD/MEDIUM SPECTRUM","DOXYCYCLINE HYCLATE",19,40.00,TABS,"PHYSICIAN ASSISTANT"
"ANTNFCT, BROAD/MEDIUM SPECTRUM","CIPROFLOXACIN HCL",69,1000.00,TABS,"PHYSICIAN ASSISTANT"
"ANTNFCT, BROAD/MEDIUM SPECTRUM",AMOXICILLIN,41,1500.00,CAPS,DENTIST
"ANTNFCT, BROAD/MEDIUM SPECTRUM",AMOXICILLIN,59,2000.00,CAPS,DENTIST
"ANTNFCT, BROAD/MEDIUM SPECTRUM",AMOXICILLIN,50,1750.00,TABS,"ORAL & MAXILLOFACIAL SURGERY"
"B-LACTAM, INCREASED ACTIVITY","AMOXICILLIN & POT CLAVULANATE",71,1750.00,TABS,"PHYSICIAN ASSISTANT"
"ANTNFCT, BROAD/MEDIUM SPECTRUM",AZITHROMYCIN,75,500.00,TABS,"INTERNAL MEDICINE"
"ANTNFCT, BROAD/MEDIUM SPECTRUM","TETRACYCLINE HCL",62,2000.00,CAPS,GASTROENTEROLOGY
"ANTNFCT, BROAD/MEDIUM SPECTRUM",AZITHROMYCIN,47,500.00,TABS,"FAMILY MEDICINE"
"ANTNFCT, BROAD/MEDIUM SPECTRUM",AMOXICILLIN,27,1750.00,TABS,"NURSE PRACTITIONER"
"ANTNFCT, BROAD/MEDIUM SPECTRUM",AMOXICILLIN,85,2000.00,CAPS,DENTIST
"ANTNFCT, BROAD/MEDIUM SPECTRUM","CLINDAMYCIN HCL",71,450.00,CAPS,"ORAL & MAXILLOFACIAL SURGERY"
"ANTNFCT, BROAD/MEDIUM SPECTRUM",AZITHROMYCIN,77,500.00,TABS,"FAMILY MEDICINE"
"ANTNFCT, BROAD/MEDIUM SPECTRUM",AZITHROMYCIN,21,500.00,TABS,"FAMILY MEDICINE"
"ANTNFCT, BROAD/MEDIUM SPECTRUM",AZITHROMYCIN,32,500.00,TABS,"INTERNAL MEDICINE"
"ANTNFCT, BROAD/MEDIUM SPECTRUM",CEPHALEXIN,26,1000.00,CAPS,"NURSE PRACTITIONER"
"SULFONAMIDES & TRIMETHOPRIM",SULFAMETHOXAZOLE-TRIMETHOPRIM,26,1600.00,TABS,"STUDENT, HEALTH CARE"
"ANTNFCT, BROAD/MEDIUM SPECTRUM",AZITHROMYCIN,11,1200.00,SUSR,PEDIATRICS
"ANTNFCT, BROAD/MEDIUM SPECTRUM","CLINDAMYCIN HCL",42,450.00,CAPS,DENTIST
"ANTNFCT, BROAD/MEDIUM SPECTRUM",AMOXICILLIN,19,1750.00,TABS,"NURSE PRACTITIONER"
"B-LACTAM, INCREASED ACTIVITY","AMOXICILLIN & POT CLAVULANATE",50,1750.00,TABS,"FAMILY MEDICINE"
"ANTNFCT, BROAD/MEDIUM SPECTRUM",AMOXICILLIN,74,1000.00,CAPS,UROLOGY
"B-LACTAM, INCREASED ACTIVITY","AMOXICILLIN & POT CLAVULANATE",85,1000.00,TABS,"INTERNAL MEDICINE"
"ANTNFCT, BROAD/MEDIUM SPECTRUM",AMOXICILLIN,10,8000.00,SUSR,"NURSE PRACTITIONER"
"B-LACTAM, INCREASED ACTIVITY","AMOXICILLIN & POT CLAVULANATE",51,1750.00,TABS,"PHYSICIAN ASSISTANT"
"ANTNFCT, BROAD/MEDIUM SPECTRUM",AMOXICILLIN,32,1500.00,CAPS,DENTIST
"SULFONAMIDES & TRIMETHOPRIM",SULFAMETHOXAZOLE-TRIMETHOPRIM,6,9600.00,SUSP,"NURSE PRACTITIONER"
"ANTNFCT, BROAD/MEDIUM SPECTRUM",LEVOFLOXACIN,77,500.00,TABS,"PHYSICIAN ASSISTANT"
"ANTNFCT, BROAD/MEDIUM SPECTRUM",AMOXICILLIN,2,6000.00,SUSR,"NURSE PRACTITIONER"
"ANTNFCT, BROAD/MEDIUM SPECTRUM",AMOXICILLIN,54,1500.00,CAPS,DENTIST
"ANTNFCT, BROAD/MEDIUM SPECTRUM","DOXYCYCLINE (MONOHYDRATE)",63,200.00,CAPS,"INFECTIOUS DISEASE"
"ANTNFCT, BROAD/MEDIUM SPECTRUM",AZITHROMYCIN,74,500.00,TABS,"EMERGENCY MEDICINE"
"B-LACTAM, INCREASED ACTIVITY","AMOXICILLIN & POT CLAVULANATE",48,1500.00,TABS,"NURSE PRACTITIONER"
"SULFONAMIDES & TRIMETHOPRIM",SULFAMETHOXAZOLE-TRIMETHOPRIM,37,1600.00,TABS,"PHYSICIAN ASSISTANT"
"ANTNFCT, BROAD/MEDIUM SPECTRUM",AMOXICILLIN,6,5500.00,SUSR,DENTIST
"SULFONAMIDES & TRIMETHOPRIM",SULFAMETHOXAZOLE-TRIMETHOPRIM,56,1600.00,TABS,"INFECTIOUS DISEASE"
"ANTNFCT, BROAD/MEDIUM SPECTRUM",CEFDINIR,67,600.00,CAPS,"INTERNAL MEDICINE"
"ANTNFCT, BROAD/MEDIUM SPECTRUM",AMOXICILLIN,57,2000.00,CAPS,DENTIST
"SULFONAMIDES & TRIMETHOPRIM",SULFAMETHOXAZOLE-TRIMETHOPRIM,25,1600.00,TABS,HOSPITALIST
"ANTNFCT, BROAD/MEDIUM SPECTRUM",AMOXICILLIN,33,1500.00,CAPS,DENTIST
"ANTNFCT, BROAD/MEDIUM SPECTRUM",AMOXICILLIN,83,1500.00,CAPS,DENTIST
"ANTNFCT, BROAD/MEDIUM SPECTRUM","DOXYCYCLINE HYCLATE",66,200.00,CAPS,"EMERGENCY MEDICINE"
"ANTNFCT, BROAD/MEDIUM SPECTRUM",AZITHROMYCIN,50,500.00,TABS,"FAMILY MEDICINE"
"ANTNFCT, BROAD/MEDIUM SPECTRUM",AMOXICILLIN,48,1500.00,CAPS,DENTIST
"B-LACTAM, INCREASED ACTIVITY","AMOXICILLIN & POT CLAVULANATE",57,1500.00,TABS,"FAMILY MEDICINE"
"ANTNFCT, BROAD/MEDIUM SPECTRUM",AMOXICILLIN,45,1500.00,CAPS,DENTIST
"ANTNFCT, BROAD/MEDIUM SPECTRUM",AZITHROMYCIN,43,500.00,TABS,"PHYSICIAN ASSISTANT"
"ANTNFCT, BROAD/MEDIUM SPECTRUM","DOXYCYCLINE HYCLATE",64,200.00,CAPS,OTOLARYNGOLOGY
"SULFONAMIDES & TRIMETHOPRIM",SULFAMETHOXAZOLE-TRIMETHOPRIM,29,1600.00,TABS,"PHYSICIAN ASSISTANT"
"ANTNFCT, BROAD/MEDIUM SPECTRUM","DOXYCYCLINE HYCLATE",63,200.00,CAPS,"FAMILY MEDICINE"
"ANTNFCT, BROAD/MEDIUM SPECTRUM",CEPHALEXIN,3,3750.00,SUSR,"PHYSICIAN ASSISTANT"
"ANTNFCT, BROAD/MEDIUM SPECTRUM",AZITHROMYCIN,18,1000.00,TABS,"EMERGENCY MEDICINE"
"ANTNFCT, BROAD/MEDIUM SPECTRUM",AZITHROMYCIN,63,500.00,TABS,"GENERAL PRACTICE"
"ANTNFCT, BROAD/MEDIUM SPECTRUM","PENICILLIN V POTASSIUM",47,2000.00,TABS,DENTIST
"B-LACTAM, INCREASED ACTIVITY","AMOXICILLIN & POT CLAVULANATE",70,1750.00,TABS,"INTERNAL MEDICINE"
"ANTNFCT, BROAD/MEDIUM SPECTRUM",AMOXICILLIN,77,2000.00,CAPS,"PHYSICIAN ASSISTANT"
"B-LACTAM, INCREASED ACTIVITY","AMOXICILLIN & POT CLAVULANATE",32,1750.00,TABS,"FAMILY MEDICINE"
"ANTNFCT, BROAD/MEDIUM SPECTRUM","MINOCYCLINE HCL",26,100.00,CAPS,DERMATOLOGY
"ANTNFCT, BROAD/MEDIUM SPECTRUM",CEPHALEXIN,27,1000.00,CAPS,"FAMILY MEDICINE"
"ANTNFCT, BROAD/MEDIUM SPECTRUM","CLINDAMYCIN HCL",62,1200.00,CAPS,"PHYSICIAN ASSISTANT"
"ANTNFCT, BROAD/MEDIUM SPECTRUM",AZITHROMYCIN,40,500.00,TABS,"NURSE PRACTITIONER"
"B-LACTAM, INCREASED ACTIVITY","AMOXICILLIN & POT CLAVULANATE",9,7800.00,SUSR,PEDIATRICS
"ANTNFCT, BROAD/MEDIUM SPECTRUM","CIPROFLOXACIN HCL",29,1000.00,TABS,"SPORTS MEDICINE (FAMILY MEDICINE)"
"ANTNFCT, BROAD/MEDIUM SPECTRUM",CEPHALEXIN,18,1000.00,CAPS,"EMERGENCY MEDICINE"
"SULFONAMIDES & TRIMETHOPRIM",SULFAMETHOXAZOLE-TRIMETHOPRIM,74,1600.00,TABS,UROLOGY
"ANTNFCT, BROAD/MEDIUM SPECTRUM",AMOXICILLIN,72,1500.00,CAPS,"PHYSICIAN ASSISTANT"
"ANTNFCT, BROAD/MEDIUM SPECTRUM","DOXYCYCLINE HYCLATE",65,40.00,TABS,DENTIST
"B-LACTAM, INCREASED ACTIVITY","AMOXICILLIN & POT CLAVULANATE",18,1750.00,TABS,PEDIATRICS
"ANTNFCT, BROAD/MEDIUM SPECTRUM","PENICILLIN V POTASSIUM",19,2000.00,TABS,DENTIST
"SULFONAMIDES & TRIMETHOPRIM",SULFAMETHOXAZOLE-TRIMETHOPRIM,50,1600.00,TABS,"PHYSICIAN ASSISTANT"
"ANTNFCT, BROAD/MEDIUM SPECTRUM","DOXYCYCLINE (MONOHYDRATE)",71,200.00,CAPS,"FAMILY MEDICINE"
"ANTNFCT, BROAD/MEDIUM SPECTRUM",AMOXICILLIN,71,1750.00,TABS,DENTISTRY/ENDODONTICS
"ANTNFCT, BROAD/MEDIUM SPECTRUM",AZITHROMYCIN,16,500.00,TABS,PEDIATRICS
"ANTNFCT, BROAD/MEDIUM SPECTRUM",LEVOFLOXACIN,71,750.00,TABS,"NURSE PRACTITIONER"
"ANTNFCT, BROAD/MEDIUM SPECTRUM","DOXYCYCLINE HYCLATE",15,20.00,TABS,"FAMILY MEDICINE"
"ANTNFCT, BROAD/MEDIUM SPECTRUM",AZITHROMYCIN,18,500.00,TABS,"PHYSICIAN ASSISTANT"
"ANTNFCT, BROAD/MEDIUM SPECTRUM",AZITHROMYCIN,65,500.00,TABS,"INTERNAL MEDICINE"
"ANTNFCT, BROAD/MEDIUM SPECTRUM",CEPHALEXIN,82,2000.00,CAPS,"NURSE PRACTITIONER"
"ANTNFCT, BROAD/MEDIUM SPECTRUM",LEVOFLOXACIN,64,750.00,TABS,"GENERAL SURGERY"
"ANTNFCT, BROAD/MEDIUM SPECTRUM",AMOXICILLIN,14,1750.00,TABS,"PHYSICIAN ASSISTANT"
"ANTNFCT, BROAD/MEDIUM SPECTRUM","CEFUROXIME AXETIL",64,500.00,TABS,OTOLARYNGOLOGY
"ANTNFCT, BROAD/MEDIUM SPECTRUM","MINOCYCLINE HCL",44,100.00,TABS,DERMATOLOGY
"ANTNFCT, BROAD/MEDIUM SPECTRUM","DOXYCYCLINE HYCLATE",16,200.00,CAPS,DERMATOLOGY
"ANTNFCT, BROAD/MEDIUM SPECTRUM",CEPHALEXIN,30,1500.00,CAPS,"NURSE PRACTITIONER"
"ANTNFCT, BROAD/MEDIUM SPECTRUM",AMOXICILLIN,58,1500.00,TABS,"EMERGENCY MEDICINE"
"ANTNFCT, BROAD/MEDIUM SPECTRUM",CEPHALEXIN,85,1500.00,CAPS,"INTERNAL MEDICINE"
"ANTNFCT, BROAD/MEDIUM SPECTRUM",CEFDINIR,31,600.00,CAPS,"PHYSICIAN ASSISTANT"
"ANTNFCT, BROAD/MEDIUM SPECTRUM",CEPHALEXIN,63,2000.00,CAPS,"FAMILY MEDICINE"
"ANTNFCT, BROAD/MEDIUM SPECTRUM","CLINDAMYCIN HCL",75,900.00,CAPS,DENTIST
"ANTNFCT, BROAD/MEDIUM SPECTRUM",AMOXICILLIN,61,2000.00,CAPS,DENTIST
"ANTNFCT, BROAD/MEDIUM SPECTRUM",AMOXICILLIN,79,1500.00,CAPS,DENTIST
"ANTNFCT, BROAD/MEDIUM SPECTRUM",CEPHALEXIN,15,500.00,CAPS,"NURSE PRACTITIONER"
"B-LACTAM, INCREASED ACTIVITY","AMOXICILLIN & POT CLAVULANATE",74,1000.00,TABS,"NURSE PRACTITIONER"
"ANTNFCT, BROAD/MEDIUM SPECTRUM",AZITHROMYCIN,27,500.00,TABS,"PHYSICIAN ASSISTANT"
"B-LACTAM, INCREASED ACTIVITY","AMOXICILLIN & POT CLAVULANATE",32,1750.00,TABS,"NURSE PRACTITIONER"
"ANTNFCT, BROAD/MEDIUM SPECTRUM",AMOXICILLIN,65,1750.00,TABS,"FAMILY MEDICINE"
"ANTNFCT, BROAD/MEDIUM SPECTRUM","CLINDAMYCIN HCL",39,900.00,CAPS,"PHYSICIAN ASSISTANT"
"ANTNFCT, BROAD/MEDIUM SPECTRUM",AMOXICILLIN,2,6000.00,SUSR,"FAMILY MEDICINE"
"SULFONAMIDES & TRIMETHOPRIM",SULFAMETHOXAZOLE-TRIMETHOPRIM,49,1600.00,TABS,"FAMILY MEDICINE"
"ANTNFCT, BROAD/MEDIUM SPECTRUM",AMOXICILLIN,17,1750.00,TABS,"FAMILY MEDICINE"
"ANTNFCT, BROAD/MEDIUM SPECTRUM",AMOXICILLIN,34,1500.00,CAPS,"ORAL & MAXILLOFACIAL SURGERY"
"ANTNFCT, BROAD/MEDIUM SPECTRUM",AMOXICILLIN,2,6000.00,SUSR,"NURSE PRACTITIONER"
"ANTNFCT, BROAD/MEDIUM SPECTRUM",CEPHALEXIN,77,1000.00,CAPS,OPHTHALMOLOGY
"ANTNFCT, BROAD/MEDIUM SPECTRUM",AMOXICILLIN,62,1500.00,CAPS,DENTISTRY/PERIODONTICS
"ANTNFCT, BROAD/MEDIUM SPECTRUM",AMOXICILLIN,8,6000.00,SUSR,PEDIATRICS
"B-LACTAM, INCREASED ACTIVITY","AMOXICILLIN & POT CLAVULANATE",39,1000.00,TABS,"NURSE PRACTITIONER"
"ANTNFCT, BROAD/MEDIUM SPECTRUM",CEFDINIR,7,2500.00,SUSR,PEDIATRICS
"ANTNFCT, BROAD/MEDIUM SPECTRUM","DOXYCYCLINE HYCLATE",61,100.00,CAPS,"OBSTETRICS & GYNECOLOGY"
"ANTNFCT, BROAD/MEDIUM SPECTRUM","DOXYCYCLINE (MONOHYDRATE)",74,200.00,TABS,"FAMILY MEDICINE"
"ANTNFCT, BROAD/MEDIUM SPECTRUM",AMOXICILLIN,33,2000.00,CAPS,"NURSE PRACTITIONER"
"SULFONAMIDES & TRIMETHOPRIM",SULFAMETHOXAZOLE-TRIMETHOPRIM,61,1600.00,TABS,DERMATOLOGY
"ANTNFCT, BROAD/MEDIUM SPECTRUM","CIPROFLOXACIN HCL",24,1000.00,TABS,"OBSTETRICS & GYNECOLOGY"
"ANTNFCT, BROAD/MEDIUM SPECTRUM",CEPHALEXIN,6,7250.00,SUSR,"PHYSICIAN ASSISTANT"
"ANTNFCT, BROAD/MEDIUM SPECTRUM",AZITHROMYCIN,58,500.00,TABS,OTOLARYNGOLOGY
"ANTNFCT, BROAD/MEDIUM SPECTRUM",CEPHALEXIN,85,1000.00,CAPS,"FAMILY MEDICINE"
"ANTNFCT, BROAD/MEDIUM SPECTRUM",AZITHROMYCIN,57,500.00,TABS,"FAMILY MEDICINE"
"B-LACTAM, INCREASED ACTIVITY","AMOXICILLIN & POT CLAVULANATE",26,1750.00,TABS,"NURSE PRACTITIONER"
"ANTNFCT, BROAD/MEDIUM SPECTRUM",CEPHALEXIN,61,1500.00,CAPS,"PHYSICIAN ASSISTANT"
"SULFONAMIDES & TRIMETHOPRIM",SULFAMETHOXAZOLE-TRIMETHOPRIM,21,1600.00,TABS,"NURSE PRACTITIONER"
"ANTNFCT, BROAD/MEDIUM SPECTRUM",CEPHALEXIN,67,1000.00,CAPS,"NURSE PRACTITIONER"
"ANTNFCT, BROAD/MEDIUM SPECTRUM",AMOXICILLIN,85,1500.00,CAPS,DENTIST
"ANTNFCT, BROAD/MEDIUM SPECTRUM","CIPROFLOXACIN HCL",62,1000.00,TABS,"NURSE PRACTITIONER"
"SULFONAMIDES & TRIMETHOPRIM",SULFAMETHOXAZOLE-TRIMETHOPRIM,85,1600.00,TABS,"INTERNAL MEDICINE"
"ANTNFCT, BROAD/MEDIUM SPECTRUM",AMOXICILLIN,4,4000.00,SUSR,PEDIATRICS
"ANTNFCT, BROAD/MEDIUM SPECTRUM",AZITHROMYCIN,33,250.00,TABS,"OBSTETRICS & GYNECOLOGY"
"ANTNFCT, BROAD/MEDIUM SPECTRUM",AMOXICILLIN,1,4000.00,SUSR,PEDIATRICS
"ANTNFCT, BROAD/MEDIUM SPECTRUM",AZITHROMYCIN,78,500.00,TABS,"INTERNAL MEDICINE"
"ANTNFCT, BROAD/MEDIUM SPECTRUM",AMOXICILLIN,60,1500.00,CAPS,DENTIST
"ANTNFCT, BROAD/MEDIUM SPECTRUM",AZITHROMYCIN,61,500.00,TABS,"FAMILY MEDICINE"
"SULFONAMIDES & TRIMETHOPRIM",SULFAMETHOXAZOLE-TRIMETHOPRIM,31,1600.00,TABS,"FAMILY MEDICINE"
"ANTNFCT, BROAD/MEDIUM SPECTRUM",AZITHROMYCIN,85,500.00,TABS,"INTERNAL MEDICINE"
"ANTNFCT, BROAD/MEDIUM SPECTRUM","CIPROFLOXACIN HCL",71,1000.00,TABS,"FAMILY MEDICINE"
"B-LACTAM, INCREASED ACTIVITY","AMOXICILLIN & POT CLAVULANATE",58,1000.00,TABS,DENTIST
"ANTNFCT, BROAD/MEDIUM SPECTRUM",CEPHALEXIN,18,1500.00,CAPS,"EMERGENCY MEDICINE"
"ANTNFCT, BROAD/MEDIUM SPECTRUM",AMOXICILLIN,60,1500.00,CAPS,DENTIST
"ANTNFCT, BROAD/MEDIUM SPECTRUM",AMOXICILLIN,65,1500.00,CAPS,DENTISTRY/PERIODONTICS
"SULFONAMIDES & TRIMETHOPRIM",SULFAMETHOXAZOLE-TRIMETHOPRIM,42,1600.00,TABS,"FAMILY MEDICINE"
"ANTNFCT, BROAD/MEDIUM SPECTRUM",AMOXICILLIN,54,1500.00,CAPS,DENTIST
"SULFONAMIDES & TRIMETHOPRIM",SULFAMETHOXAZOLE-TRIMETHOPRIM,66,800.00,TABS,"FAMILY MEDICINE"
"ANTNFCT, BROAD/MEDIUM SPECTRUM","DOXYCYCLINE HYCLATE",42,200.00,CAPS,"PHYSICIAN ASSISTANT"
"ANTNFCT, BROAD/MEDIUM SPECTRUM",CEPHALEXIN,68,1500.00,CAPS,DENTIST
"ANTNFCT, BROAD/MEDIUM SPECTRUM","MINOCYCLINE HCL",40,100.00,TABS,DERMATOLOGY
"ANTNFCT, BROAD/MEDIUM SPECTRUM",CEPHALEXIN,73,500.00,CAPS,"NURSE PRACTITIONER"
"B-LACTAM, INCREASED ACTIVITY","AMOXICILLIN & POT CLAVULANATE",63,1750.00,TABS,"NURSE PRACTITIONER"
"ANTNFCT, BROAD/MEDIUM SPECTRUM","DOXYCYCLINE HYCLATE",47,200.00,CAPS,"FAMILY MEDICINE"
"ANTNFCT, BROAD/MEDIUM SPECTRUM",AMOXICILLIN,23,1500.00,CAPS,DENTIST
"SULFONAMIDES & TRIMETHOPRIM",SULFAMETHOXAZOLE-TRIMETHOPRIM,70,1600.00,TABS,DERMATOLOGY
"ANTNFCT, BROAD/MEDIUM SPECTRUM",CEFDINIR,2,1500.00,SUSR,PEDIATRICS
"ANTNFCT, BROAD/MEDIUM SPECTRUM","DOXYCYCLINE HYCLATE",52,100.00,CAPS,HOSPITALIST
"ANTNFCT, BROAD/MEDIUM SPECTRUM",AMOXICILLIN,33,1750.00,TABS,"FAMILY MEDICINE"
"ANTNFCT, BROAD/MEDIUM SPECTRUM",AMOXICILLIN,85,1500.00,CAPS,"NURSE PRACTITIONER"
"ANTNFCT, BROAD/MEDIUM SPECTRUM",CEPHALEXIN,70,1000.00,CAPS,"PHYSICIAN ASSISTANT"
"ANTNFCT, BROAD/MEDIUM SPECTRUM","DOXYCYCLINE HYCLATE",63,40.00,TABS,"PHYSICIAN ASSISTANT"
"SULFONAMIDES & TRIMETHOPRIM",SULFAMETHOXAZOLE-TRIMETHOPRIM,52,1600.00,TABS,"NURSE PRACTITIONER"
"ANTNFCT, BROAD/MEDIUM SPECTRUM",CEPHALEXIN,80,2000.00,CAPS,"PHYSICIAN ASSISTANT"
"B-LACTAM, INCREASED ACTIVITY","AMOXICILLIN & POT CLAVULANATE",6,9000.00,SUSR,"NURSE PRACTITIONER"
"ANTNFCT, BROAD/MEDIUM SPECTRUM",AZITHROMYCIN,51,500.00,TABS,"NURSE PRACTITIONER"
"ANTNFCT, BROAD/MEDIUM SPECTRUM","PENICILLIN V POTASSIUM",65,2000.00,TABS,DENTIST
"ANTNFCT, BROAD/MEDIUM SPECTRUM",AZITHROMYCIN,2,600.00,SUSR,PEDIATRICS
"ANTNFCT, BROAD/MEDIUM SPECTRUM",AMOXICILLIN,16,1750.00,TABS,PEDIATRICS
"ANTNFCT, BROAD/MEDIUM SPECTRUM","CLINDAMYCIN HCL",33,600.00,CAPS,DENTIST
"ANTNFCT, BROAD/MEDIUM SPECTRUM",AZITHROMYCIN,56,500.00,TABS,"FAMILY MEDICINE"
"ANTNFCT, BROAD/MEDIUM SPECTRUM",AZITHROMYCIN,49,250.00,TABS,"PULMONARY DISEASE"
"ANTNFCT, BROAD/MEDIUM SPECTRUM",AZITHROMYCIN,45,500.00,TABS,"NURSE PRACTITIONER"
"ANTNFCT, BROAD/MEDIUM SPECTRUM","PENICILLIN V POTASSIUM",32,2000.00,TABS,"EMERGENCY MEDICINE"
"ANTNFCT, BROAD/MEDIUM SPECTRUM",AMOXICILLIN,83,2000.00,CAPS,DENTIST
"ANTNFCT, BROAD/MEDIUM SPECTRUM",CEPHALEXIN,47,2000.00,CAPS,"NURSE PRACTITIONER"
"B-LACTAM, INCREASED ACTIVITY","AMOXICILLIN & POT CLAVULANATE",15,1750.00,TABS,"DIAGNOSTIC RADIOLOGY"
"B-LACTAM, INCREASED ACTIVITY","AMOXICILLIN & POT CLAVULANATE",60,1750.00,TABS,"INFECTIOUS DISEASE"
"ANTNFCT, BROAD/MEDIUM SPECTRUM",AZITHROMYCIN,4,500.00,SUSR,"FAMILY MEDICINE"
"ANTNFCT, BROAD/MEDIUM SPECTRUM",AZITHROMYCIN,5,600.00,SUSR,PEDIATRICS
"SULFONAMIDES & TRIMETHOPRIM",SULFAMETHOXAZOLE-TRIMETHOPRIM,46,1600.00,TABS,"OCCUPATIONAL MEDICINE"
"ANTNFCT, BROAD/MEDIUM SPECTRUM","DOXYCYCLINE HYCLATE",56,200.00,CAPS,DERMATOLOGY
"ANTNFCT, BROAD/MEDIUM SPECTRUM","CIPROFLOXACIN HCL",63,1000.00,TABS,"NURSE PRACTITIONER"
"ANTNFCT, BROAD/MEDIUM SPECTRUM",AMOXICILLIN,38,1500.00,CAPS,DENTIST
"ANTNFCT, BROAD/MEDIUM SPECTRUM",AMOXICILLIN,68,1500.00,CAPS,DENTIST
"B-LACTAM, INCREASED ACTIVITY","AMOXICILLIN & POT CLAVULANATE",3,4800.00,SUSR,OTOLARYNGOLOGY
"ANTNFCT, BROAD/MEDIUM SPECTRUM","DOXYCYCLINE HYCLATE",22,100.00,CAPS,DERMATOLOGY
"ANTNFCT, BROAD/MEDIUM SPECTRUM","DOXYCYCLINE HYCLATE",70,200.00,CAPS,GASTROENTEROLOGY
"ANTNFCT, BROAD/MEDIUM SPECTRUM",CEPHALEXIN,20,1000.00,CAPS,PODIATRIST
"ANTNFCT, BROAD/MEDIUM SPECTRUM",AMOXICILLIN,50,1750.00,TABS,"PHYSICIAN ASSISTANT"
"ANTNFCT, BROAD/MEDIUM SPECTRUM",AMOXICILLIN,81,1500.00,CAPS,DENTIST
"ANTNFCT, BROAD/MEDIUM SPECTRUM","DOXYCYCLINE HYCLATE",79,50.00,CAPS,DERMATOLOGY
"ANTNFCT, BROAD/MEDIUM SPECTRUM","DOXYCYCLINE (MONOHYDRATE)",73,200.00,TABS,GYNECOLOGY
"ANTNFCT, BROAD/MEDIUM SPECTRUM",AMOXICILLIN,67,2000.00,CAPS,"ORAL & MAXILLOFACIAL SURGERY"
"ANTNFCT, BROAD/MEDIUM SPECTRUM",AMOXICILLIN,52,1500.00,CAPS,DENTIST
"ANTNFCT, BROAD/MEDIUM SPECTRUM",LEVOFLOXACIN,40,500.00,TABS,"INTERNAL MEDICINE"
"ANTNFCT, BROAD/MEDIUM SPECTRUM",AZITHROMYCIN,48,500.00,TABS,
"ANTNFCT, BROAD/MEDIUM SPECTRUM","CIPROFLOXACIN HCL",52,1000.00,TABS,"GENERAL PRACTICE"
"ANTNFCT, BROAD/MEDIUM SPECTRUM",AZITHROMYCIN,20,500.00,TABS,PEDIATRICS
"ANTNFCT, BROAD/MEDIUM SPECTRUM",AZITHROMYCIN,35,250.00,TABS,DERMATOLOGY
"ANTNFCT, BROAD/MEDIUM SPECTRUM",CEPHALEXIN,38,1000.00,CAPS,"GENERAL SURGERY"
"ANTNFCT, BROAD/MEDIUM SPECTRUM",AMOXICILLIN,52,750.00,CAPS,"INTERNAL MEDICINE"
"ANTNFCT, BROAD/MEDIUM SPECTRUM","MINOCYCLINE HCL",17,100.00,CAPS,DERMATOLOGY
"ANTNFCT, BROAD/MEDIUM SPECTRUM",CEFDINIR,1,1250.00,SUSR,PEDIATRICS
"ANTNFCT, BROAD/MEDIUM SPECTRUM",AMOXICILLIN,3,4000.00,SUSR,PEDIATRICS
"SULFONAMIDES & TRIMETHOPRIM",SULFAMETHOXAZOLE-TRIMETHOPRIM,85,1600.00,TABS,"FAMILY MEDICINE"
"ANTNFCT, BROAD/MEDIUM SPECTRUM","DOXYCYCLINE HYCLATE",67,200.00,CAPS,"PHYSICIAN ASSISTANT"
"ANTNFCT, BROAD/MEDIUM SPECTRUM",AMOXICILLIN,1,4000.00,SUSR,"NURSE PRACTITIONER"
"ANTNFCT, BROAD/MEDIUM SPECTRUM",AMOXICILLIN,15,2000.00,SUSR,VETERINARIAN
"SULFONAMIDES & TRIMETHOPRIM",SULFAMETHOXAZOLE-TRIMETHOPRIM,68,1600.00,TABS,"PHYSICIAN ASSISTANT"
"SULFONAMIDES & TRIMETHOPRIM",SULFAMETHOXAZOLE-TRIMETHOPRIM,77,400.00,TABS,"NURSE PRACTITIONER"
"ANTNFCT, BROAD/MEDIUM SPECTRUM","MINOCYCLINE HCL",15,100.00,CAPS,"FAMILY MEDICINE"
"B-LACTAM, INCREASED ACTIVITY","AMOXICILLIN & POT CLAVULANATE",35,1750.00,TABS,"FAMILY MEDICINE"
"ANTNFCT, BROAD/MEDIUM SPECTRUM",AZITHROMYCIN,53,500.00,TABS,"NURSE PRACTITIONER"
"ANTNFCT, BROAD/MEDIUM SPECTRUM",CEFADROXIL,51,1000.00,CAPS,DERMATOLOGY
"ANTNFCT, BROAD/MEDIUM SPECTRUM",AZITHROMYCIN,50,500.00,TABS,PEDIATRICS
"B-LACTAM, INCREASED ACTIVITY","AMOXICILLIN & POT CLAVULANATE",36,1750.00,TABS,"NURSE PRACTITIONER"
"ANTNFCT, BROAD/MEDIUM SPECTRUM",AMOXICILLIN,65,1500.00,CAPS,"FAMILY MEDICINE"
"ANTNFCT, BROAD/MEDIUM SPECTRUM",AMOXICILLIN,62,1750.00,TABS,DENTIST
"B-LACTAM, INCREASED ACTIVITY","AMOXICILLIN & POT CLAVULANATE",20,1750.00,TABS,"ORAL & MAXILLOFACIAL SURGERY"
"ANTNFCT, BROAD/MEDIUM SPECTRUM","DOXYCYCLINE HYCLATE",61,200.00,TABS,"INTERNAL MEDICINE"
"ANTNFCT, BROAD/MEDIUM SPECTRUM",CEPHALEXIN,44,1500.00,CAPS,"PHYSICIAN ASSISTANT"
"ANTNFCT, BROAD/MEDIUM SPECTRUM",CEPHALEXIN,28,1500.00,CAPS,DENTIST
"ANTNFCT, BROAD/MEDIUM SPECTRUM","PENICILLIN V POTASSIUM",14,5000.00,SOLR,"NURSE PRACTITIONER"
"B-LACTAM, INCREASED ACTIVITY","AMOXICILLIN & POT CLAVULANATE",40,1750.00,TABS,HOSPITALIST
"ANTNFCT, BROAD/MEDIUM SPECTRUM",AMOXICILLIN,46,1500.00,CAPS,DENTIST
"SULFONAMIDES & TRIMETHOPRIM",SULFAMETHOXAZOLE-TRIMETHOPRIM,70,1600.00,TABS,"NURSE PRACTITIONER"
"B-LACTAM, INCREASED ACTIVITY","AMOXICILLIN & POT CLAVULANATE",0,1200.00,SUSR,PEDIATRICS
"ANTNFCT, BROAD/MEDIUM SPECTRUM",AMOXICILLIN,36,1000.00,CAPS,"NURSE PRACTITIONER"
"ANTNFCT, BROAD/MEDIUM SPECTRUM","DOXYCYCLINE (MONOHYDRATE)",14,200.00,CAPS,DERMATOLOGY
"ANTNFCT, BROAD/MEDIUM SPECTRUM",LEVOFLOXACIN,78,500.00,TABS,
"SULFONAMIDES & TRIMETHOPRIM",SULFAMETHOXAZOLE-TRIMETHOPRIM,54,1600.00,TABS,"PHYSICIAN ASSISTANT"
"ANTNFCT, BROAD/MEDIUM SPECTRUM","DOXYCYCLINE HYCLATE",67,200.00,CAPS,"FAMILY MEDICINE"
"B-LACTAM, INCREASED ACTIVITY","AMOXICILLIN & POT CLAVULANATE",51,1750.00,TABS,"PHYSICIAN ASSISTANT"
"ANTNFCT, BROAD/MEDIUM SPECTRUM",AMOXICILLIN,4,2000.00,SUSR,"INTERNAL MEDICINE"
"ANTNFCT, BROAD/MEDIUM SPECTRUM",AZITHROMYCIN,49,500.00,TABS,"NURSE PRACTITIONER"
"ANTNFCT, BROAD/MEDIUM SPECTRUM",CEFDINIR,18,600.00,CAPS,OTOLARYNGOLOGY
"ANTNFCT, BROAD/MEDIUM SPECTRUM","CIPROFLOXACIN HCL",59,1000.00,TABS,"NURSE PRACTITIONER"
"B-LACTAM, INCREASED ACTIVITY","AMOXICILLIN & POT CLAVULANATE",62,1750.00,TABS,"PHYSICIAN ASSISTANT"
"ANTNFCT, BROAD/MEDIUM SPECTRUM",AMOXICILLIN,20,1750.00,TABS,"NURSE PRACTITIONER"
"SULFONAMIDES & TRIMETHOPRIM",SULFAMETHOXAZOLE-TRIMETHOPRIM,54,1600.00,TABS,"FAMILY MEDICINE"
"ANTNFCT, BROAD/MEDIUM SPECTRUM",AMOXICILLIN,68,2000.00,CAPS,DENTIST
"ANTNFCT, BROAD/MEDIUM SPECTRUM",AZITHROMYCIN,49,500.00,TABS,"NURSE PRACTITIONER"
"SULFONAMIDES & TRIMETHOPRIM",SULFAMETHOXAZOLE-TRIMETHOPRIM,33,1600.00,TABS,"PHYSICIAN ASSISTANT"
"ANTNFCT, BROAD/MEDIUM SPECTRUM","MINOCYCLINE HCL",13,200.00,CAPS,"PHYSICIAN ASSISTANT"
"ANTNFCT, BROAD/MEDIUM SPECTRUM",CEFDINIR,42,600.00,CAPS,"NURSE PRACTITIONER"
"ANTNFCT, BROAD/MEDIUM SPECTRUM",CEPHALEXIN,38,1500.00,CAPS,"PHYSICIAN ASSISTANT"
"ANTNFCT, BROAD/MEDIUM SPECTRUM",CEFDINIR,80,600.00,CAPS,"FAMILY MEDICINE"
"B-LACTAM, INCREASED ACTIVITY","AMOXICILLIN & POT CLAVULANATE",30,1000.00,TABS,"OBSTETRICS & GYNECOLOGY"
"ANTNFCT, BROAD/MEDIUM SPECTRUM",CEFDINIR,75,600.00,CAPS,"PHYSICIAN ASSISTANT"
"ANTNFCT, BROAD/MEDIUM SPECTRUM",AMOXICILLIN,53,1500.00,CAPS,DENTIST
"ANTNFCT, BROAD/MEDIUM SPECTRUM","MINOCYCLINE HCL",20,135.00,TB24,"PULMONARY DISEASE"
"ANTNFCT, BROAD/MEDIUM SPECTRUM",AZITHROMYCIN,38,500.00,TABS,"FAMILY MEDICINE"
"ANTNFCT, BROAD/MEDIUM SPECTRUM",CEPHALEXIN,80,9500.00,SUSR,PODIATRIST
"ANTNFCT, BROAD/MEDIUM SPECTRUM","PENICILLIN V POTASSIUM",2,2000.00,SOLR,"NURSE PRACTITIONER"
"ANTNFCT, BROAD/MEDIUM SPECTRUM","CLINDAMYCIN HCL",24,900.00,CAPS,OTOLARYNGOLOGY
"SULFONAMIDES & TRIMETHOPRIM",SULFAMETHOXAZOLE-TRIMETHOPRIM,61,1600.00,TABS,
"ANTNFCT, BROAD/MEDIUM SPECTRUM",AMOXICILLIN,71,2500.00,CAPS,DENTIST
"ANTNFCT, BROAD/MEDIUM SPECTRUM","DOXYCYCLINE HYCLATE",31,200.00,CAPS,"INFECTIOUS DISEASE"
"ANTNFCT, BROAD/MEDIUM SPECTRUM",AMOXICILLIN,38,1500.00,CAPS,DENTIST
"SULFONAMIDES & TRIMETHOPRIM",SULFAMETHOXAZOLE-TRIMETHOPRIM,53,1600.00,TABS,"NURSE PRACTITIONER"
"ANTNFCT, BROAD/MEDIUM SPECTRUM",AZITHROMYCIN,42,1000.00,TABS,"NURSE PRACTITIONER"
"SULFONAMIDES & TRIMETHOPRIM",SULFAMETHOXAZOLE-TRIMETHOPRIM,50,1600.00,TABS,"FAMILY MEDICINE"
"ANTNFCT, BROAD/MEDIUM SPECTRUM",AZITHROMYCIN,50,500.00,TABS,"FAMILY MEDICINE"
"ANTNFCT, BROAD/MEDIUM SPECTRUM",AZITHROMYCIN,85,500.00,TABS,"ENDOCRINOLOGY, DIABETES & METABOLISM"
"ANTNFCT, BROAD/MEDIUM SPECTRUM",AZITHROMYCIN,65,500.00,TABS,"FAMILY MEDICINE"
"ANTNFCT, BROAD/MEDIUM SPECTRUM","CIPROFLOXACIN HCL",20,1000.00,TABS,"OBSTETRICS & GYNECOLOGY"
"SULFONAMIDES & TRIMETHOPRIM",SULFAMETHOXAZOLE-TRIMETHOPRIM,48,800.00,TABS,"INTERNAL MEDICINE"
"ANTNFCT, BROAD/MEDIUM SPECTRUM",AMOXICILLIN,32,2000.00,CAPS,DENTIST
"ANTNFCT, BROAD/MEDIUM SPECTRUM","ERYTHROMYCIN BASE",34,999.00,TBEC,"INTERNAL MEDICINE"
"B-LACTAM, INCREASED ACTIVITY","AMOXICILLIN & POT CLAVULANATE",40,1750.00,TABS,"PHYSICIAN ASSISTANT"
"SULFONAMIDES & TRIMETHOPRIM",SULFAMETHOXAZOLE-TRIMETHOPRIM,65,1600.00,TABS,"INTERNAL MEDICINE"
"ANTNFCT, BROAD/MEDIUM SPECTRUM","DOXYCYCLINE HYCLATE",58,50.00,CAPS,OPTOMETRIST
"ANTNFCT, BROAD/MEDIUM SPECTRUM",AMOXICILLIN,3,4000.00,SUSR,"PHYSICIAN ASSISTANT"
"ANTNFCT, BROAD/MEDIUM SPECTRUM",AZITHROMYCIN,9,1200.00,SUSR,"NURSE PRACTITIONER"
"ANTNFCT, BROAD/MEDIUM SPECTRUM",AMOXICILLIN,0,3600.00,SUSR,OTOLARYNGOLOGY
"SULFONAMIDES & TRIMETHOPRIM",SULFAMETHOXAZOLE-TRIMETHOPRIM,46,1600.00,TABS,DERMATOLOGY
"ANTNFCT, BROAD/MEDIUM SPECTRUM",AZITHROMYCIN,49,500.00,TABS,DENTIST
"B-LACTAM, INCREASED ACTIVITY","AMOXICILLIN & POT CLAVULANATE",1,4800.00,SUSR,PEDIATRICS
"ANTNFCT, BROAD/MEDIUM SPECTRUM",AMOXICILLIN,69,1750.00,TABS,DENTISTRY/PERIODONTICS
"ANTNFCT, BROAD/MEDIUM SPECTRUM",AMOXICILLIN,70,2000.00,CAPS,DENTIST
"B-LACTAM, INCREASED ACTIVITY","AMOXICILLIN & POT CLAVULANATE",30,1750.00,TABS,"FAMILY MEDICINE"
"ANTNFCT, BROAD/MEDIUM SPECTRUM",AZITHROMYCIN,12,1800.00,SUSR,PEDIATRICS
"ANTNFCT, BROAD/MEDIUM SPECTRUM",CEPHALEXIN,19,1500.00,CAPS,"FAMILY MEDICINE"
"ANTNFCT, BROAD/MEDIUM SPECTRUM",AZITHROMYCIN,19,1000.00,TABS,"NURSE PRACTITIONER"
"ANTNFCT, BROAD/MEDIUM SPECTRUM",CEPHALEXIN,73,2000.00,CAPS,DENTIST
"ANTNFCT, BROAD/MEDIUM SPECTRUM",AMOXICILLIN,83,2000.00,CAPS,DENTIST
"ANTNFCT, BROAD/MEDIUM SPECTRUM",AMOXICILLIN,60,2000.00,TABS,DENTIST
"ANTNFCT, BROAD/MEDIUM SPECTRUM","CEFPODOXIME PROXETIL",85,400.00,TABS,"FAMILY MEDICINE"
"ANTNFCT, BROAD/MEDIUM SPECTRUM","PENICILLIN V POTASSIUM",28,2000.00,TABS,DENTIST
"ANTNFCT, BROAD/MEDIUM SPECTRUM",AZITHROMYCIN,49,500.00,TABS,"PHYSICIAN ASSISTANT"
"ANTNFCT, BROAD/MEDIUM SPECTRUM",AMOXICILLIN,29,1500.00,CAPS,"INTERNAL MEDICINE"
"ANTNFCT, BROAD/MEDIUM SPECTRUM",CEPHALEXIN,84,1000.00,CAPS,"EMERGENCY MEDICINE"
"ANTNFCT, BROAD/MEDIUM SPECTRUM",AZITHROMYCIN,24,500.00,TABS,"OBSTETRICS & GYNECOLOGY"
"ANTNFCT, BROAD/MEDIUM SPECTRUM",AMOXICILLIN,24,2000.00,CAPS,DENTIST
"ANTNFCT, BROAD/MEDIUM SPECTRUM",AMOXICILLIN,6,6000.00,SUSR,PEDIATRICS
"ANTNFCT, BROAD/MEDIUM SPECTRUM",AMOXICILLIN,68,2000.00,CAPS,DENTIST
"ANTNFCT, BROAD/MEDIUM SPECTRUM",AMOXICILLIN,16,1500.00,CAPS,DENTIST
"ANTNFCT SYSTEMIC, OTHER",ATOVAQUONE,62,7500.00,SUSP,"PHYSICIAN ASSISTANT"
"ANTNFCT, BROAD/MEDIUM SPECTRUM",AZITHROMYCIN,63,500.00,TABS,"FAMILY MEDICINE"
"ANTNFCT, BROAD/MEDIUM SPECTRUM","CIPROFLOXACIN HCL",65,1000.00,TABS,"EMERGENCY MEDICINE"
"ANTNFCT, BROAD/MEDIUM SPECTRUM",AMOXICILLIN,67,2000.00,CAPS,DENTIST
"SULFONAMIDES & TRIMETHOPRIM",SULFAMETHOXAZOLE-TRIMETHOPRIM,57,1600.00,TABS,"FAMILY MEDICINE"
"ANTNFCT, BROAD/MEDIUM SPECTRUM",CLARITHROMYCIN,76,1000.00,TABS,"INTERNAL MEDICINE"
"ANTNFCT, BROAD/MEDIUM SPECTRUM",LEVOFLOXACIN,54,500.00,TABS,"NURSE PRACTITIONER"
"ANTNFCT, BROAD/MEDIUM SPECTRUM","DOXYCYCLINE HYCLATE",17,100.00,CAPS,"PHYSICIAN ASSISTANT"
"ANTNFCT, BROAD/MEDIUM SPECTRUM",AMOXICILLIN,10,1000.00,CAPS,VETERINARIAN
"ANTNFCT, BROAD/MEDIUM SPECTRUM",AMOXICILLIN,40,1750.00,TABS,"PHYSICIAN ASSISTANT"
"ANTNFCT, BROAD/MEDIUM SPECTRUM","NEOMYCIN SULFATE",64,2000.00,TABS,"GENERAL SURGERY"
"ANTNFCT, BROAD/MEDIUM SPECTRUM",AMOXICILLIN,19,1500.00,CAPS,"ORAL & MAXILLOFACIAL SURGERY"
"ANTNFCT, BROAD/MEDIUM SPECTRUM",AMOXICILLIN,73,1500.00,CAPS,DENTIST
"ANTNFCT, BROAD/MEDIUM SPECTRUM",AMOXICILLIN,69,1500.00,TABS,DENTIST
"ANTNFCT, BROAD/MEDIUM SPECTRUM",AMOXICILLIN,53,2000.00,CAPS,DENTIST
"ANTNFCT, BROAD/MEDIUM SPECTRUM",CEPHALEXIN,33,1000.00,CAPS,"NURSE PRACTITIONER"
"ANTNFCT, BROAD/MEDIUM SPECTRUM","DOXYCYCLINE HYCLATE",64,200.00,CAPS,"FAMILY MEDICINE"
"ANTNFCT, BROAD/MEDIUM SPECTRUM",AMOXICILLIN,6,6000.00,SUSR,"PHYSICIAN ASSISTANT"
"ANTNFCT, BROAD/MEDIUM SPECTRUM",LEVOFLOXACIN,84,750.00,TABS,
"ANTNFCT, BROAD/MEDIUM SPECTRUM","CIPROFLOXACIN HCL",74,1000.00,TABS,"NURSE PRACTITIONER"
"B-LACTAM, INCREASED ACTIVITY","AMOXICILLIN & POT CLAVULANATE",47,1750.00,TABS,"FAMILY MEDICINE"
"B-LACTAM, INCREASED ACTIVITY","AMOXICILLIN & POT CLAVULANATE",35,1750.00,TABS,DENTIST
"ANTNFCT, BROAD/MEDIUM SPECTRUM",AMOXICILLIN,23,1500.00,CAPS,"PEDIATRIC EMERGENCY MEDICINE (PEDIATRICS)"
"B-LACTAM, INCREASED ACTIVITY","AMOXICILLIN & POT CLAVULANATE",41,1750.00,TABS,"FAMILY MEDICINE"
"B-LACTAM, INCREASED ACTIVITY","AMOXICILLIN & POT CLAVULANATE",57,1750.00,TABS,"ORTHOPEDIC SURGERY"
"ANTNFCT, BROAD/MEDIUM SPECTRUM",CEPHALEXIN,23,1000.00,CAPS,"PHYSICIAN ASSISTANT"
"ANTNFCT, BROAD/MEDIUM SPECTRUM","CIPROFLOXACIN HCL",59,500.00,TABS,"INTERNAL MEDICINE"
"B-LACTAM, INCREASED ACTIVITY","AMOXICILLIN & POT CLAVULANATE",42,1750.00,TABS,"EMERGENCY MEDICINE"
"ANTNFCT, BROAD/MEDIUM SPECTRUM",AZITHROMYCIN,39,500.00,TABS,"FAMILY MEDICINE"
"ANTNFCT, BROAD/MEDIUM SPECTRUM","PENICILLIN V POTASSIUM",38,1500.00,TABS,"PHYSICIAN ASSISTANT"
"ANTNFCT, BROAD/MEDIUM SPECTRUM",AZITHROMYCIN,33,500.00,TABS,"FAMILY MEDICINE"
"ANTNFCT, BROAD/MEDIUM SPECTRUM",CEFDINIR,1,1500.00,SUSR,PEDIATRICS
"ANTNFCT, BROAD/MEDIUM SPECTRUM",CEPHALEXIN,85,1500.00,CAPS,DERMATOLOGY
"ANTNFCT, BROAD/MEDIUM SPECTRUM","DOXYCYCLINE HYCLATE",44,200.00,CAPS,DERMATOLOGY
"ANTNFCT, BROAD/MEDIUM SPECTRUM",CEFDINIR,35,600.00,CAPS,"ALLERGY & IMMUNOLOGY"
"ANTNFCT, BROAD/MEDIUM SPECTRUM",AMOXICILLIN,60,1500.00,TABS,"INTERNAL MEDICINE"
"ANTNFCT, BROAD/MEDIUM SPECTRUM",AMOXICILLIN,3,6000.00,SUSR,PEDIATRICS
"ANTNFCT, BROAD/MEDIUM SPECTRUM","MINOCYCLINE HCL",30,200.00,TABS,"INTERNAL MEDICINE/PEDIATRICS"
"ANTNFCT, BROAD/MEDIUM SPECTRUM",AMOXICILLIN,4,6000.00,SUSR,PEDIATRICS
"ANTNFCT, BROAD/MEDIUM SPECTRUM","DOXYCYCLINE (MONOHYDRATE)",68,200.00,CAPS,HOSPITALIST
"ANTNFCT, BROAD/MEDIUM SPECTRUM",AMOXICILLIN,50,1500.00,TABS,"ORAL & MAXILLOFACIAL SURGERY"
"ANTNFCT, BROAD/MEDIUM SPECTRUM",AMOXICILLIN,85,2000.00,CAPS,DENTIST
"ANTNFCT, BROAD/MEDIUM SPECTRUM","CEFUROXIME AXETIL",21,1000.00,TABS,"EMERGENCY MEDICINE"
"ANTNFCT, BROAD/MEDIUM SPECTRUM",AZITHROMYCIN,22,500.00,TABS,"PHYSICIAN ASSISTANT"
"ANTNFCT, BROAD/MEDIUM SPECTRUM",AMOXICILLIN,61,1750.00,TABS,"FAMILY MEDICINE"
"ANTNFCT, BROAD/MEDIUM SPECTRUM","CIPROFLOXACIN HCL",18,1000.00,TABS,"PHYSICIAN ASSISTANT"
"ANTNFCT, BROAD/MEDIUM SPECTRUM","CIPROFLOXACIN HCL",56,1000.00,TABS,UROLOGY
"ANTNFCT, BROAD/MEDIUM SPECTRUM",CLARITHROMYCIN,35,1000.00,TABS,"NURSE PRACTITIONER"
"ANTNFCT, BROAD/MEDIUM SPECTRUM","DOXYCYCLINE (MONOHYDRATE)",15,200.00,CAPS,DERMATOLOGY
"B-LACTAM, INCREASED ACTIVITY","AMOXICILLIN & POT CLAVULANATE",85,1750.00,TABS,"FAMILY MEDICINE"
"ANTNFCT, BROAD/MEDIUM SPECTRUM",AZITHROMYCIN,20,500.00,TABS,"FAMILY MEDICINE"
"ANTNFCT, BROAD/MEDIUM SPECTRUM",AMOXICILLIN,56,1750.00,TABS,"PHYSICIAN ASSISTANT"
"ANTNFCT, BROAD/MEDIUM SPECTRUM","DOXYCYCLINE HYCLATE",57,40.00,TABS,"PEDIATRIC DERMATOLOGY"
"ANTNFCT, BROAD/MEDIUM SPECTRUM",AZITHROMYCIN,17,500.00,TABS,HEMATOLOGY/ONCOLOGY
"B-LACTAM, INCREASED ACTIVITY","AMOXICILLIN & POT CLAVULANATE",46,1750.00,TABS,"FAMILY MEDICINE"
"ANTNFCT, BROAD/MEDIUM SPECTRUM",AZITHROMYCIN,31,500.00,TABS,"EMERGENCY MEDICINE"
"SULFONAMIDES & TRIMETHOPRIM",SULFAMETHOXAZOLE-TRIMETHOPRIM,31,1600.00,TABS,"NURSE PRACTITIONER"
"ANTNFCT, BROAD/MEDIUM SPECTRUM","CIPROFLOXACIN HCL",64,500.00,TABS,"NURSE PRACTITIONER"
"ANTNFCT, BROAD/MEDIUM SPECTRUM",AZITHROMYCIN,29,1000.00,TABS,"NURSE PRACTITIONER"
"ANTNFCT, BROAD/MEDIUM SPECTRUM",AZITHROMYCIN,27,500.00,TABS,"GENERAL SURGERY"
"ANTNFCT, BROAD/MEDIUM SPECTRUM","DOXYCYCLINE (ROSACEA)",73,40.00,CPDR,DERMATOLOGY
"ANTNFCT, BROAD/MEDIUM SPECTRUM",CEFDINIR,85,5000.00,SUSR,"FAMILY MEDICINE"
"ANTNFCT, BROAD/MEDIUM SPECTRUM",AMOXICILLIN,60,1000.00,CAPS,"NURSE PRACTITIONER"
"ANTNFCT, BROAD/MEDIUM SPECTRUM","MINOCYCLINE HCL",17,50.00,CAPS,PEDIATRICS
"B-LACTAM, INCREASED ACTIVITY","AMOXICILLIN & POT CLAVULANATE",59,1750.00,TABS,"FAMILY MEDICINE"
"ANTNFCT, BROAD/MEDIUM SPECTRUM","DOXYCYCLINE HYCLATE",32,100.00,CAPS,"PHYSICIAN ASSISTANT"
"ANTNFCT, BROAD/MEDIUM SPECTRUM",AMOXICILLIN,33,1500.00,CAPS,DENTIST
"ANTNFCT, BROAD/MEDIUM SPECTRUM","NEOMYCIN SULFATE",85,1000.00,TABS,"FAMILY MEDICINE"
"ANTNFCT, BROAD/MEDIUM SPECTRUM","DOXYCYCLINE HYCLATE",60,200.00,CAPS,"FAMILY MEDICINE"
"ANTNFCT, BROAD/MEDIUM SPECTRUM",AMOXICILLIN,59,2000.00,CAPS,"PHYSICIAN ASSISTANT"
"ANTNFCT, BROAD/MEDIUM SPECTRUM",CEFDINIR,1,1250.00,SUSR,"FAMILY MEDICINE"
"ANTNFCT, BROAD/MEDIUM SPECTRUM",AZITHROMYCIN,6,1200.00,SUSR,"NURSE PRACTITIONER"
"ANTNFCT, BROAD/MEDIUM SPECTRUM","DOXYCYCLINE HYCLATE",55,200.00,CAPS,"FAMILY MEDICINE"
"ANTNFCT, BROAD/MEDIUM SPECTRUM","CIPROFLOXACIN HCL",29,1000.00,TABS,"INTERNAL MEDICINE"
"ANTNFCT, BROAD/MEDIUM SPECTRUM",AMOXICILLIN,73,2000.00,CAPS,DENTIST
"ANTNFCT, BROAD/MEDIUM SPECTRUM","DOXYCYCLINE HYCLATE",40,200.00,TABS,"PROCEDURAL DERMATOLOGY"
"ANTNFCT, BROAD/MEDIUM SPECTRUM",CEFDINIR,5,1500.00,SUSR,"PHYSICIAN ASSISTANT"
"B-LACTAM, INCREASED ACTIVITY","AMOXICILLIN & POT CLAVULANATE",39,1750.00,TABS,"INTERNAL MEDICINE/PEDIATRICS"
"SULFONAMIDES & TRIMETHOPRIM",SULFAMETHOXAZOLE-TRIMETHOPRIM,36,1600.00,TABS,OTOLARYNGOLOGY
"ANTNFCT, BROAD/MEDIUM SPECTRUM","CLINDAMYCIN HCL",2,300.00,CAPS,VETERINARIAN
"ANTNFCT, BROAD/MEDIUM SPECTRUM","DOXYCYCLINE HYCLATE",22,200.00,TABS,"INTERNAL MEDICINE"
"ANTNFCT, BROAD/MEDIUM SPECTRUM",CEFDINIR,76,600.00,CAPS,"INTERNAL MEDICINE"
"ANTNFCT, BROAD/MEDIUM SPECTRUM",AZITHROMYCIN,52,500.00,TABS,DENTIST
"ANTNFCT, BROAD/MEDIUM SPECTRUM",AMOXICILLIN,66,1500.00,CAPS,"INTERNAL MEDICINE"
"ANTNFCT, BROAD/MEDIUM SPECTRUM",LEVOFLOXACIN,67,500.00,TABS,"NURSE PRACTITIONER"
"ANTNFCT, BROAD/MEDIUM SPECTRUM","DOXYCYCLINE (MONOHYDRATE)",67,200.00,CAPS,"NURSE PRACTITIONER"
"ANTNFCT, BROAD/MEDIUM SPECTRUM",AZITHROMYCIN,32,500.00,TABS,"OBSTETRICS & GYNECOLOGY"
"B-LACTAM, INCREASED ACTIVITY","AMOXICILLIN & POT CLAVULANATE",26,1750.00,TABS,"OBSTETRICS & GYNECOLOGY"
"SULFONAMIDES & TRIMETHOPRIM",SULFAMETHOXAZOLE-TRIMETHOPRIM,85,1600.00,TABS,"FAMILY MEDICINE"
"ANTNFCT, BROAD/MEDIUM SPECTRUM","DOXYCYCLINE HYCLATE",19,200.00,CAPS,"FAMILY MEDICINE"
"SULFONAMIDES & TRIMETHOPRIM",SULFAMETHOXAZOLE-TRIMETHOPRIM,61,1600.00,TABS,"FAMILY MEDICINE"
"ANTNFCT, BROAD/MEDIUM SPECTRUM",AZITHROMYCIN,33,500.00,TABS,"NURSE PRACTITIONER"
"B-LACTAM, INCREASED ACTIVITY","AMOXICILLIN & POT CLAVULANATE",29,1750.00,TABS,"NURSE PRACTITIONER"
"ANTNFCT, BROAD/MEDIUM SPECTRUM",CEFDINIR,13,600.00,CAPS,"NEONATAL-PERINATAL MEDICINE"
"SULFONAMIDES & TRIMETHOPRIM",SULFAMETHOXAZOLE-TRIMETHOPRIM,60,1600.00,TABS,"FAMILY MEDICINE"
"ANTNFCT, BROAD/MEDIUM SPECTRUM",AZITHROMYCIN,48,500.00,TABS,"NURSE PRACTITIONER"
"ANTNFCT, BROAD/MEDIUM SPECTRUM",CEPHALEXIN,18,1000.00,CAPS,PEDIATRICS
"ANTNFCT, BROAD/MEDIUM SPECTRUM",CEPHALEXIN,72,2000.00,CAPS,"PHYSICIAN ASSISTANT"
"ANTNFCT, BROAD/MEDIUM SPECTRUM",AZITHROMYCIN,54,500.00,TABS,"FAMILY MEDICINE"
"SULFONAMIDES & TRIMETHOPRIM",SULFAMETHOXAZOLE-TRIMETHOPRIM,35,1600.00,TABS,"EMERGENCY MEDICINE"
"B-LACTAM, INCREASED ACTIVITY","AMOXICILLIN & POT CLAVULANATE",67,1750.00,TABS,OTOLARYNGOLOGY
"ANTNFCT, BROAD/MEDIUM SPECTRUM",AMOXICILLIN,3,6000.00,SUSR,"PHYSICIAN ASSISTANT"
"ANTNFCT, BROAD/MEDIUM SPECTRUM","CIPROFLOXACIN HCL",78,500.00,TABS,"PHYSICIAN ASSISTANT"
"ANTNFCT, BROAD/MEDIUM SPECTRUM","DOXYCYCLINE HYCLATE",41,200.00,TABS,"INFECTIOUS DISEASE"
"SULFONAMIDES & TRIMETHOPRIM",SULFAMETHOXAZOLE-TRIMETHOPRIM,25,1600.00,TABS,"PHYSICIAN ASSISTANT"
"ANTNFCT, BROAD/MEDIUM SPECTRUM",AMOXICILLIN,64,1500.00,CAPS,DENTIST
"ANTNFCT, BROAD/MEDIUM SPECTRUM","CIPROFLOXACIN HCL",58,1000.00,TABS,UROLOGY
"B-LACTAM, INCREASED ACTIVITY","AMOXICILLIN & POT CLAVULANATE",9,7500.00,SUSR,"FAMILY MEDICINE"
"ANTNFCT, BROAD/MEDIUM SPECTRUM",AZITHROMYCIN,34,500.00,TABS,"PHYSICIAN ASSISTANT"
"ANTNFCT, BROAD/MEDIUM SPECTRUM","VANCOMYCIN HCL",56,500.00,CAPS,"NURSE PRACTITIONER"
"B-LACTAM, INCREASED ACTIVITY","AMOXICILLIN & POT CLAVULANATE",34,1750.00,TABS,"PHYSICIAN ASSISTANT"
"ANTNFCT, BROAD/MEDIUM SPECTRUM",CEPHALEXIN,23,1000.00,CAPS,"FAMILY MEDICINE"
"ANTNFCT, BROAD/MEDIUM SPECTRUM",AZITHROMYCIN,46,1000.00,TABS,"OBSTETRICS & GYNECOLOGY"
"ANTNFCT, BROAD/MEDIUM SPECTRUM",CEPHALEXIN,70,2000.00,CAPS,DENTIST
"ANTNFCT, BROAD/MEDIUM SPECTRUM",AMOXICILLIN,58,1000.00,CAPS,"NURSE PRACTITIONER"
"ANTNFCT, BROAD/MEDIUM SPECTRUM","CEFUROXIME AXETIL",74,500.00,TABS,"INTERNAL MEDICINE"
"ANTNFCT, BROAD/MEDIUM SPECTRUM",AMOXICILLIN,33,1750.00,TABS,"PHYSICIAN ASSISTANT"
"ANTNFCT, BROAD/MEDIUM SPECTRUM",AZITHROMYCIN,26,1000.00,TABS,"PHYSICIAN ASSISTANT"
"ANTNFCT, BROAD/MEDIUM SPECTRUM",LEVOFLOXACIN,78,750.00,TABS,"FAMILY MEDICINE"
"ANTNFCT, BROAD/MEDIUM SPECTRUM",AZITHROMYCIN,11,500.00,TABS,PEDIATRICS
"ANTNFCT, BROAD/MEDIUM SPECTRUM",AMOXICILLIN,25,8000.00,SUSR,"NURSE PRACTITIONER"
"ANTNFCT, BROAD/MEDIUM SPECTRUM",AZITHROMYCIN,64,500.00,TABS,DENTIST
"ANTNFCT, BROAD/MEDIUM SPECTRUM",AMOXICILLIN,59,1750.00,TABS,"FAMILY MEDICINE"
"ANTNFCT, BROAD/MEDIUM SPECTRUM","CLINDAMYCIN HCL",69,1800.00,CAPS,OTOLARYNGOLOGY
"ANTNFCT, BROAD/MEDIUM SPECTRUM",AMOXICILLIN,1,3200.00,SUSR,"NURSE PRACTITIONER"
"ANTNFCT, BROAD/MEDIUM SPECTRUM",AZITHROMYCIN,82,500.00,TABS,DERMATOLOGY
"ANTNFCT, BROAD/MEDIUM SPECTRUM",AZITHROMYCIN,31,500.00,TABS,"FAMILY MEDICINE"
"ANTNFCT, BROAD/MEDIUM SPECTRUM",AMOXICILLIN,29,1000.00,CAPS,DENTIST
"ANTNFCT, BROAD/MEDIUM SPECTRUM","DOXYCYCLINE HYCLATE",19,200.00,TABS,"NURSE PRACTITIONER"
"ANTNFCT, BROAD/MEDIUM SPECTRUM",CEFDINIR,52,600.00,CAPS,"FAMILY MEDICINE"
"ANTNFCT, BROAD/MEDIUM SPECTRUM","DOXYCYCLINE HYCLATE",29,200.00,TABS,OPTOMETRIST
"ANTNFCT, BROAD/MEDIUM SPECTRUM",AMOXICILLIN,19,1000.00,CAPS,PEDIATRICS
"ANTNFCT, BROAD/MEDIUM SPECTRUM","DOXYCYCLINE HYCLATE",20,200.00,CAPS,DERMATOLOGY
"ANTNFCT, BROAD/MEDIUM SPECTRUM",AZITHROMYCIN,60,500.00,TABS,"PHYSICIAN ASSISTANT"
"ANTNFCT, BROAD/MEDIUM SPECTRUM","DOXYCYCLINE (MONOHYDRATE)",30,200.00,CAPS,"EMERGENCY MEDICINE"
"ANTNFCT, BROAD/MEDIUM SPECTRUM",AZITHROMYCIN,81,500.00,TABS,"NURSE PRACTITIONER"
"ANTNFCT, BROAD/MEDIUM SPECTRUM",CEPHALEXIN,61,1500.00,CAPS,"PHYSICIAN ASSISTANT"
"B-LACTAM, INCREASED ACTIVITY","AMOXICILLIN & POT CLAVULANATE",3,7800.00,SUSR,PEDIATRICS
"ANTNFCT, BROAD/MEDIUM SPECTRUM","CLINDAMYCIN HCL",38,900.00,CAPS,PODIATRIST
"ANTNFCT, BROAD/MEDIUM SPECTRUM","DOXYCYCLINE HYCLATE",60,100.00,CAPS,DERMATOLOGY
"ANTNFCT, BROAD/MEDIUM SPECTRUM","DOXYCYCLINE HYCLATE",71,200.00,TABS,"NURSE PRACTITIONER"
"ANTNFCT, BROAD/MEDIUM SPECTRUM",CEPHALEXIN,31,2000.00,CAPS,"NURSE PRACTITIONER"
"ANTNFCT, BROAD/MEDIUM SPECTRUM",CEFDINIR,12,300.00,CAPS,"PHYSICIAN ASSISTANT"
"ANTNFCT, BROAD/MEDIUM SPECTRUM","PENICILLIN V POTASSIUM",14,500.00,TABS,"FAMILY MEDICINE"
"SULFONAMIDES & TRIMETHOPRIM",SULFAMETHOXAZOLE-TRIMETHOPRIM,67,1600.00,TABS,"FAMILY MEDICINE"
"ANTNFCT, BROAD/MEDIUM SPECTRUM",AZITHROMYCIN,47,500.00,TABS,"PHYSICIAN ASSISTANT"
"ANTNFCT, BROAD/MEDIUM SPECTRUM",CEFDINIR,2,750.00,SUSR,PEDIATRICS
"ANTNFCT, BROAD/MEDIUM SPECTRUM",AZITHROMYCIN,68,500.00,TABS,"PULMONARY DISEASE"
"ANTNFCT, BROAD/MEDIUM SPECTRUM",AMOXICILLIN,33,1500.00,CAPS,"FAMILY MEDICINE"
"ANTNFCT, BROAD/MEDIUM SPECTRUM",AMOXICILLIN,15,1500.00,CAPS,DENTIST
"ANTNFCT, BROAD/MEDIUM SPECTRUM",AMOXICILLIN,60,1500.00,TABS,"ORAL & MAXILLOFACIAL SURGERY"
"ANTNFCT, BROAD/MEDIUM SPECTRUM",AZITHROMYCIN,22,500.00,TABS,"FAMILY MEDICINE"
"ANTNFCT, BROAD/MEDIUM SPECTRUM",AMOXICILLIN,1,6000.00,SUSR,"NURSE PRACTITIONER"
"ANTNFCT, BROAD/MEDIUM SPECTRUM",AMOXICILLIN,51,2500.00,CAPS,"ORAL & MAXILLOFACIAL SURGERY"
"B-LACTAM, INCREASED ACTIVITY","AMOXICILLIN & POT CLAVULANATE",36,1750.00,TABS,"FAMILY MEDICINE"
"ANTNFCT, BROAD/MEDIUM SPECTRUM","DOXYCYCLINE HYCLATE",34,200.00,TABS,DERMATOLOGY
"ANTNFCT, BROAD/MEDIUM SPECTRUM",AMOXICILLIN,43,1500.00,CAPS,"GENERAL PRACTICE"
"ANTNFCT, BROAD/MEDIUM SPECTRUM",CEPHALEXIN,43,2000.00,CAPS,"PHYSICIAN ASSISTANT"
"ANTNFCT, BROAD/MEDIUM SPECTRUM",AMOXICILLIN,57,1500.00,CAPS,"INTERNAL MEDICINE"
"ANTNFCT, BROAD/MEDIUM SPECTRUM",AZITHROMYCIN,21,500.00,TABS,"PHYSICIAN ASSISTANT"
"ANTNFCT, BROAD/MEDIUM SPECTRUM","DOXYCYCLINE HYCLATE",31,200.00,TABS,"PHYSICIAN ASSISTANT"
"ANTNFCT, BROAD/MEDIUM SPECTRUM",AMOXICILLIN,18,2625.00,TABS,"ORAL & MAXILLOFACIAL SURGERY"
"ANTNFCT, BROAD/MEDIUM SPECTRUM",AZITHROMYCIN,1,1200.00,SUSR,PEDIATRICS
"SULFONAMIDES & TRIMETHOPRIM",SULFAMETHOXAZOLE-TRIMETHOPRIM,6,4000.00,SUSP,"FAMILY MEDICINE"
"ANTNFCT, BROAD/MEDIUM SPECTRUM",AZITHROMYCIN,76,500.00,TABS,"FAMILY MEDICINE"
"ANTNFCT, BROAD/MEDIUM SPECTRUM","CLINDAMYCIN HCL",62,600.00,CAPS,DENTIST
"B-LACTAM, INCREASED ACTIVITY","AMOXICILLIN & POT CLAVULANATE",85,1750.00,TABS,HOSPITALIST
"ANTNFCT, BROAD/MEDIUM SPECTRUM","CIPROFLOXACIN HCL",64,1000.00,TABS,"EMERGENCY MEDICINE"
"ANTNFCT, BROAD/MEDIUM SPECTRUM","DOXYCYCLINE HYCLATE",20,100.00,CAPS,"FAMILY MEDICINE"
"B-LACTAM, INCREASED ACTIVITY","AMOXICILLIN & POT CLAVULANATE",69,875.00,TABS,"NURSE PRACTITIONER"
"ANTNFCT, BROAD/MEDIUM SPECTRUM",AMOXICILLIN,85,2000.00,TABS,DENTIST
"B-LACTAM, INCREASED ACTIVITY","AMOXICILLIN & POT CLAVULANATE",69,1750.00,TABS,"PHYSICIAN ASSISTANT"
"ANTNFCT, BROAD/MEDIUM SPECTRUM",CEPHALEXIN,39,1500.00,CAPS,"OBSTETRICS & GYNECOLOGY"
"ANTNFCT, BROAD/MEDIUM SPECTRUM",AZITHROMYCIN,75,500.00,TABS,"INTERNAL MEDICINE"
"ANTNFCT, BROAD/MEDIUM SPECTRUM",AZITHROMYCIN,55,500.00,TABS,"PHYSICIAN ASSISTANT"
"ANTNFCT, BROAD/MEDIUM SPECTRUM","VANCOMYCIN HCL",33,1000.00,CAPS,GASTROENTEROLOGY
"ANTNFCT, BROAD/MEDIUM SPECTRUM",AMOXICILLIN,1,4250.00,SUSR,"FAMILY MEDICINE"
"ANTNFCT, BROAD/MEDIUM SPECTRUM",AZITHROMYCIN,57,500.00,TABS,"NURSE PRACTITIONER"
"ANTNFCT, BROAD/MEDIUM SPECTRUM","CLINDAMYCIN HCL",27,1200.00,CAPS,DENTIST
"ANTNFCT, BROAD/MEDIUM SPECTRUM",CEPHALEXIN,65,1500.00,CAPS,"INTERNAL MEDICINE"
"ANTNFCT, BROAD/MEDIUM SPECTRUM",CEFADROXIL,85,1000.00,CAPS,"INFECTIOUS DISEASE"
"SULFONAMIDES & TRIMETHOPRIM",SULFAMETHOXAZOLE-TRIMETHOPRIM,46,1600.00,TABS,PODIATRIST
"ANTNFCT, BROAD/MEDIUM SPECTRUM",AZITHROMYCIN,36,500.00,TABS,"GENERAL PRACTICE"
"ANTNFCT, BROAD/MEDIUM SPECTRUM","DOXYCYCLINE HYCLATE",68,200.00,CAPS,"PHYSICIAN ASSISTANT"
"ANTNFCT, BROAD/MEDIUM SPECTRUM",CEPHALEXIN,46,1500.00,CAPS,"FAMILY MEDICINE"
"ANTNFCT, BROAD/MEDIUM SPECTRUM","DOXYCYCLINE HYCLATE",82,50.00,CAPS,"PULMONARY DISEASE"
"ANTNFCT, BROAD/MEDIUM SPECTRUM",CEFDINIR,5,1500.00,SUSR,"NURSE PRACTITIONER"
"ANTNFCT, BROAD/MEDIUM SPECTRUM",AMOXICILLIN,46,1500.00,CAPS,DENTIST
"ANTNFCT, BROAD/MEDIUM SPECTRUM",AMOXICILLIN,10,9500.00,SUSR,"EMERGENCY MEDICINE"
"ANTNFCT, BROAD/MEDIUM SPECTRUM",AMOXICILLIN,11,5000.00,SUSR,"NURSE PRACTITIONER"
"ANTNFCT, BROAD/MEDIUM SPECTRUM",CEPHALEXIN,82,1000.00,CAPS,"NURSE PRACTITIONER"
"ANTNFCT, BROAD/MEDIUM SPECTRUM",AZITHROMYCIN,42,500.00,TABS,"NURSE PRACTITIONER"
"ANTNFCT, BROAD/MEDIUM SPECTRUM",AZITHROMYCIN,29,500.00,TABS,"PHYSICIAN ASSISTANT"
"ANTNFCT, BROAD/MEDIUM SPECTRUM",AZITHROMYCIN,14,250.00,TABS,"EMERGENCY MEDICINE"
"ANTNFCT, BROAD/MEDIUM SPECTRUM","DOXYCYCLINE HYCLATE",79,200.00,CAPS,
"ANTNFCT, BROAD/MEDIUM SPECTRUM",AMOXICILLIN,45,1500.00,CAPS,DENTIST
"ANTNFCT, BROAD/MEDIUM SPECTRUM","CEFUROXIME AXETIL",61,1000.00,TABS,"INTERNAL MEDICINE"
"SULFONAMIDES & TRIMETHOPRIM",SULFAMETHOXAZOLE-TRIMETHOPRIM,33,1600.00,TABS,"NURSE PRACTITIONER"
"ANTNFCT, BROAD/MEDIUM SPECTRUM",AMOXICILLIN,0,4000.00,SUSR,"PUBLIC HEALTH & GENERAL PREVENTIVE MEDICINE"
"ANTNFCT, BROAD/MEDIUM SPECTRUM",AMOXICILLIN,4,3750.00,SUSR,DENTIST
"ANTNFCT, BROAD/MEDIUM SPECTRUM","DOXYCYCLINE (MONOHYDRATE)",15,200.00,CAPS,DERMATOLOGY
"ANTNFCT, BROAD/MEDIUM SPECTRUM",CEPHALEXIN,60,2000.00,CAPS,"FAMILY MEDICINE"
"ANTNFCT, BROAD/MEDIUM SPECTRUM",AMOXICILLIN,66,1750.00,TABS,"FAMILY MEDICINE"
"ANTNFCT, BROAD/MEDIUM SPECTRUM",CEFDINIR,21,600.00,CAPS,"NURSE PRACTITIONER"
"ANTNFCT, BROAD/MEDIUM SPECTRUM",AMOXICILLIN,66,2000.00,CAPS,DENTIST
"ANTNFCT, BROAD/MEDIUM SPECTRUM","TETRACYCLINE HCL",41,500.00,CAPS,"NURSE PRACTITIONER"
"ANTNFCT, BROAD/MEDIUM SPECTRUM","DOXYCYCLINE (MONOHYDRATE)",66,200.00,CAPS,"FAMILY MEDICINE"
"ANTNFCT, BROAD/MEDIUM SPECTRUM",AMOXICILLIN,5,10000.00,SUSR,"PHYSICIAN ASSISTANT"
"SULFONAMIDES & TRIMETHOPRIM",TRIMETHOPRIM,83,100.00,TABS,UROLOGY
"SULFONAMIDES & TRIMETHOPRIM",SULFAMETHOXAZOLE-TRIMETHOPRIM,76,1600.00,TABS,"NURSE PRACTITIONER"
"SULFONAMIDES & TRIMETHOPRIM",SULFAMETHOXAZOLE-TRIMETHOPRIM,50,1600.00,TABS,"INTERNAL MEDICINE"
"SULFONAMIDES & TRIMETHOPRIM",SULFAMETHOXAZOLE-TRIMETHOPRIM,2,2000.00,SUSP,PEDIATRICS
"SULFONAMIDES & TRIMETHOPRIM",SULFAMETHOXAZOLE-TRIMETHOPRIM,12,400.00,TABS,"PEDIATRIC HEMATOLOGY/ONCOLOGY"
"ANTNFCT, BROAD/MEDIUM SPECTRUM",AMOXICILLIN,70,1000.00,CAPS,"NURSE PRACTITIONER"
"ANTNFCT, BROAD/MEDIUM SPECTRUM","DOXYCYCLINE HYCLATE",39,200.00,CAPS,"FAMILY MEDICINE"
"ANTNFCT, BROAD/MEDIUM SPECTRUM",AZITHROMYCIN,46,500.00,TABS,"GENERAL PRACTICE"
"ANTNFCT, BROAD/MEDIUM SPECTRUM",AZITHROMYCIN,3,600.00,SUSR,PEDIATRICS
"ANTNFCT, BROAD/MEDIUM SPECTRUM","CIPROFLOXACIN HCL",76,500.00,TABS,UROLOGY
"ANTNFCT, BROAD/MEDIUM SPECTRUM",CEFDINIR,9,2500.00,SUSR,"NURSE PRACTITIONER"
"ANTNFCT, BROAD/MEDIUM SPECTRUM","DOXYCYCLINE (MONOHYDRATE)",21,200.00,CAPS,"NURSE PRACTITIONER"
"ANTNFCT, BROAD/MEDIUM SPECTRUM",AMOXICILLIN,34,12000.00,SUSR,"FAMILY MEDICINE"
"ANTNFCT, BROAD/MEDIUM SPECTRUM",AMOXICILLIN,42,2000.00,CAPS,"FAMILY MEDICINE"
"SULFONAMIDES & TRIMETHOPRIM",SULFAMETHOXAZOLE-TRIMETHOPRIM,22,1600.00,TABS,HOSPITALIST
"ANTNFCT, BROAD/MEDIUM SPECTRUM",AMOXICILLIN,5,8000.00,SUSR,"NURSE PRACTITIONER"
"B-LACTAM, INCREASED ACTIVITY","AMOXICILLIN & POT CLAVULANATE",36,1750.00,TABS,"PHYSICIAN ASSISTANT"
"ANTNFCT, BROAD/MEDIUM SPECTRUM","MINOCYCLINE HCL",54,200.00,CAPS,DERMATOLOGY
"ANTNFCT, BROAD/MEDIUM SPECTRUM",AZITHROMYCIN,66,500.00,TABS,"FAMILY MEDICINE"
"B-LACTAM, INCREASED ACTIVITY","AMOXICILLIN & POT CLAVULANATE",65,1750.00,TABS,"INTERNAL MEDICINE"
"ANTNFCT, BROAD/MEDIUM SPECTRUM","DOXYCYCLINE (ROSACEA)",57,40.00,CPDR,DERMATOLOGY
"ANTNFCT, BROAD/MEDIUM SPECTRUM",CEPHALEXIN,68,1500.00,CAPS,"EMERGENCY MEDICINE"
"B-LACTAM, INCREASED ACTIVITY","AMOXICILLIN & POT CLAVULANATE",40,1750.00,TABS,"FAMILY MEDICINE"
"ANTNFCT, BROAD/MEDIUM SPECTRUM","MINOCYCLINE HCL",27,100.00,CAPS,DERMATOLOGY
"ANTNFCT, BROAD/MEDIUM SPECTRUM",CEFDINIR,47,600.00,CAPS,"FAMILY MEDICINE"
"ANTNFCT, BROAD/MEDIUM SPECTRUM",AMOXICILLIN,53,1500.00,CAPS,DENTIST
"ANTNFCT, BROAD/MEDIUM SPECTRUM",AMOXICILLIN,55,1750.00,TABS,PEDIATRICS
"ANTNFCT, BROAD/MEDIUM SPECTRUM","CLINDAMYCIN HCL",33,600.00,CAPS,DENTIST
"B-LACTAM, INCREASED ACTIVITY","AMOXICILLIN & POT CLAVULANATE",20,1750.00,TABS,"PHYSICIAN ASSISTANT"
"SULFONAMIDES & TRIMETHOPRIM",SULFAMETHOXAZOLE-TRIMETHOPRIM,34,1600.00,TABS,"NURSE PRACTITIONER"
"ANTNFCT, BROAD/MEDIUM SPECTRUM",AMOXICILLIN,66,1500.00,CAPS,DENTIST
"B-LACTAM, INCREASED ACTIVITY","AMOXICILLIN & POT CLAVULANATE",40,1750.00,TABS,"INTERNAL MEDICINE"
"ANTNFCT, BROAD/MEDIUM SPECTRUM",AMOXICILLIN,29,1500.00,CAPS,DENTIST
"ANTNFCT, BROAD/MEDIUM SPECTRUM","DOXYCYCLINE (MONOHYDRATE)",29,200.00,TABS,"PHYSICIAN ASSISTANT"
"ANTNFCT, BROAD/MEDIUM SPECTRUM",AMOXICILLIN,73,2000.00,CAPS,DENTIST
"ANTNFCT, BROAD/MEDIUM SPECTRUM",AMOXICILLIN,55,1500.00,CAPS,DENTIST
"ANTNFCT, BROAD/MEDIUM SPECTRUM",AMOXICILLIN,3,4000.00,SUSR,PEDIATRICS
"B-LACTAM, INCREASED ACTIVITY","AMOXICILLIN & POT CLAVULANATE",31,1750.00,TABS,"NURSE PRACTITIONER"
"ANTNFCT, BROAD/MEDIUM SPECTRUM",CEPHALEXIN,37,1000.00,CAPS,"INTERNAL MEDICINE/PEDIATRICS"
"B-LACTAM, INCREASED ACTIVITY","AMOXICILLIN & POT CLAVULANATE",50,1750.00,TABS,"INTERNAL MEDICINE"
"ANTNFCT, BROAD/MEDIUM SPECTRUM",AMOXICILLIN,45,2000.00,CAPS,DENTIST
"ANTNFCT, BROAD/MEDIUM SPECTRUM",AZITHROMYCIN,30,1000.00,TABS,"NURSE PRACTITIONER"
"ANTNFCT, BROAD/MEDIUM SPECTRUM",AZITHROMYCIN,20,1000.00,TABS,"PHYSICIAN ASSISTANT"
"ANTNFCT, BROAD/MEDIUM SPECTRUM",AZITHROMYCIN,37,500.00,TABS,"PHYSICIAN ASSISTANT"
"ANTNFCT, BROAD/MEDIUM SPECTRUM","PENICILLIN V POTASSIUM",29,1000.00,TABS,"ORAL & MAXILLOFACIAL SURGERY"
"ANTNFCT, BROAD/MEDIUM SPECTRUM","CIPROFLOXACIN HCL",70,500.00,TABS,"INTERNAL MEDICINE"
"ANTNFCT, BROAD/MEDIUM SPECTRUM",CEPHALEXIN,69,1000.00,CAPS,"FAMILY MEDICINE"
"SULFONAMIDES & TRIMETHOPRIM",SULFAMETHOXAZOLE-TRIMETHOPRIM,43,400.00,TABS,NEPHROLOGY
"ANTNFCT, BROAD/MEDIUM SPECTRUM",AZITHROMYCIN,54,500.00,TABS,"FAMILY MEDICINE"
"ANTNFCT, BROAD/MEDIUM SPECTRUM","DOXYCYCLINE HYCLATE",75,200.00,CAPS,"PHYSICIAN ASSISTANT"
"ANTNFCT, BROAD/MEDIUM SPECTRUM",CEPHALEXIN,60,2000.00,CAPS,"GENERAL PRACTICE"
"ANTNFCT, BROAD/MEDIUM SPECTRUM","MINOCYCLINE HCL",27,100.00,CAPS,"PHYSICIAN ASSISTANT"
"ANTNFCT, BROAD/MEDIUM SPECTRUM",CEPHALEXIN,25,1500.00,CAPS,"INTERNAL MEDICINE"
"ANTNFCT, BROAD/MEDIUM SPECTRUM",AZITHROMYCIN,33,500.00,TABS,"FAMILY MEDICINE"
"ANTNFCT, BROAD/MEDIUM SPECTRUM","DOXYCYCLINE HYCLATE",72,200.00,TABS,DENTIST
"ANTNFCT, BROAD/MEDIUM SPECTRUM",CEPHALEXIN,21,2000.00,CAPS,"NURSE PRACTITIONER"
"B-LACTAM, INCREASED ACTIVITY","AMOXICILLIN & POT CLAVULANATE",59,1750.00,TABS,"PHYSICIAN ASSISTANT"
"ANTNFCT, BROAD/MEDIUM SPECTRUM","DOXYCYCLINE HYCLATE",82,200.00,TABS,OTOLARYNGOLOGY
"ANTNFCT, BROAD/MEDIUM SPECTRUM","PENICILLIN V POTASSIUM",20,1000.00,TABS,"NURSE PRACTITIONER"
"ANTNFCT, BROAD/MEDIUM SPECTRUM","DOXYCYCLINE HYCLATE",68,200.00,CAPS,"NURSE PRACTITIONER"
"ANTNFCT, BROAD/MEDIUM SPECTRUM","DOXYCYCLINE (MONOHYDRATE)",57,200.00,TABS,"FAMILY MEDICINE"
"ANTNFCT, BROAD/MEDIUM SPECTRUM","MINOCYCLINE HCL",70,100.00,CAPS,DERMATOLOGY
"ANTNFCT, BROAD/MEDIUM SPECTRUM","CIPROFLOXACIN HCL",66,1000.00,TABS,"FAMILY MEDICINE"
"ANTNFCT, BROAD/MEDIUM SPECTRUM","DOXYCYCLINE HYCLATE",83,200.00,TABS,"FAMILY MEDICINE"
"ANTNFCT, BROAD/MEDIUM SPECTRUM",AZITHROMYCIN,13,500.00,TABS,PEDIATRICS
"ANTNFCT, BROAD/MEDIUM SPECTRUM",AZITHROMYCIN,17,300.00,TABS,"PEDIATRIC HEMATOLOGY/ONCOLOGY"
"ANTNFCT, BROAD/MEDIUM SPECTRUM","CIPROFLOXACIN HCL",40,1000.00,TABS,"PHYSICIAN ASSISTANT"
"B-LACTAM, INCREASED ACTIVITY","AMOXICILLIN & POT CLAVULANATE",45,1750.00,TABS,"NURSE PRACTITIONER"
"B-LACTAM, INCREASED ACTIVITY","AMOXICILLIN & POT CLAVULANATE",47,1750.00,TABS,"EMERGENCY MEDICINE"
"ANTNFCT, BROAD/MEDIUM SPECTRUM","PENICILLIN V POTASSIUM",24,2000.00,TABS,DENTIST
"ANTNFCT, BROAD/MEDIUM SPECTRUM",CEPHALEXIN,19,1000.00,CAPS,"OBSTETRICS & GYNECOLOGY"
"ANTNFCT, BROAD/MEDIUM SPECTRUM",AZITHROMYCIN,55,500.00,TABS,"NURSE PRACTITIONER"
"ANTNFCT, BROAD/MEDIUM SPECTRUM",AMOXICILLIN,66,2000.00,CAPS,"SPORTS MEDICINE (ORTHOPEDIC SURGERY)"
"ANTNFCT, BROAD/MEDIUM SPECTRUM","CIPROFLOXACIN HCL",44,1000.00,TABS,"SPORTS MEDICINE (FAMILY MEDICINE)"
"ANTNFCT, BROAD/MEDIUM SPECTRUM",CEPHALEXIN,62,2000.00,CAPS,"FAMILY MEDICINE"
"ANTNFCT, BROAD/MEDIUM SPECTRUM",CEPHALEXIN,72,1000.00,CAPS,"PHYSICIAN ASSISTANT"
"SULFONAMIDES & TRIMETHOPRIM",SULFAMETHOXAZOLE-TRIMETHOPRIM,30,1600.00,TABS,"INTERNAL MEDICINE"
"ANTNFCT, BROAD/MEDIUM SPECTRUM","PENICILLIN V POTASSIUM",55,2500.00,TABS,DENTIST
"B-LACTAM, INCREASED ACTIVITY","AMOXICILLIN & POT CLAVULANATE",49,1750.00,TABS,"NURSE PRACTITIONER"
"ANTNFCT, BROAD/MEDIUM SPECTRUM",AZITHROMYCIN,37,500.00,TABS,"PHYSICIAN ASSISTANT"
"ANTNFCT, BROAD/MEDIUM SPECTRUM",AZITHROMYCIN,43,500.00,TABS,DENTIST
"ANTNFCT, BROAD/MEDIUM SPECTRUM","CLINDAMYCIN HCL",21,1200.00,CAPS,DENTIST
"ANTNFCT, BROAD/MEDIUM SPECTRUM",CEPHALEXIN,60,1500.00,CAPS,"FAMILY MEDICINE"
"ANTNFCT, BROAD/MEDIUM SPECTRUM",AMOXICILLIN,28,1750.00,TABS,"NURSE PRACTITIONER"
"ANTNFCT, BROAD/MEDIUM SPECTRUM","ERYTHROMYCIN BASE",63,1000.00,TABS,PODIATRIST
"ANTNFCT, BROAD/MEDIUM SPECTRUM","PENICILLIN V POTASSIUM",71,2000.00,TABS,DENTIST
"ANTNFCT, BROAD/MEDIUM SPECTRUM","DOXYCYCLINE HYCLATE",26,200.00,CAPS,"INTERNAL MEDICINE"
