antibiotic_name,provider_description,dosage_form,count
,"NURSE PRACTITIONER",,20
,"OBSTETRICS & GYNECOLOGY",,19
,"FAMILY MEDICINE",,14
,"PHYSICIAN ASSISTANT",,11
,"INTERNAL MEDICINE",,5
,PEDIATRICS,,3
,"NURSE MIDWIFE",,2
,UROLOGY,,2
,"SPORTS MEDICINE (FAMILY MEDICINE)",,1
,"EMERGENCY MEDICINE",,1
,"GENERAL PRACTICE",,1
,"INTERNAL MEDICINE/PEDIATRICS",,1
,NEUROLOGY,,1
,,,1
"ACETIC ACID (OTIC)","NURSE PRACTITIONER",SOLUTION,110
"ACETIC ACID (OTIC)","FAMILY MEDICINE",SOLUTION,95
"ACETIC ACID (OTIC)",OTOLARYNGOLOGY,SOLUTION,83
"ACETIC ACID (OTIC)","INTERNAL MEDICINE",SOLUTION,65
"ACETIC ACID (OTIC)","PHYSICIAN ASSISTANT",SOLUTION,55
"ACETIC ACID (OTIC)","GENERAL PRACTICE",SOLUTION,16
"ACETIC ACID (OTIC)",PEDIATRICS,SOLUTION,8
"ACETIC ACID (OTIC)","EMERGENCY MEDICINE",SOLUTION,7
"ACETIC ACID (OTIC)","PEDIATRIC OTOLARYNGOLOGY",SOLUTION,3
"ACETIC ACID (OTIC)","OBSTETRICS & GYNECOLOGY",SOLUTION,3
"ACETIC ACID (OTIC)","PULMONARY DISEASE",SOLUTION,3
"ACETIC ACID (OTIC)","NEUROTOLOGY (OTOLARYNGOLOGY)",SOLUTION,2
"ACETIC ACID (OTIC)",DERMATOLOGY,SOLUTION,2
"ACETIC ACID (OTIC)","SPORTS MEDICINE (PEDIATRICS)",SOLUTION,2
"ACETIC ACID (OTIC)",,SOLUTION,2
"ACETIC ACID (OTIC)","GENERAL SURGERY",SOLUTION,2
"ACETIC ACID (OTIC)","FACIAL PLASTIC SURGERY",SOLUTION,2
"ACETIC ACID (OTIC)","INTERNAL MEDICINE/PEDIATRICS",SOLUTION,1
"ACETIC ACID (OTIC)","PULMONARY CRITICAL CARE MEDICINE",SOLUTION,1
"ACETIC ACID (OTIC)",HEMATOLOGY/ONCOLOGY,SOLUTION,1
"ACETIC ACID (OTIC)","STUDENT, HEALTH CARE",SOLUTION,1
"ACETIC ACID (OTIC)",ANESTHESIOLOGY,SOLUTION,1
"ACETIC ACID (OTIC)","GERIATRIC MEDICINE (INTERNAL MEDICINE)",SOLUTION,1
"AMIKACIN SULFATE","INFECTIOUS DISEASE",SOLUTION,6
"AMIKACIN SULFATE",UROLOGY,SOLUTION,5
"AMIKACIN SULFATE","PULMONARY DISEASE",SOLUTION,4
"AMIKACIN SULFATE","INTERNAL MEDICINE",SOLUTION,3
"AMIKACIN SULFATE","PULMONARY CRITICAL CARE MEDICINE",SOLUTION,2
"AMIKACIN SULFATE","FAMILY MEDICINE",SOLUTION,2
"AMIKACIN SULFATE",NEPHROLOGY,SOLUTION,1
"AMIKACIN SULFATE","GENERAL SURGERY",SOLUTION,1
"AMIKACIN SULFATE",VETERINARIAN,SOLUTION,1
"AMIKACIN SULFATE","NURSE PRACTITIONER",SOLUTION,1
"AMIKACIN SULFATE","INTERNAL MEDICINE/PEDIATRICS",SOLUTION,1
"AMIKACIN SULFATE LIPOSOME","INFECTIOUS DISEASE",SUSPENSION,3
"AMIKACIN SULFATE LIPOSOME","PULMONARY DISEASE",SUSPENSION,1
"AMIKACIN SULFATE LIPOSOME","NURSE PRACTITIONER",SUSPENSION,1
"AMIKACIN SULFATE LIPOSOME","CRITICAL CARE MEDICINE (INTERNAL MEDICINE)",SUSPENSION,1
AMOXICILLIN,DENTIST,CAPSULE,48827
AMOXICILLIN,PEDIATRICS,"SUSPENSION RECONSTITUTED",24402
AMOXICILLIN,"NURSE PRACTITIONER","SUSPENSION RECONSTITUTED",15123
AMOXICILLIN,DENTIST,TABLET,10184
AMOXICILLIN,"NURSE PRACTITIONER",CAPSULE,8978
AMOXICILLIN,"FAMILY MEDICINE",CAPSULE,8669
AMOXICILLIN,"NURSE PRACTITIONER",TABLET,8185
AMOXICILLIN,"PHYSICIAN ASSISTANT","SUSPENSION RECONSTITUTED",7133
AMOXICILLIN,"FAMILY MEDICINE",TABLET,6752
AMOXICILLIN,"ORAL & MAXILLOFACIAL SURGERY",CAPSULE,6750
AMOXICILLIN,"PHYSICIAN ASSISTANT",CAPSULE,5475
AMOXICILLIN,"FAMILY MEDICINE","SUSPENSION RECONSTITUTED",5153
AMOXICILLIN,"INTERNAL MEDICINE",CAPSULE,4559
AMOXICILLIN,"PHYSICIAN ASSISTANT",TABLET,4463
AMOXICILLIN,DENTIST,"SUSPENSION RECONSTITUTED",2777
AMOXICILLIN,"EMERGENCY MEDICINE","SUSPENSION RECONSTITUTED",2232
AMOXICILLIN,"INTERNAL MEDICINE",TABLET,2004
AMOXICILLIN,PEDIATRICS,TABLET,1963
AMOXICILLIN,PEDIATRICS,CAPSULE,1918
AMOXICILLIN,"EMERGENCY MEDICINE",CAPSULE,1876
AMOXICILLIN,"ORAL & MAXILLOFACIAL SURGERY",TABLET,1540
AMOXICILLIN,"ORTHOPEDIC SURGERY",CAPSULE,1292
AMOXICILLIN,"EMERGENCY MEDICINE",TABLET,1262
AMOXICILLIN,,CAPSULE,956
AMOXICILLIN,GASTROENTEROLOGY,CAPSULE,699
AMOXICILLIN,"INTERNAL MEDICINE","SUSPENSION RECONSTITUTED",680
AMOXICILLIN,,"SUSPENSION RECONSTITUTED",583
AMOXICILLIN,"GENERAL PRACTICE",CAPSULE,558
AMOXICILLIN,"OBSTETRICS & GYNECOLOGY",CAPSULE,530
AMOXICILLIN,DERMATOLOGY,CAPSULE,518
AMOXICILLIN,"GENERAL SURGERY",CAPSULE,457
AMOXICILLIN,"CARDIOVASCULAR DISEASE",CAPSULE,445
AMOXICILLIN,OTOLARYNGOLOGY,"SUSPENSION RECONSTITUTED",378
AMOXICILLIN,"INTERNAL MEDICINE/PEDIATRICS","SUSPENSION RECONSTITUTED",357
AMOXICILLIN,OTOLARYNGOLOGY,CAPSULE,320
AMOXICILLIN,"PEDIATRIC EMERGENCY MEDICINE (PEDIATRICS)","SUSPENSION RECONSTITUTED",320
AMOXICILLIN,DENTISTRY/PERIODONTICS,CAPSULE,313
AMOXICILLIN,OTOLARYNGOLOGY,TABLET,288
AMOXICILLIN,UROLOGY,CAPSULE,264
AMOXICILLIN,DENTISTRY/ENDODONTICS,CAPSULE,245
AMOXICILLIN,VETERINARIAN,CAPSULE,239
AMOXICILLIN,,TABLET,236
AMOXICILLIN,"INFECTIOUS DISEASE",CAPSULE,215
AMOXICILLIN,"ORTHOPEDIC SURGERY",TABLET,208
AMOXICILLIN,"GENERAL PRACTICE","SUSPENSION RECONSTITUTED",188
AMOXICILLIN,NEPHROLOGY,CAPSULE,178
AMOXICILLIN,"GENERAL PRACTICE",TABLET,167
AMOXICILLIN,"ORAL & MAXILLOFACIAL SURGERY","SUSPENSION RECONSTITUTED",164
AMOXICILLIN,"INTERNAL MEDICINE/PEDIATRICS",TABLET,161
AMOXICILLIN,"INTERNAL MEDICINE/PEDIATRICS",CAPSULE,157
AMOXICILLIN,VETERINARIAN,"SUSPENSION RECONSTITUTED",141
AMOXICILLIN,DENTISTRY/PEDODONTICS,"SUSPENSION RECONSTITUTED",140
AMOXICILLIN,"OBSTETRICS & GYNECOLOGY",TABLET,133
AMOXICILLIN,"PULMONARY DISEASE",CAPSULE,128
AMOXICILLIN,"NURSE PRACTITIONER","TABLET CHEW",121
AMOXICILLIN,"GENERAL SURGERY","SUSPENSION RECONSTITUTED",120
AMOXICILLIN,PODIATRIST,CAPSULE,120
AMOXICILLIN,PEDIATRICS,"TABLET CHEW",117
AMOXICILLIN,HOSPITALIST,CAPSULE,113
AMOXICILLIN,DENTIST,"TABLET CHEW",110
AMOXICILLIN,"FAMILY MEDICINE","TABLET CHEW",108
AMOXICILLIN,"GENERAL SURGERY",TABLET,106
AMOXICILLIN,"CARDIOVASCULAR DISEASE",TABLET,104
AMOXICILLIN,"PEDIATRIC EMERGENCY MEDICINE","SUSPENSION RECONSTITUTED",103
AMOXICILLIN,GASTROENTEROLOGY,TABLET,100
AMOXICILLIN,DENTISTRY/PERIODONTICS,TABLET,92
AMOXICILLIN,"ALLERGY & IMMUNOLOGY","SUSPENSION RECONSTITUTED",90
AMOXICILLIN,"NEONATAL-PERINATAL MEDICINE","SUSPENSION RECONSTITUTED",90
AMOXICILLIN,"PEDIATRIC HEMATOLOGY/ONCOLOGY","SUSPENSION RECONSTITUTED",88
AMOXICILLIN,PSYCHIATRY,CAPSULE,84
AMOXICILLIN,"GERIATRIC MEDICINE (INTERNAL MEDICINE)",CAPSULE,83
AMOXICILLIN,HEMATOLOGY/ONCOLOGY,CAPSULE,83
AMOXICILLIN,"PHYSICIAN ASSISTANT","TABLET CHEW",83
AMOXICILLIN,"PEDIATRIC CRITICAL CARE MEDICINE","SUSPENSION RECONSTITUTED",78
AMOXICILLIN,"ALLERGY & IMMUNOLOGY",CAPSULE,78
AMOXICILLIN,"SPORTS MEDICINE (ORTHOPEDIC SURGERY)",CAPSULE,76
AMOXICILLIN,"ADULT RECONSTRUCTIVE ORTHOPEDICS",CAPSULE,75
AMOXICILLIN,OPHTHALMOLOGY,CAPSULE,73
AMOXICILLIN,"PLASTIC SURGERY",CAPSULE,72
AMOXICILLIN,"STUDENT, HEALTH CARE",CAPSULE,71
AMOXICILLIN,"PEDIATRIC CARDIOLOGY","SUSPENSION RECONSTITUTED",69
AMOXICILLIN,"ALLERGY & IMMUNOLOGY",TABLET,66
AMOXICILLIN,ANESTHESIOLOGY,CAPSULE,64
AMOXICILLIN,"STUDENT, HEALTH CARE","SUSPENSION RECONSTITUTED",64
AMOXICILLIN,"PEDIATRIC NEPHROLOGY","SUSPENSION RECONSTITUTED",61
AMOXICILLIN,"SPORTS MEDICINE (FAMILY MEDICINE)",TABLET,60
AMOXICILLIN,DENTISTRY/ENDODONTICS,TABLET,57
AMOXICILLIN,"INFECTIOUS DISEASE",TABLET,55
AMOXICILLIN,DERMATOLOGY,TABLET,53
AMOXICILLIN,OPTOMETRIST,CAPSULE,53
AMOXICILLIN,RHEUMATOLOGY,CAPSULE,51
AMOXICILLIN,"SPORTS MEDICINE (FAMILY MEDICINE)",CAPSULE,50
AMOXICILLIN,"ENDOCRINOLOGY, DIABETES & METABOLISM",CAPSULE,49
AMOXICILLIN,HOSPITALIST,TABLET,47
AMOXICILLIN,UROLOGY,TABLET,46
AMOXICILLIN,"GERIATRIC MEDICINE (INTERNAL MEDICINE)",TABLET,45
AMOXICILLIN,"GERIATRIC MEDICINE (FAMILY MEDICINE)",CAPSULE,45
AMOXICILLIN,"PULMONARY CRITICAL CARE MEDICINE",CAPSULE,45
AMOXICILLIN,"PEDIATRIC CARDIOLOGY",CAPSULE,44
AMOXICILLIN,"OBSTETRICS & GYNECOLOGY","SUSPENSION RECONSTITUTED",44
AMOXICILLIN,DERMATOLOGY,"SUSPENSION RECONSTITUTED",39
AMOXICILLIN,"INTERVENTIONAL CARDIOLOGY",CAPSULE,39
AMOXICILLIN,"PULMONARY DISEASE",TABLET,38
AMOXICILLIN,"ADOLESCENT MEDICINE (PEDIATRICS)","SUSPENSION RECONSTITUTED",38
AMOXICILLIN,NEUROLOGY,CAPSULE,37
AMOXICILLIN,"PEDIATRIC ENDOCRINOLOGY","SUSPENSION RECONSTITUTED",35
AMOXICILLIN,HOSPITALIST,"SUSPENSION RECONSTITUTED",34
AMOXICILLIN,ANESTHESIOLOGY,TABLET,34
AMOXICILLIN,"PEDIATRIC PULMONOLOGY","SUSPENSION RECONSTITUTED",34
AMOXICILLIN,"PHYSICAL MEDICINE & REHABILITATION",CAPSULE,33
AMOXICILLIN,"PEDIATRIC GASTROENTEROLOGY","SUSPENSION RECONSTITUTED",31
AMOXICILLIN,"PEDIATRIC INFECTIOUS DISEASE","SUSPENSION RECONSTITUTED",31
AMOXICILLIN,"GERIATRIC MEDICINE (FAMILY MEDICINE)","SUSPENSION RECONSTITUTED",29
AMOXICILLIN,NEPHROLOGY,TABLET,29
AMOXICILLIN,"DIAGNOSTIC RADIOLOGY",CAPSULE,29
AMOXICILLIN,"SPORTS MEDICINE (FAMILY MEDICINE)","SUSPENSION RECONSTITUTED",29
AMOXICILLIN,"NURSE MIDWIFE",CAPSULE,29
AMOXICILLIN,"OCCUPATIONAL MEDICINE",TABLET,28
AMOXICILLIN,"PEDIATRIC OTOLARYNGOLOGY","SUSPENSION RECONSTITUTED",28
AMOXICILLIN,"MEDICAL ONCOLOGY",CAPSULE,27
AMOXICILLIN,"STUDENT, HEALTH CARE",TABLET,27
AMOXICILLIN,ANESTHESIOLOGY,"SUSPENSION RECONSTITUTED",27
AMOXICILLIN,"NEUROLOGICAL SURGERY",CAPSULE,26
AMOXICILLIN,"PEDIATRIC UROLOGY","SUSPENSION RECONSTITUTED",26
AMOXICILLIN,"GENERAL PREVENTIVE MEDICINE",CAPSULE,25
AMOXICILLIN,VETERINARIAN,TABLET,25
AMOXICILLIN,"PAIN MEDICINE",CAPSULE,25
AMOXICILLIN,"PEDIATRIC GASTROENTEROLOGY",CAPSULE,25
AMOXICILLIN,UROLOGY,"SUSPENSION RECONSTITUTED",25
AMOXICILLIN,VETERINARIAN,"TABLET CHEW",24
AMOXICILLIN,PODIATRIST,"SUSPENSION RECONSTITUTED",23
AMOXICILLIN,"PEDIATRIC EMERGENCY MEDICINE (PEDIATRICS)",CAPSULE,23
AMOXICILLIN,PODIATRIST,TABLET,22
AMOXICILLIN,"GENERAL PREVENTIVE MEDICINE","SUSPENSION RECONSTITUTED",22
AMOXICILLIN,"PULMONARY CRITICAL CARE MEDICINE",TABLET,22
AMOXICILLIN,"ADVANCED REGISTERED NURSE","SUSPENSION RECONSTITUTED",22
AMOXICILLIN,"FACIAL PLASTIC SURGERY",CAPSULE,21
AMOXICILLIN,"RADIATION ONCOLOGY",CAPSULE,21
AMOXICILLIN,GYNECOLOGY,CAPSULE,21
AMOXICILLIN,OPHTHALMOLOGY,TABLET,21
AMOXICILLIN,"OCCUPATIONAL MEDICINE",CAPSULE,21
AMOXICILLIN,OPHTHALMOLOGY,"SUSPENSION RECONSTITUTED",21
AMOXICILLIN,"CHILD NEUROLOGY","SUSPENSION RECONSTITUTED",21
AMOXICILLIN,"CARDIOVASCULAR DISEASE","SUSPENSION RECONSTITUTED",21
AMOXICILLIN,"INTERNAL MEDICINE","TABLET CHEW",20
AMOXICILLIN,PSYCHIATRY,TABLET,20
AMOXICILLIN,"GENERAL PREVENTIVE MEDICINE",TABLET,19
AMOXICILLIN,HEMATOLOGY/ONCOLOGY,TABLET,19
AMOXICILLIN,"ORTHOPEDIC SURGERY","SUSPENSION RECONSTITUTED",19
AMOXICILLIN,"EMERGENCY MEDICINE","TABLET CHEW",19
AMOXICILLIN,"OCCUPATIONAL MEDICINE","SUSPENSION RECONSTITUTED",19
AMOXICILLIN,RHEUMATOLOGY,TABLET,18
AMOXICILLIN,DENTISTRY/PEDODONTICS,CAPSULE,18
AMOXICILLIN,"GERIATRIC MEDICINE (FAMILY MEDICINE)",TABLET,17
AMOXICILLIN,"ADULT RECONSTRUCTIVE ORTHOPEDICS",TABLET,17
AMOXICILLIN,NEUROLOGY,TABLET,17
AMOXICILLIN,"PULMONARY DISEASE","SUSPENSION RECONSTITUTED",16
AMOXICILLIN,"PEDIATRIC HEMATOLOGY/ONCOLOGY","TABLET CHEW",16
AMOXICILLIN,PSYCHIATRY,"SUSPENSION RECONSTITUTED",16
AMOXICILLIN,"PEDIATRIC HEMATOLOGY/ONCOLOGY",CAPSULE,16
AMOXICILLIN,"PEDIATRIC EMERGENCY MEDICINE (PEDIATRICS)",TABLET,16
AMOXICILLIN,"CHILD & ADOLESCENT PSYCHIATRY",CAPSULE,16
AMOXICILLIN,"GERIATRIC MEDICINE (INTERNAL MEDICINE)","SUSPENSION RECONSTITUTED",15
AMOXICILLIN,"PEDIATRIC EMERGENCY MEDICINE",TABLET,15
AMOXICILLIN,"REPRODUCTIVE ENDOCRINOLOGY & INFERTILITY",CAPSULE,15
AMOXICILLIN,"INFECTIOUS DISEASE","SUSPENSION RECONSTITUTED",15
AMOXICILLIN,OPTOMETRIST,"SUSPENSION RECONSTITUTED",15
AMOXICILLIN,"DIAGNOSTIC RADIOLOGY",TABLET,15
AMOXICILLIN,"PULMONARY CRITICAL CARE MEDICINE","SUSPENSION RECONSTITUTED",15
AMOXICILLIN,"NATUROPATHIC DOCTOR",CAPSULE,15
AMOXICILLIN,"CLINICAL CARDIAC ELECTROPHYSIOLOGY",CAPSULE,15
AMOXICILLIN,GASTROENTEROLOGY,"SUSPENSION RECONSTITUTED",14
AMOXICILLIN,"ANATOMIC/CLINICAL PATHOLOGY",CAPSULE,14
AMOXICILLIN,"SPORTS MEDICINE (ORTHOPEDIC SURGERY)",TABLET,14
AMOXICILLIN,"ADVANCED REGISTERED NURSE",CAPSULE,14
AMOXICILLIN,"PEDIATRIC CARDIOLOGY",TABLET,13
AMOXICILLIN,DENTISTRY/PROSTHODONTICS,CAPSULE,13
AMOXICILLIN,"ALLERGY & IMMUNOLOGY","TABLET CHEW",13
AMOXICILLIN,"MEDICAL ONCOLOGY",TABLET,13
AMOXICILLIN,"SPORTS MEDICINE (PEDIATRICS)","SUSPENSION RECONSTITUTED",13
AMOXICILLIN,"PLASTIC SURGERY",TABLET,12
AMOXICILLIN,"PEDIATRIC CARDIOLOGY","TABLET CHEW",12
AMOXICILLIN,,"TABLET CHEW",12
AMOXICILLIN,"VASCULAR SURGERY",CAPSULE,12
AMOXICILLIN,"THORACIC SURGERY",CAPSULE,12
AMOXICILLIN,DERMATOLOGY,"TABLET CHEW",12
AMOXICILLIN,"DIAGNOSTIC RADIOLOGY","SUSPENSION RECONSTITUTED",11
AMOXICILLIN,"PEDIATRIC HEMATOLOGY/ONCOLOGY",TABLET,11
AMOXICILLIN,"NEONATAL-PERINATAL MEDICINE",CAPSULE,11
AMOXICILLIN,"INTERNAL MEDICINE/FAMILY MEDICINE",CAPSULE,11
AMOXICILLIN,"CRITICAL CARE MEDICINE (INTERNAL MEDICINE)",CAPSULE,11
AMOXICILLIN,"INTERVENTIONAL CARDIOLOGY",TABLET,11
AMOXICILLIN,NEPHROLOGY,"SUSPENSION RECONSTITUTED",11
AMOXICILLIN,"PLASTIC SURGERY","SUSPENSION RECONSTITUTED",11
AMOXICILLIN,"PEDIATRIC NEPHROLOGY",CAPSULE,10
AMOXICILLIN,"HEAD & NECK SURGERY",CAPSULE,10
AMOXICILLIN,"INTERNAL MEDICINE/EMERGENCY MEDICINE","SUSPENSION RECONSTITUTED",10
AMOXICILLIN,"ENDOCRINOLOGY, DIABETES & METABOLISM",TABLET,9
AMOXICILLIN,OPTOMETRIST,TABLET,9
AMOXICILLIN,"PAIN MEDICINE (ANESTHESIOLOGY)",CAPSULE,9
AMOXICILLIN,NEUROLOGY,"SUSPENSION RECONSTITUTED",9
AMOXICILLIN,"PEDIATRICS/EMERGENCY MEDICINE","SUSPENSION RECONSTITUTED",9
AMOXICILLIN,"EMERGENCY MEDICAL SERVICES","SUSPENSION RECONSTITUTED",9
AMOXICILLIN,"MEDICAL ONCOLOGY","SUSPENSION RECONSTITUTED",9
AMOXICILLIN,"PUBLIC HEALTH & GENERAL PREVENTIVE MEDICINE","SUSPENSION RECONSTITUTED",9
AMOXICILLIN,"NATUROPATHIC DOCTOR","SUSPENSION RECONSTITUTED",8
AMOXICILLIN,PHARMACIST,CAPSULE,8
AMOXICILLIN,"ADVANCED REGISTERED NURSE",TABLET,8
AMOXICILLIN,"ORTHOPEDIC SURGERY OF THE SPINE",CAPSULE,8
AMOXICILLIN,"HEMATOLOGY (INTERNAL MEDICINE)",CAPSULE,8
AMOXICILLIN,"THORACIC SURGERY",TABLET,8
AMOXICILLIN,UNSPECIFIED,CAPSULE,8
AMOXICILLIN,"FACIAL PLASTIC SURGERY","SUSPENSION RECONSTITUTED",8
AMOXICILLIN,"PHARMACEUTICAL MEDICINE","SUSPENSION RECONSTITUTED",8
AMOXICILLIN,"NURSE MIDWIFE",TABLET,7
AMOXICILLIN,"FACIAL PLASTIC SURGERY",TABLET,7
AMOXICILLIN,"INTERNAL MEDICINE/PEDIATRICS","TABLET CHEW",7
AMOXICILLIN,"CHILD & ADOLESCENT PSYCHIATRY",TABLET,7
AMOXICILLIN,"SPORTS MEDICINE (EMERGENCY MEDICINE)","SUSPENSION RECONSTITUTED",7
AMOXICILLIN,"PEDIATRIC RHEUMATOLOGY","SUSPENSION RECONSTITUTED",7
AMOXICILLIN,"SPORTS MEDICINE (EMERGENCY MEDICINE)",TABLET,7
AMOXICILLIN,"RADIATION ONCOLOGY",TABLET,7
AMOXICILLIN,"PHYSICAL MEDICINE & REHABILITATION",TABLET,7
AMOXICILLIN,"PROCEDURAL DERMATOLOGY",CAPSULE,7
AMOXICILLIN,"CRANIOFACIAL SURGERY",CAPSULE,7
AMOXICILLIN,"INTERNAL MEDICINE/FAMILY MEDICINE","SUSPENSION RECONSTITUTED",7
AMOXICILLIN,"PHYSICAL MEDICINE & REHABILITATION","SUSPENSION RECONSTITUTED",7
AMOXICILLIN,UNSPECIFIED,"SUSPENSION RECONSTITUTED",7
AMOXICILLIN,DERMATOPATHOLOGY,CAPSULE,7
AMOXICILLIN,"HAND SURGERY",CAPSULE,6
AMOXICILLIN,"COLON & RECTAL SURGERY",CAPSULE,6
AMOXICILLIN,"PAIN MEDICINE",TABLET,6
AMOXICILLIN,GYNECOLOGY,TABLET,6
AMOXICILLIN,RADIOLOGY,CAPSULE,6
AMOXICILLIN,"PEDIATRIC CRITICAL CARE MEDICINE",TABLET,6
AMOXICILLIN,"HEAD & NECK SURGERY",TABLET,6
AMOXICILLIN,"HOSPICE & PALLIATIVE MEDICINE","SUSPENSION RECONSTITUTED",6
AMOXICILLIN,"SPORTS MEDICINE (ORTHOPEDIC SURGERY)","SUSPENSION RECONSTITUTED",6
AMOXICILLIN,"ADOLESCENT MEDICINE (PEDIATRICS)",TABLET,6
AMOXICILLIN,PHARMACIST,"SUSPENSION RECONSTITUTED",6
AMOXICILLIN,"PEDIATRICS/PSYCHIATRY/CHILD & ADOLESCENT PSYCHIATRY","SUSPENSION RECONSTITUTED",6
AMOXICILLIN,"NEONATAL-PERINATAL MEDICINE",TABLET,6
AMOXICILLIN,"CHILD NEUROLOGY",CAPSULE,6
AMOXICILLIN,"DEVELOPMENTAL/BEHAVIORAL PEDIATRICS","SUSPENSION RECONSTITUTED",6
AMOXICILLIN,DENTISTRY/ORTHODONTICS,CAPSULE,6
AMOXICILLIN,HEMATOLOGY/ONCOLOGY,"SUSPENSION RECONSTITUTED",6
AMOXICILLIN,"PEDIATRIC ALLERGY","SUSPENSION RECONSTITUTED",6
AMOXICILLIN,"ANATOMIC/CLINICAL PATHOLOGY","SUSPENSION RECONSTITUTED",6
AMOXICILLIN,"THORACIC SURGERY","SUSPENSION RECONSTITUTED",5
AMOXICILLIN,"PUBLIC HEALTH & GENERAL PREVENTIVE MEDICINE",CAPSULE,5
AMOXICILLIN,"NOT APPLICABLE",CAPSULE,5
AMOXICILLIN,"PAIN MEDICINE","SUSPENSION RECONSTITUTED",5
AMOXICILLIN,"HOSPICE & PALLIATIVE MEDICINE",CAPSULE,5
AMOXICILLIN,"GENERAL PRACTICE","TABLET CHEW",5
AMOXICILLIN,"PEDIATRIC EMERGENCY MEDICINE",CAPSULE,5
AMOXICILLIN,"ORTHOPEDIC TRAUMA",CAPSULE,5
AMOXICILLIN,"CHILD & ADOLESCENT PSYCHIATRY","SUSPENSION RECONSTITUTED",5
AMOXICILLIN,"PEDIATRIC ORTHOPEDICS",CAPSULE,5
AMOXICILLIN,"HOSPICE & PALLIATIVE MEDICINE",TABLET,5
AMOXICILLIN,"CRITICAL CARE MEDICINE (INTERNAL MEDICINE)","SUSPENSION RECONSTITUTED",5
AMOXICILLIN,"PEDIATRIC OTOLARYNGOLOGY",CAPSULE,5
AMOXICILLIN,"ADDICTION MEDICINE",CAPSULE,5
AMOXICILLIN,"DERMATOLOGIC SURGERY",CAPSULE,5
AMOXICILLIN,"ANATOMIC/CLINICAL PATHOLOGY",TABLET,5
AMOXICILLIN,"CLINICAL NURSE SPECIALIST",CAPSULE,5
AMOXICILLIN,"OBSTETRICS & GYNECOLOGY","TABLET CHEW",5
AMOXICILLIN,"MEDICAL GENETICS","SUSPENSION RECONSTITUTED",5
AMOXICILLIN,"VASCULAR & INTERVENTIONAL RADIOLOGY",CAPSULE,5
AMOXICILLIN,"PAIN MEDICINE (PHYSICAL MEDICINE & REHABILITATION)",CAPSULE,5
AMOXICILLIN,"MATERNAL & FETAL MEDICINE",CAPSULE,5
AMOXICILLIN,"MUSCULOSKELETAL ONCOLOGY",CAPSULE,5
AMOXICILLIN,"PEDIATRIC DERMATOLOGY",CAPSULE,5
AMOXICILLIN,"NEUROTOLOGY (OTOLARYNGOLOGY)",CAPSULE,4
AMOXICILLIN,"ORAL & MAXILLOFACIAL SURGERY","TABLET CHEW",4
AMOXICILLIN,"PEDIATRIC GASTROENTEROLOGY",TABLET,4
AMOXICILLIN,"ENDOCRINOLOGY, DIABETES & METABOLISM","SUSPENSION RECONSTITUTED",4
AMOXICILLIN,"PEDIATRIC NEPHROLOGY",TABLET,4
AMOXICILLIN,"SURGICAL ONCOLOGY",CAPSULE,4
AMOXICILLIN,"PEDIATRIC ENDOCRINOLOGY",CAPSULE,4
AMOXICILLIN,"ADDICTION MEDICINE",TABLET,4
AMOXICILLIN,"SELECTIVE PATHOLOGY","SUSPENSION RECONSTITUTED",4
AMOXICILLIN,"NUCLEAR MEDICINE","SUSPENSION RECONSTITUTED",4
AMOXICILLIN,GYNECOLOGY,"SUSPENSION RECONSTITUTED",4
AMOXICILLIN,"GENERAL SURGERY","TABLET CHEW",4
AMOXICILLIN,PHARMACIST,TABLET,4
AMOXICILLIN,HEPATOLOGY,CAPSULE,4
AMOXICILLIN,"VASCULAR SURGERY","SUSPENSION RECONSTITUTED",4
AMOXICILLIN,"INTERNAL MEDICINE/FAMILY MEDICINE",TABLET,4
AMOXICILLIN,"RADIATION ONCOLOGY","SUSPENSION RECONSTITUTED",4
AMOXICILLIN,"SURGICAL CRITICAL CARE (SURGERY)",CAPSULE,4
AMOXICILLIN,"SLEEP MEDICINE","SUSPENSION RECONSTITUTED",4
AMOXICILLIN,ALLERGY,CAPSULE,4
AMOXICILLIN,"HAND SURGERY (ORTHOPEDICS)",CAPSULE,4
AMOXICILLIN,"NEUROTOLOGY (OTOLARYNGOLOGY)","SUSPENSION RECONSTITUTED",4
AMOXICILLIN,PSYCHOLOGY,"SUSPENSION RECONSTITUTED",3
AMOXICILLIN,"INTERNAL MEDICINE/EMERGENCY MEDICINE",TABLET,3
AMOXICILLIN,"INTERVENTIONAL CARDIOLOGY","SUSPENSION RECONSTITUTED",3
AMOXICILLIN,"VASCULAR SURGERY",TABLET,3
AMOXICILLIN,"COLON & RECTAL SURGERY","SUSPENSION RECONSTITUTED",3
AMOXICILLIN,"HAND SURGERY",TABLET,3
AMOXICILLIN,"PLASTIC SURGERY WITHIN THE HEAD & NECK (OTOLARYNGOLOGY)",CAPSULE,3
AMOXICILLIN,UROLOGY,"TABLET CHEW",3
AMOXICILLIN,"INTERNAL MEDICINE/EMERGENCY MEDICINE",CAPSULE,3
AMOXICILLIN,"CERTIFIED NURSE ANESTHETIST",TABLET,3
AMOXICILLIN,"PEDIATRIC CRITICAL CARE MEDICINE",CAPSULE,3
AMOXICILLIN,"CARDIOVASCULAR SURGERY",CAPSULE,3
AMOXICILLIN,"TRANSPLANT SURGERY",CAPSULE,3
AMOXICILLIN,RHEUMATOLOGY,"SUSPENSION RECONSTITUTED",3
AMOXICILLIN,"PEDIATRIC SURGERY","SUSPENSION RECONSTITUTED",3
AMOXICILLIN,"CHILD NEUROLOGY",TABLET,3
AMOXICILLIN,"VASCULAR NEUROLOGY",CAPSULE,3
AMOXICILLIN,"CERTIFIED NURSE ANESTHETIST",CAPSULE,3
AMOXICILLIN,"CRITICAL CARE MEDICINE (NEUROLOGICAL SURGERY)",CAPSULE,3
AMOXICILLIN,OBSTETRICS,"SUSPENSION RECONSTITUTED",3
AMOXICILLIN,"SURGICAL CRITICAL CARE (SURGERY)","SUSPENSION RECONSTITUTED",3
AMOXICILLIN,"EMERGENCY MEDICAL SERVICES",CAPSULE,3
AMOXICILLIN,"ADOLESCENT MEDICINE (INTERNAL MEDICINE)","SUSPENSION RECONSTITUTED",3
AMOXICILLIN,"CERTIFIED NURSE ANESTHETIST","SUSPENSION RECONSTITUTED",3
AMOXICILLIN,"REGISTERED NURSE",TABLET,3
AMOXICILLIN,"PEDIATRIC ALLERGY",CAPSULE,2
AMOXICILLIN,"NEUROLOGICAL SURGERY",TABLET,2
AMOXICILLIN,"CARDIOVASCULAR DISEASE","TABLET CHEW",2
AMOXICILLIN,PHLEBOLOGY,CAPSULE,2
AMOXICILLIN,"NEURODEVELOPMENTAL DISABILITIES (PEDIATRICS)","SUSPENSION RECONSTITUTED",2
AMOXICILLIN,"PEDIATRIC INFECTIOUS DISEASE",TABLET,2
AMOXICILLIN,"PEDIATRIC UROLOGY",CAPSULE,2
AMOXICILLIN,GASTROENTEROLOGY,"TABLET CHEW",2
AMOXICILLIN,CHIROPRACTIC,TABLET,2
AMOXICILLIN,DERMATOPATHOLOGY,"SUSPENSION RECONSTITUTED",2
AMOXICILLIN,"NURSE MIDWIFE","SUSPENSION RECONSTITUTED",2
AMOXICILLIN,"CLINICAL PATHOLOGY",CAPSULE,2
AMOXICILLIN,"PULMONARY DISEASE","TABLET CHEW",2
AMOXICILLIN,"CLINICAL NEUROPHYSIOLOGY","SUSPENSION RECONSTITUTED",2
AMOXICILLIN,"SURGICAL ONCOLOGY","SUSPENSION RECONSTITUTED",2
AMOXICILLIN,DENTIST,"TABLET SR 24 HR",2
AMOXICILLIN,"DENTAL HYGIENIST",CAPSULE,2
AMOXICILLIN,OTOLARYNGOLOGY,"TABLET CHEW",2
AMOXICILLIN,"SPORTS MEDICINE (PHYSICAL MEDICINE & REHABILITATION)",CAPSULE,2
AMOXICILLIN,"OSTEOPATHIC MANIPULATIVE MEDICINE","SUSPENSION RECONSTITUTED",2
AMOXICILLIN,"PEDIATRIC ENDOCRINOLOGY",TABLET,2
AMOXICILLIN,IMMUNOLOGY,"SUSPENSION RECONSTITUTED",2
AMOXICILLIN,"REGISTERED NURSE",CAPSULE,2
AMOXICILLIN,"PUBLIC HEALTH & GENERAL PREVENTIVE MEDICINE",TABLET,2
AMOXICILLIN,"LICENSED PRACTICAL NURSE",CAPSULE,2
AMOXICILLIN,"PEDIATRIC RHEUMATOLOGY",CAPSULE,2
AMOXICILLIN,"PEDIATRIC OTOLARYNGOLOGY",TABLET,2
AMOXICILLIN,"PEDIATRIC INFECTIOUS DISEASE",CAPSULE,2
AMOXICILLIN,"SLEEP MEDICINE",CAPSULE,2
AMOXICILLIN,"UNDERSEAS MEDICINE (PREVENTIVE MEDICINE)",CAPSULE,2
AMOXICILLIN,DENTISTRY/ORTHODONTICS,TABLET,2
AMOXICILLIN,"CLINICAL CARDIAC ELECTROPHYSIOLOGY",TABLET,2
AMOXICILLIN,ALLERGY,TABLET,2
AMOXICILLIN,"PEDIATRIC REHABILITATION MEDICINE",CAPSULE,2
AMOXICILLIN,"PEDIATRIC PULMONOLOGY",CAPSULE,2
AMOXICILLIN,OPTOMETRIST,"TABLET CHEW",2
AMOXICILLIN,"UNDERSEAS MEDICINE (EMERGENCY MEDICINE)","SUSPENSION RECONSTITUTED",2
AMOXICILLIN,"HEMATOLOGY (INTERNAL MEDICINE)",TABLET,2
AMOXICILLIN,PSYCHOLOGY,CAPSULE,2
AMOXICILLIN,PSYCHOLOGY,TABLET,2
AMOXICILLIN,"NEUROTOLOGY (OTOLARYNGOLOGY)",TABLET,2
AMOXICILLIN,"VASCULAR & INTERVENTIONAL RADIOLOGY",TABLET,2
AMOXICILLIN,"CLINICAL INFORMATICS (PEDIATRICS)","SUSPENSION RECONSTITUTED",2
AMOXICILLIN,NEURORADIOLOGY,CAPSULE,2
AMOXICILLIN,"ADOLESCENT MEDICINE (PEDIATRICS)",CAPSULE,2
AMOXICILLIN,"NUCLEAR MEDICINE",CAPSULE,2
AMOXICILLIN,"GYNECOLOGICAL ONCOLOGY",CAPSULE,2
AMOXICILLIN,DENTISTRY/ENDODONTICS,"SUSPENSION RECONSTITUTED",2
AMOXICILLIN,CHIROPRACTIC,"SUSPENSION RECONSTITUTED",2
AMOXICILLIN,"MEDICAL MANAGEMENT",CAPSULE,2
AMOXICILLIN,DENTISTRY/PEDODONTICS,TABLET,2
AMOXICILLIN,"SPORTS MEDICINE (PEDIATRICS)",CAPSULE,2
AMOXICILLIN,"MEDICAL TOXICOLOGY (EMERGENCY MEDICINE)","SUSPENSION RECONSTITUTED",2
AMOXICILLIN,IMMUNOLOGY,CAPSULE,2
AMOXICILLIN,"PEDIATRIC PULMONOLOGY","TABLET CHEW",2
AMOXICILLIN,PSYCHIATRY/NEUROLOGY,CAPSULE,2
AMOXICILLIN,"CHILD ABUSE PEDIATRICS","SUSPENSION RECONSTITUTED",2
AMOXICILLIN,PODIATRIST,"TABLET CHEW",2
AMOXICILLIN,DENTISTRY/PROSTHODONTICS,TABLET,2
AMOXICILLIN,"CRITICAL CARE MEDICINE (INTERNAL MEDICINE)",TABLET,2
AMOXICILLIN,"VASCULAR & INTERVENTIONAL RADIOLOGY","SUSPENSION RECONSTITUTED",2
AMOXICILLIN,"FEMALE PELVIC MEDICINE & RECONSTRUCTIVE SURGERY",CAPSULE,2
AMOXICILLIN,"OSTEOPATHIC MANIPULATIVE MEDICINE",TABLET,2
AMOXICILLIN,"CLINICAL NURSE SPECIALIST","SUSPENSION RECONSTITUTED",2
AMOXICILLIN,"NUCLEAR MEDICINE",TABLET,2
AMOXICILLIN,"UNDERSEAS MEDICINE (EMERGENCY MEDICINE)",TABLET,1
AMOXICILLIN,"ADDICTION PSYCHIATRY",CAPSULE,1
AMOXICILLIN,"COMMUNITY HEALTH ADVOCATE",CAPSULE,1
AMOXICILLIN,"GYNECOLOGICAL ONCOLOGY","SUSPENSION RECONSTITUTED",1
AMOXICILLIN,"DERMATOLOGIC SURGERY","SUSPENSION RECONSTITUTED",1
AMOXICILLIN,"MOLECULAR GENETIC PATHOLOGY (PATHOLOGY)",CAPSULE,1
AMOXICILLIN,"OCCUPATIONAL MEDICINE","TABLET CHEW",1
AMOXICILLIN,"TRANSPLANT HEPATOLOGY (INTERNAL MEDICINE)",TABLET,1
AMOXICILLIN,"SPORTS MEDICINE (INTERNAL MEDICINE)",TABLET,1
AMOXICILLIN,"PLASTIC SURGERY WITHIN THE HEAD & NECK (OTOLARYNGOLOGY)","SUSPENSION RECONSTITUTED",1
AMOXICILLIN,"GERIATRIC MEDICINE (INTERNAL MEDICINE)","TABLET CHEW",1
AMOXICILLIN,"PLASTIC SURGERY WITHIN THE HEAD & NECK",CAPSULE,1
AMOXICILLIN,SPECIALIST/TECHNOLOGIST/TECHNICIAN-OTHER,"SUSPENSION RECONSTITUTED",1
AMOXICILLIN,"EMERGENCY MEDICAL SERVICES",TABLET,1
AMOXICILLIN,"CARDIOTHORACIC SURGERY",CAPSULE,1
AMOXICILLIN,"SLEEP MEDICINE",TABLET,1
AMOXICILLIN,"HAND SURGERY (ORTHOPEDICS)",TABLET,1
AMOXICILLIN,"CRANIOFACIAL SURGERY","SUSPENSION RECONSTITUTED",1
AMOXICILLIN,"PAIN MEDICINE (ANESTHESIOLOGY)","SUSPENSION RECONSTITUTED",1
AMOXICILLIN,"BEHAVIORAL HEALTH & SOCIAL SERVICES","SUSPENSION RECONSTITUTED",1
AMOXICILLIN,"COLON & RECTAL SURGERY",TABLET,1
AMOXICILLIN,IMMUNOLOGY,TABLET,1
AMOXICILLIN,RADIOLOGY,TABLET,1
AMOXICILLIN,"SPORTS MEDICINE (PEDIATRICS)",TABLET,1
AMOXICILLIN,"NEUROLOGICAL SURGERY","TABLET CHEW",1
AMOXICILLIN,"NATUROPATHIC DOCTOR",TABLET,1
AMOXICILLIN,"PEDIATRIC ANESTHESIOLOGY",CAPSULE,1
AMOXICILLIN,"BLOOD BANKING/TRANSFUSION MEDICINE",CAPSULE,1
AMOXICILLIN,"HEMATOLOGY (INTERNAL MEDICINE)","SUSPENSION RECONSTITUTED",1
AMOXICILLIN,"PAIN MEDICINE (NEUROLOGY)",CAPSULE,1
AMOXICILLIN,"NEUROLOGICAL SURGERY","SUSPENSION RECONSTITUTED",1
AMOXICILLIN,"ADVANCED HEART FAILURE & TRANSPLANT CARDIOLOGY",CAPSULE,1
AMOXICILLIN,"INTERVENTIONAL RADIOLOGY-INTEGRATED",CAPSULE,1
AMOXICILLIN,PHLEBOLOGY,TABLET,1
AMOXICILLIN,"CLINICAL NEUROPHYSIOLOGY",CAPSULE,1
AMOXICILLIN,"MEDICAL TOXICOLOGY (PREVENTIVE MEDICINE)",CAPSULE,1
AMOXICILLIN,"CARDIOTHORACIC SURGERY","SUSPENSION RECONSTITUTED",1
AMOXICILLIN,"ORTHOPEDIC TRAUMA",TABLET,1
AMOXICILLIN,"ADVANCED HEART FAILURE & TRANSPLANT CARDIOLOGY",TABLET,1
AMOXICILLIN,"AEROSPACE MEDICINE",TABLET,1
AMOXICILLIN,"ADULT RECONSTRUCTIVE ORTHOPEDICS","SUSPENSION RECONSTITUTED",1
AMOXICILLIN,"ADDICTION MEDICINE","SUSPENSION RECONSTITUTED",1
AMOXICILLIN,"MEDICAL MANAGEMENT",TABLET,1
AMOXICILLIN,"ADULT CONGENITAL HEART DISEASE (INTERNAL MEDICINE)",CAPSULE,1
AMOXICILLIN,"PHARMACEUTICAL MEDICINE",CAPSULE,1
AMOXICILLIN,"VASCULAR NEUROLOGY",TABLET,1
AMOXICILLIN,"CRITICAL CARE MEDICINE (ANESTHESIOLOGY)",TABLET,1
AMOXICILLIN,"SPORTS MEDICINE (INTERNAL MEDICINE)",CAPSULE,1
AMOXICILLIN,"TRANSITIONAL YEAR",CAPSULE,1
AMOXICILLIN,"FORENSIC PATHOLOGY",CAPSULE,1
AMOXICILLIN,"MEDICAL TOXICOLOGY (EMERGENCY MEDICINE)",CAPSULE,1
AMOXICILLIN,DERMATOPATHOLOGY,TABLET,1
AMOXICILLIN,CYTOPATHOLOGY,CAPSULE,1
AMOXICILLIN,"ADULT CARDIOTHORACIC ANESTHESIOLOGY",CAPSULE,1
AMOXICILLIN,"PEDIATRIC ORTHOPEDICS","SUSPENSION RECONSTITUTED",1
AMOXICILLIN,"TRANSPLANT HEPATOLOGY (INTERNAL MEDICINE)",CAPSULE,1
AMOXICILLIN,"VASCULAR MEDICINE",CAPSULE,1
AMOXICILLIN,"CLINICAL NURSE SPECIALIST",TABLET,1
AMOXICILLIN,"HEMATOLOGY (PATHOLOGY)",CAPSULE,1
AMOXICILLIN,"OSTEOPATHIC MANIPULATIVE MEDICINE",CAPSULE,1
AMOXICILLIN,"MEDICAL GENETICS",CAPSULE,1
AMOXICILLIN,"TRAUMA SURGERY","SUSPENSION RECONSTITUTED",1
AMOXICILLIN,"PEDIATRIC OPHTHALMOLOGY",CAPSULE,1
AMOXICILLIN,"NUCLEAR CARDIOLOGY",CAPSULE,1
AMOXICILLIN,"NEUROMUSCULAR MEDICINE (NEUROLOGY)",CAPSULE,1
AMOXICILLIN,"PEDIATRICS/PSYCHIATRY/CHILD & ADOLESCENT PSYCHIATRY",CAPSULE,1
AMOXICILLIN,"PEDIATRIC SURGERY",CAPSULE,1
AMOXICILLIN,"PEDIATRIC RHEUMATOLOGY","TABLET CHEW",1
AMOXICILLIN,"PEDIATRIC ORTHOPEDICS",TABLET,1
AMOXICILLIN,ALLERGY,"SUSPENSION RECONSTITUTED",1
AMOXICILLIN,"MEDICAL GENETICS",TABLET,1
AMOXICILLIN,"PEDIATRIC ANESTHESIOLOGY","SUSPENSION RECONSTITUTED",1
AMOXICILLIN,"PEDIATRIC HOSPITAL MEDICINE (PEDIATRICS)","SUSPENSION RECONSTITUTED",1
AMOXICILLIN,"CLINICAL CARDIAC ELECTROPHYSIOLOGY","SUSPENSION RECONSTITUTED",1
AMOXICILLIN,"DEVELOPMENTAL/BEHAVIORAL PEDIATRICS",TABLET,1
AMOXICILLIN,"PEDIATRIC UROLOGY",TABLET,1
AMOXICILLIN,"MEDICAL MICROBIOLOGY",TABLET,1
AMOXICILLIN,CHIROPRACTIC,CAPSULE,1
AMOXICILLIN,DENTISTRY/ANESTHESIOLOGY,CAPSULE,1
AMOXICILLIN,"UNDERSEAS MEDICINE (EMERGENCY MEDICINE)",CAPSULE,1
AMOXICILLIN,"PAIN MEDICINE (PHYSICAL MEDICINE & REHABILITATION)","SUSPENSION RECONSTITUTED",1
AMOXICILLIN,"TRAUMA SURGERY",CAPSULE,1
AMOXICILLIN,"PEDIATRICS/EMERGENCY MEDICINE",CAPSULE,1
AMOXICILLIN,"PALLIATIVE MEDICINE",TABLET,1
AMOXICILLIN,OBSTETRICS,TABLET,1
AMOXICILLIN,"PHYSICAL MEDICINE & REHABILITATION","TABLET CHEW",1
AMOXICILLIN,"PEDIATRIC DERMATOLOGY","SUSPENSION RECONSTITUTED",1
AMOXICILLIN,"SPORTS MEDICINE (EMERGENCY MEDICINE)",CAPSULE,1
AMOXICILLIN,"HAND SURGERY (ORTHOPEDICS)","SUSPENSION RECONSTITUTED",1
AMOXICILLIN,"BEHAVIORAL HEALTH & SOCIAL SERVICES",CAPSULE,1
AMOXICILLIN,"NEUROMUSCULAR MEDICINE (PHYSICAL MEDICINE & REHABILITATION)",CAPSULE,1
AMOXICILLIN,DIABETES,TABLET,1
AMOXICILLIN,"PAIN MEDICINE (ANESTHESIOLOGY)",TABLET,1
AMOXICILLIN,"CRITICAL CARE MEDICINE (ANESTHESIOLOGY)",CAPSULE,1
AMOXICILLIN,"PEDIATRIC RHEUMATOLOGY",TABLET,1
AMOXICILLIN,"HAND SURGERY (SURGERY)",CAPSULE,1
AMOXICILLIN,ANESTHESIOLOGY,"TABLET CHEW",1
AMOXICILLIN,"PEDIATRIC ALLERGY",TABLET,1
AMOXICILLIN,"OTHER SPECIALTY",CAPSULE,1
AMOXICILLIN,DERMATOPATHOLOGY,"TABLET CHEW",1
AMOXICILLIN,"CLINICAL SOCIAL WORKER",CAPSULE,1
AMOXICILLIN,RADIOLOGY,"SUSPENSION RECONSTITUTED",1
AMOXICILLIN,"MATERNAL & FETAL MEDICINE",TABLET,1
AMOXICILLIN,DENTISTRY/ORTHODONTICS,"SUSPENSION RECONSTITUTED",1
AMOXICILLIN,"PHYSICAL THERAPY",TABLET,1
AMOXICILLIN,"FORENSIC PATHOLOGY","SUSPENSION RECONSTITUTED",1
AMOXICILLIN,"ADOLESCENT MEDICINE (INTERNAL MEDICINE)",TABLET,1
AMOXICILLIN,"PALLIATIVE MEDICINE","SUSPENSION RECONSTITUTED",1
AMOXICILLIN,"MEDICAL TOXICOLOGY (PREVENTIVE MEDICINE)","TABLET CHEW",1
AMOXICILLIN,"PHARMACY TECHNICIAN",CAPSULE,1
AMOXICILLIN,"HAND SURGERY (PLASTIC SURGERY)",TABLET,1
AMOXICILLIN,"REPRODUCTIVE ENDOCRINOLOGY & INFERTILITY","SUSPENSION RECONSTITUTED",1
AMOXICILLIN,"LEGAL MEDICINE",CAPSULE,1
AMOXICILLIN,"PEDIATRIC OPHTHALMOLOGY","SUSPENSION RECONSTITUTED",1
"AMOXICILLIN & POT CLAVULANATE","NURSE PRACTITIONER",TABLET,22046
"AMOXICILLIN & POT CLAVULANATE","FAMILY MEDICINE",TABLET,18199
"AMOXICILLIN & POT CLAVULANATE","PHYSICIAN ASSISTANT",TABLET,12521
"AMOXICILLIN & POT CLAVULANATE","INTERNAL MEDICINE",TABLET,10773
"AMOXICILLIN & POT CLAVULANATE",PEDIATRICS,"SUSPENSION RECONSTITUTED",6698
"AMOXICILLIN & POT CLAVULANATE","EMERGENCY MEDICINE",TABLET,4252
"AMOXICILLIN & POT CLAVULANATE",DENTIST,TABLET,3463
"AMOXICILLIN & POT CLAVULANATE","NURSE PRACTITIONER","SUSPENSION RECONSTITUTED",3107
"AMOXICILLIN & POT CLAVULANATE",OTOLARYNGOLOGY,TABLET,2373
"AMOXICILLIN & POT CLAVULANATE",PEDIATRICS,TABLET,2226
"AMOXICILLIN & POT CLAVULANATE","PHYSICIAN ASSISTANT","SUSPENSION RECONSTITUTED",1286
"AMOXICILLIN & POT CLAVULANATE","GENERAL SURGERY",TABLET,957
"AMOXICILLIN & POT CLAVULANATE","FAMILY MEDICINE","SUSPENSION RECONSTITUTED",942
"AMOXICILLIN & POT CLAVULANATE",PODIATRIST,TABLET,941
"AMOXICILLIN & POT CLAVULANATE","GENERAL PRACTICE",TABLET,902
"AMOXICILLIN & POT CLAVULANATE",,TABLET,862
"AMOXICILLIN & POT CLAVULANATE","OBSTETRICS & GYNECOLOGY",TABLET,761
"AMOXICILLIN & POT CLAVULANATE","ORAL & MAXILLOFACIAL SURGERY",TABLET,689
"AMOXICILLIN & POT CLAVULANATE",UROLOGY,TABLET,654
"AMOXICILLIN & POT CLAVULANATE",HOSPITALIST,TABLET,541
"AMOXICILLIN & POT CLAVULANATE","EMERGENCY MEDICINE","SUSPENSION RECONSTITUTED",461
"AMOXICILLIN & POT CLAVULANATE","PULMONARY DISEASE",TABLET,456
"AMOXICILLIN & POT CLAVULANATE","ALLERGY & IMMUNOLOGY",TABLET,445
"AMOXICILLIN & POT CLAVULANATE","INFECTIOUS DISEASE",TABLET,429
"AMOXICILLIN & POT CLAVULANATE","INTERNAL MEDICINE/PEDIATRICS",TABLET,415
"AMOXICILLIN & POT CLAVULANATE",GASTROENTEROLOGY,TABLET,308
"AMOXICILLIN & POT CLAVULANATE",OTOLARYNGOLOGY,"SUSPENSION RECONSTITUTED",290
"AMOXICILLIN & POT CLAVULANATE","PULMONARY CRITICAL CARE MEDICINE",TABLET,286
"AMOXICILLIN & POT CLAVULANATE","CARDIOVASCULAR DISEASE",TABLET,281
"AMOXICILLIN & POT CLAVULANATE",HEMATOLOGY/ONCOLOGY,TABLET,263
"AMOXICILLIN & POT CLAVULANATE","INTERNAL MEDICINE","SUSPENSION RECONSTITUTED",259
"AMOXICILLIN & POT CLAVULANATE",OPTOMETRIST,TABLET,246
"AMOXICILLIN & POT CLAVULANATE",NEPHROLOGY,TABLET,234
"AMOXICILLIN & POT CLAVULANATE",VETERINARIAN,TABLET,216
"AMOXICILLIN & POT CLAVULANATE","ORTHOPEDIC SURGERY",TABLET,213
"AMOXICILLIN & POT CLAVULANATE","GERIATRIC MEDICINE (INTERNAL MEDICINE)",TABLET,208
"AMOXICILLIN & POT CLAVULANATE","PLASTIC SURGERY",TABLET,198
"AMOXICILLIN & POT CLAVULANATE",OPHTHALMOLOGY,TABLET,187
"AMOXICILLIN & POT CLAVULANATE","SPORTS MEDICINE (FAMILY MEDICINE)",TABLET,156
"AMOXICILLIN & POT CLAVULANATE",DERMATOLOGY,TABLET,150
"AMOXICILLIN & POT CLAVULANATE","STUDENT, HEALTH CARE",TABLET,118
"AMOXICILLIN & POT CLAVULANATE","COLON & RECTAL SURGERY",TABLET,109
"AMOXICILLIN & POT CLAVULANATE",,"SUSPENSION RECONSTITUTED",109
"AMOXICILLIN & POT CLAVULANATE",RHEUMATOLOGY,TABLET,105
"AMOXICILLIN & POT CLAVULANATE",ANESTHESIOLOGY,TABLET,95
"AMOXICILLIN & POT CLAVULANATE","PEDIATRIC EMERGENCY MEDICINE (PEDIATRICS)","SUSPENSION RECONSTITUTED",85
"AMOXICILLIN & POT CLAVULANATE","GERIATRIC MEDICINE (FAMILY MEDICINE)",TABLET,76
"AMOXICILLIN & POT CLAVULANATE",PSYCHIATRY,TABLET,74
"AMOXICILLIN & POT CLAVULANATE","ENDOCRINOLOGY, DIABETES & METABOLISM",TABLET,71
"AMOXICILLIN & POT CLAVULANATE","ALLERGY & IMMUNOLOGY","SUSPENSION RECONSTITUTED",70
"AMOXICILLIN & POT CLAVULANATE","FAMILY MEDICINE","TABLET SR 12 HR",68
"AMOXICILLIN & POT CLAVULANATE","GENERAL PRACTICE","SUSPENSION RECONSTITUTED",66
"AMOXICILLIN & POT CLAVULANATE","INTERNAL MEDICINE/PEDIATRICS","SUSPENSION RECONSTITUTED",66
"AMOXICILLIN & POT CLAVULANATE",DENTIST,"SUSPENSION RECONSTITUTED",63
"AMOXICILLIN & POT CLAVULANATE","VASCULAR SURGERY",TABLET,61
"AMOXICILLIN & POT CLAVULANATE","OCCUPATIONAL MEDICINE",TABLET,60
"AMOXICILLIN & POT CLAVULANATE","GENERAL SURGERY","SUSPENSION RECONSTITUTED",59
"AMOXICILLIN & POT CLAVULANATE","PHYSICAL MEDICINE & REHABILITATION",TABLET,51
"AMOXICILLIN & POT CLAVULANATE","GENERAL PREVENTIVE MEDICINE",TABLET,51
"AMOXICILLIN & POT CLAVULANATE",NEUROLOGY,TABLET,50
"AMOXICILLIN & POT CLAVULANATE","NURSE PRACTITIONER","TABLET SR 12 HR",48
"AMOXICILLIN & POT CLAVULANATE","MEDICAL ONCOLOGY",TABLET,47
"AMOXICILLIN & POT CLAVULANATE","FACIAL PLASTIC SURGERY",TABLET,45
"AMOXICILLIN & POT CLAVULANATE",DENTISTRY/ENDODONTICS,TABLET,40
"AMOXICILLIN & POT CLAVULANATE","PEDIATRIC PULMONOLOGY","SUSPENSION RECONSTITUTED",39
"AMOXICILLIN & POT CLAVULANATE","PEDIATRIC EMERGENCY MEDICINE (PEDIATRICS)",TABLET,37
"AMOXICILLIN & POT CLAVULANATE",GYNECOLOGY,TABLET,36
"AMOXICILLIN & POT CLAVULANATE","INTERNAL MEDICINE","TABLET SR 12 HR",35
"AMOXICILLIN & POT CLAVULANATE","NATUROPATHIC DOCTOR",TABLET,34
"AMOXICILLIN & POT CLAVULANATE",VETERINARIAN,"SUSPENSION RECONSTITUTED",33
"AMOXICILLIN & POT CLAVULANATE",PEDIATRICS,"TABLET CHEW",32
"AMOXICILLIN & POT CLAVULANATE","DIAGNOSTIC RADIOLOGY",TABLET,28
"AMOXICILLIN & POT CLAVULANATE","PEDIATRIC EMERGENCY MEDICINE","SUSPENSION RECONSTITUTED",28
"AMOXICILLIN & POT CLAVULANATE","ADVANCED REGISTERED NURSE",TABLET,28
"AMOXICILLIN & POT CLAVULANATE","PEDIATRIC OTOLARYNGOLOGY","SUSPENSION RECONSTITUTED",27
"AMOXICILLIN & POT CLAVULANATE","CRITICAL CARE MEDICINE (INTERNAL MEDICINE)",TABLET,25
"AMOXICILLIN & POT CLAVULANATE","INTERNAL MEDICINE/FAMILY MEDICINE",TABLET,25
"AMOXICILLIN & POT CLAVULANATE","HAND SURGERY",TABLET,24
"AMOXICILLIN & POT CLAVULANATE","HOSPICE & PALLIATIVE MEDICINE",TABLET,24
"AMOXICILLIN & POT CLAVULANATE","SPORTS MEDICINE (ORTHOPEDIC SURGERY)",TABLET,23
"AMOXICILLIN & POT CLAVULANATE","THORACIC SURGERY",TABLET,23
"AMOXICILLIN & POT CLAVULANATE","PEDIATRIC PULMONOLOGY",TABLET,23
"AMOXICILLIN & POT CLAVULANATE",PEDIATRICS,"TABLET SR 12 HR",23
"AMOXICILLIN & POT CLAVULANATE","RADIATION ONCOLOGY",TABLET,22
"AMOXICILLIN & POT CLAVULANATE","NURSE PRACTITIONER","TABLET CHEW",22
"AMOXICILLIN & POT CLAVULANATE","PHYSICIAN ASSISTANT","TABLET SR 12 HR",22
"AMOXICILLIN & POT CLAVULANATE","INTERVENTIONAL CARDIOLOGY",TABLET,22
"AMOXICILLIN & POT CLAVULANATE",DENTISTRY/PERIODONTICS,TABLET,22
"AMOXICILLIN & POT CLAVULANATE","STUDENT, HEALTH CARE","SUSPENSION RECONSTITUTED",22
"AMOXICILLIN & POT CLAVULANATE","NEUROLOGICAL SURGERY",TABLET,22
"AMOXICILLIN & POT CLAVULANATE",ALLERGY,TABLET,21
"AMOXICILLIN & POT CLAVULANATE","NEUROTOLOGY (OTOLARYNGOLOGY)",TABLET,20
"AMOXICILLIN & POT CLAVULANATE","PEDIATRIC OTOLARYNGOLOGY",TABLET,20
"AMOXICILLIN & POT CLAVULANATE","NURSE MIDWIFE",TABLET,19
"AMOXICILLIN & POT CLAVULANATE","PEDIATRIC GASTROENTEROLOGY","SUSPENSION RECONSTITUTED",18
"AMOXICILLIN & POT CLAVULANATE","HAND SURGERY (ORTHOPEDICS)",TABLET,18
"AMOXICILLIN & POT CLAVULANATE","ADOLESCENT MEDICINE (PEDIATRICS)",TABLET,18
"AMOXICILLIN & POT CLAVULANATE","PAIN MEDICINE",TABLET,18
"AMOXICILLIN & POT CLAVULANATE","SURGICAL CRITICAL CARE (SURGERY)",TABLET,18
"AMOXICILLIN & POT CLAVULANATE",HOSPITALIST,"SUSPENSION RECONSTITUTED",18
"AMOXICILLIN & POT CLAVULANATE","PEDIATRIC CRITICAL CARE MEDICINE","SUSPENSION RECONSTITUTED",17
"AMOXICILLIN & POT CLAVULANATE","HEAD & NECK SURGERY",TABLET,17
"AMOXICILLIN & POT CLAVULANATE","INTERNAL MEDICINE/EMERGENCY MEDICINE",TABLET,16
"AMOXICILLIN & POT CLAVULANATE","NUCLEAR MEDICINE",TABLET,16
"AMOXICILLIN & POT CLAVULANATE","PEDIATRIC INFECTIOUS DISEASE","SUSPENSION RECONSTITUTED",15
"AMOXICILLIN & POT CLAVULANATE","REPRODUCTIVE ENDOCRINOLOGY & INFERTILITY",TABLET,15
"AMOXICILLIN & POT CLAVULANATE",UROLOGY,"SUSPENSION RECONSTITUTED",15
"AMOXICILLIN & POT CLAVULANATE","SPORTS MEDICINE (EMERGENCY MEDICINE)",TABLET,14
"AMOXICILLIN & POT CLAVULANATE","ANATOMIC/CLINICAL PATHOLOGY",TABLET,14
"AMOXICILLIN & POT CLAVULANATE","EMERGENCY MEDICINE","TABLET SR 12 HR",14
"AMOXICILLIN & POT CLAVULANATE","NEONATAL-PERINATAL MEDICINE",TABLET,14
"AMOXICILLIN & POT CLAVULANATE","NEONATAL-PERINATAL MEDICINE","SUSPENSION RECONSTITUTED",14
"AMOXICILLIN & POT CLAVULANATE",NEPHROLOGY,"SUSPENSION RECONSTITUTED",13
"AMOXICILLIN & POT CLAVULANATE",OPHTHALMOLOGY,"SUSPENSION RECONSTITUTED",13
"AMOXICILLIN & POT CLAVULANATE","CLINICAL NURSE SPECIALIST",TABLET,12
"AMOXICILLIN & POT CLAVULANATE",UNSPECIFIED,TABLET,12
"AMOXICILLIN & POT CLAVULANATE","SLEEP MEDICINE",TABLET,12
"AMOXICILLIN & POT CLAVULANATE",OPTOMETRIST,"SUSPENSION RECONSTITUTED",12
"AMOXICILLIN & POT CLAVULANATE","CHILD & ADOLESCENT PSYCHIATRY",TABLET,12
"AMOXICILLIN & POT CLAVULANATE","PULMONARY CRITICAL CARE MEDICINE","SUSPENSION RECONSTITUTED",11
"AMOXICILLIN & POT CLAVULANATE","OBSTETRICS & GYNECOLOGY","SUSPENSION RECONSTITUTED",11
"AMOXICILLIN & POT CLAVULANATE","CLINICAL CARDIAC ELECTROPHYSIOLOGY",TABLET,10
"AMOXICILLIN & POT CLAVULANATE",GASTROENTEROLOGY,"SUSPENSION RECONSTITUTED",10
"AMOXICILLIN & POT CLAVULANATE","ORAL & MAXILLOFACIAL SURGERY","SUSPENSION RECONSTITUTED",10
"AMOXICILLIN & POT CLAVULANATE","ORTHOPEDIC SURGERY","SUSPENSION RECONSTITUTED",10
"AMOXICILLIN & POT CLAVULANATE","PEDIATRIC HEMATOLOGY/ONCOLOGY","SUSPENSION RECONSTITUTED",10
"AMOXICILLIN & POT CLAVULANATE","ALLERGY & IMMUNOLOGY","TABLET SR 12 HR",10
"AMOXICILLIN & POT CLAVULANATE","INFECTIOUS DISEASE","SUSPENSION RECONSTITUTED",10
"AMOXICILLIN & POT CLAVULANATE","PAIN MEDICINE (ANESTHESIOLOGY)",TABLET,10
"AMOXICILLIN & POT CLAVULANATE","ADOLESCENT MEDICINE (PEDIATRICS)","SUSPENSION RECONSTITUTED",10
"AMOXICILLIN & POT CLAVULANATE","PEDIATRIC CRITICAL CARE MEDICINE",TABLET,10
"AMOXICILLIN & POT CLAVULANATE","EMERGENCY MEDICAL SERVICES",TABLET,9
"AMOXICILLIN & POT CLAVULANATE","ORTHOPEDIC SURGERY OF THE SPINE",TABLET,9
"AMOXICILLIN & POT CLAVULANATE",PODIATRIST,"SUSPENSION RECONSTITUTED",9
"AMOXICILLIN & POT CLAVULANATE","PEDIATRIC INFECTIOUS DISEASE",TABLET,9
"AMOXICILLIN & POT CLAVULANATE","PEDIATRIC EMERGENCY MEDICINE",TABLET,9
"AMOXICILLIN & POT CLAVULANATE","PEDIATRIC HEMATOLOGY/ONCOLOGY",TABLET,9
"AMOXICILLIN & POT CLAVULANATE",HEMATOLOGY/ONCOLOGY,"SUSPENSION RECONSTITUTED",8
"AMOXICILLIN & POT CLAVULANATE","PUBLIC HEALTH & GENERAL PREVENTIVE MEDICINE",TABLET,8
"AMOXICILLIN & POT CLAVULANATE",PHARMACIST,TABLET,8
"AMOXICILLIN & POT CLAVULANATE","PEDIATRIC NEPHROLOGY","SUSPENSION RECONSTITUTED",8
"AMOXICILLIN & POT CLAVULANATE","PLASTIC SURGERY WITHIN THE HEAD & NECK (OTOLARYNGOLOGY)",TABLET,8
"AMOXICILLIN & POT CLAVULANATE",DERMATOLOGY,"SUSPENSION RECONSTITUTED",7
"AMOXICILLIN & POT CLAVULANATE",,"TABLET SR 12 HR",7
"AMOXICILLIN & POT CLAVULANATE",NEUROLOGY,"SUSPENSION RECONSTITUTED",7
"AMOXICILLIN & POT CLAVULANATE","FAMILY MEDICINE","TABLET CHEW",7
"AMOXICILLIN & POT CLAVULANATE","SURGICAL ONCOLOGY",TABLET,7
"AMOXICILLIN & POT CLAVULANATE","FACIAL PLASTIC SURGERY","SUSPENSION RECONSTITUTED",7
"AMOXICILLIN & POT CLAVULANATE","PLASTIC SURGERY","SUSPENSION RECONSTITUTED",7
"AMOXICILLIN & POT CLAVULANATE","PEDIATRIC SURGERY","SUSPENSION RECONSTITUTED",7
"AMOXICILLIN & POT CLAVULANATE","CHILD NEUROLOGY","SUSPENSION RECONSTITUTED",7
"AMOXICILLIN & POT CLAVULANATE","ADDICTION MEDICINE",TABLET,7
"AMOXICILLIN & POT CLAVULANATE",OTOLARYNGOLOGY,"TABLET SR 12 HR",6
"AMOXICILLIN & POT CLAVULANATE","PEDIATRIC SURGERY",TABLET,6
"AMOXICILLIN & POT CLAVULANATE","FEMALE PELVIC MEDICINE & RECONSTRUCTIVE SURGERY",TABLET,6
"AMOXICILLIN & POT CLAVULANATE","PEDIATRIC CARDIOLOGY","SUSPENSION RECONSTITUTED",6
"AMOXICILLIN & POT CLAVULANATE","EMERGENCY MEDICINE","TABLET CHEW",6
"AMOXICILLIN & POT CLAVULANATE","PULMONARY DISEASE","SUSPENSION RECONSTITUTED",6
"AMOXICILLIN & POT CLAVULANATE","GYNECOLOGICAL ONCOLOGY",TABLET,6
"AMOXICILLIN & POT CLAVULANATE",PSYCHIATRY,"SUSPENSION RECONSTITUTED",6
"AMOXICILLIN & POT CLAVULANATE","REGISTERED NURSE",TABLET,6
"AMOXICILLIN & POT CLAVULANATE","ORTHOPEDIC TRAUMA",TABLET,5
"AMOXICILLIN & POT CLAVULANATE","PEDIATRIC ENDOCRINOLOGY",TABLET,5
"AMOXICILLIN & POT CLAVULANATE","HEAD & NECK SURGERY","SUSPENSION RECONSTITUTED",5
"AMOXICILLIN & POT CLAVULANATE","VASCULAR & INTERVENTIONAL RADIOLOGY",TABLET,5
"AMOXICILLIN & POT CLAVULANATE","ADULT RECONSTRUCTIVE ORTHOPEDICS",TABLET,5
"AMOXICILLIN & POT CLAVULANATE","CARDIOVASCULAR DISEASE","SUSPENSION RECONSTITUTED",5
"AMOXICILLIN & POT CLAVULANATE","PEDIATRIC CARDIOLOGY",TABLET,5
"AMOXICILLIN & POT CLAVULANATE","GENERAL SURGERY","TABLET SR 12 HR",5
"AMOXICILLIN & POT CLAVULANATE","HEMATOLOGY (INTERNAL MEDICINE)",TABLET,5
"AMOXICILLIN & POT CLAVULANATE",ANESTHESIOLOGY,"SUSPENSION RECONSTITUTED",5
"AMOXICILLIN & POT CLAVULANATE","OBSTETRICS & GYNECOLOGY","TABLET SR 12 HR",5
"AMOXICILLIN & POT CLAVULANATE","GENERAL PREVENTIVE MEDICINE","SUSPENSION RECONSTITUTED",5
"AMOXICILLIN & POT CLAVULANATE","ADOLESCENT MEDICINE (INTERNAL MEDICINE)",TABLET,5
"AMOXICILLIN & POT CLAVULANATE","CERTIFIED NURSE ANESTHETIST",TABLET,5
"AMOXICILLIN & POT CLAVULANATE","PEDIATRIC OPHTHALMOLOGY",TABLET,5
"AMOXICILLIN & POT CLAVULANATE","HAND SURGERY (SURGERY)",TABLET,4
"AMOXICILLIN & POT CLAVULANATE","GERIATRIC PSYCHIATRY",TABLET,4
"AMOXICILLIN & POT CLAVULANATE","PEDIATRICS/EMERGENCY MEDICINE",TABLET,4
"AMOXICILLIN & POT CLAVULANATE","SPORTS MEDICINE (INTERNAL MEDICINE)",TABLET,4
"AMOXICILLIN & POT CLAVULANATE","AEROSPACE MEDICINE",TABLET,4
"AMOXICILLIN & POT CLAVULANATE","CHILD NEUROLOGY",TABLET,4
"AMOXICILLIN & POT CLAVULANATE","PEDIATRIC ENDOCRINOLOGY","SUSPENSION RECONSTITUTED",4
"AMOXICILLIN & POT CLAVULANATE","PEDIATRICS/EMERGENCY MEDICINE","SUSPENSION RECONSTITUTED",4
"AMOXICILLIN & POT CLAVULANATE",RADIOLOGY,TABLET,4
"AMOXICILLIN & POT CLAVULANATE","SPORTS MEDICINE (FAMILY MEDICINE)","SUSPENSION RECONSTITUTED",4
"AMOXICILLIN & POT CLAVULANATE","ORTHOPEDIC SURGERY","TABLET SR 12 HR",4
"AMOXICILLIN & POT CLAVULANATE",VETERINARIAN,"TABLET CHEW",4
"AMOXICILLIN & POT CLAVULANATE","SPORTS MEDICINE (PEDIATRICS)","SUSPENSION RECONSTITUTED",4
"AMOXICILLIN & POT CLAVULANATE","FEMALE PELVIC MEDICINE & RECONSTRUCTIVE SURGERY (UROLOGY)",TABLET,4
"AMOXICILLIN & POT CLAVULANATE","PEDIATRIC NEPHROLOGY",TABLET,4
"AMOXICILLIN & POT CLAVULANATE","INTERNAL MEDICINE/PEDIATRICS","TABLET SR 12 HR",4
"AMOXICILLIN & POT CLAVULANATE","MEDICAL TOXICOLOGY (EMERGENCY MEDICINE)",TABLET,4
"AMOXICILLIN & POT CLAVULANATE",DIABETES,TABLET,4
"AMOXICILLIN & POT CLAVULANATE","NATUROPATHIC DOCTOR","SUSPENSION RECONSTITUTED",4
"AMOXICILLIN & POT CLAVULANATE","PHYSICIAN ASSISTANT","TABLET CHEW",4
"AMOXICILLIN & POT CLAVULANATE",ALLERGY,"SUSPENSION RECONSTITUTED",3
"AMOXICILLIN & POT CLAVULANATE","AEROSPACE MEDICINE","TABLET SR 12 HR",3
"AMOXICILLIN & POT CLAVULANATE","CRITICAL CARE MEDICINE (EMERGENCY MEDICINE)",TABLET,3
"AMOXICILLIN & POT CLAVULANATE","HAND SURGERY (PLASTIC SURGERY)",TABLET,3
"AMOXICILLIN & POT CLAVULANATE","ADVANCED HEART FAILURE & TRANSPLANT CARDIOLOGY",TABLET,3
"AMOXICILLIN & POT CLAVULANATE","ALLERGY & IMMUNOLOGY","TABLET CHEW",3
"AMOXICILLIN & POT CLAVULANATE","CLINICAL & LABORATORY IMMUNOLOGY (INTERNAL MEDICINE)",TABLET,3
"AMOXICILLIN & POT CLAVULANATE","SLEEP MEDICINE","SUSPENSION RECONSTITUTED",3
"AMOXICILLIN & POT CLAVULANATE",IMMUNOLOGY,TABLET,3
"AMOXICILLIN & POT CLAVULANATE","PEDIATRIC UROLOGY",TABLET,3
"AMOXICILLIN & POT CLAVULANATE",DENTIST,"TABLET SR 12 HR",3
"AMOXICILLIN & POT CLAVULANATE","FOOT & ANKLE, ORTHOPEDICS",TABLET,3
"AMOXICILLIN & POT CLAVULANATE","INTERNAL MEDICINE/EMERGENCY MEDICINE","SUSPENSION RECONSTITUTED",3
"AMOXICILLIN & POT CLAVULANATE",NEUROLOGY,"TABLET SR 12 HR",3
"AMOXICILLIN & POT CLAVULANATE","PEDIATRIC GASTROENTEROLOGY",TABLET,3
"AMOXICILLIN & POT CLAVULANATE","CARDIOTHORACIC SURGERY",TABLET,3
"AMOXICILLIN & POT CLAVULANATE","PEDIATRIC OPHTHALMOLOGY","SUSPENSION RECONSTITUTED",3
"AMOXICILLIN & POT CLAVULANATE","PHYSICAL MEDICINE & REHABILITATION","SUSPENSION RECONSTITUTED",3
"AMOXICILLIN & POT CLAVULANATE","GERIATRIC MEDICINE (FAMILY MEDICINE)","SUSPENSION RECONSTITUTED",3
"AMOXICILLIN & POT CLAVULANATE","GENERAL PRACTICE","TABLET SR 12 HR",3
"AMOXICILLIN & POT CLAVULANATE","NOT APPLICABLE",TABLET,3
"AMOXICILLIN & POT CLAVULANATE","SPORTS MEDICINE (PEDIATRICS)",TABLET,3
"AMOXICILLIN & POT CLAVULANATE","CRITICAL CARE MEDICINE (ANESTHESIOLOGY)",TABLET,3
"AMOXICILLIN & POT CLAVULANATE","TRANSPLANT SURGERY",TABLET,3
"AMOXICILLIN & POT CLAVULANATE","CLINICAL LABORATORY IMMUNOLOGY (ALLERGY & IMMUNOLOGY)",TABLET,3
"AMOXICILLIN & POT CLAVULANATE","HOSPICE & PALLIATIVE MEDICINE (INTERNAL MEDICINE)",TABLET,3
"AMOXICILLIN & POT CLAVULANATE","MEDICAL TOXICOLOGY (PREVENTIVE MEDICINE)",TABLET,3
"AMOXICILLIN & POT CLAVULANATE","AEROSPACE MEDICINE","SUSPENSION RECONSTITUTED",3
"AMOXICILLIN & POT CLAVULANATE","CARDIOVASCULAR DISEASE","TABLET SR 12 HR",3
"AMOXICILLIN & POT CLAVULANATE","INTERNAL MEDICINE/PREVENTIVE MEDICINE",TABLET,3
"AMOXICILLIN & POT CLAVULANATE","UNDERSEAS MEDICINE (PREVENTIVE MEDICINE)",TABLET,3
"AMOXICILLIN & POT CLAVULANATE","PAIN MEDICINE (PHYSICAL MEDICINE & REHABILITATION)",TABLET,3
"AMOXICILLIN & POT CLAVULANATE","FORENSIC PATHOLOGY",TABLET,2
"AMOXICILLIN & POT CLAVULANATE","NEUROTOLOGY (OTOLARYNGOLOGY)","SUSPENSION RECONSTITUTED",2
"AMOXICILLIN & POT CLAVULANATE","NEUROLOGICAL SURGERY","SUSPENSION RECONSTITUTED",2
"AMOXICILLIN & POT CLAVULANATE",HEMATOLOGY/ONCOLOGY,"TABLET SR 12 HR",2
"AMOXICILLIN & POT CLAVULANATE","PEDIATRIC RADIOLOGY",TABLET,2
"AMOXICILLIN & POT CLAVULANATE","PEDIATRIC GASTROENTEROLOGY","TABLET CHEW",2
"AMOXICILLIN & POT CLAVULANATE","CHILD ABUSE PEDIATRICS","SUSPENSION RECONSTITUTED",2
"AMOXICILLIN & POT CLAVULANATE","PLASTIC SURGERY WITHIN THE HEAD & NECK",TABLET,2
"AMOXICILLIN & POT CLAVULANATE","COLON & RECTAL SURGERY","SUSPENSION RECONSTITUTED",2
"AMOXICILLIN & POT CLAVULANATE","PULMONARY DISEASE","TABLET SR 12 HR",2
"AMOXICILLIN & POT CLAVULANATE",GASTROENTEROLOGY,"TABLET SR 12 HR",2
"AMOXICILLIN & POT CLAVULANATE","NEUROMUSCULAR MEDICINE (NEUROLOGY)",TABLET,2
"AMOXICILLIN & POT CLAVULANATE","DEVELOPMENTAL/BEHAVIORAL PEDIATRICS","SUSPENSION RECONSTITUTED",2
"AMOXICILLIN & POT CLAVULANATE","CHILD & ADOLESCENT PSYCHIATRY","SUSPENSION RECONSTITUTED",2
"AMOXICILLIN & POT CLAVULANATE","PEDIATRIC ALLERGY","SUSPENSION RECONSTITUTED",2
"AMOXICILLIN & POT CLAVULANATE","MATERNAL & FETAL MEDICINE",TABLET,2
"AMOXICILLIN & POT CLAVULANATE","GERIATRIC MEDICINE (INTERNAL MEDICINE)","TABLET SR 12 HR",2
"AMOXICILLIN & POT CLAVULANATE",OBSTETRICS,TABLET,2
"AMOXICILLIN & POT CLAVULANATE","INTERNAL MEDICINE/FAMILY MEDICINE","SUSPENSION RECONSTITUTED",2
"AMOXICILLIN & POT CLAVULANATE","ADVANCED REGISTERED NURSE","SUSPENSION RECONSTITUTED",2
"AMOXICILLIN & POT CLAVULANATE",DENTISTRY/PEDODONTICS,"SUSPENSION RECONSTITUTED",2
"AMOXICILLIN & POT CLAVULANATE","HEMATOLOGY (PATHOLOGY)",TABLET,2
"AMOXICILLIN & POT CLAVULANATE","EMERGENCY MEDICAL SERVICES","SUSPENSION RECONSTITUTED",2
"AMOXICILLIN & POT CLAVULANATE","SURGICAL CRITICAL CARE (SURGERY)","SUSPENSION RECONSTITUTED",2
"AMOXICILLIN & POT CLAVULANATE","PEDIATRIC UROLOGY","SUSPENSION RECONSTITUTED",2
"AMOXICILLIN & POT CLAVULANATE","NEUROMUSCULAR MEDICINE (PHYSICAL MEDICINE & REHABILITATION)",TABLET,2
"AMOXICILLIN & POT CLAVULANATE","PAIN MEDICINE","SUSPENSION RECONSTITUTED",2
"AMOXICILLIN & POT CLAVULANATE",PSYCHIATRY,"TABLET SR 12 HR",2
"AMOXICILLIN & POT CLAVULANATE","BEHAVIORAL HEALTH & SOCIAL SERVICES",TABLET,2
"AMOXICILLIN & POT CLAVULANATE","ENDOCRINOLOGY, DIABETES & METABOLISM","SUSPENSION RECONSTITUTED",2
"AMOXICILLIN & POT CLAVULANATE","CLINICAL LABORATORY IMMUNOLOGY (ALLERGY & IMMUNOLOGY)","SUSPENSION RECONSTITUTED",2
"AMOXICILLIN & POT CLAVULANATE",HOSPITALIST,"TABLET SR 12 HR",2
"AMOXICILLIN & POT CLAVULANATE","PHYSICAL THERAPY",TABLET,2
"AMOXICILLIN & POT CLAVULANATE","DIAGNOSTIC RADIOLOGY","SUSPENSION RECONSTITUTED",2
"AMOXICILLIN & POT CLAVULANATE","MEDICAL TOXICOLOGY (EMERGENCY MEDICINE)","SUSPENSION RECONSTITUTED",2
"AMOXICILLIN & POT CLAVULANATE","CRANIOFACIAL SURGERY",TABLET,2
"AMOXICILLIN & POT CLAVULANATE",PSYCHOLOGY,TABLET,2
"AMOXICILLIN & POT CLAVULANATE",RHEUMATOLOGY,"SUSPENSION RECONSTITUTED",2
"AMOXICILLIN & POT CLAVULANATE","INTERNAL MEDICINE/PSYCHIATRY",TABLET,1
"AMOXICILLIN & POT CLAVULANATE",PHARMACIST,"SUSPENSION RECONSTITUTED",1
"AMOXICILLIN & POT CLAVULANATE",OPHTHALMOLOGY,"TABLET SR 12 HR",1
"AMOXICILLIN & POT CLAVULANATE","PEDIATRIC RHEUMATOLOGY",TABLET,1
"AMOXICILLIN & POT CLAVULANATE","PHARMACY TECHNICIAN",TABLET,1
"AMOXICILLIN & POT CLAVULANATE","ADULT CARDIOTHORACIC ANESTHESIOLOGY","SUSPENSION RECONSTITUTED",1
"AMOXICILLIN & POT CLAVULANATE",ANESTHESIOLOGY,"TABLET SR 12 HR",1
"AMOXICILLIN & POT CLAVULANATE","PHARMACEUTICAL MEDICINE","SUSPENSION RECONSTITUTED",1
"AMOXICILLIN & POT CLAVULANATE","ANATOMIC PATHOLOGY",TABLET,1
"AMOXICILLIN & POT CLAVULANATE","INTERNAL MEDICINE/PEDIATRICS","TABLET CHEW",1
"AMOXICILLIN & POT CLAVULANATE","ORAL & MAXILLOFACIAL SURGERY","TABLET CHEW",1
"AMOXICILLIN & POT CLAVULANATE","STUDENT, HEALTH CARE","TABLET SR 12 HR",1
"AMOXICILLIN & POT CLAVULANATE","GERIATRIC MEDICINE (FAMILY MEDICINE)","TABLET SR 12 HR",1
"AMOXICILLIN & POT CLAVULANATE","INTERVENTIONAL CARDIOLOGY","TABLET SR 12 HR",1
"AMOXICILLIN & POT CLAVULANATE","NOT APPLICABLE","SUSPENSION RECONSTITUTED",1
"AMOXICILLIN & POT CLAVULANATE",GYNECOLOGY,"SUSPENSION RECONSTITUTED",1
"AMOXICILLIN & POT CLAVULANATE","PODIATRIST - ASSISTANT",TABLET,1
"AMOXICILLIN & POT CLAVULANATE","CLINICAL NEUROPHYSIOLOGY",TABLET,1
"AMOXICILLIN & POT CLAVULANATE","DERMATOLOGIC SURGERY",TABLET,1
"AMOXICILLIN & POT CLAVULANATE","CRITICAL CARE MEDICINE (INTERNAL MEDICINE)","SUSPENSION RECONSTITUTED",1
"AMOXICILLIN & POT CLAVULANATE","MEDICAL GENETICS",TABLET,1
"AMOXICILLIN & POT CLAVULANATE","SPORTS MEDICINE (PHYSICAL MEDICINE & REHABILITATION)",TABLET,1
"AMOXICILLIN & POT CLAVULANATE","PEDIATRIC TRANSPLANT HEPATOLOGY",TABLET,1
"AMOXICILLIN & POT CLAVULANATE",HEPATOLOGY,TABLET,1
"AMOXICILLIN & POT CLAVULANATE","MEDICAL ONCOLOGY","TABLET SR 12 HR",1
"AMOXICILLIN & POT CLAVULANATE","SURGICAL CRITICAL CARE (SURGERY)","TABLET SR 12 HR",1
"AMOXICILLIN & POT CLAVULANATE","GENERAL PREVENTIVE MEDICINE","TABLET SR 12 HR",1
"AMOXICILLIN & POT CLAVULANATE","ANATOMIC PATHOLOGY","SUSPENSION RECONSTITUTED",1
"AMOXICILLIN & POT CLAVULANATE","TRAUMA SURGERY",TABLET,1
"AMOXICILLIN & POT CLAVULANATE","OSTEOPATHIC MANIPULATIVE MEDICINE",TABLET,1
"AMOXICILLIN & POT CLAVULANATE","OCCUPATIONAL MEDICINE","SUSPENSION RECONSTITUTED",1
"AMOXICILLIN & POT CLAVULANATE",NEURORADIOLOGY,TABLET,1
"AMOXICILLIN & POT CLAVULANATE","HAND SURGERY (ORTHOPEDICS)","SUSPENSION RECONSTITUTED",1
"AMOXICILLIN & POT CLAVULANATE","DEVELOPMENTAL/BEHAVIORAL PEDIATRICS",TABLET,1
"AMOXICILLIN & POT CLAVULANATE","NURSE MIDWIFE","SUSPENSION RECONSTITUTED",1
"AMOXICILLIN & POT CLAVULANATE",OTOLARYNGOLOGY,"TABLET CHEW",1
"AMOXICILLIN & POT CLAVULANATE","PSYCHIATRY/FAMILY MEDICINE",TABLET,1
"AMOXICILLIN & POT CLAVULANATE","GENERAL SURGERY","TABLET CHEW",1
"AMOXICILLIN & POT CLAVULANATE","HAND SURGERY (SURGERY)","SUSPENSION RECONSTITUTED",1
"AMOXICILLIN & POT CLAVULANATE","NEURODEVELOPMENTAL DISABILITIES (PEDIATRICS)","SUSPENSION RECONSTITUTED",1
"AMOXICILLIN & POT CLAVULANATE","CRITICAL CARE MEDICINE (ANESTHESIOLOGY)","SUSPENSION RECONSTITUTED",1
"AMOXICILLIN & POT CLAVULANATE","PROCEDURAL DERMATOLOGY",TABLET,1
"AMOXICILLIN & POT CLAVULANATE","VASCULAR MEDICINE",TABLET,1
"AMOXICILLIN & POT CLAVULANATE","PEDIATRIC EMERGENCY MEDICINE (PEDIATRICS)","TABLET SR 12 HR",1
"AMOXICILLIN & POT CLAVULANATE","THORACIC SURGERY","SUSPENSION RECONSTITUTED",1
"AMOXICILLIN & POT CLAVULANATE","CLINICAL INFORMATICS (PATHOLOGY)",TABLET,1
"AMOXICILLIN & POT CLAVULANATE","INTERNAL MEDICINE","TABLET CHEW",1
"AMOXICILLIN & POT CLAVULANATE","PHYSICAL THERAPY - ASSISTANT",TABLET,1
"AMOXICILLIN & POT CLAVULANATE","RADIATION ONCOLOGY","SUSPENSION RECONSTITUTED",1
"AMOXICILLIN & POT CLAVULANATE",DERMATOLOGY,"TABLET CHEW",1
"AMOXICILLIN & POT CLAVULANATE",UROLOGY,"TABLET CHEW",1
"AMOXICILLIN & POT CLAVULANATE",DENTISTRY/PERIODONTICS,"SUSPENSION RECONSTITUTED",1
"AMOXICILLIN & POT CLAVULANATE","OCCUPATIONAL MEDICINE","TABLET SR 12 HR",1
"AMOXICILLIN & POT CLAVULANATE",OPHTHALMOLOGY,"TABLET CHEW",1
"AMOXICILLIN & POT CLAVULANATE",PODIATRIST,"TABLET SR 12 HR",1
"AMOXICILLIN & POT CLAVULANATE","PUBLIC HEALTH & GENERAL PREVENTIVE MEDICINE","SUSPENSION RECONSTITUTED",1
"AMOXICILLIN & POT CLAVULANATE","CARDIOVASCULAR SURGERY",TABLET,1
"AMOXICILLIN & POT CLAVULANATE","PAIN MEDICINE (ANESTHESIOLOGY)","SUSPENSION RECONSTITUTED",1
"AMOXICILLIN & POT CLAVULANATE",NUTRITION,TABLET,1
"AMOXICILLIN & POT CLAVULANATE","PEDIATRIC PULMONOLOGY","TABLET CHEW",1
"AMOXICILLIN & POT CLAVULANATE","RESPIRATORY THERAPIST","SUSPENSION RECONSTITUTED",1
"AMOXICILLIN & POT CLAVULANATE",PSYCHIATRY/NEUROLOGY,TABLET,1
"AMOXICILLIN & POT CLAVULANATE","PEDIATRIC ORTHOPEDICS",TABLET,1
"AMOXICILLIN & POT CLAVULANATE","TRANSITIONAL YEAR",TABLET,1
"AMOXICILLIN & POT CLAVULANATE","CLINICAL SOCIAL WORKER",TABLET,1
"AMOXICILLIN & POT CLAVULANATE","CLINICAL INFORMATICS (EMERGENCY MEDICINE)",TABLET,1
"AMOXICILLIN & POT CLAVULANATE","SPORTS MEDICINE (ORTHOPEDIC SURGERY)","SUSPENSION RECONSTITUTED",1
"AMOXICILLIN & POT CLAVULANATE","PALLIATIVE MEDICINE",TABLET,1
"AMOXICILLIN & POT CLAVULANATE","TRANSPLANT HEPATOLOGY (INTERNAL MEDICINE)",TABLET,1
"AMOXICILLIN & POT CLAVULANATE","MEDICAL MANAGEMENT",TABLET,1
"AMOXICILLIN & POT CLAVULANATE","ABDOMINAL RADIOLOGY","SUSPENSION RECONSTITUTED",1
"AMOXICILLIN & POT CLAVULANATE","LEGAL MEDICINE",TABLET,1
"AMOXICILLIN & POT CLAVULANATE","MUSCULOSKELETAL ONCOLOGY",TABLET,1
"AMOXICILLIN & POT CLAVULANATE","VASCULAR NEUROLOGY",TABLET,1
"AMOXICILLIN & POT CLAVULANATE","UNDERSEAS MEDICINE (EMERGENCY MEDICINE)",TABLET,1
"AMOXICILLIN & POT CLAVULANATE","PEDIATRIC RHEUMATOLOGY","SUSPENSION RECONSTITUTED",1
"AMOXICILLIN & POT CLAVULANATE","CLINICAL NURSE SPECIALIST","SUSPENSION RECONSTITUTED",1
"AMOXICILLIN & POT CLAVULANATE","INFECTIOUS DISEASE","TABLET SR 12 HR",1
"AMOXICILLIN & POT CLAVULANATE","EMERGENCY MEDICAL SERVICES (OTHER)",TABLET,1
"AMOXICILLIN & POT CLAVULANATE",DERMATOLOGY,"TABLET SR 12 HR",1
"AMOXICILLIN & POT CLAVULANATE","PEDIATRIC ALLERGY",TABLET,1
"AMOXICILLIN & POT CLAVULANATE","MEDICAL ONCOLOGY","SUSPENSION RECONSTITUTED",1
"AMOXICILLIN & POT CLAVULANATE","PEDIATRIC PULMONOLOGY","TABLET SR 12 HR",1
"AMOXICILLIN & POT CLAVULANATE",PODIATRIST,"TABLET CHEW",1
"AMOXICILLIN & POT CLAVULANATE","ADDICTION PSYCHIATRY",TABLET,1
"AMOXICILLIN & POT CLAVULANATE",PHLEBOLOGY,TABLET,1
"AMOXICILLIN & POT CLAVULANATE","ABDOMINAL RADIOLOGY",TABLET,1
"AMOXICILLIN & POT CLAVULANATE",,"TABLET CHEW",1
"AMOXICILLIN & POT CLAVULANATE","MEDICAL TOXICOLOGY (PREVENTIVE MEDICINE)","SUSPENSION RECONSTITUTED",1
"AMOXICILLIN & POT CLAVULANATE","PAIN MEDICINE (NEUROLOGY)",TABLET,1
"AMOXICILLIN & POT CLAVULANATE",DENTISTRY/PROSTHODONTICS,TABLET,1
"AMOXICILLIN & POT CLAVULANATE","ENDOCRINOLOGY, DIABETES & METABOLISM","TABLET SR 12 HR",1
"AMOXICILLIN & POT CLAVULANATE",OBSTETRICS,"SUSPENSION RECONSTITUTED",1
AMPICILLIN,"OBSTETRICS & GYNECOLOGY",CAPSULE,233
AMPICILLIN,DERMATOLOGY,CAPSULE,194
AMPICILLIN,"NURSE PRACTITIONER",CAPSULE,185
AMPICILLIN,"FAMILY MEDICINE",CAPSULE,144
AMPICILLIN,"INTERNAL MEDICINE",CAPSULE,134
AMPICILLIN,"PHYSICIAN ASSISTANT",CAPSULE,124
AMPICILLIN,UROLOGY,CAPSULE,85
AMPICILLIN,DENTIST,CAPSULE,49
AMPICILLIN,"GENERAL PRACTICE",CAPSULE,46
AMPICILLIN,,CAPSULE,21
AMPICILLIN,"ORTHOPEDIC SURGERY",CAPSULE,20
AMPICILLIN,PEDIATRICS,CAPSULE,17
AMPICILLIN,"GENERAL SURGERY",CAPSULE,14
AMPICILLIN,"NURSE MIDWIFE",CAPSULE,14
AMPICILLIN,PODIATRIST,CAPSULE,13
AMPICILLIN,NEPHROLOGY,CAPSULE,12
AMPICILLIN,"CARDIOVASCULAR DISEASE",CAPSULE,12
AMPICILLIN,"EMERGENCY MEDICINE",CAPSULE,11
AMPICILLIN,"INFECTIOUS DISEASE",CAPSULE,7
AMPICILLIN,HOSPITALIST,CAPSULE,6
AMPICILLIN,"GERIATRIC MEDICINE (FAMILY MEDICINE)",CAPSULE,5
AMPICILLIN,"PLASTIC SURGERY",CAPSULE,5
AMPICILLIN,"PULMONARY DISEASE",CAPSULE,5
AMPICILLIN,"GERIATRIC MEDICINE (INTERNAL MEDICINE)",CAPSULE,5
AMPICILLIN,GYNECOLOGY,CAPSULE,5
AMPICILLIN,HEMATOLOGY/ONCOLOGY,CAPSULE,4
AMPICILLIN,PSYCHIATRY,CAPSULE,4
AMPICILLIN,OPHTHALMOLOGY,CAPSULE,4
AMPICILLIN,GASTROENTEROLOGY,CAPSULE,4
AMPICILLIN,"SPORTS MEDICINE (ORTHOPEDIC SURGERY)",CAPSULE,3
AMPICILLIN,"COLON & RECTAL SURGERY",CAPSULE,3
AMPICILLIN,"ALLERGY & IMMUNOLOGY",CAPSULE,3
AMPICILLIN,OTOLARYNGOLOGY,CAPSULE,2
AMPICILLIN,ANESTHESIOLOGY,CAPSULE,2
AMPICILLIN,"THORACIC SURGERY",CAPSULE,2
AMPICILLIN,"DIAGNOSTIC RADIOLOGY",CAPSULE,2
AMPICILLIN,"PULMONARY CRITICAL CARE MEDICINE",CAPSULE,2
AMPICILLIN,"STUDENT, HEALTH CARE",CAPSULE,2
AMPICILLIN,"INTERNAL MEDICINE/PEDIATRICS",CAPSULE,2
AMPICILLIN,VETERINARIAN,CAPSULE,2
AMPICILLIN,"FEMALE PELVIC MEDICINE & RECONSTRUCTIVE SURGERY",CAPSULE,1
AMPICILLIN,"INTERVENTIONAL CARDIOLOGY",CAPSULE,1
AMPICILLIN,"NATUROPATHIC DOCTOR",CAPSULE,1
AMPICILLIN,HEPATOLOGY,CAPSULE,1
AMPICILLIN,"ORAL & MAXILLOFACIAL SURGERY",CAPSULE,1
AMPICILLIN,"HAND SURGERY",CAPSULE,1
AMPICILLIN,"PHYSICAL MEDICINE & REHABILITATION",CAPSULE,1
AMPICILLIN,OBSTETRICS,CAPSULE,1
AMPICILLIN,"PAIN MEDICINE (PHYSICAL MEDICINE & REHABILITATION)",CAPSULE,1
AMPICILLIN,"ENDOCRINOLOGY, DIABETES & METABOLISM",CAPSULE,1
AMPICILLIN,DERMATOPATHOLOGY,CAPSULE,1
AMPICILLIN,"CARDIOTHORACIC SURGERY",CAPSULE,1
AMPICILLIN,"TRANSPLANT HEPATOLOGY (INTERNAL MEDICINE)",CAPSULE,1
AMPICILLIN,"PAIN MEDICINE (ANESTHESIOLOGY)",CAPSULE,1
AMPICILLIN,OPTOMETRIST,CAPSULE,1
AMPICILLIN,"MATERNAL & FETAL MEDICINE",CAPSULE,1
AMPICILLIN,"REPRODUCTIVE ENDOCRINOLOGY & INFERTILITY",CAPSULE,1
"AMPICILLIN & SULBACTAM SODIUM","FAMILY MEDICINE","SOLUTION RECONSTITUTED",3
"AMPICILLIN & SULBACTAM SODIUM","INTERNAL MEDICINE","SOLUTION RECONSTITUTED",1
"AMPICILLIN SODIUM","INTERNAL MEDICINE","SOLUTION RECONSTITUTED",3
"AMPICILLIN SODIUM","NURSE PRACTITIONER","SOLUTION RECONSTITUTED",3
"AMPICILLIN SODIUM","INFECTIOUS DISEASE","SOLUTION RECONSTITUTED",3
"AMPICILLIN SODIUM","FAMILY MEDICINE","SOLUTION RECONSTITUTED",2
"AMPICILLIN SODIUM","GENERAL PRACTICE","SOLUTION RECONSTITUTED",1
ATOVAQUONE,"NURSE PRACTITIONER",SUSPENSION,102
ATOVAQUONE,"INTERNAL MEDICINE",SUSPENSION,64
ATOVAQUONE,"INFECTIOUS DISEASE",SUSPENSION,62
ATOVAQUONE,"PHYSICIAN ASSISTANT",SUSPENSION,37
ATOVAQUONE,HEMATOLOGY/ONCOLOGY,SUSPENSION,34
ATOVAQUONE,"FAMILY MEDICINE",SUSPENSION,28
ATOVAQUONE,"PULMONARY CRITICAL CARE MEDICINE",SUSPENSION,25
ATOVAQUONE,NEPHROLOGY,SUSPENSION,21
ATOVAQUONE,RHEUMATOLOGY,SUSPENSION,17
ATOVAQUONE,"MEDICAL ONCOLOGY",SUSPENSION,11
ATOVAQUONE,,SUSPENSION,9
ATOVAQUONE,"PULMONARY DISEASE",SUSPENSION,9
ATOVAQUONE,HOSPITALIST,SUSPENSION,8
ATOVAQUONE,"NATUROPATHIC DOCTOR",SUSPENSION,6
ATOVAQUONE,GASTROENTEROLOGY,SUSPENSION,6
ATOVAQUONE,"TRANSPLANT SURGERY",SUSPENSION,4
ATOVAQUONE,"GENERAL SURGERY",SUSPENSION,4
ATOVAQUONE,"PEDIATRIC HEMATOLOGY/ONCOLOGY",SUSPENSION,3
ATOVAQUONE,HEPATOLOGY,SUSPENSION,3
ATOVAQUONE,PEDIATRICS,SUSPENSION,3
ATOVAQUONE,"CARDIOVASCULAR DISEASE",SUSPENSION,3
ATOVAQUONE,NEUROLOGY,SUSPENSION,3
ATOVAQUONE,"GENERAL PREVENTIVE MEDICINE",SUSPENSION,2
ATOVAQUONE,ACUPUNCTURIST,SUSPENSION,2
ATOVAQUONE,"CRITICAL CARE MEDICINE (INTERNAL MEDICINE)",SUSPENSION,2
ATOVAQUONE,"ALLERGY & IMMUNOLOGY",SUSPENSION,2
ATOVAQUONE,"ALTERNATE THERAPY",SUSPENSION,2
ATOVAQUONE,"HEMATOLOGY (INTERNAL MEDICINE)",SUSPENSION,2
ATOVAQUONE,"GERIATRIC MEDICINE (INTERNAL MEDICINE)",SUSPENSION,1
ATOVAQUONE,"INTERVENTIONAL CARDIOLOGY",SUSPENSION,1
ATOVAQUONE,"PEDIATRIC NEPHROLOGY",SUSPENSION,1
ATOVAQUONE,DERMATOLOGY,SUSPENSION,1
ATOVAQUONE,UNSPECIFIED,SUSPENSION,1
ATOVAQUONE,"BLOOD BANKING/TRANSFUSION MEDICINE",SUSPENSION,1
ATOVAQUONE,"EMERGENCY MEDICINE",SUSPENSION,1
ATOVAQUONE,"PEDIATRIC RHEUMATOLOGY",SUSPENSION,1
ATOVAQUONE,"PEDIATRIC ALLERGY",SUSPENSION,1
ATOVAQUONE,"CLINICAL CARDIAC ELECTROPHYSIOLOGY",SUSPENSION,1
ATOVAQUONE,VETERINARIAN,SUSPENSION,1
ATOVAQUONE,"INTERNAL MEDICINE/PEDIATRICS",SUSPENSION,1
AZITHROMYCIN,"FAMILY MEDICINE",TABLET,30534
AZITHROMYCIN,"NURSE PRACTITIONER",TABLET,27495
AZITHROMYCIN,"INTERNAL MEDICINE",TABLET,18556
AZITHROMYCIN,"PHYSICIAN ASSISTANT",TABLET,15380
AZITHROMYCIN,PEDIATRICS,"SUSPENSION RECONSTITUTED",5943
AZITHROMYCIN,"EMERGENCY MEDICINE",TABLET,5867
AZITHROMYCIN,DENTIST,TABLET,3795
AZITHROMYCIN,PEDIATRICS,TABLET,3612
AZITHROMYCIN,"NURSE PRACTITIONER","SUSPENSION RECONSTITUTED",3282
AZITHROMYCIN,"OBSTETRICS & GYNECOLOGY",TABLET,2564
AZITHROMYCIN,"GENERAL PRACTICE",TABLET,2078
AZITHROMYCIN,"PULMONARY DISEASE",TABLET,1873
AZITHROMYCIN,"FAMILY MEDICINE","SUSPENSION RECONSTITUTED",1852
AZITHROMYCIN,"PHYSICIAN ASSISTANT","SUSPENSION RECONSTITUTED",1648
AZITHROMYCIN,"PULMONARY CRITICAL CARE MEDICINE",TABLET,1314
AZITHROMYCIN,OTOLARYNGOLOGY,TABLET,943
AZITHROMYCIN,,TABLET,890
AZITHROMYCIN,"INFECTIOUS DISEASE",TABLET,688
AZITHROMYCIN,"CARDIOVASCULAR DISEASE",TABLET,649
AZITHROMYCIN,"ALLERGY & IMMUNOLOGY",TABLET,610
AZITHROMYCIN,"INTERNAL MEDICINE/PEDIATRICS",TABLET,574
AZITHROMYCIN,"EMERGENCY MEDICINE","SUSPENSION RECONSTITUTED",573
AZITHROMYCIN,HOSPITALIST,TABLET,470
AZITHROMYCIN,"GENERAL SURGERY",TABLET,455
AZITHROMYCIN,NEPHROLOGY,TABLET,418
AZITHROMYCIN,DERMATOLOGY,TABLET,392
AZITHROMYCIN,"GERIATRIC MEDICINE (INTERNAL MEDICINE)",TABLET,380
AZITHROMYCIN,"ORAL & MAXILLOFACIAL SURGERY",TABLET,366
AZITHROMYCIN,HEMATOLOGY/ONCOLOGY,TABLET,346
AZITHROMYCIN,OPTOMETRIST,TABLET,331
AZITHROMYCIN,"INTERNAL MEDICINE","SUSPENSION RECONSTITUTED",290
AZITHROMYCIN,OPHTHALMOLOGY,TABLET,275
AZITHROMYCIN,GASTROENTEROLOGY,TABLET,272
AZITHROMYCIN,RHEUMATOLOGY,TABLET,241
AZITHROMYCIN,"REPRODUCTIVE ENDOCRINOLOGY & INFERTILITY",TABLET,239
AZITHROMYCIN,PODIATRIST,TABLET,237
AZITHROMYCIN,"ORTHOPEDIC SURGERY",TABLET,211
AZITHROMYCIN,ANESTHESIOLOGY,TABLET,203
AZITHROMYCIN,"SPORTS MEDICINE (FAMILY MEDICINE)",TABLET,196
AZITHROMYCIN,"ENDOCRINOLOGY, DIABETES & METABOLISM",TABLET,188
AZITHROMYCIN,"GERIATRIC MEDICINE (FAMILY MEDICINE)",TABLET,170
AZITHROMYCIN,PSYCHIATRY,TABLET,168
AZITHROMYCIN,"PEDIATRIC PULMONOLOGY",TABLET,153
AZITHROMYCIN,"PLASTIC SURGERY",TABLET,151
AZITHROMYCIN,"GENERAL PRACTICE","SUSPENSION RECONSTITUTED",146
AZITHROMYCIN,UROLOGY,TABLET,129
AZITHROMYCIN,"PEDIATRIC PULMONOLOGY","SUSPENSION RECONSTITUTED",128
AZITHROMYCIN,"NURSE MIDWIFE",TABLET,121
AZITHROMYCIN,,"SUSPENSION RECONSTITUTED",113
AZITHROMYCIN,NEUROLOGY,TABLET,112
AZITHROMYCIN,OTOLARYNGOLOGY,"SUSPENSION RECONSTITUTED",111
AZITHROMYCIN,"OBSTETRICS & GYNECOLOGY",PACK,110
AZITHROMYCIN,"OCCUPATIONAL MEDICINE",TABLET,103
AZITHROMYCIN,VETERINARIAN,"SUSPENSION RECONSTITUTED",101
AZITHROMYCIN,"MEDICAL ONCOLOGY",TABLET,100
AZITHROMYCIN,"STUDENT, HEALTH CARE",TABLET,100
AZITHROMYCIN,"INTERNAL MEDICINE/PEDIATRICS","SUSPENSION RECONSTITUTED",95
AZITHROMYCIN,GYNECOLOGY,TABLET,89
AZITHROMYCIN,"DIAGNOSTIC RADIOLOGY",TABLET,89
AZITHROMYCIN,"GENERAL PREVENTIVE MEDICINE",TABLET,84
AZITHROMYCIN,"NURSE PRACTITIONER",PACK,83
AZITHROMYCIN,"PHYSICAL MEDICINE & REHABILITATION",TABLET,82
AZITHROMYCIN,VETERINARIAN,TABLET,76
AZITHROMYCIN,"ALLERGY & IMMUNOLOGY","SUSPENSION RECONSTITUTED",72
AZITHROMYCIN,"CRITICAL CARE MEDICINE (INTERNAL MEDICINE)",TABLET,70
AZITHROMYCIN,"FAMILY MEDICINE",PACK,69
AZITHROMYCIN,"NATUROPATHIC DOCTOR",TABLET,67
AZITHROMYCIN,"RADIATION ONCOLOGY",TABLET,59
AZITHROMYCIN,"PHYSICIAN ASSISTANT",PACK,52
AZITHROMYCIN,DENTIST,"SUSPENSION RECONSTITUTED",49
AZITHROMYCIN,"THORACIC SURGERY",TABLET,47
AZITHROMYCIN,DENTISTRY/PERIODONTICS,TABLET,44
AZITHROMYCIN,"INTERVENTIONAL CARDIOLOGY",TABLET,44
AZITHROMYCIN,"PAIN MEDICINE",TABLET,40
AZITHROMYCIN,"NEUROLOGICAL SURGERY",TABLET,36
AZITHROMYCIN,"CHILD & ADOLESCENT PSYCHIATRY",TABLET,36
AZITHROMYCIN,"GENERAL SURGERY","SUSPENSION RECONSTITUTED",36
AZITHROMYCIN,PHARMACIST,TABLET,35
AZITHROMYCIN,"PEDIATRIC EMERGENCY MEDICINE (PEDIATRICS)",TABLET,34
AZITHROMYCIN,"HEMATOLOGY (INTERNAL MEDICINE)",TABLET,34
AZITHROMYCIN,"INTERNAL MEDICINE/FAMILY MEDICINE",TABLET,34
AZITHROMYCIN,"PEDIATRIC EMERGENCY MEDICINE (PEDIATRICS)","SUSPENSION RECONSTITUTED",33
AZITHROMYCIN,"VASCULAR SURGERY",TABLET,31
AZITHROMYCIN,"INTERNAL MEDICINE",PACK,31
AZITHROMYCIN,"ANATOMIC/CLINICAL PATHOLOGY",TABLET,31
AZITHROMYCIN,"COLON & RECTAL SURGERY",TABLET,29
AZITHROMYCIN,ALLERGY,TABLET,28
AZITHROMYCIN,"NEONATAL-PERINATAL MEDICINE",TABLET,28
AZITHROMYCIN,"OBSTETRICS & GYNECOLOGY","SUSPENSION RECONSTITUTED",28
AZITHROMYCIN,"PEDIATRIC INFECTIOUS DISEASE",TABLET,26
AZITHROMYCIN,"ADVANCED REGISTERED NURSE",TABLET,25
AZITHROMYCIN,"PEDIATRIC GASTROENTEROLOGY","SUSPENSION RECONSTITUTED",24
AZITHROMYCIN,"PEDIATRIC CRITICAL CARE MEDICINE","SUSPENSION RECONSTITUTED",23
AZITHROMYCIN,DENTISTRY/ENDODONTICS,TABLET,23
AZITHROMYCIN,"ADOLESCENT MEDICINE (PEDIATRICS)",TABLET,23
AZITHROMYCIN,"PAIN MEDICINE (ANESTHESIOLOGY)",TABLET,23
AZITHROMYCIN,"FACIAL PLASTIC SURGERY",TABLET,23
AZITHROMYCIN,OPHTHALMOLOGY,"SUSPENSION RECONSTITUTED",22
AZITHROMYCIN,"SLEEP MEDICINE",TABLET,22
AZITHROMYCIN,"NEONATAL-PERINATAL MEDICINE","SUSPENSION RECONSTITUTED",21
AZITHROMYCIN,"INTERNAL MEDICINE/EMERGENCY MEDICINE",TABLET,21
AZITHROMYCIN,"PEDIATRIC HEMATOLOGY/ONCOLOGY",TABLET,20
AZITHROMYCIN,PEDIATRICS,PACK,20
AZITHROMYCIN,DERMATOLOGY,"SUSPENSION RECONSTITUTED",19
AZITHROMYCIN,"PEDIATRIC CARDIOLOGY",TABLET,19
AZITHROMYCIN,"NUCLEAR MEDICINE",TABLET,18
AZITHROMYCIN,"HOSPICE & PALLIATIVE MEDICINE",TABLET,18
AZITHROMYCIN,"CLINICAL NURSE SPECIALIST",TABLET,17
AZITHROMYCIN,"CHILD NEUROLOGY",TABLET,17
AZITHROMYCIN,"PEDIATRIC EMERGENCY MEDICINE",TABLET,16
AZITHROMYCIN,"PUBLIC HEALTH & GENERAL PREVENTIVE MEDICINE",TABLET,15
AZITHROMYCIN,GASTROENTEROLOGY,"SUSPENSION RECONSTITUTED",15
AZITHROMYCIN,"CLINICAL CARDIAC ELECTROPHYSIOLOGY",TABLET,14
AZITHROMYCIN,"PEDIATRIC HEMATOLOGY/ONCOLOGY","SUSPENSION RECONSTITUTED",14
AZITHROMYCIN,"PULMONARY DISEASE","SUSPENSION RECONSTITUTED",14
AZITHROMYCIN,"PEDIATRIC GASTROENTEROLOGY",TABLET,14
AZITHROMYCIN,"ADDICTION MEDICINE",TABLET,14
AZITHROMYCIN,"EMERGENCY MEDICAL SERVICES",TABLET,13
AZITHROMYCIN,"INFECTIOUS DISEASE","SUSPENSION RECONSTITUTED",13
AZITHROMYCIN,"ADOLESCENT MEDICINE (PEDIATRICS)","SUSPENSION RECONSTITUTED",13
AZITHROMYCIN,"PEDIATRIC EMERGENCY MEDICINE","SUSPENSION RECONSTITUTED",12
AZITHROMYCIN,"SPORTS MEDICINE (ORTHOPEDIC SURGERY)",TABLET,12
AZITHROMYCIN,DERMATOPATHOLOGY,TABLET,12
AZITHROMYCIN,"SPORTS MEDICINE (EMERGENCY MEDICINE)",TABLET,12
AZITHROMYCIN,UNSPECIFIED,TABLET,11
AZITHROMYCIN,"PULMONARY CRITICAL CARE MEDICINE","SUSPENSION RECONSTITUTED",11
AZITHROMYCIN,"HAND SURGERY",TABLET,11
AZITHROMYCIN,"EMERGENCY MEDICINE",PACK,11
AZITHROMYCIN,"PEDIATRIC CARDIOLOGY","SUSPENSION RECONSTITUTED",11
AZITHROMYCIN,"SURGICAL CRITICAL CARE (SURGERY)",TABLET,10
AZITHROMYCIN,"ADOLESCENT MEDICINE (INTERNAL MEDICINE)",TABLET,10
AZITHROMYCIN,"SLEEP MEDICINE","SUSPENSION RECONSTITUTED",10
AZITHROMYCIN,"PEDIATRIC ENDOCRINOLOGY",TABLET,10
AZITHROMYCIN,RADIOLOGY,TABLET,10
AZITHROMYCIN,"VASCULAR & INTERVENTIONAL RADIOLOGY",TABLET,9
AZITHROMYCIN,"PROCEDURAL DERMATOLOGY",TABLET,9
AZITHROMYCIN,"SURGICAL ONCOLOGY",TABLET,9
AZITHROMYCIN,"DERMATOLOGIC SURGERY",TABLET,9
AZITHROMYCIN,HOSPITALIST,"SUSPENSION RECONSTITUTED",9
AZITHROMYCIN,"PEDIATRIC CRITICAL CARE MEDICINE",TABLET,9
AZITHROMYCIN,"MEDICAL TOXICOLOGY (EMERGENCY MEDICINE)",TABLET,9
AZITHROMYCIN,"PEDIATRIC ENDOCRINOLOGY","SUSPENSION RECONSTITUTED",8
AZITHROMYCIN,"GERIATRIC MEDICINE (FAMILY MEDICINE)","SUSPENSION RECONSTITUTED",8
AZITHROMYCIN,"CLINICAL NEUROPHYSIOLOGY",TABLET,8
AZITHROMYCIN,"MATERNAL & FETAL MEDICINE",TABLET,8
AZITHROMYCIN,UROLOGY,PACK,8
AZITHROMYCIN,"PEDIATRIC INFECTIOUS DISEASE","SUSPENSION RECONSTITUTED",8
AZITHROMYCIN,"AEROSPACE MEDICINE",TABLET,8
AZITHROMYCIN,"NEUROTOLOGY (OTOLARYNGOLOGY)",TABLET,8
AZITHROMYCIN,"CHILD NEUROLOGY","SUSPENSION RECONSTITUTED",8
AZITHROMYCIN,NEURORADIOLOGY,TABLET,7
AZITHROMYCIN,OPTOMETRIST,"SUSPENSION RECONSTITUTED",7
AZITHROMYCIN,"PEDIATRIC NEPHROLOGY","SUSPENSION RECONSTITUTED",7
AZITHROMYCIN,"ADULT RECONSTRUCTIVE ORTHOPEDICS",TABLET,7
AZITHROMYCIN,"REGISTERED NURSE",TABLET,7
AZITHROMYCIN,"TRANSITIONAL YEAR",TABLET,7
AZITHROMYCIN,"PEDIATRIC ALLERGY",TABLET,7
AZITHROMYCIN,"GYNECOLOGICAL ONCOLOGY",TABLET,7
AZITHROMYCIN,"SPORTS MEDICINE (FAMILY MEDICINE)","SUSPENSION RECONSTITUTED",6
AZITHROMYCIN,"PSYCHIATRY/FAMILY MEDICINE",TABLET,6
AZITHROMYCIN,"NURSE MIDWIFE",PACK,6
AZITHROMYCIN,"OCCUPATIONAL MEDICINE","SUSPENSION RECONSTITUTED",6
AZITHROMYCIN,"CARDIOVASCULAR DISEASE","SUSPENSION RECONSTITUTED",6
AZITHROMYCIN,PHLEBOLOGY,TABLET,6
AZITHROMYCIN,"PEDIATRIC RHEUMATOLOGY",TABLET,6
AZITHROMYCIN,"GENERAL PRACTICE",PACK,6
AZITHROMYCIN,"PALLIATIVE MEDICINE",TABLET,6
AZITHROMYCIN,"PLASTIC SURGERY","SUSPENSION RECONSTITUTED",5
AZITHROMYCIN,"GERIATRIC PSYCHIATRY",TABLET,5
AZITHROMYCIN,,PACK,5
AZITHROMYCIN,"STUDENT, HEALTH CARE","SUSPENSION RECONSTITUTED",5
AZITHROMYCIN,"ORTHOPEDIC SURGERY OF THE SPINE",TABLET,5
AZITHROMYCIN,"VASCULAR NEUROLOGY",TABLET,5
AZITHROMYCIN,"HEAD & NECK SURGERY",TABLET,5
AZITHROMYCIN,"NATUROPATHIC DOCTOR","SUSPENSION RECONSTITUTED",5
AZITHROMYCIN,"PEDIATRIC RHEUMATOLOGY","SUSPENSION RECONSTITUTED",5
AZITHROMYCIN,"ORTHOPEDIC SURGERY","SUSPENSION RECONSTITUTED",5
AZITHROMYCIN,"PLASTIC SURGERY WITHIN THE HEAD & NECK (OTOLARYNGOLOGY)",TABLET,5
AZITHROMYCIN,"PEDIATRIC OTOLARYNGOLOGY",TABLET,5
AZITHROMYCIN,"NOT APPLICABLE",TABLET,5
AZITHROMYCIN,"CRITICAL CARE MEDICINE (EMERGENCY MEDICINE)",TABLET,5
AZITHROMYCIN,"GERIATRIC MEDICINE (INTERNAL MEDICINE)","SUSPENSION RECONSTITUTED",4
AZITHROMYCIN,NEUROLOGY,"SUSPENSION RECONSTITUTED",4
AZITHROMYCIN,"ADDICTION PSYCHIATRY",TABLET,4
AZITHROMYCIN,"PEDIATRIC NEPHROLOGY",TABLET,4
AZITHROMYCIN,"HAND SURGERY (ORTHOPEDICS)",TABLET,4
AZITHROMYCIN,OBSTETRICS,TABLET,4
AZITHROMYCIN,"CERTIFIED NURSE ANESTHETIST",TABLET,4
AZITHROMYCIN,DERMATOLOGY,PACK,4
AZITHROMYCIN,ANESTHESIOLOGY,"SUSPENSION RECONSTITUTED",4
AZITHROMYCIN,DENTISTRY/PROSTHODONTICS,TABLET,4
AZITHROMYCIN,IMMUNOLOGY,TABLET,4
AZITHROMYCIN,"CHILD & ADOLESCENT PSYCHIATRY","SUSPENSION RECONSTITUTED",4
AZITHROMYCIN,"INFECTIOUS DISEASE",PACK,4
AZITHROMYCIN,"GENERAL PREVENTIVE MEDICINE","SUSPENSION RECONSTITUTED",4
AZITHROMYCIN,"PEDIATRIC OPHTHALMOLOGY",TABLET,4
AZITHROMYCIN,"UNDERSEAS MEDICINE (PREVENTIVE MEDICINE)",TABLET,3
AZITHROMYCIN,"PUBLIC HEALTH & GENERAL PREVENTIVE MEDICINE","SUSPENSION RECONSTITUTED",3
AZITHROMYCIN,"OSTEOPATHIC MANIPULATIVE MEDICINE",TABLET,3
AZITHROMYCIN,"CRITICAL CARE MEDICINE (INTERNAL MEDICINE)","SUSPENSION RECONSTITUTED",3
AZITHROMYCIN,"TRAUMA SURGERY",TABLET,3
AZITHROMYCIN,"HOSPICE & PALLIATIVE MEDICINE (FAMILY MEDICINE)",TABLET,3
AZITHROMYCIN,"PHYSICAL THERAPY",TABLET,3
AZITHROMYCIN,"UNDERSEAS MEDICINE (EMERGENCY MEDICINE)",TABLET,3
AZITHROMYCIN,DENTISTRY/PEDODONTICS,TABLET,3
AZITHROMYCIN,"HOSPICE & PALLIATIVE MEDICINE","SUSPENSION RECONSTITUTED",3
AZITHROMYCIN,"SPORTS MEDICINE (PHYSICAL MEDICINE & REHABILITATION)",TABLET,3
AZITHROMYCIN,"PEDIATRIC SURGERY",TABLET,3
AZITHROMYCIN,DENTISTRY/PEDODONTICS,"SUSPENSION RECONSTITUTED",3
AZITHROMYCIN,"ENDOCRINOLOGY, DIABETES & METABOLISM","SUSPENSION RECONSTITUTED",3
AZITHROMYCIN,"INTERNAL MEDICINE/FAMILY MEDICINE","SUSPENSION RECONSTITUTED",3
AZITHROMYCIN,RHEUMATOLOGY,"SUSPENSION RECONSTITUTED",3
AZITHROMYCIN,NUTRITION,TABLET,3
AZITHROMYCIN,"PEDIATRIC UROLOGY",TABLET,3
AZITHROMYCIN,"NEUROMUSCULAR MEDICINE (NEUROLOGY)",TABLET,3
AZITHROMYCIN,"VASCULAR MEDICINE",TABLET,3
AZITHROMYCIN,"PHARMACEUTICAL MEDICINE",TABLET,3
AZITHROMYCIN,"CARDIOTHORACIC SURGERY",TABLET,3
AZITHROMYCIN,"ORTHOPEDIC TRAUMA",TABLET,3
AZITHROMYCIN,PODIATRIST,"SUSPENSION RECONSTITUTED",3
AZITHROMYCIN,"INTERNAL MEDICINE/PSYCHIATRY",TABLET,3
AZITHROMYCIN,"SPORTS MEDICINE (INTERNAL MEDICINE)",TABLET,3
AZITHROMYCIN,"ANATOMIC PATHOLOGY",TABLET,3
AZITHROMYCIN,"FEMALE PELVIC MEDICINE & RECONSTRUCTIVE SURGERY",TABLET,3
AZITHROMYCIN,"ANATOMIC/CLINICAL PATHOLOGY","SUSPENSION RECONSTITUTED",3
AZITHROMYCIN,"PEDIATRICS/EMERGENCY MEDICINE",TABLET,3
AZITHROMYCIN,PSYCHOLOGY,TABLET,3
AZITHROMYCIN,"PAIN MEDICINE (NEUROLOGY)",TABLET,3
AZITHROMYCIN,"CRITICAL CARE MEDICINE (NEUROLOGICAL SURGERY)",TABLET,3
AZITHROMYCIN,"ADVANCED REGISTERED NURSE","SUSPENSION RECONSTITUTED",2
AZITHROMYCIN,"NUCLEAR MEDICINE","SUSPENSION RECONSTITUTED",2
AZITHROMYCIN,"CLINICAL INFORMATICS (PATHOLOGY)",TABLET,2
AZITHROMYCIN,"PEDIATRIC SURGERY","SUSPENSION RECONSTITUTED",2
AZITHROMYCIN,"PEDIATRIC ANESTHESIOLOGY",TABLET,2
AZITHROMYCIN,OTOLARYNGOLOGY,PACK,2
AZITHROMYCIN,UROLOGY,"SUSPENSION RECONSTITUTED",2
AZITHROMYCIN,"SURGICAL CRITICAL CARE (SURGERY)","SUSPENSION RECONSTITUTED",2
AZITHROMYCIN,"PEDIATRIC DERMATOLOGY","SUSPENSION RECONSTITUTED",2
AZITHROMYCIN,"CLINICAL PATHOLOGY",TABLET,2
AZITHROMYCIN,"THORACIC SURGERY","SUSPENSION RECONSTITUTED",2
AZITHROMYCIN,OPTOMETRIST,PACK,2
AZITHROMYCIN,"ADULT CARDIOTHORACIC ANESTHESIOLOGY",TABLET,2
AZITHROMYCIN,"PEDIATRIC OTOLARYNGOLOGY","SUSPENSION RECONSTITUTED",2
AZITHROMYCIN,"INTERNAL MEDICINE/PREVENTIVE MEDICINE",TABLET,2
AZITHROMYCIN,DENTISTRY/ORTHODONTICS,TABLET,2
AZITHROMYCIN,"EMERGENCY MEDICAL SERVICES","SUSPENSION RECONSTITUTED",2
AZITHROMYCIN,"SPORTS MEDICINE (FAMILY MEDICINE)",PACK,2
AZITHROMYCIN,PSYCHIATRY,"SUSPENSION RECONSTITUTED",2
AZITHROMYCIN,"NEURODEVELOPMENTAL DISABILITIES (PEDIATRICS)",TABLET,2
AZITHROMYCIN,"REGISTERED DIETICIAN",TABLET,2
AZITHROMYCIN,"PEDIATRICS/EMERGENCY MEDICINE","SUSPENSION RECONSTITUTED",2
AZITHROMYCIN,GYNECOLOGY,PACK,2
AZITHROMYCIN,"DEVELOPMENTAL/BEHAVIORAL PEDIATRICS",TABLET,2
AZITHROMYCIN,"INTERNAL MEDICINE","SOLUTION RECONSTITUTED",2
AZITHROMYCIN,"MEDICAL GENETICS","SUSPENSION RECONSTITUTED",2
AZITHROMYCIN,"FORENSIC PSYCHIATRY",TABLET,2
AZITHROMYCIN,"DIAGNOSTIC RADIOLOGY","SUSPENSION RECONSTITUTED",2
AZITHROMYCIN,NEPHROLOGY,"SUSPENSION RECONSTITUTED",2
AZITHROMYCIN,"GENERAL SURGERY",PACK,2
AZITHROMYCIN,"ADVANCED HEART FAILURE & TRANSPLANT CARDIOLOGY",TABLET,2
AZITHROMYCIN,"INTERNAL MEDICINE/PEDIATRICS",PACK,2
AZITHROMYCIN,"PHARMACEUTICAL MEDICINE","SUSPENSION RECONSTITUTED",2
AZITHROMYCIN,"LICENSED PRACTICAL NURSE",TABLET,2
AZITHROMYCIN,GASTROENTEROLOGY,PACK,2
AZITHROMYCIN,"TRANSPLANT SURGERY",TABLET,2
AZITHROMYCIN,"CLINICAL SOCIAL WORKER",TABLET,2
AZITHROMYCIN,"NEUROLOGICAL SURGERY","SUSPENSION RECONSTITUTED",2
AZITHROMYCIN,"FACIAL PLASTIC SURGERY","SUSPENSION RECONSTITUTED",2
AZITHROMYCIN,"PHYSICAL MEDICINE & REHABILITATION","SUSPENSION RECONSTITUTED",2
AZITHROMYCIN,"CRITICAL CARE MEDICINE (ANESTHESIOLOGY)","SUSPENSION RECONSTITUTED",1
AZITHROMYCIN,OBSTETRICS,"SUSPENSION RECONSTITUTED",1
AZITHROMYCIN,"CLINICAL LABORATORY IMMUNOLOGY (ALLERGY & IMMUNOLOGY)",TABLET,1
AZITHROMYCIN,"NUCLEAR RADIOLOGY",TABLET,1
AZITHROMYCIN,PSYCHOANALYSIS,TABLET,1
AZITHROMYCIN,"REPRODUCTIVE ENDOCRINOLOGY & INFERTILITY","SUSPENSION RECONSTITUTED",1
AZITHROMYCIN,UNSPECIFIED,PACK,1
AZITHROMYCIN,"RADIATION ONCOLOGY","SUSPENSION RECONSTITUTED",1
AZITHROMYCIN,"REPRODUCTIVE ENDOCRINOLOGY & INFERTILITY",PACK,1
AZITHROMYCIN,UNSPECIFIED,"SUSPENSION RECONSTITUTED",1
AZITHROMYCIN,HEMATOLOGY/ONCOLOGY,"SUSPENSION RECONSTITUTED",1
AZITHROMYCIN,"MUSCULOSKELETAL ONCOLOGY",TABLET,1
AZITHROMYCIN,PODIATRIST,PACK,1
AZITHROMYCIN,"BLOOD BANKING/TRANSFUSION MEDICINE",TABLET,1
AZITHROMYCIN,HEPATOLOGY,TABLET,1
AZITHROMYCIN,"PLASTIC SURGERY WITHIN THE HEAD & NECK",TABLET,1
AZITHROMYCIN,"GERIATRIC PSYCHIATRY","SUSPENSION RECONSTITUTED",1
AZITHROMYCIN,"HOSPICE & PALLIATIVE MEDICINE (OBSTETRICS & GYNECOLOGY)",PACK,1
AZITHROMYCIN,"ADDICTION MEDICINE",PACK,1
AZITHROMYCIN,"CHILD ABUSE PEDIATRICS","SUSPENSION RECONSTITUTED",1
AZITHROMYCIN,"CLINICAL PHARMACOLOGY",TABLET,1
AZITHROMYCIN,DIABETES,TABLET,1
AZITHROMYCIN,"ORAL & MAXILLOFACIAL SURGERY","SUSPENSION RECONSTITUTED",1
AZITHROMYCIN,"REGISTERED NURSE","SUSPENSION RECONSTITUTED",1
AZITHROMYCIN,HEMATOLOGY/ONCOLOGY,PACK,1
AZITHROMYCIN,"PULMONARY DISEASE",PACK,1
AZITHROMYCIN,"TRANSPLANT HEPATOLOGY (INTERNAL MEDICINE)",TABLET,1
AZITHROMYCIN,"SPINAL CORD INJURY MEDICINE",TABLET,1
AZITHROMYCIN,"CARDIOVASCULAR SURGERY",TABLET,1
AZITHROMYCIN,"CRITICAL CARE MEDICINE (EMERGENCY MEDICINE)","SUSPENSION RECONSTITUTED",1
AZITHROMYCIN,"PEDIATRIC ALLERGY","SUSPENSION RECONSTITUTED",1
AZITHROMYCIN,"MEDICAL ONCOLOGY","SUSPENSION RECONSTITUTED",1
AZITHROMYCIN,"PAIN MEDICINE","SUSPENSION RECONSTITUTED",1
AZITHROMYCIN,"MEDICAL GENETICS",TABLET,1
AZITHROMYCIN,"DEVELOPMENTAL/BEHAVIORAL PEDIATRICS","SUSPENSION RECONSTITUTED",1
AZITHROMYCIN,"FORENSIC PATHOLOGY",TABLET,1
AZITHROMYCIN,"CLINICAL & LABORATORY IMMUNOLOGY (INTERNAL MEDICINE)",TABLET,1
AZITHROMYCIN,"SELECTIVE PATHOLOGY",TABLET,1
AZITHROMYCIN,HOSPITALIST,PACK,1
AZITHROMYCIN,"TRANSPLANT SURGERY","SUSPENSION RECONSTITUTED",1
AZITHROMYCIN,"HAND SURGERY (ORTHOPEDICS)","SUSPENSION RECONSTITUTED",1
AZITHROMYCIN,"PEDIATRIC RADIOLOGY",TABLET,1
AZITHROMYCIN,ALLERGY,"SUSPENSION RECONSTITUTED",1
AZITHROMYCIN,"PEDIATRICS/PSYCHIATRY/CHILD & ADOLESCENT PSYCHIATRY",TABLET,1
AZITHROMYCIN,"OSTEOPATHIC MANIPULATIVE MEDICINE",PACK,1
AZITHROMYCIN,"ADULT CARDIOTHORACIC ANESTHESIOLOGY","SUSPENSION RECONSTITUTED",1
AZITHROMYCIN,"BEHAVIORAL HEALTH & SOCIAL SERVICES",TABLET,1
AZITHROMYCIN,"MEDICAL TOXICOLOGY (PREVENTIVE MEDICINE)",TABLET,1
AZITHROMYCIN,"PEDIATRICS/PSYCHIATRY/CHILD & ADOLESCENT PSYCHIATRY","SUSPENSION RECONSTITUTED",1
AZITHROMYCIN,"CRITICAL CARE MEDICINE (ANESTHESIOLOGY)",TABLET,1
AZITHROMYCIN,"PALLIATIVE MEDICINE","SUSPENSION RECONSTITUTED",1
AZITHROMYCIN,"ABDOMINAL RADIOLOGY","SUSPENSION RECONSTITUTED",1
AZITHROMYCIN,"INTERNAL MEDICINE/EMERGENCY MEDICINE","SUSPENSION RECONSTITUTED",1
AZITHROMYCIN,"PEDIATRIC ENDOCRINOLOGY",PACK,1
AZITHROMYCIN,"LEGAL MEDICINE",TABLET,1
AZITHROMYCIN,"ANATOMIC/CLINICAL PATHOLOGY",PACK,1
AZITHROMYCIN,"MEDICAL MANAGEMENT",TABLET,1
AZITHROMYCIN,"HOSPICE & PALLIATIVE MEDICINE (PHYSICAL MEDICINE & REHABILITATION)",TABLET,1
AZITHROMYCIN,PROCTOLOGY,TABLET,1
AZITHROMYCIN,"FEMALE PELVIC MEDICINE & RECONSTRUCTIVE SURGERY (UROLOGY)",TABLET,1
AZITHROMYCIN,OPHTHALMOLOGY,PACK,1
AZITHROMYCIN,NEPHROLOGY,PACK,1
AZITHROMYCIN,"SPORTS MEDICINE (PEDIATRICS)",TABLET,1
AZITHROMYCIN,"GERIATRIC MEDICINE (INTERNAL MEDICINE)",PACK,1
AZITHROMYCIN,"OBSTETRIC ANESTHESIOLOGY",TABLET,1
AZITHROMYCIN,NEUROPATHOLOGY,"SUSPENSION RECONSTITUTED",1
AZITHROMYCIN,"TRANSITIONAL YEAR","SUSPENSION RECONSTITUTED",1
AZITHROMYCIN,"SPORTS MEDICINE (PEDIATRICS)","SUSPENSION RECONSTITUTED",1
AZITHROMYCIN,"PAIN MEDICINE (PHYSICAL MEDICINE & REHABILITATION)",TABLET,1
AZITHROMYCIN,"SURGICAL ONCOLOGY","SUSPENSION RECONSTITUTED",1
"AZITHROMYCIN (OPHTH)",OPHTHALMOLOGY,SOLUTION,124
"AZITHROMYCIN (OPHTH)",OPTOMETRIST,SOLUTION,31
"AZITHROMYCIN (OPHTH)","NURSE PRACTITIONER",SOLUTION,13
"AZITHROMYCIN (OPHTH)","FAMILY MEDICINE",SOLUTION,6
"AZITHROMYCIN (OPHTH)","PHYSICIAN ASSISTANT",SOLUTION,4
"AZITHROMYCIN (OPHTH)","INTERNAL MEDICINE",SOLUTION,3
"AZITHROMYCIN (OPHTH)",,SOLUTION,3
"AZITHROMYCIN (OPHTH)","INFECTIOUS DISEASE",SOLUTION,1
"AZITHROMYCIN (OPHTH)","NEUROLOGICAL SURGERY",SOLUTION,1
"AZITHROMYCIN (OPHTH)",GASTROENTEROLOGY,SOLUTION,1
"AZITHROMYCIN (OPHTH)",RHEUMATOLOGY,SOLUTION,1
AZTREONAM,"FAMILY MEDICINE","SOLUTION RECONSTITUTED",1
AZTREONAM,"INFECTIOUS DISEASE","SOLUTION RECONSTITUTED",1
AZTREONAM,UROLOGY,"SOLUTION RECONSTITUTED",1
AZTREONAM,"INTERNAL MEDICINE","SOLUTION RECONSTITUTED",1
"AZTREONAM LYSINE","PEDIATRIC PULMONOLOGY","SOLUTION RECONSTITUTED",6
"AZTREONAM LYSINE","PULMONARY CRITICAL CARE MEDICINE","SOLUTION RECONSTITUTED",5
"AZTREONAM LYSINE","NURSE PRACTITIONER","SOLUTION RECONSTITUTED",5
"AZTREONAM LYSINE","INTERNAL MEDICINE","SOLUTION RECONSTITUTED",2
"AZTREONAM LYSINE","INFECTIOUS DISEASE","SOLUTION RECONSTITUTED",1
"AZTREONAM LYSINE",PEDIATRICS,"SOLUTION RECONSTITUTED",1
"BACITRACIN (OPHTHALMIC)",OPHTHALMOLOGY,OINTMENT,328
"BACITRACIN (OPHTHALMIC)",OPTOMETRIST,OINTMENT,81
"BACITRACIN (OPHTHALMIC)","NURSE PRACTITIONER",OINTMENT,46
"BACITRACIN (OPHTHALMIC)","INTERNAL MEDICINE",OINTMENT,34
"BACITRACIN (OPHTHALMIC)","FAMILY MEDICINE",OINTMENT,24
"BACITRACIN (OPHTHALMIC)",PEDIATRICS,OINTMENT,22
"BACITRACIN (OPHTHALMIC)","PHYSICIAN ASSISTANT",OINTMENT,21
"BACITRACIN (OPHTHALMIC)","EMERGENCY MEDICINE",OINTMENT,20
"BACITRACIN (OPHTHALMIC)","PLASTIC SURGERY",OINTMENT,16
"BACITRACIN (OPHTHALMIC)",,OINTMENT,10
"BACITRACIN (OPHTHALMIC)",OTOLARYNGOLOGY,OINTMENT,9
"BACITRACIN (OPHTHALMIC)","FACIAL PLASTIC SURGERY",OINTMENT,5
"BACITRACIN (OPHTHALMIC)","INTERNAL MEDICINE/PEDIATRICS",OINTMENT,3
"BACITRACIN (OPHTHALMIC)","GENERAL SURGERY",OINTMENT,2
"BACITRACIN (OPHTHALMIC)","OBSTETRICS & GYNECOLOGY",OINTMENT,2
"BACITRACIN (OPHTHALMIC)",HOSPITALIST,OINTMENT,2
"BACITRACIN (OPHTHALMIC)","PHYSICAL MEDICINE & REHABILITATION",OINTMENT,2
"BACITRACIN (OPHTHALMIC)","PEDIATRIC OPHTHALMOLOGY",OINTMENT,2
"BACITRACIN (OPHTHALMIC)",DERMATOLOGY,OINTMENT,2
"BACITRACIN (OPHTHALMIC)","PULMONARY DISEASE",OINTMENT,2
"BACITRACIN (OPHTHALMIC)","PROCEDURAL DERMATOLOGY",OINTMENT,1
"BACITRACIN (OPHTHALMIC)","CARDIOVASCULAR DISEASE",OINTMENT,1
"BACITRACIN (OPHTHALMIC)","PEDIATRIC EMERGENCY MEDICINE (PEDIATRICS)",OINTMENT,1
"BACITRACIN (OPHTHALMIC)",GYNECOLOGY,OINTMENT,1
"BACITRACIN (OPHTHALMIC)","NATUROPATHIC DOCTOR",OINTMENT,1
"BACITRACIN (OPHTHALMIC)","GERIATRIC MEDICINE (INTERNAL MEDICINE)",OINTMENT,1
"BACITRACIN (OPHTHALMIC)",RHEUMATOLOGY,OINTMENT,1
"BACITRACIN (OPHTHALMIC)","INFECTIOUS DISEASE",OINTMENT,1
"BACITRACIN (OPHTHALMIC)","GENERAL PRACTICE",OINTMENT,1
"BACITRACIN (OPHTHALMIC)","PEDIATRIC OTOLARYNGOLOGY",OINTMENT,1
"BACITRACIN (OPHTHALMIC)","PEDIATRIC EMERGENCY MEDICINE",OINTMENT,1
"BACITRACIN-POLYMYXIN B (OPHTH)",OPHTHALMOLOGY,OINTMENT,142
"BACITRACIN-POLYMYXIN B (OPHTH)",OPTOMETRIST,OINTMENT,78
"BACITRACIN-POLYMYXIN B (OPHTH)","NURSE PRACTITIONER",OINTMENT,50
"BACITRACIN-POLYMYXIN B (OPHTH)","FAMILY MEDICINE",OINTMENT,34
"BACITRACIN-POLYMYXIN B (OPHTH)",PEDIATRICS,OINTMENT,33
"BACITRACIN-POLYMYXIN B (OPHTH)","INTERNAL MEDICINE",OINTMENT,27
"BACITRACIN-POLYMYXIN B (OPHTH)","PHYSICIAN ASSISTANT",OINTMENT,18
"BACITRACIN-POLYMYXIN B (OPHTH)","PLASTIC SURGERY",OINTMENT,11
"BACITRACIN-POLYMYXIN B (OPHTH)",,OINTMENT,7
"BACITRACIN-POLYMYXIN B (OPHTH)","EMERGENCY MEDICINE",OINTMENT,4
"BACITRACIN-POLYMYXIN B (OPHTH)",VETERINARIAN,OINTMENT,4
"BACITRACIN-POLYMYXIN B (OPHTH)","PEDIATRIC EMERGENCY MEDICINE (PEDIATRICS)",OINTMENT,2
"BACITRACIN-POLYMYXIN B (OPHTH)",DERMATOLOGY,OINTMENT,2
"BACITRACIN-POLYMYXIN B (OPHTH)",OTOLARYNGOLOGY,OINTMENT,2
"BACITRACIN-POLYMYXIN B (OPHTH)","PEDIATRIC EMERGENCY MEDICINE",OINTMENT,2
"BACITRACIN-POLYMYXIN B (OPHTH)","INTERNAL MEDICINE/PEDIATRICS",OINTMENT,2
"BACITRACIN-POLYMYXIN B (OPHTH)",UROLOGY,OINTMENT,1
"BACITRACIN-POLYMYXIN B (OPHTH)","DIAGNOSTIC RADIOLOGY",OINTMENT,1
"BACITRACIN-POLYMYXIN B (OPHTH)",ANESTHESIOLOGY,OINTMENT,1
"BACITRACIN-POLYMYXIN B (OPHTH)",DENTIST,OINTMENT,1
"BACITRACIN-POLYMYXIN B (OPHTH)","ALLERGY & IMMUNOLOGY",OINTMENT,1
"BACITRACIN-POLYMYXIN B (OPHTH)","CRITICAL CARE MEDICINE (ANESTHESIOLOGY)",OINTMENT,1
"BACITRACIN-POLYMYXIN B (OPHTH)","HOSPICE & PALLIATIVE MEDICINE",OINTMENT,1
"BACITRACIN-POLYMYXIN B (OPHTH)","PEDIATRIC CRITICAL CARE MEDICINE",OINTMENT,1
"BACITRACIN-POLYMYXIN B (OPHTH)","GENERAL PREVENTIVE MEDICINE",OINTMENT,1
"BACITRACIN-POLYMYXIN B (OPHTH)","CARDIOVASCULAR DISEASE",OINTMENT,1
"BACITRACIN-POLYMYXIN B (OPHTH)","PULMONARY CRITICAL CARE MEDICINE",OINTMENT,1
"BACITRACIN-POLYMYXIN B (OPHTH)",IMMUNOLOGY,OINTMENT,1
"BACITRACIN-POLYMYXIN B (OPHTH)","SPORTS MEDICINE (FAMILY MEDICINE)",OINTMENT,1
"BACITRACIN-POLYMYXIN B (OPHTH)","PEDIATRIC OPHTHALMOLOGY",OINTMENT,1
"BACITRACIN-POLYMYXIN B (OPHTH)","GENERAL PRACTICE",OINTMENT,1
"BACITRACIN-POLYMYXIN B (OPHTH)","ANATOMIC/CLINICAL PATHOLOGY",OINTMENT,1
"BESIFLOXACIN HCL",OPHTHALMOLOGY,SUSPENSION,1137
"BESIFLOXACIN HCL",OPTOMETRIST,SUSPENSION,153
"BESIFLOXACIN HCL","INTERNAL MEDICINE",SUSPENSION,7
"BESIFLOXACIN HCL","FAMILY MEDICINE",SUSPENSION,5
"BESIFLOXACIN HCL","PHYSICIAN ASSISTANT",SUSPENSION,3
"BESIFLOXACIN HCL",,SUSPENSION,3
"BESIFLOXACIN HCL",VETERINARIAN,SUSPENSION,2
"BESIFLOXACIN HCL","GERIATRIC MEDICINE (INTERNAL MEDICINE)",SUSPENSION,2
"BESIFLOXACIN HCL","EMERGENCY MEDICINE",SUSPENSION,2
"BESIFLOXACIN HCL",DERMATOLOGY,SUSPENSION,1
"BESIFLOXACIN HCL","NURSE PRACTITIONER",SUSPENSION,1
"BESIFLOXACIN HCL","NATUROPATHIC DOCTOR",SUSPENSION,1
"BESIFLOXACIN HCL","RETINAL SPECIALIST",SUSPENSION,1
"BESIFLOXACIN HCL",HOSPITALIST,SUSPENSION,1
"BUTOCONAZOLE NITRATE (ONE DOSE)","OBSTETRICS & GYNECOLOGY",CREAM,55
"BUTOCONAZOLE NITRATE (ONE DOSE)","NURSE PRACTITIONER",CREAM,19
"BUTOCONAZOLE NITRATE (ONE DOSE)",GYNECOLOGY,CREAM,4
"BUTOCONAZOLE NITRATE (ONE DOSE)","FAMILY MEDICINE",CREAM,3
"BUTOCONAZOLE NITRATE (ONE DOSE)","NURSE MIDWIFE",CREAM,2
CEFACLOR,"INTERNAL MEDICINE",CAPSULE,28
CEFACLOR,"FAMILY MEDICINE",CAPSULE,23
CEFACLOR,DENTIST,CAPSULE,9
CEFACLOR,"NURSE PRACTITIONER",CAPSULE,9
CEFACLOR,"PHYSICIAN ASSISTANT",CAPSULE,4
CEFACLOR,UROLOGY,CAPSULE,4
CEFACLOR,"INFECTIOUS DISEASE",CAPSULE,3
CEFACLOR,DERMATOLOGY,CAPSULE,3
CEFACLOR,"GENERAL PRACTICE",CAPSULE,2
CEFACLOR,OTOLARYNGOLOGY,CAPSULE,2
CEFACLOR,PEDIATRICS,CAPSULE,2
CEFACLOR,"ALLERGY & IMMUNOLOGY",CAPSULE,2
CEFACLOR,"PHYSICIAN ASSISTANT","SUSPENSION RECONSTITUTED",2
CEFACLOR,"OBSTETRICS & GYNECOLOGY",CAPSULE,2
CEFACLOR,NEPHROLOGY,CAPSULE,2
CEFACLOR,"EMERGENCY MEDICINE",CAPSULE,2
CEFACLOR,OPHTHALMOLOGY,CAPSULE,1
CEFACLOR,"NURSE PRACTITIONER","SUSPENSION RECONSTITUTED",1
CEFACLOR,GASTROENTEROLOGY,CAPSULE,1
CEFACLOR,GYNECOLOGY,CAPSULE,1
CEFACLOR,ANESTHESIOLOGY,CAPSULE,1
CEFACLOR,RADIOLOGY,CAPSULE,1
CEFACLOR,"GENERAL SURGERY",CAPSULE,1
CEFACLOR,OPTOMETRIST,CAPSULE,1
CEFACLOR,"INTERNAL MEDICINE/PEDIATRICS","SUSPENSION RECONSTITUTED",1
CEFACLOR,HOSPITALIST,CAPSULE,1
CEFACLOR,"STUDENT, HEALTH CARE",CAPSULE,1
CEFACLOR,"FAMILY MEDICINE","SUSPENSION RECONSTITUTED",1
"CEFACLOR MONOHYDRATE","PHYSICIAN ASSISTANT","TABLET SR 12 HR",1
"CEFACLOR MONOHYDRATE","INFECTIOUS DISEASE","TABLET SR 12 HR",1
CEFADROXIL,"PHYSICIAN ASSISTANT",CAPSULE,291
CEFADROXIL,"PLASTIC SURGERY",CAPSULE,245
CEFADROXIL,"FAMILY MEDICINE",CAPSULE,233
CEFADROXIL,DERMATOLOGY,CAPSULE,229
CEFADROXIL,"INTERNAL MEDICINE",CAPSULE,189
CEFADROXIL,PODIATRIST,CAPSULE,185
CEFADROXIL,PEDIATRICS,"SUSPENSION RECONSTITUTED",143
CEFADROXIL,"NURSE PRACTITIONER",CAPSULE,136
CEFADROXIL,"ORTHOPEDIC SURGERY",CAPSULE,136
CEFADROXIL,"GENERAL PRACTICE",CAPSULE,102
CEFADROXIL,"EMERGENCY MEDICINE",CAPSULE,93
CEFADROXIL,"INFECTIOUS DISEASE",CAPSULE,90
CEFADROXIL,"GENERAL SURGERY",CAPSULE,77
CEFADROXIL,UROLOGY,CAPSULE,76
CEFADROXIL,PEDIATRICS,CAPSULE,65
CEFADROXIL,OTOLARYNGOLOGY,CAPSULE,49
CEFADROXIL,"OBSTETRICS & GYNECOLOGY",CAPSULE,38
CEFADROXIL,"PHYSICIAN ASSISTANT","SUSPENSION RECONSTITUTED",27
CEFADROXIL,DENTIST,CAPSULE,24
CEFADROXIL,,CAPSULE,22
CEFADROXIL,"NURSE PRACTITIONER","SUSPENSION RECONSTITUTED",21
CEFADROXIL,"FACIAL PLASTIC SURGERY",CAPSULE,16
CEFADROXIL,"HAND SURGERY",CAPSULE,15
CEFADROXIL,"CARDIOVASCULAR DISEASE",CAPSULE,11
CEFADROXIL,"FAMILY MEDICINE","SUSPENSION RECONSTITUTED",11
CEFADROXIL,"PROCEDURAL DERMATOLOGY",CAPSULE,10
CEFADROXIL,OPHTHALMOLOGY,CAPSULE,10
CEFADROXIL,"PHYSICIAN ASSISTANT",TABLET,9
CEFADROXIL,HOSPITALIST,CAPSULE,7
CEFADROXIL,"ORAL & MAXILLOFACIAL SURGERY",CAPSULE,7
CEFADROXIL,"INFECTIOUS DISEASE",TABLET,7
CEFADROXIL,"INTERNAL MEDICINE/PEDIATRICS",CAPSULE,6
CEFADROXIL,"DERMATOLOGIC SURGERY",CAPSULE,6
CEFADROXIL,"PLASTIC SURGERY",TABLET,5
CEFADROXIL,PODIATRIST,"SUSPENSION RECONSTITUTED",5
CEFADROXIL,"NURSE PRACTITIONER",TABLET,5
CEFADROXIL,"VASCULAR SURGERY",CAPSULE,5
CEFADROXIL,"PAIN MEDICINE",CAPSULE,5
CEFADROXIL,"SPORTS MEDICINE (ORTHOPEDIC SURGERY)",CAPSULE,5
CEFADROXIL,"HAND SURGERY (ORTHOPEDICS)",CAPSULE,5
CEFADROXIL,ANESTHESIOLOGY,CAPSULE,5
CEFADROXIL,HEMATOLOGY/ONCOLOGY,CAPSULE,4
CEFADROXIL,"NEUROLOGICAL SURGERY",CAPSULE,4
CEFADROXIL,NEPHROLOGY,CAPSULE,4
CEFADROXIL,"FAMILY MEDICINE",TABLET,4
CEFADROXIL,"ORTHOPEDIC SURGERY",TABLET,4
CEFADROXIL,"GERIATRIC MEDICINE (INTERNAL MEDICINE)",CAPSULE,4
CEFADROXIL,"STUDENT, HEALTH CARE",CAPSULE,3
CEFADROXIL,"PEDIATRIC DERMATOLOGY",CAPSULE,3
CEFADROXIL,"EMERGENCY MEDICINE",TABLET,3
CEFADROXIL,"GENERAL PRACTICE","SUSPENSION RECONSTITUTED",3
CEFADROXIL,"SPORTS MEDICINE (FAMILY MEDICINE)",CAPSULE,3
CEFADROXIL,"EMERGENCY MEDICINE","SUSPENSION RECONSTITUTED",3
CEFADROXIL,DERMATOLOGY,"SUSPENSION RECONSTITUTED",3
CEFADROXIL,GYNECOLOGY,CAPSULE,3
CEFADROXIL,PEDIATRICS,TABLET,2
CEFADROXIL,"INTERNAL MEDICINE",TABLET,2
CEFADROXIL,"MEDICAL ONCOLOGY",CAPSULE,2
CEFADROXIL,"PEDIATRIC ORTHOPEDICS",CAPSULE,2
CEFADROXIL,GASTROENTEROLOGY,CAPSULE,2
CEFADROXIL,DERMATOPATHOLOGY,CAPSULE,2
CEFADROXIL,OTOLARYNGOLOGY,"SUSPENSION RECONSTITUTED",2
CEFADROXIL,RHEUMATOLOGY,CAPSULE,2
CEFADROXIL,DERMATOLOGY,TABLET,2
CEFADROXIL,"PULMONARY CRITICAL CARE MEDICINE",CAPSULE,2
CEFADROXIL,"INTERNAL MEDICINE","SUSPENSION RECONSTITUTED",2
CEFADROXIL,PODIATRIST,TABLET,2
CEFADROXIL,VETERINARIAN,"SUSPENSION RECONSTITUTED",1
CEFADROXIL,"INFECTIOUS DISEASE","SUSPENSION RECONSTITUTED",1
CEFADROXIL,"ADOLESCENT MEDICINE (PEDIATRICS)",CAPSULE,1
CEFADROXIL,"PEDIATRIC EMERGENCY MEDICINE (PEDIATRICS)","SUSPENSION RECONSTITUTED",1
CEFADROXIL,"ORTHOPEDIC TRAUMA",CAPSULE,1
CEFADROXIL,"FOOT & ANKLE, ORTHOPEDICS",CAPSULE,1
CEFADROXIL,"PEDIATRIC EMERGENCY MEDICINE",CAPSULE,1
CEFADROXIL,"PULMONARY DISEASE",CAPSULE,1
CEFADROXIL,"PEDIATRIC INFECTIOUS DISEASE","SUSPENSION RECONSTITUTED",1
CEFADROXIL,"HAND SURGERY (PLASTIC SURGERY)","SUSPENSION RECONSTITUTED",1
CEFADROXIL,"ENDOCRINOLOGY, DIABETES & METABOLISM",CAPSULE,1
CEFADROXIL,OTOLARYNGOLOGY,TABLET,1
CEFADROXIL,UROLOGY,TABLET,1
CEFADROXIL,"ALLERGY & IMMUNOLOGY","SUSPENSION RECONSTITUTED",1
CEFADROXIL,"GERIATRIC MEDICINE (INTERNAL MEDICINE)",TABLET,1
CEFADROXIL,"CRITICAL CARE MEDICINE (INTERNAL MEDICINE)",CAPSULE,1
CEFADROXIL,"PEDIATRIC CRITICAL CARE MEDICINE",CAPSULE,1
CEFADROXIL,"GERIATRIC PSYCHIATRY",CAPSULE,1
CEFADROXIL,OPTOMETRIST,CAPSULE,1
CEFADROXIL,UNSPECIFIED,CAPSULE,1
CEFADROXIL,"RADIATION ONCOLOGY",CAPSULE,1
CEFADROXIL,,"SUSPENSION RECONSTITUTED",1
CEFADROXIL,"PROCEDURAL DERMATOLOGY",TABLET,1
CEFADROXIL,"ENDOCRINOLOGY, DIABETES & METABOLISM",TABLET,1
CEFADROXIL,UROLOGY,"SUSPENSION RECONSTITUTED",1
CEFADROXIL,"PEDIATRICS/EMERGENCY MEDICINE",CAPSULE,1
CEFADROXIL,"OCCUPATIONAL MEDICINE",CAPSULE,1
CEFADROXIL,"PEDIATRIC DERMATOLOGY","SUSPENSION RECONSTITUTED",1
CEFADROXIL,"PEDIATRIC INFECTIOUS DISEASE",CAPSULE,1
CEFADROXIL,"PHYSICAL MEDICINE & REHABILITATION",CAPSULE,1
CEFADROXIL,"SURGICAL ONCOLOGY",CAPSULE,1
CEFADROXIL,"PEDIATRIC OTOLARYNGOLOGY",CAPSULE,1
CEFADROXIL,"PAIN MEDICINE (ANESTHESIOLOGY)",CAPSULE,1
CEFADROXIL,"ORAL & MAXILLOFACIAL SURGERY","SUSPENSION RECONSTITUTED",1
CEFADROXIL,NEUROLOGY,CAPSULE,1
CEFADROXIL,"PLASTIC SURGERY","SUSPENSION RECONSTITUTED",1
CEFADROXIL,"ADOLESCENT MEDICINE (PEDIATRICS)","SUSPENSION RECONSTITUTED",1
CEFADROXIL,DENTISTRY/PERIODONTICS,CAPSULE,1
CEFADROXIL,"ANATOMIC/CLINICAL PATHOLOGY",CAPSULE,1
CEFADROXIL,"OBSTETRICS & GYNECOLOGY","SUSPENSION RECONSTITUTED",1
CEFADROXIL,"PULMONARY DISEASE",TABLET,1
CEFADROXIL,"ADULT RECONSTRUCTIVE ORTHOPEDICS",CAPSULE,1
CEFADROXIL,,TABLET,1
"CEFAZOLIN SODIUM",NEPHROLOGY,"SOLUTION RECONSTITUTED",16
"CEFAZOLIN SODIUM","INTERNAL MEDICINE","SOLUTION RECONSTITUTED",8
"CEFAZOLIN SODIUM","PLASTIC SURGERY","SOLUTION RECONSTITUTED",5
"CEFAZOLIN SODIUM","INFECTIOUS DISEASE","SOLUTION RECONSTITUTED",4
"CEFAZOLIN SODIUM",HOSPITALIST,"SOLUTION RECONSTITUTED",3
"CEFAZOLIN SODIUM","FAMILY MEDICINE","SOLUTION RECONSTITUTED",2
"CEFAZOLIN SODIUM","ORTHOPEDIC SURGERY","SOLUTION RECONSTITUTED",1
"CEFAZOLIN SODIUM",VETERINARIAN,"SOLUTION RECONSTITUTED",1
"CEFAZOLIN SODIUM","PHYSICAL MEDICINE & REHABILITATION","SOLUTION RECONSTITUTED",1
"CEFAZOLIN SODIUM",,"SOLUTION RECONSTITUTED",1
"CEFAZOLIN SODIUM","GERIATRIC MEDICINE (INTERNAL MEDICINE)","SOLUTION RECONSTITUTED",1
"CEFAZOLIN SODIUM","ALLERGY & IMMUNOLOGY","SOLUTION RECONSTITUTED",1
"CEFAZOLIN SODIUM","NEUROLOGICAL SURGERY","SOLUTION RECONSTITUTED",1
"CEFAZOLIN SODIUM",OTOLARYNGOLOGY,"SOLUTION RECONSTITUTED",1
"CEFAZOLIN SODIUM","GENERAL PRACTICE","SOLUTION RECONSTITUTED",1
"CEFAZOLIN SODIUM IN SODIUM CHLORIDE","ORTHOPEDIC SURGERY","SOLUTION PREFILLED SYRINGE",1
"CEFAZOLIN SODIUM-DEXTROSE","INTERNAL MEDICINE",SOLUTION,2
"CEFAZOLIN SODIUM-DEXTROSE","FAMILY MEDICINE","SOLUTION RECONSTITUTED",1
"CEFAZOLIN SODIUM-DEXTROSE",HOSPITALIST,SOLUTION,1
"CEFAZOLIN SODIUM-DEXTROSE",,"SOLUTION RECONSTITUTED",1
"CEFAZOLIN SODIUM-DEXTROSE","INFECTIOUS DISEASE","SOLUTION RECONSTITUTED",1
CEFDINIR,PEDIATRICS,"SUSPENSION RECONSTITUTED",7373
CEFDINIR,"NURSE PRACTITIONER",CAPSULE,5446
CEFDINIR,"FAMILY MEDICINE",CAPSULE,5371
CEFDINIR,"NURSE PRACTITIONER","SUSPENSION RECONSTITUTED",4305
CEFDINIR,"PHYSICIAN ASSISTANT",CAPSULE,3004
CEFDINIR,"INTERNAL MEDICINE",CAPSULE,2352
CEFDINIR,"PHYSICIAN ASSISTANT","SUSPENSION RECONSTITUTED",1536
CEFDINIR,PEDIATRICS,CAPSULE,1361
CEFDINIR,"EMERGENCY MEDICINE",CAPSULE,1171
CEFDINIR,"FAMILY MEDICINE","SUSPENSION RECONSTITUTED",1147
CEFDINIR,OTOLARYNGOLOGY,CAPSULE,790
CEFDINIR,"EMERGENCY MEDICINE","SUSPENSION RECONSTITUTED",343
CEFDINIR,OTOLARYNGOLOGY,"SUSPENSION RECONSTITUTED",299
CEFDINIR,UROLOGY,CAPSULE,290
CEFDINIR,HOSPITALIST,CAPSULE,268
CEFDINIR,"INTERNAL MEDICINE","SUSPENSION RECONSTITUTED",182
CEFDINIR,"ALLERGY & IMMUNOLOGY",CAPSULE,151
CEFDINIR,"INTERNAL MEDICINE/PEDIATRICS",CAPSULE,150
CEFDINIR,"GENERAL PRACTICE",CAPSULE,135
CEFDINIR,,CAPSULE,125
CEFDINIR,"INFECTIOUS DISEASE",CAPSULE,120
CEFDINIR,"INTERNAL MEDICINE/PEDIATRICS","SUSPENSION RECONSTITUTED",117
CEFDINIR,"PULMONARY DISEASE",CAPSULE,106
CEFDINIR,DERMATOLOGY,CAPSULE,91
CEFDINIR,,"SUSPENSION RECONSTITUTED",73
CEFDINIR,PODIATRIST,CAPSULE,66
CEFDINIR,"GENERAL SURGERY",CAPSULE,63
CEFDINIR,"PEDIATRIC EMERGENCY MEDICINE (PEDIATRICS)","SUSPENSION RECONSTITUTED",63
CEFDINIR,NEPHROLOGY,CAPSULE,63
CEFDINIR,"PULMONARY CRITICAL CARE MEDICINE",CAPSULE,60
CEFDINIR,"OBSTETRICS & GYNECOLOGY",CAPSULE,56
CEFDINIR,"ALLERGY & IMMUNOLOGY","SUSPENSION RECONSTITUTED",44
CEFDINIR,"STUDENT, HEALTH CARE",CAPSULE,38
CEFDINIR,"PEDIATRIC PULMONOLOGY","SUSPENSION RECONSTITUTED",33
CEFDINIR,"GENERAL PRACTICE","SUSPENSION RECONSTITUTED",33
CEFDINIR,"GERIATRIC MEDICINE (INTERNAL MEDICINE)",CAPSULE,31
CEFDINIR,"CARDIOVASCULAR DISEASE",CAPSULE,30
CEFDINIR,DENTIST,CAPSULE,30
CEFDINIR,"PEDIATRIC OTOLARYNGOLOGY","SUSPENSION RECONSTITUTED",28
CEFDINIR,"SPORTS MEDICINE (FAMILY MEDICINE)",CAPSULE,24
CEFDINIR,"PEDIATRIC CRITICAL CARE MEDICINE","SUSPENSION RECONSTITUTED",22
CEFDINIR,"PEDIATRIC EMERGENCY MEDICINE","SUSPENSION RECONSTITUTED",22
CEFDINIR,"PLASTIC SURGERY",CAPSULE,21
CEFDINIR,"PEDIATRIC HEMATOLOGY/ONCOLOGY","SUSPENSION RECONSTITUTED",20
CEFDINIR,HEMATOLOGY/ONCOLOGY,CAPSULE,19
CEFDINIR,"NEONATAL-PERINATAL MEDICINE","SUSPENSION RECONSTITUTED",19
CEFDINIR,"GENERAL SURGERY","SUSPENSION RECONSTITUTED",18
CEFDINIR,"GERIATRIC MEDICINE (FAMILY MEDICINE)",CAPSULE,18
CEFDINIR,GASTROENTEROLOGY,CAPSULE,15
CEFDINIR,"STUDENT, HEALTH CARE","SUSPENSION RECONSTITUTED",15
CEFDINIR,"PEDIATRIC INFECTIOUS DISEASE","SUSPENSION RECONSTITUTED",14
CEFDINIR,HOSPITALIST,"SUSPENSION RECONSTITUTED",14
CEFDINIR,"SPORTS MEDICINE (FAMILY MEDICINE)","SUSPENSION RECONSTITUTED",13
CEFDINIR,ANESTHESIOLOGY,CAPSULE,12
CEFDINIR,"PEDIATRIC EMERGENCY MEDICINE (PEDIATRICS)",CAPSULE,12
CEFDINIR,PSYCHIATRY,CAPSULE,11
CEFDINIR,"PEDIATRIC PULMONOLOGY",CAPSULE,11
CEFDINIR,"PEDIATRIC NEPHROLOGY","SUSPENSION RECONSTITUTED",11
CEFDINIR,"PEDIATRIC HEMATOLOGY/ONCOLOGY",CAPSULE,11
CEFDINIR,RHEUMATOLOGY,CAPSULE,10
CEFDINIR,"ADVANCED REGISTERED NURSE","SUSPENSION RECONSTITUTED",10
CEFDINIR,"PHYSICAL MEDICINE & REHABILITATION",CAPSULE,10
CEFDINIR,DENTIST,"SUSPENSION RECONSTITUTED",10
CEFDINIR,"NEUROLOGICAL SURGERY",CAPSULE,9
CEFDINIR,NEUROLOGY,CAPSULE,9
CEFDINIR,DERMATOLOGY,"SUSPENSION RECONSTITUTED",9
CEFDINIR,"ENDOCRINOLOGY, DIABETES & METABOLISM",CAPSULE,8
CEFDINIR,"ADOLESCENT MEDICINE (PEDIATRICS)","SUSPENSION RECONSTITUTED",8
CEFDINIR,"INTERNAL MEDICINE/FAMILY MEDICINE",CAPSULE,8
CEFDINIR,"FACIAL PLASTIC SURGERY",CAPSULE,8
CEFDINIR,"INFECTIOUS DISEASE","SUSPENSION RECONSTITUTED",8
CEFDINIR,OPHTHALMOLOGY,CAPSULE,7
CEFDINIR,"CRITICAL CARE MEDICINE (INTERNAL MEDICINE)",CAPSULE,7
CEFDINIR,"MEDICAL ONCOLOGY",CAPSULE,7
CEFDINIR,"ORTHOPEDIC SURGERY",CAPSULE,7
CEFDINIR,"PEDIATRIC ENDOCRINOLOGY","SUSPENSION RECONSTITUTED",6
CEFDINIR,"CLINICAL NURSE SPECIALIST",CAPSULE,6
CEFDINIR,"ORAL & MAXILLOFACIAL SURGERY",CAPSULE,6
CEFDINIR,"ADVANCED REGISTERED NURSE",CAPSULE,6
CEFDINIR,"PEDIATRIC CARDIOLOGY","SUSPENSION RECONSTITUTED",6
CEFDINIR,"OCCUPATIONAL MEDICINE",CAPSULE,6
CEFDINIR,UROLOGY,"SUSPENSION RECONSTITUTED",6
CEFDINIR,"DIAGNOSTIC RADIOLOGY",CAPSULE,6
CEFDINIR,"CLINICAL NURSE SPECIALIST","SUSPENSION RECONSTITUTED",5
CEFDINIR,"PEDIATRIC EMERGENCY MEDICINE",CAPSULE,5
CEFDINIR,"GENERAL PREVENTIVE MEDICINE",CAPSULE,5
CEFDINIR,"PEDIATRIC UROLOGY","SUSPENSION RECONSTITUTED",5
CEFDINIR,"HEAD & NECK SURGERY",CAPSULE,5
CEFDINIR,"INTERNAL MEDICINE/FAMILY MEDICINE","SUSPENSION RECONSTITUTED",5
CEFDINIR,"CARDIOVASCULAR DISEASE","SUSPENSION RECONSTITUTED",5
CEFDINIR,ANESTHESIOLOGY,"SUSPENSION RECONSTITUTED",5
CEFDINIR,OPHTHALMOLOGY,"SUSPENSION RECONSTITUTED",5
CEFDINIR,"PEDIATRIC CRITICAL CARE MEDICINE",CAPSULE,5
CEFDINIR,"NATUROPATHIC DOCTOR",CAPSULE,4
CEFDINIR,"PHARMACEUTICAL MEDICINE",CAPSULE,4
CEFDINIR,PODIATRIST,"SUSPENSION RECONSTITUTED",4
CEFDINIR,"NEUROTOLOGY (OTOLARYNGOLOGY)",CAPSULE,4
CEFDINIR,"CHILD NEUROLOGY","SUSPENSION RECONSTITUTED",4
CEFDINIR,ALLERGY,CAPSULE,4
CEFDINIR,"OBSTETRICS & GYNECOLOGY","SUSPENSION RECONSTITUTED",4
CEFDINIR,"ORTHOPEDIC SURGERY","SUSPENSION RECONSTITUTED",4
CEFDINIR,"ADOLESCENT MEDICINE (PEDIATRICS)",CAPSULE,4
CEFDINIR,"PEDIATRIC INFECTIOUS DISEASE",CAPSULE,4
CEFDINIR,"DEVELOPMENTAL/BEHAVIORAL PEDIATRICS","SUSPENSION RECONSTITUTED",4
CEFDINIR,"PULMONARY DISEASE","SUSPENSION RECONSTITUTED",4
CEFDINIR,OPTOMETRIST,CAPSULE,4
CEFDINIR,UNSPECIFIED,CAPSULE,4
CEFDINIR,"PEDIATRIC GASTROENTEROLOGY","SUSPENSION RECONSTITUTED",3
CEFDINIR,HEMATOLOGY/ONCOLOGY,"SUSPENSION RECONSTITUTED",3
CEFDINIR,"FEMALE PELVIC MEDICINE & RECONSTRUCTIVE SURGERY (UROLOGY)",CAPSULE,3
CEFDINIR,GYNECOLOGY,CAPSULE,3
CEFDINIR,"HOSPICE & PALLIATIVE MEDICINE",CAPSULE,3
CEFDINIR,"GENERAL PREVENTIVE MEDICINE","SUSPENSION RECONSTITUTED",3
CEFDINIR,"PEDIATRICS/PSYCHIATRY/CHILD & ADOLESCENT PSYCHIATRY","SUSPENSION RECONSTITUTED",3
CEFDINIR,"ORAL & MAXILLOFACIAL SURGERY","SUSPENSION RECONSTITUTED",3
CEFDINIR,"GERIATRIC MEDICINE (INTERNAL MEDICINE)","SUSPENSION RECONSTITUTED",3
CEFDINIR,"ADULT RECONSTRUCTIVE ORTHOPEDICS",CAPSULE,2
CEFDINIR,"PLASTIC SURGERY WITHIN THE HEAD & NECK","SUSPENSION RECONSTITUTED",2
CEFDINIR,"PEDIATRIC OTOLARYNGOLOGY",CAPSULE,2
CEFDINIR,"CERTIFIED NURSE ANESTHETIST","SUSPENSION RECONSTITUTED",2
CEFDINIR,"PEDIATRIC ALLERGY",CAPSULE,2
CEFDINIR,RADIOLOGY,CAPSULE,2
CEFDINIR,"CRITICAL CARE MEDICINE (ANESTHESIOLOGY)",CAPSULE,2
CEFDINIR,"DERMATOLOGIC SURGERY",CAPSULE,2
CEFDINIR,"PEDIATRIC OPHTHALMOLOGY","SUSPENSION RECONSTITUTED",2
CEFDINIR,"MEDICAL TOXICOLOGY (EMERGENCY MEDICINE)","SUSPENSION RECONSTITUTED",2
CEFDINIR,"PLASTIC SURGERY WITHIN THE HEAD & NECK",CAPSULE,2
CEFDINIR,"CHILD & ADOLESCENT PSYCHIATRY",CAPSULE,2
CEFDINIR,"INTERNAL MEDICINE/EMERGENCY MEDICINE","SUSPENSION RECONSTITUTED",2
CEFDINIR,"NEURODEVELOPMENTAL DISABILITIES (PEDIATRICS)",CAPSULE,2
CEFDINIR,"INTERNAL MEDICINE/EMERGENCY MEDICINE",CAPSULE,2
CEFDINIR,UNSPECIFIED,"SUSPENSION RECONSTITUTED",2
CEFDINIR,"CHILD NEUROLOGY",CAPSULE,2
CEFDINIR,"VASCULAR SURGERY",CAPSULE,2
CEFDINIR,NEPHROLOGY,"SUSPENSION RECONSTITUTED",2
CEFDINIR,"MEDICAL TOXICOLOGY (EMERGENCY MEDICINE)",CAPSULE,2
CEFDINIR,"SLEEP MEDICINE","SUSPENSION RECONSTITUTED",2
CEFDINIR,"REGISTERED NURSE",CAPSULE,2
CEFDINIR,"FACIAL PLASTIC SURGERY","SUSPENSION RECONSTITUTED",2
CEFDINIR,"PEDIATRIC ENDOCRINOLOGY",CAPSULE,2
CEFDINIR,"PULMONARY CRITICAL CARE MEDICINE","SUSPENSION RECONSTITUTED",2
CEFDINIR,"THORACIC SURGERY",CAPSULE,2
CEFDINIR,"COLON & RECTAL SURGERY",CAPSULE,2
CEFDINIR,"NOT APPLICABLE",CAPSULE,2
CEFDINIR,"EMERGENCY MEDICAL SERVICES",CAPSULE,2
CEFDINIR,NEUROLOGY,"SUSPENSION RECONSTITUTED",2
CEFDINIR,"PEDIATRIC UROLOGY",CAPSULE,2
CEFDINIR,"NUCLEAR MEDICINE",CAPSULE,2
CEFDINIR,"OCCUPATIONAL MEDICINE","SUSPENSION RECONSTITUTED",2
CEFDINIR,"ORTHOPEDIC SURGERY OF THE SPINE","SUSPENSION RECONSTITUTED",2
CEFDINIR,"HOSPICE & PALLIATIVE MEDICINE","SUSPENSION RECONSTITUTED",2
CEFDINIR,"RADIATION ONCOLOGY",CAPSULE,2
CEFDINIR,NEURORADIOLOGY,"SUSPENSION RECONSTITUTED",1
CEFDINIR,"SLEEP MEDICINE",CAPSULE,1
CEFDINIR,"REPRODUCTIVE ENDOCRINOLOGY & INFERTILITY",CAPSULE,1
CEFDINIR,"NURSE MIDWIFE",CAPSULE,1
CEFDINIR,"PEDIATRIC CARDIOLOGY",CAPSULE,1
CEFDINIR,"PEDIATRIC ANESTHESIOLOGY",CAPSULE,1
CEFDINIR,"CLINICAL NEUROPHYSIOLOGY","SUSPENSION RECONSTITUTED",1
CEFDINIR,HEPATOLOGY,CAPSULE,1
CEFDINIR,"PSYCHIATRY/FAMILY MEDICINE",CAPSULE,1
CEFDINIR,"PEDIATRIC RHEUMATOLOGY","SUSPENSION RECONSTITUTED",1
CEFDINIR,"SURGICAL ONCOLOGY",CAPSULE,1
CEFDINIR,"NEONATAL-PERINATAL MEDICINE",CAPSULE,1
CEFDINIR,"CHILD & ADOLESCENT PSYCHIATRY","SUSPENSION RECONSTITUTED",1
CEFDINIR,"HAND SURGERY (ORTHOPEDICS)",CAPSULE,1
CEFDINIR,"SPORTS MEDICINE (INTERNAL MEDICINE)",CAPSULE,1
CEFDINIR,IMMUNOLOGY,CAPSULE,1
CEFDINIR,"SPORTS MEDICINE (PEDIATRICS)",CAPSULE,1
CEFDINIR,"PAIN MEDICINE (PHYSICAL MEDICINE & REHABILITATION)",CAPSULE,1
CEFDINIR,"NEUROTOLOGY (OTOLARYNGOLOGY)","SUSPENSION RECONSTITUTED",1
CEFDINIR,"EMERGENCY MEDICAL SERVICES","SUSPENSION RECONSTITUTED",1
CEFDINIR,"GERIATRIC MEDICINE (FAMILY MEDICINE)","SUSPENSION RECONSTITUTED",1
CEFDINIR,"PHYSICAL MEDICINE & REHABILITATION","SUSPENSION RECONSTITUTED",1
CEFDINIR,NUTRITION,CAPSULE,1
CEFDINIR,"ANATOMIC/CLINICAL PATHOLOGY","SUSPENSION RECONSTITUTED",1
CEFDINIR,"INTERVENTIONAL CARDIOLOGY",CAPSULE,1
CEFDINIR,"VASCULAR NEUROLOGY",CAPSULE,1
CEFDINIR,GASTROENTEROLOGY,"SUSPENSION RECONSTITUTED",1
CEFDINIR,"PEDIATRIC SURGERY",CAPSULE,1
CEFDINIR,"OSTEOPATHIC MANIPULATIVE MEDICINE",CAPSULE,1
CEFDINIR,RHEUMATOLOGY,"SUSPENSION RECONSTITUTED",1
CEFDINIR,"PAIN MEDICINE (ANESTHESIOLOGY)",CAPSULE,1
CEFDINIR,"MEDICAL MICROBIOLOGY",CAPSULE,1
CEFDINIR,"SURGICAL CRITICAL CARE (SURGERY)",CAPSULE,1
CEFDINIR,"PAIN MEDICINE",CAPSULE,1
CEFDINIR,"HAND SURGERY (PLASTIC SURGERY)","SUSPENSION RECONSTITUTED",1
CEFDINIR,"HAND SURGERY (SURGERY)","SUSPENSION RECONSTITUTED",1
CEFDINIR,"SPORTS MEDICINE (EMERGENCY MEDICINE)",CAPSULE,1
CEFDINIR,"PUBLIC HEALTH & GENERAL PREVENTIVE MEDICINE",CAPSULE,1
CEFDINIR,"VASCULAR SURGERY","SUSPENSION RECONSTITUTED",1
CEFDINIR,"CLINICAL LABORATORY IMMUNOLOGY (ALLERGY & IMMUNOLOGY)",CAPSULE,1
CEFDINIR,"PLASTIC SURGERY","SUSPENSION RECONSTITUTED",1
CEFDINIR,"PAIN MEDICINE (ANESTHESIOLOGY)","SUSPENSION RECONSTITUTED",1
CEFDINIR,"FEMALE PELVIC MEDICINE & RECONSTRUCTIVE SURGERY",CAPSULE,1
CEFDINIR,"HEAD & NECK SURGERY","SUSPENSION RECONSTITUTED",1
CEFDINIR,"PAIN MEDICINE","SUSPENSION RECONSTITUTED",1
CEFDINIR,"SPORTS MEDICINE (PEDIATRICS)","SUSPENSION RECONSTITUTED",1
CEFDINIR,"HEMATOLOGY (INTERNAL MEDICINE)",CAPSULE,1
CEFDINIR,"ADDICTION MEDICINE",CAPSULE,1
CEFDINIR,"DIAGNOSTIC RADIOLOGY","SUSPENSION RECONSTITUTED",1
CEFDINIR,"PEDIATRIC ALLERGY","SUSPENSION RECONSTITUTED",1
CEFDINIR,DIABETES,"SUSPENSION RECONSTITUTED",1
CEFDINIR,"SPORTS MEDICINE (ORTHOPEDIC SURGERY)",CAPSULE,1
CEFDINIR,"PEDIATRIC OPHTHALMOLOGY",CAPSULE,1
CEFDINIR,OBSTETRICS,"SUSPENSION RECONSTITUTED",1
CEFDINIR,"DEVELOPMENTAL/BEHAVIORAL PEDIATRICS",CAPSULE,1
CEFDINIR,"PEDIATRIC NEPHROLOGY",CAPSULE,1
CEFDINIR,"SPINAL CORD INJURY MEDICINE",CAPSULE,1
"CEFEPIME HCL","INFECTIOUS DISEASE","SOLUTION RECONSTITUTED",9
"CEFEPIME HCL","INTERNAL MEDICINE","SOLUTION RECONSTITUTED",8
"CEFEPIME HCL","FAMILY MEDICINE","SOLUTION RECONSTITUTED",6
"CEFEPIME HCL",NEPHROLOGY,"SOLUTION RECONSTITUTED",5
"CEFEPIME HCL",HOSPITALIST,"SOLUTION RECONSTITUTED",4
"CEFEPIME HCL","NEUROMUSCULAR MEDICINE (NEUROLOGY)","SOLUTION RECONSTITUTED",1
"CEFEPIME HCL","PHYSICAL MEDICINE & REHABILITATION","SOLUTION RECONSTITUTED",1
"CEFEPIME HCL","INTERNAL MEDICINE",SOLUTION,1
"CEFEPIME HCL","NURSE PRACTITIONER","SOLUTION RECONSTITUTED",1
"CEFEPIME HCL","EMERGENCY MEDICINE","SOLUTION RECONSTITUTED",1
"CEFEPIME HCL",,"SOLUTION RECONSTITUTED",1
"CEFEPIME HCL","PULMONARY DISEASE","SOLUTION RECONSTITUTED",1
"CEFEPIME HCL","GERIATRIC MEDICINE (INTERNAL MEDICINE)","SOLUTION RECONSTITUTED",1
"CEFEPIME HCL","ORTHOPEDIC SURGERY","SOLUTION RECONSTITUTED",1
"CEFEPIME HCL","GENERAL PRACTICE","SOLUTION RECONSTITUTED",1
"CEFEPIME HCL-DEXTROSE","FAMILY MEDICINE","SOLUTION RECONSTITUTED",3
CEFIXIME,"PHYSICIAN ASSISTANT",CAPSULE,104
CEFIXIME,"NURSE PRACTITIONER",CAPSULE,75
CEFIXIME,"FAMILY MEDICINE",CAPSULE,61
CEFIXIME,"INTERNAL MEDICINE",CAPSULE,54
CEFIXIME,PEDIATRICS,"SUSPENSION RECONSTITUTED",52
CEFIXIME,"NURSE PRACTITIONER","SUSPENSION RECONSTITUTED",42
CEFIXIME,"EMERGENCY MEDICINE",CAPSULE,24
CEFIXIME,UROLOGY,CAPSULE,21
CEFIXIME,"EMERGENCY MEDICINE","SUSPENSION RECONSTITUTED",15
CEFIXIME,"OBSTETRICS & GYNECOLOGY",CAPSULE,14
CEFIXIME,"PHYSICIAN ASSISTANT","SUSPENSION RECONSTITUTED",12
CEFIXIME,"FAMILY MEDICINE","SUSPENSION RECONSTITUTED",11
CEFIXIME,PEDIATRICS,CAPSULE,10
CEFIXIME,OTOLARYNGOLOGY,CAPSULE,9
CEFIXIME,PEDIATRICS,"TABLET CHEW",9
CEFIXIME,,CAPSULE,6
CEFIXIME,"GENERAL SURGERY",CAPSULE,5
CEFIXIME,"INFECTIOUS DISEASE",CAPSULE,4
CEFIXIME,"INTERNAL MEDICINE","SUSPENSION RECONSTITUTED",4
CEFIXIME,"PULMONARY DISEASE",CAPSULE,4
CEFIXIME,"PEDIATRIC HEMATOLOGY/ONCOLOGY","SUSPENSION RECONSTITUTED",3
CEFIXIME,HOSPITALIST,CAPSULE,3
CEFIXIME,OTOLARYNGOLOGY,"SUSPENSION RECONSTITUTED",2
CEFIXIME,"INTERNAL MEDICINE/PEDIATRICS","SUSPENSION RECONSTITUTED",2
CEFIXIME,"INTERNAL MEDICINE/PEDIATRICS",CAPSULE,2
CEFIXIME,"GENERAL PREVENTIVE MEDICINE",CAPSULE,2
CEFIXIME,GASTROENTEROLOGY,CAPSULE,2
CEFIXIME,"GYNECOLOGICAL ONCOLOGY","SUSPENSION RECONSTITUTED",1
CEFIXIME,"PEDIATRICS/EMERGENCY MEDICINE",CAPSULE,1
CEFIXIME,"ANATOMIC/CLINICAL PATHOLOGY",CAPSULE,1
CEFIXIME,"GENERAL PRACTICE","SUSPENSION RECONSTITUTED",1
CEFIXIME,"NEUROMUSCULAR MEDICINE (NEUROLOGY)",CAPSULE,1
CEFIXIME,PODIATRIST,CAPSULE,1
CEFIXIME,"HOSPICE & PALLIATIVE MEDICINE","TABLET CHEW",1
CEFIXIME,"PULMONARY CRITICAL CARE MEDICINE",CAPSULE,1
CEFIXIME,"NATUROPATHIC DOCTOR",CAPSULE,1
CEFIXIME,HOSPITALIST,"SUSPENSION RECONSTITUTED",1
CEFIXIME,"SLEEP MEDICINE",CAPSULE,1
CEFIXIME,"GYNECOLOGICAL ONCOLOGY",CAPSULE,1
CEFIXIME,"NURSE PRACTITIONER","TABLET CHEW",1
CEFIXIME,"GENERAL SURGERY","SUSPENSION RECONSTITUTED",1
CEFIXIME,"PHYSICIAN ASSISTANT","TABLET CHEW",1
CEFIXIME,"OBSTETRICS & GYNECOLOGY","SUSPENSION RECONSTITUTED",1
CEFIXIME,"OCCUPATIONAL MEDICINE","SUSPENSION RECONSTITUTED",1
CEFIXIME,"SPORTS MEDICINE (FAMILY MEDICINE)",CAPSULE,1
CEFIXIME,"ADOLESCENT MEDICINE (PEDIATRICS)","SUSPENSION RECONSTITUTED",1
CEFIXIME,"OBSTETRICS & GYNECOLOGY","TABLET CHEW",1
CEFIXIME,"PAIN MEDICINE (ANESTHESIOLOGY)",CAPSULE,1
CEFIXIME,"NURSE MIDWIFE",CAPSULE,1
CEFIXIME,"PEDIATRIC GASTROENTEROLOGY",CAPSULE,1
CEFIXIME,PSYCHIATRY,CAPSULE,1
CEFIXIME,"PEDIATRIC ENDOCRINOLOGY",CAPSULE,1
CEFIXIME,"CLINICAL CARDIAC ELECTROPHYSIOLOGY",CAPSULE,1
CEFIXIME,,"SUSPENSION RECONSTITUTED",1
CEFIXIME,RHEUMATOLOGY,CAPSULE,1
CEFIXIME,"CARDIOVASCULAR DISEASE",CAPSULE,1
CEFIXIME,UROLOGY,"TABLET CHEW",1
CEFIXIME,"ALLERGY & IMMUNOLOGY","SUSPENSION RECONSTITUTED",1
CEFIXIME,"INTERNAL MEDICINE","TABLET CHEW",1
CEFIXIME,"ORTHOPEDIC SURGERY","SUSPENSION RECONSTITUTED",1
CEFIXIME,"THORACIC SURGERY",CAPSULE,1
CEFIXIME,"GERIATRIC MEDICINE (INTERNAL MEDICINE)",CAPSULE,1
CEFIXIME,"ALLERGY & IMMUNOLOGY",CAPSULE,1
CEFIXIME,"PEDIATRIC OTOLARYNGOLOGY","SUSPENSION RECONSTITUTED",1
CEFIXIME,"STUDENT, HEALTH CARE","SUSPENSION RECONSTITUTED",1
"CEFOXITIN SODIUM","INFECTIOUS DISEASE","SOLUTION RECONSTITUTED",1
"CEFPODOXIME PROXETIL","INTERNAL MEDICINE",TABLET,317
"CEFPODOXIME PROXETIL","NURSE PRACTITIONER",TABLET,143
"CEFPODOXIME PROXETIL","PHYSICIAN ASSISTANT",TABLET,139
"CEFPODOXIME PROXETIL","FAMILY MEDICINE",TABLET,135
"CEFPODOXIME PROXETIL","EMERGENCY MEDICINE",TABLET,129
"CEFPODOXIME PROXETIL",UROLOGY,TABLET,89
"CEFPODOXIME PROXETIL",VETERINARIAN,TABLET,69
"CEFPODOXIME PROXETIL",HOSPITALIST,TABLET,57
"CEFPODOXIME PROXETIL",,TABLET,48
"CEFPODOXIME PROXETIL","INFECTIOUS DISEASE",TABLET,45
"CEFPODOXIME PROXETIL",NEPHROLOGY,TABLET,17
"CEFPODOXIME PROXETIL","PULMONARY CRITICAL CARE MEDICINE",TABLET,17
"CEFPODOXIME PROXETIL","STUDENT, HEALTH CARE",TABLET,13
"CEFPODOXIME PROXETIL","PULMONARY DISEASE",TABLET,12
"CEFPODOXIME PROXETIL","OBSTETRICS & GYNECOLOGY",TABLET,9
"CEFPODOXIME PROXETIL",HEMATOLOGY/ONCOLOGY,TABLET,9
"CEFPODOXIME PROXETIL","ALLERGY & IMMUNOLOGY",TABLET,9
"CEFPODOXIME PROXETIL","GERIATRIC MEDICINE (INTERNAL MEDICINE)",TABLET,9
"CEFPODOXIME PROXETIL",PEDIATRICS,TABLET,8
"CEFPODOXIME PROXETIL","CARDIOVASCULAR DISEASE",TABLET,7
"CEFPODOXIME PROXETIL",GASTROENTEROLOGY,TABLET,7
"CEFPODOXIME PROXETIL","INTERNAL MEDICINE/PEDIATRICS",TABLET,6
"CEFPODOXIME PROXETIL","GERIATRIC MEDICINE (FAMILY MEDICINE)",TABLET,5
"CEFPODOXIME PROXETIL","GENERAL PRACTICE",TABLET,4
"CEFPODOXIME PROXETIL",RHEUMATOLOGY,TABLET,3
"CEFPODOXIME PROXETIL","FAMILY MEDICINE","SUSPENSION RECONSTITUTED",3
"CEFPODOXIME PROXETIL","DIAGNOSTIC RADIOLOGY",TABLET,3
"CEFPODOXIME PROXETIL",PODIATRIST,TABLET,3
"CEFPODOXIME PROXETIL",OTOLARYNGOLOGY,TABLET,3
"CEFPODOXIME PROXETIL","MEDICAL TOXICOLOGY (EMERGENCY MEDICINE)",TABLET,2
"CEFPODOXIME PROXETIL","NEUROLOGICAL SURGERY",TABLET,2
"CEFPODOXIME PROXETIL",NEUROLOGY,TABLET,2
"CEFPODOXIME PROXETIL","PHYSICAL MEDICINE & REHABILITATION",TABLET,2
"CEFPODOXIME PROXETIL","SPORTS MEDICINE (FAMILY MEDICINE)",TABLET,2
"CEFPODOXIME PROXETIL","MEDICAL ONCOLOGY",TABLET,2
"CEFPODOXIME PROXETIL","ADVANCED REGISTERED NURSE",TABLET,2
"CEFPODOXIME PROXETIL","GENERAL SURGERY",TABLET,2
"CEFPODOXIME PROXETIL","ENDOCRINOLOGY, DIABETES & METABOLISM",TABLET,2
"CEFPODOXIME PROXETIL",PEDIATRICS,"SUSPENSION RECONSTITUTED",2
"CEFPODOXIME PROXETIL","ORTHOPEDIC SURGERY",TABLET,1
"CEFPODOXIME PROXETIL","NURSE PRACTITIONER","SUSPENSION RECONSTITUTED",1
"CEFPODOXIME PROXETIL","INTERNAL MEDICINE/EMERGENCY MEDICINE",TABLET,1
"CEFPODOXIME PROXETIL",PSYCHOLOGY,TABLET,1
"CEFPODOXIME PROXETIL","INTERNAL MEDICINE/PREVENTIVE MEDICINE",TABLET,1
"CEFPODOXIME PROXETIL","CLINICAL LABORATORY IMMUNOLOGY (ALLERGY & IMMUNOLOGY)",TABLET,1
"CEFPODOXIME PROXETIL",PSYCHIATRY,TABLET,1
"CEFPODOXIME PROXETIL","EMERGENCY MEDICINE","SUSPENSION RECONSTITUTED",1
"CEFPODOXIME PROXETIL","HEMATOLOGY (INTERNAL MEDICINE)",TABLET,1
"CEFPODOXIME PROXETIL","PLASTIC SURGERY",TABLET,1
"CEFPODOXIME PROXETIL",DERMATOLOGY,TABLET,1
"CEFPODOXIME PROXETIL","NURSE MIDWIFE",TABLET,1
"CEFPODOXIME PROXETIL","PALLIATIVE MEDICINE",TABLET,1
"CEFPODOXIME PROXETIL","PEDIATRIC EMERGENCY MEDICINE (PEDIATRICS)",TABLET,1
"CEFPODOXIME PROXETIL",ANESTHESIOLOGY,TABLET,1
"CEFPODOXIME PROXETIL","STUDENT, HEALTH CARE","SUSPENSION RECONSTITUTED",1
"CEFPODOXIME PROXETIL",OPTOMETRIST,TABLET,1
"CEFPODOXIME PROXETIL","PHYSICIAN ASSISTANT","SUSPENSION RECONSTITUTED",1
"CEFPODOXIME PROXETIL","VASCULAR SURGERY",TABLET,1
"CEFPODOXIME PROXETIL","INTERNAL MEDICINE","SUSPENSION RECONSTITUTED",1
"CEFPODOXIME PROXETIL","CRITICAL CARE MEDICINE (INTERNAL MEDICINE)",TABLET,1
"CEFPODOXIME PROXETIL","FEMALE PELVIC MEDICINE & RECONSTRUCTIVE SURGERY",TABLET,1
"CEFPODOXIME PROXETIL",DENTIST,TABLET,1
"CEFPODOXIME PROXETIL","ALLERGY & IMMUNOLOGY","SUSPENSION RECONSTITUTED",1
"CEFPODOXIME PROXETIL","GYNECOLOGICAL ONCOLOGY",TABLET,1
"CEFPODOXIME PROXETIL","TRANSITIONAL YEAR",TABLET,1
"CEFPODOXIME PROXETIL","CRITICAL CARE MEDICINE (NEUROLOGICAL SURGERY)",TABLET,1
CEFPROZIL,PEDIATRICS,"SUSPENSION RECONSTITUTED",585
CEFPROZIL,"FAMILY MEDICINE",TABLET,315
CEFPROZIL,"NURSE PRACTITIONER","SUSPENSION RECONSTITUTED",210
CEFPROZIL,PEDIATRICS,TABLET,157
CEFPROZIL,"NURSE PRACTITIONER",TABLET,151
CEFPROZIL,"FAMILY MEDICINE","SUSPENSION RECONSTITUTED",95
CEFPROZIL,"PHYSICIAN ASSISTANT",TABLET,75
CEFPROZIL,"PHYSICIAN ASSISTANT","SUSPENSION RECONSTITUTED",63
CEFPROZIL,"INTERNAL MEDICINE",TABLET,63
CEFPROZIL,OTOLARYNGOLOGY,TABLET,39
CEFPROZIL,OTOLARYNGOLOGY,"SUSPENSION RECONSTITUTED",28
CEFPROZIL,"EMERGENCY MEDICINE",TABLET,23
CEFPROZIL,"GENERAL PRACTICE",TABLET,22
CEFPROZIL,"EMERGENCY MEDICINE","SUSPENSION RECONSTITUTED",17
CEFPROZIL,"INTERNAL MEDICINE","SUSPENSION RECONSTITUTED",15
CEFPROZIL,"INTERNAL MEDICINE/PEDIATRICS","SUSPENSION RECONSTITUTED",9
CEFPROZIL,"GENERAL PRACTICE","SUSPENSION RECONSTITUTED",7
CEFPROZIL,"INTERNAL MEDICINE/PEDIATRICS",TABLET,6
CEFPROZIL,"ALLERGY & IMMUNOLOGY","SUSPENSION RECONSTITUTED",5
CEFPROZIL,"ALLERGY & IMMUNOLOGY",TABLET,5
CEFPROZIL,"PULMONARY DISEASE",TABLET,5
CEFPROZIL,"PEDIATRIC PULMONOLOGY","SUSPENSION RECONSTITUTED",3
CEFPROZIL,DENTIST,"SUSPENSION RECONSTITUTED",3
CEFPROZIL,"INTERNAL MEDICINE/FAMILY MEDICINE",TABLET,2
CEFPROZIL,"PEDIATRIC OTOLARYNGOLOGY","SUSPENSION RECONSTITUTED",2
CEFPROZIL,DENTIST,TABLET,2
CEFPROZIL,"PULMONARY CRITICAL CARE MEDICINE",TABLET,2
CEFPROZIL,"PEDIATRIC EMERGENCY MEDICINE (PEDIATRICS)","SUSPENSION RECONSTITUTED",2
CEFPROZIL,,TABLET,2
CEFPROZIL,"SPORTS MEDICINE (FAMILY MEDICINE)",TABLET,2
CEFPROZIL,"PEDIATRIC PULMONOLOGY",TABLET,2
CEFPROZIL,UROLOGY,TABLET,1
CEFPROZIL,NEUROLOGY,"SUSPENSION RECONSTITUTED",1
CEFPROZIL,"PEDIATRIC INFECTIOUS DISEASE","SUSPENSION RECONSTITUTED",1
CEFPROZIL,"ORTHOPEDIC SURGERY","SUSPENSION RECONSTITUTED",1
CEFPROZIL,"OBSTETRICS & GYNECOLOGY",TABLET,1
CEFPROZIL,"CARDIOVASCULAR DISEASE",TABLET,1
CEFPROZIL,HEMATOLOGY/ONCOLOGY,TABLET,1
CEFPROZIL,"GERIATRIC MEDICINE (INTERNAL MEDICINE)",TABLET,1
CEFPROZIL,"PEDIATRIC EMERGENCY MEDICINE","SUSPENSION RECONSTITUTED",1
CEFPROZIL,PODIATRIST,"SUSPENSION RECONSTITUTED",1
CEFPROZIL,"OBSTETRICS & GYNECOLOGY","SUSPENSION RECONSTITUTED",1
CEFPROZIL,HOSPITALIST,"SUSPENSION RECONSTITUTED",1
CEFPROZIL,"INFECTIOUS DISEASE",TABLET,1
CEFPROZIL,"GENERAL SURGERY",TABLET,1
CEFPROZIL,"NUCLEAR MEDICINE","SUSPENSION RECONSTITUTED",1
CEFPROZIL,"PEDIATRIC GASTROENTEROLOGY","SUSPENSION RECONSTITUTED",1
CEFPROZIL,"CHEMICAL PATHOLOGY","SUSPENSION RECONSTITUTED",1
CEFPROZIL,"INFECTIOUS DISEASE","SUSPENSION RECONSTITUTED",1
CEFPROZIL,ANESTHESIOLOGY,"SUSPENSION RECONSTITUTED",1
CEFPROZIL,"NATUROPATHIC DOCTOR",TABLET,1
CEFPROZIL,"FACIAL PLASTIC SURGERY",TABLET,1
CEFPROZIL,RHEUMATOLOGY,TABLET,1
CEFPROZIL,NEPHROLOGY,TABLET,1
"CEFTAROLINE FOSAMIL","FAMILY MEDICINE","SOLUTION RECONSTITUTED",2
"CEFTAROLINE FOSAMIL","INTERNAL MEDICINE","SOLUTION RECONSTITUTED",1
CEFTAZIDIME,NEPHROLOGY,"SOLUTION RECONSTITUTED",54
CEFTAZIDIME,"FAMILY MEDICINE","SOLUTION RECONSTITUTED",5
CEFTAZIDIME,"INFECTIOUS DISEASE","SOLUTION RECONSTITUTED",3
CEFTAZIDIME,"INTERNAL MEDICINE","SOLUTION RECONSTITUTED",2
CEFTAZIDIME,"NURSE PRACTITIONER","SOLUTION RECONSTITUTED",1
CEFTAZIDIME,"CRITICAL CARE MEDICINE (INTERNAL MEDICINE)","SOLUTION RECONSTITUTED",1
CEFTAZIDIME,"PHYSICIAN ASSISTANT","SOLUTION RECONSTITUTED",1
"CEFTRIAXONE SODIUM","FAMILY MEDICINE","SOLUTION RECONSTITUTED",119
"CEFTRIAXONE SODIUM","INTERNAL MEDICINE","SOLUTION RECONSTITUTED",94
"CEFTRIAXONE SODIUM","NURSE PRACTITIONER","SOLUTION RECONSTITUTED",72
"CEFTRIAXONE SODIUM","OBSTETRICS & GYNECOLOGY","SOLUTION RECONSTITUTED",50
"CEFTRIAXONE SODIUM",PEDIATRICS,"SOLUTION RECONSTITUTED",43
"CEFTRIAXONE SODIUM","GENERAL PRACTICE","SOLUTION RECONSTITUTED",36
"CEFTRIAXONE SODIUM","PHYSICIAN ASSISTANT","SOLUTION RECONSTITUTED",25
"CEFTRIAXONE SODIUM","INFECTIOUS DISEASE","SOLUTION RECONSTITUTED",23
"CEFTRIAXONE SODIUM",UROLOGY,"SOLUTION RECONSTITUTED",19
"CEFTRIAXONE SODIUM",,"SOLUTION RECONSTITUTED",8
"CEFTRIAXONE SODIUM",OTOLARYNGOLOGY,"SOLUTION RECONSTITUTED",6
"CEFTRIAXONE SODIUM","GERIATRIC MEDICINE (INTERNAL MEDICINE)","SOLUTION RECONSTITUTED",5
"CEFTRIAXONE SODIUM",DENTIST,"SOLUTION RECONSTITUTED",4
"CEFTRIAXONE SODIUM",PODIATRIST,"SOLUTION RECONSTITUTED",4
"CEFTRIAXONE SODIUM","EMERGENCY MEDICINE","SOLUTION RECONSTITUTED",4
"CEFTRIAXONE SODIUM",HOSPITALIST,"SOLUTION RECONSTITUTED",4
"CEFTRIAXONE SODIUM",NEPHROLOGY,"SOLUTION RECONSTITUTED",3
"CEFTRIAXONE SODIUM","GENERAL SURGERY","SOLUTION RECONSTITUTED",3
"CEFTRIAXONE SODIUM","PULMONARY DISEASE","SOLUTION RECONSTITUTED",2
"CEFTRIAXONE SODIUM","GENERAL PREVENTIVE MEDICINE","SOLUTION RECONSTITUTED",2
"CEFTRIAXONE SODIUM","STUDENT, HEALTH CARE","SOLUTION RECONSTITUTED",2
"CEFTRIAXONE SODIUM","ORTHOPEDIC SURGERY","SOLUTION RECONSTITUTED",2
"CEFTRIAXONE SODIUM","PHYSICAL MEDICINE & REHABILITATION","SOLUTION RECONSTITUTED",2
"CEFTRIAXONE SODIUM",PSYCHIATRY,"SOLUTION RECONSTITUTED",2
"CEFTRIAXONE SODIUM","NURSE MIDWIFE","SOLUTION RECONSTITUTED",2
"CEFTRIAXONE SODIUM","ORAL & MAXILLOFACIAL SURGERY","SOLUTION RECONSTITUTED",1
"CEFTRIAXONE SODIUM","DIAGNOSTIC RADIOLOGY","SOLUTION RECONSTITUTED",1
"CEFTRIAXONE SODIUM","PLASTIC SURGERY","SOLUTION RECONSTITUTED",1
"CEFTRIAXONE SODIUM","HOSPICE & PALLIATIVE MEDICINE (EMERGENCY MEDICINE)","SOLUTION RECONSTITUTED",1
"CEFTRIAXONE SODIUM","INTERNAL MEDICINE/PEDIATRICS","SOLUTION RECONSTITUTED",1
"CEFTRIAXONE SODIUM","GERIATRIC MEDICINE (FAMILY MEDICINE)","SOLUTION RECONSTITUTED",1
"CEFTRIAXONE SODIUM",RHEUMATOLOGY,"SOLUTION RECONSTITUTED",1
"CEFTRIAXONE SODIUM","ADOLESCENT MEDICINE (PEDIATRICS)","SOLUTION RECONSTITUTED",1
"CEFTRIAXONE SODIUM AND DEXTROSE","FAMILY MEDICINE","SOLUTION RECONSTITUTED",3
"CEFTRIAXONE SODIUM AND DEXTROSE","INTERNAL MEDICINE","SOLUTION RECONSTITUTED",1
"CEFTRIAXONE SODIUM AND DEXTROSE","GENERAL PRACTICE","SOLUTION RECONSTITUTED",1
"CEFTRIAXONE SODIUM AND DEXTROSE","GERIATRIC MEDICINE (INTERNAL MEDICINE)","SOLUTION RECONSTITUTED",1
"CEFUROXIME AXETIL","FAMILY MEDICINE",TABLET,2579
"CEFUROXIME AXETIL","INTERNAL MEDICINE",TABLET,2338
"CEFUROXIME AXETIL","NURSE PRACTITIONER",TABLET,1414
"CEFUROXIME AXETIL","PHYSICIAN ASSISTANT",TABLET,1090
"CEFUROXIME AXETIL","EMERGENCY MEDICINE",TABLET,528
"CEFUROXIME AXETIL",UROLOGY,TABLET,503
"CEFUROXIME AXETIL",OTOLARYNGOLOGY,TABLET,499
"CEFUROXIME AXETIL","PULMONARY DISEASE",TABLET,177
"CEFUROXIME AXETIL",HOSPITALIST,TABLET,159
"CEFUROXIME AXETIL",PEDIATRICS,TABLET,113
"CEFUROXIME AXETIL","INFECTIOUS DISEASE",TABLET,106
"CEFUROXIME AXETIL","GENERAL PRACTICE",TABLET,92
"CEFUROXIME AXETIL","OBSTETRICS & GYNECOLOGY",TABLET,86
"CEFUROXIME AXETIL",DERMATOLOGY,TABLET,81
"CEFUROXIME AXETIL","PULMONARY CRITICAL CARE MEDICINE",TABLET,69
"CEFUROXIME AXETIL","ALLERGY & IMMUNOLOGY",TABLET,66
"CEFUROXIME AXETIL",,TABLET,58
"CEFUROXIME AXETIL","GERIATRIC MEDICINE (INTERNAL MEDICINE)",TABLET,50
"CEFUROXIME AXETIL",NEPHROLOGY,TABLET,49
"CEFUROXIME AXETIL","CARDIOVASCULAR DISEASE",TABLET,47
"CEFUROXIME AXETIL","GENERAL SURGERY",TABLET,36
"CEFUROXIME AXETIL","INTERNAL MEDICINE/PEDIATRICS",TABLET,35
"CEFUROXIME AXETIL",DENTIST,TABLET,31
"CEFUROXIME AXETIL","PLASTIC SURGERY",TABLET,25
"CEFUROXIME AXETIL",RHEUMATOLOGY,TABLET,22
"CEFUROXIME AXETIL",PODIATRIST,TABLET,21
"CEFUROXIME AXETIL",HEMATOLOGY/ONCOLOGY,TABLET,16
"CEFUROXIME AXETIL","STUDENT, HEALTH CARE",TABLET,15
"CEFUROXIME AXETIL",OPHTHALMOLOGY,TABLET,15
"CEFUROXIME AXETIL","GERIATRIC MEDICINE (FAMILY MEDICINE)",TABLET,14
"CEFUROXIME AXETIL","ORTHOPEDIC SURGERY",TABLET,12
"CEFUROXIME AXETIL",GASTROENTEROLOGY,TABLET,11
"CEFUROXIME AXETIL","CRITICAL CARE MEDICINE (INTERNAL MEDICINE)",TABLET,8
"CEFUROXIME AXETIL","NATUROPATHIC DOCTOR",TABLET,8
"CEFUROXIME AXETIL","SPORTS MEDICINE (FAMILY MEDICINE)",TABLET,7
"CEFUROXIME AXETIL","OCCUPATIONAL MEDICINE",TABLET,7
"CEFUROXIME AXETIL","SLEEP MEDICINE",TABLET,6
"CEFUROXIME AXETIL","PHYSICAL MEDICINE & REHABILITATION",TABLET,6
"CEFUROXIME AXETIL","FACIAL PLASTIC SURGERY",TABLET,6
"CEFUROXIME AXETIL","MEDICAL ONCOLOGY",TABLET,6
"CEFUROXIME AXETIL","ORAL & MAXILLOFACIAL SURGERY",TABLET,5
"CEFUROXIME AXETIL","ENDOCRINOLOGY, DIABETES & METABOLISM",TABLET,5
"CEFUROXIME AXETIL",ANESTHESIOLOGY,TABLET,5
"CEFUROXIME AXETIL","FEMALE PELVIC MEDICINE & RECONSTRUCTIVE SURGERY (UROLOGY)",TABLET,4
"CEFUROXIME AXETIL","GENERAL PREVENTIVE MEDICINE",TABLET,4
"CEFUROXIME AXETIL","NURSE PRACTITIONER","SUSPENSION RECONSTITUTED",4
"CEFUROXIME AXETIL",NEUROLOGY,TABLET,4
"CEFUROXIME AXETIL","NEUROTOLOGY (OTOLARYNGOLOGY)",TABLET,4
"CEFUROXIME AXETIL",PSYCHIATRY,TABLET,4
"CEFUROXIME AXETIL",ALLERGY,TABLET,4
"CEFUROXIME AXETIL",GYNECOLOGY,TABLET,3
"CEFUROXIME AXETIL","HEMATOLOGY (INTERNAL MEDICINE)",TABLET,3
"CEFUROXIME AXETIL","FEMALE PELVIC MEDICINE & RECONSTRUCTIVE SURGERY",TABLET,3
"CEFUROXIME AXETIL","THORACIC SURGERY",TABLET,3
"CEFUROXIME AXETIL","PAIN MEDICINE",TABLET,3
"CEFUROXIME AXETIL","INTERNAL MEDICINE/FAMILY MEDICINE",TABLET,3
"CEFUROXIME AXETIL",PEDIATRICS,"SUSPENSION RECONSTITUTED",3
"CEFUROXIME AXETIL",OPTOMETRIST,TABLET,2
"CEFUROXIME AXETIL","RADIATION ONCOLOGY",TABLET,2
"CEFUROXIME AXETIL","NURSE MIDWIFE",TABLET,2
"CEFUROXIME AXETIL","ADOLESCENT MEDICINE (PEDIATRICS)",TABLET,2
"CEFUROXIME AXETIL","PEDIATRIC OTOLARYNGOLOGY",TABLET,2
"CEFUROXIME AXETIL","INTERNAL MEDICINE/EMERGENCY MEDICINE",TABLET,2
"CEFUROXIME AXETIL","NEUROLOGICAL SURGERY",TABLET,2
"CEFUROXIME AXETIL","PHYSICIAN ASSISTANT","SUSPENSION RECONSTITUTED",2
"CEFUROXIME AXETIL","FAMILY MEDICINE","SUSPENSION RECONSTITUTED",2
"CEFUROXIME AXETIL","ORTHOPEDIC SURGERY OF THE SPINE",TABLET,2
"CEFUROXIME AXETIL","VASCULAR & INTERVENTIONAL RADIOLOGY",TABLET,1
"CEFUROXIME AXETIL","PLASTIC SURGERY WITHIN THE HEAD & NECK (OTOLARYNGOLOGY)",TABLET,1
"CEFUROXIME AXETIL","FORENSIC PSYCHIATRY",TABLET,1
"CEFUROXIME AXETIL",IMMUNOLOGY,TABLET,1
"CEFUROXIME AXETIL",DERMATOPATHOLOGY,TABLET,1
"CEFUROXIME AXETIL","PSYCHIATRY/FAMILY MEDICINE",TABLET,1
"CEFUROXIME AXETIL","ANATOMIC PATHOLOGY",TABLET,1
"CEFUROXIME AXETIL","PEDIATRIC CARDIOLOGY","SUSPENSION RECONSTITUTED",1
"CEFUROXIME AXETIL","EMERGENCY MEDICAL SERVICES",TABLET,1
"CEFUROXIME AXETIL","ADDICTION MEDICINE",TABLET,1
"CEFUROXIME AXETIL","UNDERSEAS MEDICINE (EMERGENCY MEDICINE)",TABLET,1
"CEFUROXIME AXETIL","PAIN MEDICINE (ANESTHESIOLOGY)",TABLET,1
"CEFUROXIME AXETIL","COLON & RECTAL SURGERY",TABLET,1
"CEFUROXIME AXETIL","REPRODUCTIVE ENDOCRINOLOGY & INFERTILITY",TABLET,1
"CEFUROXIME AXETIL","HAND SURGERY (SURGERY)",TABLET,1
"CEFUROXIME AXETIL","MEDICAL TOXICOLOGY (EMERGENCY MEDICINE)",TABLET,1
"CEFUROXIME AXETIL","CLINICAL NURSE SPECIALIST",TABLET,1
"CEFUROXIME AXETIL","HOSPICE & PALLIATIVE MEDICINE",TABLET,1
"CEFUROXIME AXETIL","PEDIATRIC PULMONOLOGY",TABLET,1
"CEFUROXIME AXETIL",HEPATOLOGY,TABLET,1
"CEFUROXIME AXETIL","VASCULAR SURGERY",TABLET,1
"CEFUROXIME AXETIL","CHILD & ADOLESCENT PSYCHIATRY",TABLET,1
"CEFUROXIME AXETIL","INTERVENTIONAL CARDIOLOGY",TABLET,1
"CEFUROXIME AXETIL",PROCTOLOGY,TABLET,1
"CEFUROXIME AXETIL","PEDIATRIC SURGERY",TABLET,1
"CEFUROXIME AXETIL","MATERNAL & FETAL MEDICINE",TABLET,1
CEPHALEXIN,"NURSE PRACTITIONER",CAPSULE,12124
CEPHALEXIN,"FAMILY MEDICINE",CAPSULE,12029
CEPHALEXIN,"PHYSICIAN ASSISTANT",CAPSULE,11260
CEPHALEXIN,"EMERGENCY MEDICINE",CAPSULE,7506
CEPHALEXIN,"INTERNAL MEDICINE",CAPSULE,5693
CEPHALEXIN,DENTIST,CAPSULE,3241
CEPHALEXIN,PEDIATRICS,"SUSPENSION RECONSTITUTED",3074
CEPHALEXIN,UROLOGY,CAPSULE,2562
CEPHALEXIN,DERMATOLOGY,CAPSULE,2561
CEPHALEXIN,PODIATRIST,CAPSULE,2185
CEPHALEXIN,"PLASTIC SURGERY",CAPSULE,1913
CEPHALEXIN,"OBSTETRICS & GYNECOLOGY",CAPSULE,1829
CEPHALEXIN,"NURSE PRACTITIONER","SUSPENSION RECONSTITUTED",1797
CEPHALEXIN,"ORTHOPEDIC SURGERY",CAPSULE,1642
CEPHALEXIN,PEDIATRICS,CAPSULE,1510
CEPHALEXIN,"PHYSICIAN ASSISTANT","SUSPENSION RECONSTITUTED",1126
CEPHALEXIN,OTOLARYNGOLOGY,CAPSULE,904
CEPHALEXIN,"GENERAL SURGERY",CAPSULE,898
CEPHALEXIN,,CAPSULE,865
CEPHALEXIN,VETERINARIAN,CAPSULE,730
CEPHALEXIN,"FAMILY MEDICINE","SUSPENSION RECONSTITUTED",695
CEPHALEXIN,"GENERAL PRACTICE",CAPSULE,609
CEPHALEXIN,"INFECTIOUS DISEASE",CAPSULE,494
CEPHALEXIN,"EMERGENCY MEDICINE","SUSPENSION RECONSTITUTED",478
CEPHALEXIN,OPTOMETRIST,CAPSULE,411
CEPHALEXIN,OPHTHALMOLOGY,CAPSULE,381
CEPHALEXIN,NEPHROLOGY,CAPSULE,299
CEPHALEXIN,"ORAL & MAXILLOFACIAL SURGERY",CAPSULE,291
CEPHALEXIN,"CARDIOVASCULAR DISEASE",CAPSULE,289
CEPHALEXIN,HOSPITALIST,CAPSULE,287
CEPHALEXIN,"INTERNAL MEDICINE/PEDIATRICS",CAPSULE,247
CEPHALEXIN,"SPORTS MEDICINE (ORTHOPEDIC SURGERY)",CAPSULE,178
CEPHALEXIN,"GERIATRIC MEDICINE (INTERNAL MEDICINE)",CAPSULE,165
CEPHALEXIN,"STUDENT, HEALTH CARE",CAPSULE,155
CEPHALEXIN,"HAND SURGERY",CAPSULE,152
CEPHALEXIN,"PROCEDURAL DERMATOLOGY",CAPSULE,146
CEPHALEXIN,"FACIAL PLASTIC SURGERY",CAPSULE,144
CEPHALEXIN,HEMATOLOGY/ONCOLOGY,CAPSULE,134
CEPHALEXIN,ANESTHESIOLOGY,CAPSULE,124
CEPHALEXIN,"DERMATOLOGIC SURGERY",CAPSULE,119
CEPHALEXIN,"HAND SURGERY (ORTHOPEDICS)",CAPSULE,113
CEPHALEXIN,"FAMILY MEDICINE",TABLET,107
CEPHALEXIN,"NEUROLOGICAL SURGERY",CAPSULE,98
CEPHALEXIN,"PAIN MEDICINE",CAPSULE,91
CEPHALEXIN,"CLINICAL CARDIAC ELECTROPHYSIOLOGY",CAPSULE,91
CEPHALEXIN,"NURSE PRACTITIONER",TABLET,89
CEPHALEXIN,"VASCULAR SURGERY",CAPSULE,89
CEPHALEXIN,,"SUSPENSION RECONSTITUTED",89
CEPHALEXIN,"INTERNAL MEDICINE","SUSPENSION RECONSTITUTED",88
CEPHALEXIN,"SPORTS MEDICINE (FAMILY MEDICINE)",CAPSULE,86
CEPHALEXIN,"PHYSICIAN ASSISTANT",TABLET,81
CEPHALEXIN,GYNECOLOGY,CAPSULE,78
CEPHALEXIN,"PULMONARY DISEASE",CAPSULE,78
CEPHALEXIN,"PHYSICAL MEDICINE & REHABILITATION",CAPSULE,77
CEPHALEXIN,DERMATOLOGY,"SUSPENSION RECONSTITUTED",76
CEPHALEXIN,"GENERAL PRACTICE","SUSPENSION RECONSTITUTED",75
CEPHALEXIN,"PEDIATRIC EMERGENCY MEDICINE (PEDIATRICS)","SUSPENSION RECONSTITUTED",73
CEPHALEXIN,"GERIATRIC MEDICINE (FAMILY MEDICINE)",CAPSULE,71
CEPHALEXIN,"PAIN MEDICINE (ANESTHESIOLOGY)",CAPSULE,69
CEPHALEXIN,PSYCHIATRY,CAPSULE,65
CEPHALEXIN,"NURSE MIDWIFE",CAPSULE,62
CEPHALEXIN,RHEUMATOLOGY,CAPSULE,60
CEPHALEXIN,"ALLERGY & IMMUNOLOGY",CAPSULE,59
CEPHALEXIN,GASTROENTEROLOGY,CAPSULE,58
CEPHALEXIN,"ENDOCRINOLOGY, DIABETES & METABOLISM",CAPSULE,53
CEPHALEXIN,"THORACIC SURGERY",CAPSULE,50
CEPHALEXIN,"PEDIATRIC UROLOGY","SUSPENSION RECONSTITUTED",47
CEPHALEXIN,OTOLARYNGOLOGY,"SUSPENSION RECONSTITUTED",46
CEPHALEXIN,"RADIATION ONCOLOGY",CAPSULE,44
CEPHALEXIN,"INTERNAL MEDICINE/PEDIATRICS","SUSPENSION RECONSTITUTED",43
CEPHALEXIN,"PEDIATRIC EMERGENCY MEDICINE (PEDIATRICS)",CAPSULE,40
CEPHALEXIN,UROLOGY,"SUSPENSION RECONSTITUTED",39
CEPHALEXIN,"MEDICAL ONCOLOGY",CAPSULE,39
CEPHALEXIN,"ADULT RECONSTRUCTIVE ORTHOPEDICS",CAPSULE,39
CEPHALEXIN,"INTERNAL MEDICINE",TABLET,38
CEPHALEXIN,DENTIST,"SUSPENSION RECONSTITUTED",37
CEPHALEXIN,"OCCUPATIONAL MEDICINE",CAPSULE,37
CEPHALEXIN,"ORTHOPEDIC SURGERY OF THE SPINE",CAPSULE,33
CEPHALEXIN,"PULMONARY CRITICAL CARE MEDICINE",CAPSULE,33
CEPHALEXIN,"EMERGENCY MEDICAL SERVICES",CAPSULE,32
CEPHALEXIN,"COLON & RECTAL SURGERY",CAPSULE,32
CEPHALEXIN,DERMATOPATHOLOGY,CAPSULE,31
CEPHALEXIN,"DIAGNOSTIC RADIOLOGY",CAPSULE,31
CEPHALEXIN,PEDIATRICS,TABLET,29
CEPHALEXIN,"PEDIATRIC EMERGENCY MEDICINE","SUSPENSION RECONSTITUTED",27
CEPHALEXIN,NEUROLOGY,CAPSULE,27
CEPHALEXIN,"HAND SURGERY (PLASTIC SURGERY)",CAPSULE,26
CEPHALEXIN,VETERINARIAN,"SUSPENSION RECONSTITUTED",26
CEPHALEXIN,"INTERVENTIONAL CARDIOLOGY",CAPSULE,26
CEPHALEXIN,"GENERAL SURGERY","SUSPENSION RECONSTITUTED",24
CEPHALEXIN,"PLASTIC SURGERY","SUSPENSION RECONSTITUTED",23
CEPHALEXIN,"SURGICAL ONCOLOGY",CAPSULE,23
CEPHALEXIN,"GENERAL PREVENTIVE MEDICINE",CAPSULE,23
CEPHALEXIN,"FOOT & ANKLE, ORTHOPEDICS",CAPSULE,21
CEPHALEXIN,PODIATRIST,"SUSPENSION RECONSTITUTED",21
CEPHALEXIN,"MEDICAL TOXICOLOGY (EMERGENCY MEDICINE)",CAPSULE,20
CEPHALEXIN,"HOSPICE & PALLIATIVE MEDICINE",CAPSULE,19
CEPHALEXIN,"INTERNAL MEDICINE/FAMILY MEDICINE",CAPSULE,19
CEPHALEXIN,"EMERGENCY MEDICINE",TABLET,18
CEPHALEXIN,"INTERNAL MEDICINE/EMERGENCY MEDICINE",CAPSULE,18
CEPHALEXIN,DERMATOLOGY,TABLET,17
CEPHALEXIN,"NEUROTOLOGY (OTOLARYNGOLOGY)",CAPSULE,17
CEPHALEXIN,"PEDIATRIC EMERGENCY MEDICINE",CAPSULE,17
CEPHALEXIN,"VASCULAR & INTERVENTIONAL RADIOLOGY",CAPSULE,16
CEPHALEXIN,UNSPECIFIED,CAPSULE,16
CEPHALEXIN,"ALLERGY & IMMUNOLOGY","SUSPENSION RECONSTITUTED",16
CEPHALEXIN,DENTIST,TABLET,16
CEPHALEXIN,"STUDENT, HEALTH CARE","SUSPENSION RECONSTITUTED",16
CEPHALEXIN,"ADVANCED REGISTERED NURSE",CAPSULE,16
CEPHALEXIN,"CRITICAL CARE MEDICINE (INTERNAL MEDICINE)",CAPSULE,15
CEPHALEXIN,"GYNECOLOGICAL ONCOLOGY",CAPSULE,15
CEPHALEXIN,"NEONATAL-PERINATAL MEDICINE","SUSPENSION RECONSTITUTED",15
CEPHALEXIN,"SURGICAL CRITICAL CARE (SURGERY)",CAPSULE,15
CEPHALEXIN,"HAND SURGERY (SURGERY)",CAPSULE,15
CEPHALEXIN,"ORTHOPEDIC SURGERY","SUSPENSION RECONSTITUTED",14
CEPHALEXIN,HOSPITALIST,"SUSPENSION RECONSTITUTED",14
CEPHALEXIN,"OBSTETRICS & GYNECOLOGY","SUSPENSION RECONSTITUTED",13
CEPHALEXIN,"PEDIATRIC HEMATOLOGY/ONCOLOGY","SUSPENSION RECONSTITUTED",13
CEPHALEXIN,"FEMALE PELVIC MEDICINE & RECONSTRUCTIVE SURGERY (UROLOGY)",CAPSULE,13
CEPHALEXIN,"PEDIATRIC NEPHROLOGY","SUSPENSION RECONSTITUTED",12
CEPHALEXIN,"PLASTIC SURGERY WITHIN THE HEAD & NECK (OTOLARYNGOLOGY)",CAPSULE,12
CEPHALEXIN,"FEMALE PELVIC MEDICINE & RECONSTRUCTIVE SURGERY",CAPSULE,12
CEPHALEXIN,PODIATRIST,TABLET,11
CEPHALEXIN,"ORAL & MAXILLOFACIAL SURGERY","SUSPENSION RECONSTITUTED",11
CEPHALEXIN,"NATUROPATHIC DOCTOR",CAPSULE,11
CEPHALEXIN,DENTISTRY/ENDODONTICS,CAPSULE,11
CEPHALEXIN,DENTISTRY/PERIODONTICS,CAPSULE,11
CEPHALEXIN,"SPORTS MEDICINE (EMERGENCY MEDICINE)",CAPSULE,11
CEPHALEXIN,OPTOMETRIST,"SUSPENSION RECONSTITUTED",11
CEPHALEXIN,UROLOGY,TABLET,10
CEPHALEXIN,"PLASTIC SURGERY",TABLET,10
CEPHALEXIN,"ANATOMIC/CLINICAL PATHOLOGY",CAPSULE,10
CEPHALEXIN,"REPRODUCTIVE ENDOCRINOLOGY & INFERTILITY",CAPSULE,10
CEPHALEXIN,"PEDIATRIC NEPHROLOGY",CAPSULE,10
CEPHALEXIN,"CHILD & ADOLESCENT PSYCHIATRY",CAPSULE,10
CEPHALEXIN,"PEDIATRIC CRITICAL CARE MEDICINE","SUSPENSION RECONSTITUTED",9
CEPHALEXIN,"PEDIATRIC UROLOGY",CAPSULE,9
CEPHALEXIN,"PEDIATRIC INFECTIOUS DISEASE",CAPSULE,8
CEPHALEXIN,"PAIN MEDICINE (PHYSICAL MEDICINE & REHABILITATION)",CAPSULE,8
CEPHALEXIN,"CRITICAL CARE MEDICINE (ANESTHESIOLOGY)",CAPSULE,7
CEPHALEXIN,PHARMACIST,CAPSULE,7
CEPHALEXIN,"INFECTIOUS DISEASE","SUSPENSION RECONSTITUTED",7
CEPHALEXIN,"PEDIATRIC OTOLARYNGOLOGY",CAPSULE,7
CEPHALEXIN,"MATERNAL & FETAL MEDICINE",CAPSULE,7
CEPHALEXIN,"PUBLIC HEALTH & GENERAL PREVENTIVE MEDICINE",CAPSULE,7
CEPHALEXIN,"PEDIATRIC ORTHOPEDICS",CAPSULE,7
CEPHALEXIN,"HEMATOLOGY (INTERNAL MEDICINE)",CAPSULE,7
CEPHALEXIN,"PEDIATRIC HEMATOLOGY/ONCOLOGY",CAPSULE,7
CEPHALEXIN,"ORTHOPEDIC TRAUMA",CAPSULE,6
CEPHALEXIN,"NUCLEAR MEDICINE",CAPSULE,6
CEPHALEXIN,"PEDIATRIC INFECTIOUS DISEASE","SUSPENSION RECONSTITUTED",6
CEPHALEXIN,"NEONATAL-PERINATAL MEDICINE",CAPSULE,6
CEPHALEXIN,"GENERAL PRACTICE",TABLET,6
CEPHALEXIN,"CRANIOFACIAL SURGERY",CAPSULE,6
CEPHALEXIN,OPHTHALMOLOGY,"SUSPENSION RECONSTITUTED",6
CEPHALEXIN,"HEAD & NECK SURGERY",CAPSULE,6
CEPHALEXIN,"PEDIATRIC PULMONOLOGY","SUSPENSION RECONSTITUTED",6
CEPHALEXIN,"ADOLESCENT MEDICINE (PEDIATRICS)","SUSPENSION RECONSTITUTED",6
CEPHALEXIN,"PEDIATRIC CARDIOLOGY",CAPSULE,6
CEPHALEXIN,ALLERGY,CAPSULE,6
CEPHALEXIN,PHLEBOLOGY,CAPSULE,6
CEPHALEXIN,"CLINICAL NURSE SPECIALIST",CAPSULE,6
CEPHALEXIN,"OCCUPATIONAL MEDICINE","SUSPENSION RECONSTITUTED",6
CEPHALEXIN,OPTOMETRIST,TABLET,6
CEPHALEXIN,"SPORTS MEDICINE (FAMILY MEDICINE)","SUSPENSION RECONSTITUTED",5
CEPHALEXIN,NEPHROLOGY,"SUSPENSION RECONSTITUTED",5
CEPHALEXIN,"INFECTIOUS DISEASE",TABLET,5
CEPHALEXIN,RADIOLOGY,CAPSULE,5
CEPHALEXIN,"ADOLESCENT MEDICINE (PEDIATRICS)",CAPSULE,5
CEPHALEXIN,"PEDIATRIC CARDIOLOGY","SUSPENSION RECONSTITUTED",5
CEPHALEXIN,"PEDIATRICS/EMERGENCY MEDICINE",CAPSULE,5
CEPHALEXIN,"PEDIATRIC SURGERY",CAPSULE,5
CEPHALEXIN,"PEDIATRIC DERMATOLOGY","SUSPENSION RECONSTITUTED",5
CEPHALEXIN,OBSTETRICS,CAPSULE,5
CEPHALEXIN,"PEDIATRIC SURGERY","SUSPENSION RECONSTITUTED",4
CEPHALEXIN,"HAND SURGERY (ORTHOPEDICS)","SUSPENSION RECONSTITUTED",4
CEPHALEXIN,"PEDIATRIC ORTHOPEDICS","SUSPENSION RECONSTITUTED",4
CEPHALEXIN,"PULMONARY DISEASE","SUSPENSION RECONSTITUTED",4
CEPHALEXIN,"GERIATRIC MEDICINE (FAMILY MEDICINE)","SUSPENSION RECONSTITUTED",4
CEPHALEXIN,"DIAGNOSTIC RADIOLOGY","SUSPENSION RECONSTITUTED",4
CEPHALEXIN,"MUSCULOSKELETAL ONCOLOGY",CAPSULE,4
CEPHALEXIN,"PEDIATRIC ENDOCRINOLOGY",CAPSULE,4
CEPHALEXIN,"TRANSPLANT SURGERY",CAPSULE,4
CEPHALEXIN,"UNDERSEAS MEDICINE (EMERGENCY MEDICINE)",CAPSULE,4
CEPHALEXIN,OTOLARYNGOLOGY,TABLET,4
CEPHALEXIN,"CHILD NEUROLOGY",CAPSULE,4
CEPHALEXIN,"PEDIATRIC ENDOCRINOLOGY","SUSPENSION RECONSTITUTED",4
CEPHALEXIN,"CERTIFIED NURSE ANESTHETIST",CAPSULE,3
CEPHALEXIN,ANESTHESIOLOGY,"SUSPENSION RECONSTITUTED",3
CEPHALEXIN,"ADDICTION MEDICINE",CAPSULE,3
CEPHALEXIN,"AEROSPACE MEDICINE",CAPSULE,3
CEPHALEXIN,"INTERNAL MEDICINE/FAMILY MEDICINE","SUSPENSION RECONSTITUTED",3
CEPHALEXIN,"CARDIOTHORACIC SURGERY",CAPSULE,3
CEPHALEXIN,"OBSTETRICS & GYNECOLOGY",TABLET,3
CEPHALEXIN,"PEDIATRIC GASTROENTEROLOGY",CAPSULE,3
CEPHALEXIN,"GERIATRIC MEDICINE (INTERNAL MEDICINE)","SUSPENSION RECONSTITUTED",3
CEPHALEXIN,"REGISTERED NURSE",CAPSULE,3
CEPHALEXIN,"PEDIATRIC RHEUMATOLOGY","SUSPENSION RECONSTITUTED",3
CEPHALEXIN,"PEDIATRICS/EMERGENCY MEDICINE","SUSPENSION RECONSTITUTED",3
CEPHALEXIN,"PEDIATRIC DERMATOLOGY",CAPSULE,3
CEPHALEXIN,"HOSPICE & PALLIATIVE MEDICINE (INTERNAL MEDICINE)",CAPSULE,3
CEPHALEXIN,"HOSPICE & PALLIATIVE MEDICINE (FAMILY MEDICINE)",CAPSULE,2
CEPHALEXIN,"GENERAL SURGERY",TABLET,2
CEPHALEXIN,UNSPECIFIED,"SUSPENSION RECONSTITUTED",2
CEPHALEXIN,"ORTHOPEDIC SURGERY",TABLET,2
CEPHALEXIN,HEPATOLOGY,CAPSULE,2
CEPHALEXIN,"INTERNAL MEDICINE/PSYCHIATRY",CAPSULE,2
CEPHALEXIN,"ADVANCED REGISTERED NURSE","SUSPENSION RECONSTITUTED",2
CEPHALEXIN,"TRANSITIONAL YEAR",CAPSULE,2
CEPHALEXIN,"PEDIATRIC CRITICAL CARE MEDICINE",CAPSULE,2
CEPHALEXIN,"CARDIOVASCULAR DISEASE",TABLET,2
CEPHALEXIN,"PEDIATRIC CARDIOTHORACIC SURGERY",CAPSULE,2
CEPHALEXIN,"CRITICAL CARE MEDICINE (INTERNAL MEDICINE)","SUSPENSION RECONSTITUTED",2
CEPHALEXIN,"SPORTS MEDICINE (PHYSICAL MEDICINE & REHABILITATION)",CAPSULE,2
CEPHALEXIN,"PLASTIC SURGERY WITHIN THE HEAD & NECK (OTOLARYNGOLOGY)","SUSPENSION RECONSTITUTED",2
CEPHALEXIN,"CLINICAL INFORMATICS (EMERGENCY MEDICINE)",CAPSULE,2
CEPHALEXIN,"MEDICAL TOXICOLOGY (PREVENTIVE MEDICINE)",CAPSULE,2
CEPHALEXIN,"INTERNAL MEDICINE/PEDIATRICS",TABLET,2
CEPHALEXIN,CHIROPRACTIC,CAPSULE,2
CEPHALEXIN,"NOT APPLICABLE",CAPSULE,2
CEPHALEXIN,"PALLIATIVE MEDICINE",CAPSULE,2
CEPHALEXIN,OPHTHALMOLOGY,TABLET,2
CEPHALEXIN,NUTRITION,CAPSULE,2
CEPHALEXIN,NEURORADIOLOGY,CAPSULE,2
CEPHALEXIN,"NUCLEAR RADIOLOGY",CAPSULE,2
CEPHALEXIN,HEMATOLOGY/ONCOLOGY,"SUSPENSION RECONSTITUTED",2
CEPHALEXIN,GASTROENTEROLOGY,"SUSPENSION RECONSTITUTED",2
CEPHALEXIN,"NEUROTOLOGY (OTOLARYNGOLOGY)","SUSPENSION RECONSTITUTED",2
CEPHALEXIN,"PEDIATRIC PULMONOLOGY",CAPSULE,2
CEPHALEXIN,"GERIATRIC PSYCHIATRY",CAPSULE,2
CEPHALEXIN,"PEDIATRIC GASTROENTEROLOGY","SUSPENSION RECONSTITUTED",2
CEPHALEXIN,"TRAUMA SURGERY",CAPSULE,2
CEPHALEXIN,"BEHAVIORAL HEALTH & SOCIAL SERVICES",CAPSULE,2
CEPHALEXIN,NEPHROLOGY,TABLET,2
CEPHALEXIN,VETERINARIAN,TABLET,2
CEPHALEXIN,DENTISTRY/PEDODONTICS,"SUSPENSION RECONSTITUTED",2
CEPHALEXIN,PSYCHOLOGY,CAPSULE,2
CEPHALEXIN,"SLEEP MEDICINE",CAPSULE,2
CEPHALEXIN,"GENERAL PREVENTIVE MEDICINE","SUSPENSION RECONSTITUTED",2
CEPHALEXIN,"FACIAL PLASTIC SURGERY","SUSPENSION RECONSTITUTED",2
CEPHALEXIN,"OSTEOPATHIC MANIPULATIVE MEDICINE",CAPSULE,1
CEPHALEXIN,"VASCULAR NEUROLOGY",CAPSULE,1
CEPHALEXIN,"PAIN MEDICINE (NEUROLOGY)",CAPSULE,1
CEPHALEXIN,NEUROLOGY,"SUSPENSION RECONSTITUTED",1
CEPHALEXIN,"HAND SURGERY",TABLET,1
CEPHALEXIN,"DEVELOPMENTAL/BEHAVIORAL PEDIATRICS","SUSPENSION RECONSTITUTED",1
CEPHALEXIN,PSYCHIATRY,TABLET,1
CEPHALEXIN,"LEGAL MEDICINE",CAPSULE,1
CEPHALEXIN,"PAIN MEDICINE",TABLET,1
CEPHALEXIN,"MEDICAL GENETICS","SUSPENSION RECONSTITUTED",1
CEPHALEXIN,SPECIALIST/TECHNOLOGIST/TECHNICIAN-OTHER,CAPSULE,1
CEPHALEXIN,"NATUROPATHIC DOCTOR","SUSPENSION RECONSTITUTED",1
CEPHALEXIN,"PAIN MEDICINE (PHYSICAL MEDICINE & REHABILITATION)",TABLET,1
CEPHALEXIN,"CARDIOVASCULAR DISEASE","SUSPENSION RECONSTITUTED",1
CEPHALEXIN,"PEDIATRIC RADIOLOGY",CAPSULE,1
CEPHALEXIN,"EMERGENCY MEDICAL SERVICES","SUSPENSION RECONSTITUTED",1
CEPHALEXIN,RADIOLOGY,TABLET,1
CEPHALEXIN,"NUCLEAR CARDIOLOGY",CAPSULE,1
CEPHALEXIN,"MEDICAL TOXICOLOGY (EMERGENCY MEDICINE)","SUSPENSION RECONSTITUTED",1
CEPHALEXIN,"REPRODUCTIVE ENDOCRINOLOGY & INFERTILITY","SUSPENSION RECONSTITUTED",1
CEPHALEXIN,"PEDIATRIC OPHTHALMOLOGY",CAPSULE,1
CEPHALEXIN,"GERIATRIC MEDICINE (FAMILY MEDICINE)",TABLET,1
CEPHALEXIN,"ENDOCRINOLOGY, DIABETES & METABOLISM",TABLET,1
CEPHALEXIN,"NEUROLOGICAL SURGERY",TABLET,1
CEPHALEXIN,"PLASTIC SURGERY WITHIN THE HEAD & NECK",CAPSULE,1
CEPHALEXIN,"PULMONARY CRITICAL CARE MEDICINE","SUSPENSION RECONSTITUTED",1
CEPHALEXIN,"GERIATRIC MEDICINE (INTERNAL MEDICINE)",TABLET,1
CEPHALEXIN,"ANATOMIC/CLINICAL PATHOLOGY","SUSPENSION RECONSTITUTED",1
CEPHALEXIN,,TABLET,1
CEPHALEXIN,"NURSE MIDWIFE","SUSPENSION RECONSTITUTED",1
CEPHALEXIN,"PEDIATRIC RHEUMATOLOGY",CAPSULE,1
CEPHALEXIN,"CHILD NEUROLOGY","SUSPENSION RECONSTITUTED",1
CEPHALEXIN,"PAIN MEDICINE","SUSPENSION RECONSTITUTED",1
CEPHALEXIN,PSYCHIATRY,"SUSPENSION RECONSTITUTED",1
CEPHALEXIN,"PHYSICAL MEDICINE & REHABILITATION","SUSPENSION RECONSTITUTED",1
CEPHALEXIN,"RADIATION ONCOLOGY","SUSPENSION RECONSTITUTED",1
CEPHALEXIN,"SPORTS MEDICINE (ORTHOPEDIC SURGERY)",TABLET,1
CEPHALEXIN,"PEDIATRIC ANESTHESIOLOGY",CAPSULE,1
CEPHALEXIN,"VASCULAR MEDICINE",CAPSULE,1
CEPHALEXIN,"SPORTS MEDICINE (PEDIATRICS)",CAPSULE,1
CEPHALEXIN,"GENERAL PREVENTIVE MEDICINE",TABLET,1
CEPHALEXIN,"PEDIATRIC INFECTIOUS DISEASE",TABLET,1
CEPHALEXIN,"MEDICAL MANAGEMENT",CAPSULE,1
CEPHALEXIN,"SPORTS MEDICINE (ORTHOPEDIC SURGERY)","SUSPENSION RECONSTITUTED",1
CEPHALEXIN,"SPORTS MEDICINE (FAMILY MEDICINE)",TABLET,1
CEPHALEXIN,"PEDIATRIC ALLERGY",CAPSULE,1
CEPHALEXIN,"ABDOMINAL SURGERY",CAPSULE,1
CEPHALEXIN,"PAIN MEDICINE (ANESTHESIOLOGY)","SUSPENSION RECONSTITUTED",1
CEPHALEXIN,"NEUROLOGICAL SURGERY","SUSPENSION RECONSTITUTED",1
CEPHALEXIN,"OTHER SPECIALTY",CAPSULE,1
CEPHALEXIN,"ADOLESCENT MEDICINE (INTERNAL MEDICINE)",CAPSULE,1
CEPHALEXIN,"SURGICAL CRITICAL CARE (SURGERY)","SUSPENSION RECONSTITUTED",1
CEPHALEXIN,NEUROLOGY,TABLET,1
CEPHALEXIN,RADIOLOGY,"SUSPENSION RECONSTITUTED",1
CEPHALEXIN,"SPORTS MEDICINE (INTERNAL MEDICINE)",CAPSULE,1
CEPHALEXIN,"NEUROMUSCULAR MEDICINE (PHYSICAL MEDICINE & REHABILITATION)",CAPSULE,1
CEPHALEXIN,"PEDIATRIC OTOLARYNGOLOGY","SUSPENSION RECONSTITUTED",1
CEPHALEXIN,"NEURODEVELOPMENTAL DISABILITIES (PEDIATRICS)","SUSPENSION RECONSTITUTED",1
CEPHALEXIN,GYNECOLOGY,"SUSPENSION RECONSTITUTED",1
CEPHALEXIN,"PROCEDURAL DERMATOLOGY","SUSPENSION RECONSTITUTED",1
CEPHALEXIN,"ORAL & MAXILLOFACIAL SURGERY",TABLET,1
CEPHALEXIN,"NEONATAL-PERINATAL MEDICINE",TABLET,1
CEPHALEXIN,"STUDENT, HEALTH CARE",TABLET,1
CEPHALEXIN,"ANCILLARY SERVICES",CAPSULE,1
CEPHALEXIN,"PEDIATRIC ALLERGY","SUSPENSION RECONSTITUTED",1
CEPHALEXIN,"VASCULAR SURGERY","SUSPENSION RECONSTITUTED",1
CEPHALEXIN,"NUCLEAR MEDICINE","SUSPENSION RECONSTITUTED",1
CEPHALEXIN,"ENDOCRINOLOGY, DIABETES & METABOLISM","SUSPENSION RECONSTITUTED",1
CEPHALEXIN,"UNDERSEAS MEDICINE (EMERGENCY MEDICINE)","SUSPENSION RECONSTITUTED",1
CEPHALEXIN,"CHILD ABUSE PEDIATRICS","SUSPENSION RECONSTITUTED",1
CEPHALEXIN,"PAIN MEDICINE (PHYSICAL MEDICINE & REHABILITATION)","SUSPENSION RECONSTITUTED",1
CEPHALEXIN,"MILITARY HEALTH CARE PROVIDER",CAPSULE,1
CEPHALEXIN,PHARMACIST,"SUSPENSION RECONSTITUTED",1
CEPHALEXIN,"HOSPICE & PALLIATIVE MEDICINE (PHYSICAL MEDICINE & REHABILITATION)",CAPSULE,1
CEPHALEXIN,"PULMONARY DISEASE",TABLET,1
CEPHALEXIN,"VASCULAR & INTERVENTIONAL RADIOLOGY","SUSPENSION RECONSTITUTED",1
CEPHALEXIN,"CARDIOVASCULAR SURGERY",CAPSULE,1
CEPHALEXIN,"PSYCHIATRY/FAMILY MEDICINE",CAPSULE,1
CEPHALEXIN,"INTERNAL MEDICINE/FAMILY MEDICINE",TABLET,1
CEPHALEXIN,"INTERVENTIONAL CARDIOLOGY","SUSPENSION RECONSTITUTED",1
CIPROFLOXACIN,PEDIATRICS,"SUSPENSION RECONSTITUTED",21
CIPROFLOXACIN,"PHYSICIAN ASSISTANT","SUSPENSION RECONSTITUTED",10
CIPROFLOXACIN,"NURSE PRACTITIONER","SUSPENSION RECONSTITUTED",10
CIPROFLOXACIN,"FAMILY MEDICINE","SUSPENSION RECONSTITUTED",5
CIPROFLOXACIN,"INTERNAL MEDICINE","SUSPENSION RECONSTITUTED",4
CIPROFLOXACIN,,"SUSPENSION RECONSTITUTED",4
CIPROFLOXACIN,UROLOGY,"SUSPENSION RECONSTITUTED",4
CIPROFLOXACIN,GASTROENTEROLOGY,"SUSPENSION RECONSTITUTED",2
CIPROFLOXACIN,"PEDIATRIC PULMONOLOGY","SUSPENSION RECONSTITUTED",2
CIPROFLOXACIN,"EMERGENCY MEDICINE","SUSPENSION RECONSTITUTED",2
CIPROFLOXACIN,"GENERAL SURGERY","SUSPENSION RECONSTITUTED",2
CIPROFLOXACIN,"PEDIATRIC GASTROENTEROLOGY","SUSPENSION RECONSTITUTED",2
CIPROFLOXACIN,OTOLARYNGOLOGY,"SUSPENSION RECONSTITUTED",1
CIPROFLOXACIN,"HOSPICE & PALLIATIVE MEDICINE","SUSPENSION RECONSTITUTED",1
CIPROFLOXACIN,"PEDIATRIC EMERGENCY MEDICINE (PEDIATRICS)","SUSPENSION RECONSTITUTED",1
CIPROFLOXACIN,"PEDIATRIC UROLOGY","SUSPENSION RECONSTITUTED",1
CIPROFLOXACIN,"PEDIATRIC SURGERY","SUSPENSION RECONSTITUTED",1
CIPROFLOXACIN,"GENERAL PRACTICE","SUSPENSION RECONSTITUTED",1
CIPROFLOXACIN,"ALLERGY & IMMUNOLOGY","SUSPENSION RECONSTITUTED",1
CIPROFLOXACIN,"PEDIATRIC NEPHROLOGY","SUSPENSION RECONSTITUTED",1
CIPROFLOXACIN,"PULMONARY CRITICAL CARE MEDICINE","SUSPENSION RECONSTITUTED",1
CIPROFLOXACIN,"CARDIOVASCULAR DISEASE","SUSPENSION RECONSTITUTED",1
CIPROFLOXACIN,"ORTHOPEDIC SURGERY","SUSPENSION RECONSTITUTED",1
"CIPROFLOXACIN HCL","FAMILY MEDICINE",TABLET,11118
"CIPROFLOXACIN HCL","INTERNAL MEDICINE",TABLET,8305
"CIPROFLOXACIN HCL","NURSE PRACTITIONER",TABLET,8193
"CIPROFLOXACIN HCL","PHYSICIAN ASSISTANT",TABLET,5040
"CIPROFLOXACIN HCL",UROLOGY,TABLET,4749
"CIPROFLOXACIN HCL","EMERGENCY MEDICINE",TABLET,2747
"CIPROFLOXACIN HCL","OBSTETRICS & GYNECOLOGY",TABLET,1191
"CIPROFLOXACIN HCL","GENERAL PRACTICE",TABLET,989
"CIPROFLOXACIN HCL",GASTROENTEROLOGY,TABLET,765
"CIPROFLOXACIN HCL","GENERAL SURGERY",TABLET,685
"CIPROFLOXACIN HCL",PODIATRIST,TABLET,455
"CIPROFLOXACIN HCL",NEPHROLOGY,TABLET,443
"CIPROFLOXACIN HCL",,TABLET,426
"CIPROFLOXACIN HCL",OTOLARYNGOLOGY,TABLET,412
"CIPROFLOXACIN HCL",HOSPITALIST,TABLET,358
"CIPROFLOXACIN HCL",DENTIST,TABLET,327
"CIPROFLOXACIN HCL","INFECTIOUS DISEASE",TABLET,314
"CIPROFLOXACIN HCL",HEMATOLOGY/ONCOLOGY,TABLET,299
"CIPROFLOXACIN HCL",PEDIATRICS,TABLET,274
"CIPROFLOXACIN HCL","PLASTIC SURGERY",TABLET,235
"CIPROFLOXACIN HCL",DERMATOLOGY,TABLET,219
"CIPROFLOXACIN HCL","CARDIOVASCULAR DISEASE",TABLET,218
"CIPROFLOXACIN HCL","PULMONARY DISEASE",TABLET,211
"CIPROFLOXACIN HCL","INTERNAL MEDICINE/PEDIATRICS",TABLET,208
"CIPROFLOXACIN HCL","ORTHOPEDIC SURGERY",TABLET,188
"CIPROFLOXACIN HCL","GERIATRIC MEDICINE (INTERNAL MEDICINE)",TABLET,187
"CIPROFLOXACIN HCL",VETERINARIAN,TABLET,119
"CIPROFLOXACIN HCL",GYNECOLOGY,TABLET,117
"CIPROFLOXACIN HCL","RADIATION ONCOLOGY",TABLET,111
"CIPROFLOXACIN HCL","COLON & RECTAL SURGERY",TABLET,102
"CIPROFLOXACIN HCL",RHEUMATOLOGY,TABLET,97
"CIPROFLOXACIN HCL","ENDOCRINOLOGY, DIABETES & METABOLISM",TABLET,79
"CIPROFLOXACIN HCL",OPHTHALMOLOGY,TABLET,79
"CIPROFLOXACIN HCL","PULMONARY CRITICAL CARE MEDICINE",TABLET,78
"CIPROFLOXACIN HCL","MEDICAL ONCOLOGY",TABLET,77
"CIPROFLOXACIN HCL","STUDENT, HEALTH CARE",TABLET,75
"CIPROFLOXACIN HCL","SPORTS MEDICINE (FAMILY MEDICINE)",TABLET,67
"CIPROFLOXACIN HCL","GERIATRIC MEDICINE (FAMILY MEDICINE)",TABLET,59
"CIPROFLOXACIN HCL","VASCULAR SURGERY",TABLET,58
"CIPROFLOXACIN HCL",PSYCHIATRY,TABLET,55
"CIPROFLOXACIN HCL",NEUROLOGY,TABLET,46
"CIPROFLOXACIN HCL","DIAGNOSTIC RADIOLOGY",TABLET,45
"CIPROFLOXACIN HCL",ANESTHESIOLOGY,TABLET,43
"CIPROFLOXACIN HCL","PHYSICAL MEDICINE & REHABILITATION",TABLET,43
"CIPROFLOXACIN HCL","ALLERGY & IMMUNOLOGY",TABLET,42
"CIPROFLOXACIN HCL","ORAL & MAXILLOFACIAL SURGERY",TABLET,39
"CIPROFLOXACIN HCL","OCCUPATIONAL MEDICINE",TABLET,36
"CIPROFLOXACIN HCL","GENERAL PREVENTIVE MEDICINE",TABLET,34
"CIPROFLOXACIN HCL","NEUROLOGICAL SURGERY",TABLET,32
"CIPROFLOXACIN HCL","PEDIATRIC PULMONOLOGY",TABLET,28
"CIPROFLOXACIN HCL","THORACIC SURGERY",TABLET,23
"CIPROFLOXACIN HCL","REPRODUCTIVE ENDOCRINOLOGY & INFERTILITY",TABLET,22
"CIPROFLOXACIN HCL","VASCULAR & INTERVENTIONAL RADIOLOGY",TABLET,21
"CIPROFLOXACIN HCL","GYNECOLOGICAL ONCOLOGY",TABLET,21
"CIPROFLOXACIN HCL",OPTOMETRIST,TABLET,17
"CIPROFLOXACIN HCL","PAIN MEDICINE",TABLET,17
"CIPROFLOXACIN HCL","INTERVENTIONAL CARDIOLOGY",TABLET,15
"CIPROFLOXACIN HCL","HOSPICE & PALLIATIVE MEDICINE",TABLET,15
"CIPROFLOXACIN HCL",HEPATOLOGY,TABLET,15
"CIPROFLOXACIN HCL","INTERNAL MEDICINE/FAMILY MEDICINE",TABLET,15
"CIPROFLOXACIN HCL","FEMALE PELVIC MEDICINE & RECONSTRUCTIVE SURGERY (UROLOGY)",TABLET,14
"CIPROFLOXACIN HCL","HAND SURGERY",TABLET,13
"CIPROFLOXACIN HCL","NATUROPATHIC DOCTOR",TABLET,13
"CIPROFLOXACIN HCL","TRANSPLANT HEPATOLOGY (INTERNAL MEDICINE)",TABLET,12
"CIPROFLOXACIN HCL","INTERNAL MEDICINE/EMERGENCY MEDICINE",TABLET,12
"CIPROFLOXACIN HCL","PEDIATRIC GASTROENTEROLOGY",TABLET,12
"CIPROFLOXACIN HCL","SPORTS MEDICINE (ORTHOPEDIC SURGERY)",TABLET,11
"CIPROFLOXACIN HCL","HEMATOLOGY (INTERNAL MEDICINE)",TABLET,11
"CIPROFLOXACIN HCL","FACIAL PLASTIC SURGERY",TABLET,11
"CIPROFLOXACIN HCL","PAIN MEDICINE (ANESTHESIOLOGY)",TABLET,11
"CIPROFLOXACIN HCL","CRITICAL CARE MEDICINE (INTERNAL MEDICINE)",TABLET,11
"CIPROFLOXACIN HCL","ANATOMIC/CLINICAL PATHOLOGY",TABLET,11
"CIPROFLOXACIN HCL","PEDIATRIC UROLOGY",TABLET,11
"CIPROFLOXACIN HCL","SURGICAL CRITICAL CARE (SURGERY)",TABLET,10
"CIPROFLOXACIN HCL","SURGICAL ONCOLOGY",TABLET,10
"CIPROFLOXACIN HCL","NURSE MIDWIFE",TABLET,10
"CIPROFLOXACIN HCL","CLINICAL NURSE SPECIALIST",TABLET,9
"CIPROFLOXACIN HCL","PEDIATRIC HEMATOLOGY/ONCOLOGY",TABLET,8
"CIPROFLOXACIN HCL","DERMATOLOGIC SURGERY",TABLET,8
"CIPROFLOXACIN HCL","NEUROTOLOGY (OTOLARYNGOLOGY)",TABLET,8
"CIPROFLOXACIN HCL",UNSPECIFIED,TABLET,7
"CIPROFLOXACIN HCL","PUBLIC HEALTH & GENERAL PREVENTIVE MEDICINE",TABLET,7
"CIPROFLOXACIN HCL","ORTHOPEDIC SURGERY OF THE SPINE",TABLET,7
"CIPROFLOXACIN HCL","FEMALE PELVIC MEDICINE & RECONSTRUCTIVE SURGERY",TABLET,7
"CIPROFLOXACIN HCL","PROCEDURAL DERMATOLOGY",TABLET,7
"CIPROFLOXACIN HCL",RADIOLOGY,TABLET,7
"CIPROFLOXACIN HCL","ADULT RECONSTRUCTIVE ORTHOPEDICS",TABLET,6
"CIPROFLOXACIN HCL","PEDIATRIC CRITICAL CARE MEDICINE",TABLET,6
"CIPROFLOXACIN HCL","ADVANCED REGISTERED NURSE",TABLET,6
"CIPROFLOXACIN HCL","NUCLEAR MEDICINE",TABLET,5
"CIPROFLOXACIN HCL","SLEEP MEDICINE",TABLET,5
"CIPROFLOXACIN HCL","CLINICAL CARDIAC ELECTROPHYSIOLOGY",TABLET,5
"CIPROFLOXACIN HCL","EMERGENCY MEDICAL SERVICES",TABLET,5
"CIPROFLOXACIN HCL","CHILD & ADOLESCENT PSYCHIATRY",TABLET,5
"CIPROFLOXACIN HCL","HAND SURGERY (ORTHOPEDICS)",TABLET,5
"CIPROFLOXACIN HCL","HEAD & NECK SURGERY",TABLET,5
"CIPROFLOXACIN HCL","PEDIATRIC SURGERY",TABLET,4
"CIPROFLOXACIN HCL","PEDIATRIC INFECTIOUS DISEASE",TABLET,4
"CIPROFLOXACIN HCL","TRANSPLANT SURGERY",TABLET,4
"CIPROFLOXACIN HCL",DENTISTRY/PERIODONTICS,TABLET,4
"CIPROFLOXACIN HCL",PHARMACIST,TABLET,4
"CIPROFLOXACIN HCL","PEDIATRIC EMERGENCY MEDICINE (PEDIATRICS)",TABLET,4
"CIPROFLOXACIN HCL","ADOLESCENT MEDICINE (PEDIATRICS)",TABLET,4
"CIPROFLOXACIN HCL","PEDIATRIC CARDIOLOGY",TABLET,4
"CIPROFLOXACIN HCL","ORTHOPEDIC TRAUMA",TABLET,4
"CIPROFLOXACIN HCL","MEDICAL TOXICOLOGY (EMERGENCY MEDICINE)",TABLET,4
"CIPROFLOXACIN HCL","INTERVENTIONAL RADIOLOGY-INTEGRATED",TABLET,3
"CIPROFLOXACIN HCL","CRITICAL CARE MEDICINE (ANESTHESIOLOGY)",TABLET,3
"CIPROFLOXACIN HCL","PEDIATRICS/EMERGENCY MEDICINE",TABLET,3
"CIPROFLOXACIN HCL",ALLERGY,TABLET,3
"CIPROFLOXACIN HCL","UNDERSEAS MEDICINE (EMERGENCY MEDICINE)",TABLET,3
"CIPROFLOXACIN HCL","UNDERSEAS MEDICINE (PREVENTIVE MEDICINE)",TABLET,3
"CIPROFLOXACIN HCL",DIABETES,TABLET,3
"CIPROFLOXACIN HCL","PEDIATRIC EMERGENCY MEDICINE",TABLET,3
"CIPROFLOXACIN HCL","CLINICAL NEUROPHYSIOLOGY",TABLET,3
"CIPROFLOXACIN HCL","PALLIATIVE MEDICINE",TABLET,3
"CIPROFLOXACIN HCL","CHILD NEUROLOGY",TABLET,3
"CIPROFLOXACIN HCL","FOOT & ANKLE, ORTHOPEDICS",TABLET,3
"CIPROFLOXACIN HCL","PEDIATRIC NEPHROLOGY",TABLET,3
"CIPROFLOXACIN HCL","NOT APPLICABLE",TABLET,2
"CIPROFLOXACIN HCL","HOSPICE & PALLIATIVE MEDICINE (INTERNAL MEDICINE)",TABLET,2
"CIPROFLOXACIN HCL","SPORTS MEDICINE (EMERGENCY MEDICINE)",TABLET,2
"CIPROFLOXACIN HCL","GERIATRIC PSYCHIATRY",TABLET,2
"CIPROFLOXACIN HCL",OBSTETRICS,TABLET,2
"CIPROFLOXACIN HCL","ADDICTION MEDICINE",TABLET,2
"CIPROFLOXACIN HCL","TRAUMA SURGERY",TABLET,2
"CIPROFLOXACIN HCL","HOSPICE & PALLIATIVE MEDICINE (FAMILY MEDICINE)",TABLET,2
"CIPROFLOXACIN HCL","ADULT CARDIOTHORACIC ANESTHESIOLOGY",TABLET,2
"CIPROFLOXACIN HCL","INTERNAL MEDICINE/PREVENTIVE MEDICINE",TABLET,2
"CIPROFLOXACIN HCL","PEDIATRIC RADIOLOGY",TABLET,2
"CIPROFLOXACIN HCL","HOSPICE & PALLIATIVE MEDICINE (EMERGENCY MEDICINE)",TABLET,2
"CIPROFLOXACIN HCL","MEDICAL GENETICS",TABLET,2
"CIPROFLOXACIN HCL",PSYCHOLOGY,TABLET,2
"CIPROFLOXACIN HCL","ADDICTION PSYCHIATRY",TABLET,2
"CIPROFLOXACIN HCL","MUSCULOSKELETAL ONCOLOGY",TABLET,2
"CIPROFLOXACIN HCL","NEONATAL-PERINATAL MEDICINE",TABLET,2
"CIPROFLOXACIN HCL","MATERNAL & FETAL MEDICINE",TABLET,2
"CIPROFLOXACIN HCL",DERMATOPATHOLOGY,TABLET,1
"CIPROFLOXACIN HCL","PEDIATRIC CARDIOTHORACIC SURGERY",TABLET,1
"CIPROFLOXACIN HCL",SPECIALIST/TECHNOLOGIST/TECHNICIAN-OTHER,TABLET,1
"CIPROFLOXACIN HCL","VASCULAR NEUROLOGY",TABLET,1
"CIPROFLOXACIN HCL","TRANSITIONAL YEAR",TABLET,1
"CIPROFLOXACIN HCL","OTHER SPECIALTY",TABLET,1
"CIPROFLOXACIN HCL","PLASTIC SURGERY WITHIN THE HEAD & NECK (OTOLARYNGOLOGY)",TABLET,1
"CIPROFLOXACIN HCL","ADOLESCENT MEDICINE (INTERNAL MEDICINE)",TABLET,1
"CIPROFLOXACIN HCL","REGISTERED NURSE",TABLET,1
"CIPROFLOXACIN HCL","HAND SURGERY (PLASTIC SURGERY)",TABLET,1
"CIPROFLOXACIN HCL","PAIN MEDICINE (PHYSICAL MEDICINE & REHABILITATION)",TABLET,1
"CIPROFLOXACIN HCL",PHLEBOLOGY,TABLET,1
"CIPROFLOXACIN HCL","PEDIATRIC REHABILITATION MEDICINE",TABLET,1
"CIPROFLOXACIN HCL","LEGAL MEDICINE",TABLET,1
"CIPROFLOXACIN HCL",NEURORADIOLOGY,TABLET,1
"CIPROFLOXACIN HCL","OSTEOPATHIC MANIPULATIVE MEDICINE",TABLET,1
"CIPROFLOXACIN HCL","PHYSICAL THERAPY",TABLET,1
"CIPROFLOXACIN HCL","HAND SURGERY (SURGERY)",TABLET,1
"CIPROFLOXACIN HCL","CLINICAL PATHOLOGY",TABLET,1
"CIPROFLOXACIN HCL","SPINAL CORD INJURY MEDICINE",TABLET,1
"CIPROFLOXACIN HCL","CLINICAL PHARMACOLOGY",TABLET,1
"CIPROFLOXACIN HCL","PSYCHIATRY/FAMILY MEDICINE",TABLET,1
"CIPROFLOXACIN HCL","CARDIOTHORACIC SURGERY",TABLET,1
"CIPROFLOXACIN HCL","REGISTERED DIETICIAN",TABLET,1
"CIPROFLOXACIN HCL",PSYCHIATRY/NEUROLOGY,TABLET,1
"CIPROFLOXACIN HCL","NEUROMUSCULAR MEDICINE (NEUROLOGY)",TABLET,1
"CIPROFLOXACIN HCL","PAIN MEDICINE (NEUROLOGY)",TABLET,1
"CIPROFLOXACIN HCL","AEROSPACE MEDICINE",TABLET,1
"CIPROFLOXACIN HCL","CONGENITAL CARDIAC SURGERY (THORACIC SURGERY)",TABLET,1
"CIPROFLOXACIN HCL","PEDIATRIC ORTHOPEDICS",TABLET,1
"CIPROFLOXACIN HCL",CYTOPATHOLOGY,TABLET,1
"CIPROFLOXACIN HCL",DENTISTRY/ENDODONTICS,TABLET,1
"CIPROFLOXACIN HCL (OPHTH)",OPHTHALMOLOGY,SOLUTION,1087
"CIPROFLOXACIN HCL (OPHTH)","NURSE PRACTITIONER",SOLUTION,676
"CIPROFLOXACIN HCL (OPHTH)","FAMILY MEDICINE",SOLUTION,607
"CIPROFLOXACIN HCL (OPHTH)",PEDIATRICS,SOLUTION,527
"CIPROFLOXACIN HCL (OPHTH)","PHYSICIAN ASSISTANT",SOLUTION,517
"CIPROFLOXACIN HCL (OPHTH)",OPTOMETRIST,SOLUTION,372
"CIPROFLOXACIN HCL (OPHTH)","INTERNAL MEDICINE",SOLUTION,311
"CIPROFLOXACIN HCL (OPHTH)",OTOLARYNGOLOGY,SOLUTION,209
"CIPROFLOXACIN HCL (OPHTH)","EMERGENCY MEDICINE",SOLUTION,168
"CIPROFLOXACIN HCL (OPHTH)",,SOLUTION,40
"CIPROFLOXACIN HCL (OPHTH)","GENERAL PRACTICE",SOLUTION,33
"CIPROFLOXACIN HCL (OPHTH)",OPHTHALMOLOGY,OINTMENT,32
"CIPROFLOXACIN HCL (OPHTH)","PEDIATRIC OTOLARYNGOLOGY",SOLUTION,19
"CIPROFLOXACIN HCL (OPHTH)",VETERINARIAN,SOLUTION,14
"CIPROFLOXACIN HCL (OPHTH)",DERMATOLOGY,SOLUTION,13
"CIPROFLOXACIN HCL (OPHTH)","GENERAL SURGERY",SOLUTION,13
"CIPROFLOXACIN HCL (OPHTH)","INTERNAL MEDICINE/PEDIATRICS",SOLUTION,10
"CIPROFLOXACIN HCL (OPHTH)",OPTOMETRIST,OINTMENT,10
"CIPROFLOXACIN HCL (OPHTH)",ANESTHESIOLOGY,SOLUTION,9
"CIPROFLOXACIN HCL (OPHTH)","INTERNAL MEDICINE",OINTMENT,9
"CIPROFLOXACIN HCL (OPHTH)",NEPHROLOGY,SOLUTION,9
"CIPROFLOXACIN HCL (OPHTH)","GERIATRIC MEDICINE (INTERNAL MEDICINE)",SOLUTION,8
"CIPROFLOXACIN HCL (OPHTH)",HOSPITALIST,SOLUTION,8
"CIPROFLOXACIN HCL (OPHTH)",PEDIATRICS,OINTMENT,8
"CIPROFLOXACIN HCL (OPHTH)","OBSTETRICS & GYNECOLOGY",SOLUTION,8
"CIPROFLOXACIN HCL (OPHTH)","GERIATRIC MEDICINE (FAMILY MEDICINE)",SOLUTION,7
"CIPROFLOXACIN HCL (OPHTH)","NEUROTOLOGY (OTOLARYNGOLOGY)",SOLUTION,7
"CIPROFLOXACIN HCL (OPHTH)",HEMATOLOGY/ONCOLOGY,SOLUTION,6
"CIPROFLOXACIN HCL (OPHTH)","STUDENT, HEALTH CARE",SOLUTION,6
"CIPROFLOXACIN HCL (OPHTH)","RETINAL SPECIALIST",SOLUTION,6
"CIPROFLOXACIN HCL (OPHTH)","ADOLESCENT MEDICINE (PEDIATRICS)",SOLUTION,5
"CIPROFLOXACIN HCL (OPHTH)","CARDIOVASCULAR DISEASE",SOLUTION,5
"CIPROFLOXACIN HCL (OPHTH)","PULMONARY CRITICAL CARE MEDICINE",SOLUTION,5
"CIPROFLOXACIN HCL (OPHTH)","NURSE PRACTITIONER",OINTMENT,5
"CIPROFLOXACIN HCL (OPHTH)","SPORTS MEDICINE (FAMILY MEDICINE)",SOLUTION,5
"CIPROFLOXACIN HCL (OPHTH)","PLASTIC SURGERY",SOLUTION,5
"CIPROFLOXACIN HCL (OPHTH)","INFECTIOUS DISEASE",SOLUTION,4
"CIPROFLOXACIN HCL (OPHTH)",NEUROLOGY,SOLUTION,4
"CIPROFLOXACIN HCL (OPHTH)",PODIATRIST,SOLUTION,4
"CIPROFLOXACIN HCL (OPHTH)",PSYCHIATRY,SOLUTION,3
"CIPROFLOXACIN HCL (OPHTH)","INTERNAL MEDICINE/FAMILY MEDICINE",SOLUTION,3
"CIPROFLOXACIN HCL (OPHTH)","PULMONARY DISEASE",SOLUTION,3
"CIPROFLOXACIN HCL (OPHTH)","PEDIATRIC HEMATOLOGY/ONCOLOGY",SOLUTION,3
"CIPROFLOXACIN HCL (OPHTH)",DENTIST,SOLUTION,3
"CIPROFLOXACIN HCL (OPHTH)","SURGICAL CRITICAL CARE (SURGERY)",SOLUTION,3
"CIPROFLOXACIN HCL (OPHTH)",RHEUMATOLOGY,SOLUTION,3
"CIPROFLOXACIN HCL (OPHTH)","ALLERGY & IMMUNOLOGY",SOLUTION,3
"CIPROFLOXACIN HCL (OPHTH)",GASTROENTEROLOGY,SOLUTION,3
"CIPROFLOXACIN HCL (OPHTH)","PLASTIC SURGERY WITHIN THE HEAD & NECK (OTOLARYNGOLOGY)",SOLUTION,2
"CIPROFLOXACIN HCL (OPHTH)","PEDIATRICS/EMERGENCY MEDICINE",SOLUTION,2
"CIPROFLOXACIN HCL (OPHTH)","ENDOCRINOLOGY, DIABETES & METABOLISM",SOLUTION,2
"CIPROFLOXACIN HCL (OPHTH)",UROLOGY,SOLUTION,2
"CIPROFLOXACIN HCL (OPHTH)","MEDICAL ONCOLOGY",SOLUTION,2
"CIPROFLOXACIN HCL (OPHTH)","PEDIATRIC CARDIOLOGY",SOLUTION,2
"CIPROFLOXACIN HCL (OPHTH)","PHYSICIAN ASSISTANT",OINTMENT,2
"CIPROFLOXACIN HCL (OPHTH)","RADIATION ONCOLOGY",SOLUTION,2
"CIPROFLOXACIN HCL (OPHTH)","DIAGNOSTIC RADIOLOGY",SOLUTION,2
"CIPROFLOXACIN HCL (OPHTH)","ADVANCED REGISTERED NURSE",SOLUTION,2
"CIPROFLOXACIN HCL (OPHTH)","PEDIATRIC GASTROENTEROLOGY",SOLUTION,2
"CIPROFLOXACIN HCL (OPHTH)","CLINICAL NURSE SPECIALIST",SOLUTION,1
"CIPROFLOXACIN HCL (OPHTH)","VASCULAR & INTERVENTIONAL RADIOLOGY",SOLUTION,1
"CIPROFLOXACIN HCL (OPHTH)","NURSE MIDWIFE",SOLUTION,1
"CIPROFLOXACIN HCL (OPHTH)","NATUROPATHIC DOCTOR",SOLUTION,1
"CIPROFLOXACIN HCL (OPHTH)",PHARMACIST,SOLUTION,1
"CIPROFLOXACIN HCL (OPHTH)",ALLERGY,SOLUTION,1
"CIPROFLOXACIN HCL (OPHTH)","ORAL & MAXILLOFACIAL SURGERY",SOLUTION,1
"CIPROFLOXACIN HCL (OPHTH)","FACIAL PLASTIC SURGERY",SOLUTION,1
"CIPROFLOXACIN HCL (OPHTH)","CLINICAL SOCIAL WORKER",SOLUTION,1
"CIPROFLOXACIN HCL (OPHTH)","HEAD & NECK SURGERY",SOLUTION,1
"CIPROFLOXACIN HCL (OPHTH)","PEDIATRIC OPHTHALMOLOGY",SOLUTION,1
"CIPROFLOXACIN HCL (OPHTH)","HOSPICE & PALLIATIVE MEDICINE",SOLUTION,1
"CIPROFLOXACIN HCL (OPHTH)","PEDIATRIC EMERGENCY MEDICINE",SOLUTION,1
"CIPROFLOXACIN HCL (OPHTH)",PSYCHOANALYSIS,SOLUTION,1
"CIPROFLOXACIN HCL (OPHTH)","SURGICAL ONCOLOGY",SOLUTION,1
"CIPROFLOXACIN HCL (OPHTH)","ADDICTION MEDICINE",SOLUTION,1
"CIPROFLOXACIN HCL (OPHTH)","PHARMACEUTICAL MEDICINE",SOLUTION,1
"CIPROFLOXACIN HCL (OPHTH)",DERMATOLOGY,OINTMENT,1
"CIPROFLOXACIN HCL (OPHTH)","NUCLEAR MEDICINE",SOLUTION,1
"CIPROFLOXACIN HCL (OPHTH)","FAMILY MEDICINE",OINTMENT,1
"CIPROFLOXACIN HCL (OPHTH)","ORTHOPEDIC SURGERY OF THE SPINE",SOLUTION,1
"CIPROFLOXACIN HCL (OPHTH)",UNSPECIFIED,SOLUTION,1
"CIPROFLOXACIN HCL (OPHTH)","GERIATRIC MEDICINE (INTERNAL MEDICINE)",OINTMENT,1
"CIPROFLOXACIN HCL (OPHTH)","PEDIATRIC INFECTIOUS DISEASE",SOLUTION,1
"CIPROFLOXACIN HCL (OPHTH)","PEDIATRIC ORTHOPEDICS",SOLUTION,1
"CIPROFLOXACIN HCL (OPHTH)","HOSPICE & PALLIATIVE MEDICINE (FAMILY MEDICINE)",SOLUTION,1
"CIPROFLOXACIN HCL (OPHTH)","PEDIATRIC ALLERGY",SOLUTION,1
"CIPROFLOXACIN HCL (OPHTH)","SPORTS MEDICINE (ORTHOPEDIC SURGERY)",SOLUTION,1
"CIPROFLOXACIN HCL (OPHTH)",HEPATOLOGY,SOLUTION,1
"CIPROFLOXACIN HCL (OPHTH)","PEDIATRIC EMERGENCY MEDICINE (PEDIATRICS)",SOLUTION,1
"CIPROFLOXACIN HCL (OPHTH)","PHYSICAL MEDICINE & REHABILITATION",SOLUTION,1
"CIPROFLOXACIN HCL (OPHTH)","PAIN MEDICINE",SOLUTION,1
"CIPROFLOXACIN HCL (OPHTH)","UNDERSEAS MEDICINE (PREVENTIVE MEDICINE)",SOLUTION,1
"CIPROFLOXACIN HCL (OTIC)","NURSE PRACTITIONER",SOLUTION,55
"CIPROFLOXACIN HCL (OTIC)","INTERNAL MEDICINE",SOLUTION,42
"CIPROFLOXACIN HCL (OTIC)","FAMILY MEDICINE",SOLUTION,41
"CIPROFLOXACIN HCL (OTIC)",PEDIATRICS,SOLUTION,29
"CIPROFLOXACIN HCL (OTIC)","PHYSICIAN ASSISTANT",SOLUTION,27
"CIPROFLOXACIN HCL (OTIC)","EMERGENCY MEDICINE",SOLUTION,9
"CIPROFLOXACIN HCL (OTIC)",OTOLARYNGOLOGY,SOLUTION,8
"CIPROFLOXACIN HCL (OTIC)","CARDIOVASCULAR DISEASE",SOLUTION,3
"CIPROFLOXACIN HCL (OTIC)",DERMATOLOGY,SOLUTION,3
"CIPROFLOXACIN HCL (OTIC)","PEDIATRIC OTOLARYNGOLOGY",SOLUTION,2
"CIPROFLOXACIN HCL (OTIC)",HEMATOLOGY/ONCOLOGY,SOLUTION,2
"CIPROFLOXACIN HCL (OTIC)","STUDENT, HEALTH CARE",SOLUTION,2
"CIPROFLOXACIN HCL (OTIC)",,SOLUTION,2
"CIPROFLOXACIN HCL (OTIC)","PEDIATRIC HEMATOLOGY/ONCOLOGY",SOLUTION,1
"CIPROFLOXACIN HCL (OTIC)","GYNECOLOGICAL ONCOLOGY",SOLUTION,1
"CIPROFLOXACIN HCL (OTIC)","PEDIATRIC ENDOCRINOLOGY",SOLUTION,1
"CIPROFLOXACIN HCL (OTIC)","DERMATOLOGIC SURGERY",SOLUTION,1
"CIPROFLOXACIN HCL (OTIC)","GERIATRIC MEDICINE (INTERNAL MEDICINE)",SOLUTION,1
"CIPROFLOXACIN HCL (OTIC)","PEDIATRIC EMERGENCY MEDICINE (PEDIATRICS)",SOLUTION,1
"CIPROFLOXACIN HCL (OTIC)","GERIATRIC MEDICINE (FAMILY MEDICINE)",SOLUTION,1
"CIPROFLOXACIN HCL (OTIC)",ANESTHESIOLOGY,SOLUTION,1
"CIPROFLOXACIN HCL (OTIC)","GENERAL PRACTICE",SOLUTION,1
"CIPROFLOXACIN HCL (OTIC)","PULMONARY DISEASE",SOLUTION,1
"CIPROFLOXACIN HCL (OTIC)","PEDIATRIC GASTROENTEROLOGY",SOLUTION,1
"CIPROFLOXACIN HCL (OTIC)","PEDIATRIC EMERGENCY MEDICINE",SOLUTION,1
"CIPROFLOXACIN IN D5W","INTERNAL MEDICINE",SOLUTION,3
"CIPROFLOXACIN IN D5W","FAMILY MEDICINE",SOLUTION,1
"CIPROFLOXACIN IN D5W","GERIATRIC MEDICINE (INTERNAL MEDICINE)",SOLUTION,1
"CIPROFLOXACIN IN D5W","PEDIATRIC GASTROENTEROLOGY",SOLUTION,1
"CIPROFLOXACIN-CIPROFLOXACIN HCL","INTERNAL MEDICINE","TABLET SR 24 HR",3
"CIPROFLOXACIN-CIPROFLOXACIN HCL","PHYSICIAN ASSISTANT","TABLET SR 24 HR",2
"CIPROFLOXACIN-CIPROFLOXACIN HCL","NURSE PRACTITIONER","TABLET SR 24 HR",2
"CIPROFLOXACIN-CIPROFLOXACIN HCL","FAMILY MEDICINE","TABLET SR 24 HR",1
"CIPROFLOXACIN-CIPROFLOXACIN HCL",,"TABLET SR 24 HR",1
"CIPROFLOXACIN-CIPROFLOXACIN HCL","INFECTIOUS DISEASE","TABLET SR 24 HR",1
"CIPROFLOXACIN-CIPROFLOXACIN HCL","FEMALE PELVIC MEDICINE & RECONSTRUCTIVE SURGERY (UROLOGY)","TABLET SR 24 HR",1
"CIPROFLOXACIN-CIPROFLOXACIN HCL",PEDIATRICS,"TABLET SR 24 HR",1
"CIPROFLOXACIN-CIPROFLOXACIN HCL","SPORTS MEDICINE (FAMILY MEDICINE)","TABLET SR 24 HR",1
CIPROFLOXACIN-DEXAMETHASONE,OTOLARYNGOLOGY,SUSPENSION,1710
CIPROFLOXACIN-DEXAMETHASONE,"NURSE PRACTITIONER",SUSPENSION,1710
CIPROFLOXACIN-DEXAMETHASONE,PEDIATRICS,SUSPENSION,1580
CIPROFLOXACIN-DEXAMETHASONE,"PHYSICIAN ASSISTANT",SUSPENSION,974
CIPROFLOXACIN-DEXAMETHASONE,"FAMILY MEDICINE",SUSPENSION,762
CIPROFLOXACIN-DEXAMETHASONE,"INTERNAL MEDICINE",SUSPENSION,342
CIPROFLOXACIN-DEXAMETHASONE,"EMERGENCY MEDICINE",SUSPENSION,200
CIPROFLOXACIN-DEXAMETHASONE,"PEDIATRIC OTOLARYNGOLOGY",SUSPENSION,117
CIPROFLOXACIN-DEXAMETHASONE,"NEUROTOLOGY (OTOLARYNGOLOGY)",SUSPENSION,66
CIPROFLOXACIN-DEXAMETHASONE,,SUSPENSION,46
CIPROFLOXACIN-DEXAMETHASONE,"GENERAL PRACTICE",SUSPENSION,43
CIPROFLOXACIN-DEXAMETHASONE,"INTERNAL MEDICINE/PEDIATRICS",SUSPENSION,36
CIPROFLOXACIN-DEXAMETHASONE,"ALLERGY & IMMUNOLOGY",SUSPENSION,20
CIPROFLOXACIN-DEXAMETHASONE,"GENERAL SURGERY",SUSPENSION,19
CIPROFLOXACIN-DEXAMETHASONE,"PEDIATRIC EMERGENCY MEDICINE (PEDIATRICS)",SUSPENSION,18
CIPROFLOXACIN-DEXAMETHASONE,"PLASTIC SURGERY",SUSPENSION,14
CIPROFLOXACIN-DEXAMETHASONE,"OBSTETRICS & GYNECOLOGY",SUSPENSION,11
CIPROFLOXACIN-DEXAMETHASONE,"GERIATRIC MEDICINE (INTERNAL MEDICINE)",SUSPENSION,10
CIPROFLOXACIN-DEXAMETHASONE,"SPORTS MEDICINE (FAMILY MEDICINE)",SUSPENSION,9
CIPROFLOXACIN-DEXAMETHASONE,"FACIAL PLASTIC SURGERY",SUSPENSION,8
CIPROFLOXACIN-DEXAMETHASONE,"STUDENT, HEALTH CARE",SUSPENSION,7
CIPROFLOXACIN-DEXAMETHASONE,PODIATRIST,SUSPENSION,7
CIPROFLOXACIN-DEXAMETHASONE,"GERIATRIC MEDICINE (FAMILY MEDICINE)",SUSPENSION,7
CIPROFLOXACIN-DEXAMETHASONE,"ENDOCRINOLOGY, DIABETES & METABOLISM",SUSPENSION,7
CIPROFLOXACIN-DEXAMETHASONE,"CARDIOVASCULAR DISEASE",SUSPENSION,6
CIPROFLOXACIN-DEXAMETHASONE,"PULMONARY DISEASE",SUSPENSION,6
CIPROFLOXACIN-DEXAMETHASONE,"ADOLESCENT MEDICINE (PEDIATRICS)",SUSPENSION,6
CIPROFLOXACIN-DEXAMETHASONE,"PEDIATRIC PULMONOLOGY",SUSPENSION,6
CIPROFLOXACIN-DEXAMETHASONE,ANESTHESIOLOGY,SUSPENSION,6
CIPROFLOXACIN-DEXAMETHASONE,"HEAD & NECK SURGERY",SUSPENSION,6
CIPROFLOXACIN-DEXAMETHASONE,"INFECTIOUS DISEASE",SUSPENSION,6
CIPROFLOXACIN-DEXAMETHASONE,"NEONATAL-PERINATAL MEDICINE",SUSPENSION,5
CIPROFLOXACIN-DEXAMETHASONE,"PEDIATRIC HEMATOLOGY/ONCOLOGY",SUSPENSION,5
CIPROFLOXACIN-DEXAMETHASONE,RHEUMATOLOGY,SUSPENSION,5
CIPROFLOXACIN-DEXAMETHASONE,DENTIST,SUSPENSION,5
CIPROFLOXACIN-DEXAMETHASONE,HOSPITALIST,SUSPENSION,5
CIPROFLOXACIN-DEXAMETHASONE,"PLASTIC SURGERY WITHIN THE HEAD & NECK (OTOLARYNGOLOGY)",SUSPENSION,5
CIPROFLOXACIN-DEXAMETHASONE,"PLASTIC SURGERY WITHIN THE HEAD & NECK",SUSPENSION,4
CIPROFLOXACIN-DEXAMETHASONE,"GENERAL PREVENTIVE MEDICINE",SUSPENSION,4
CIPROFLOXACIN-DEXAMETHASONE,"PEDIATRIC EMERGENCY MEDICINE",SUSPENSION,4
CIPROFLOXACIN-DEXAMETHASONE,"PHYSICAL MEDICINE & REHABILITATION",SUSPENSION,4
CIPROFLOXACIN-DEXAMETHASONE,"ADVANCED REGISTERED NURSE",SUSPENSION,3
CIPROFLOXACIN-DEXAMETHASONE,NEPHROLOGY,SUSPENSION,3
CIPROFLOXACIN-DEXAMETHASONE,"PEDIATRIC CARDIOLOGY",SUSPENSION,3
CIPROFLOXACIN-DEXAMETHASONE,UROLOGY,SUSPENSION,3
CIPROFLOXACIN-DEXAMETHASONE,NEUROLOGY,SUSPENSION,3
CIPROFLOXACIN-DEXAMETHASONE,GYNECOLOGY,SUSPENSION,3
CIPROFLOXACIN-DEXAMETHASONE,"HOSPICE & PALLIATIVE MEDICINE",SUSPENSION,2
CIPROFLOXACIN-DEXAMETHASONE,"CHILD NEUROLOGY",SUSPENSION,2
CIPROFLOXACIN-DEXAMETHASONE,OPTOMETRIST,SUSPENSION,2
CIPROFLOXACIN-DEXAMETHASONE,ALLERGY,SUSPENSION,2
CIPROFLOXACIN-DEXAMETHASONE,"NEUROLOGICAL SURGERY",SUSPENSION,2
CIPROFLOXACIN-DEXAMETHASONE,"THORACIC SURGERY",SUSPENSION,2
CIPROFLOXACIN-DEXAMETHASONE,"DIAGNOSTIC RADIOLOGY",SUSPENSION,2
CIPROFLOXACIN-DEXAMETHASONE,"CRITICAL CARE MEDICINE (INTERNAL MEDICINE)",SUSPENSION,2
CIPROFLOXACIN-DEXAMETHASONE,"OCCUPATIONAL MEDICINE",SUSPENSION,2
CIPROFLOXACIN-DEXAMETHASONE,PSYCHIATRY,SUSPENSION,2
CIPROFLOXACIN-DEXAMETHASONE,"CLINICAL CARDIAC ELECTROPHYSIOLOGY",SUSPENSION,2
CIPROFLOXACIN-DEXAMETHASONE,DERMATOLOGY,SUSPENSION,2
CIPROFLOXACIN-DEXAMETHASONE,"PEDIATRIC NEPHROLOGY",SUSPENSION,2
CIPROFLOXACIN-DEXAMETHASONE,"PEDIATRIC ENDOCRINOLOGY",SUSPENSION,1
CIPROFLOXACIN-DEXAMETHASONE,UNSPECIFIED,SUSPENSION,1
CIPROFLOXACIN-DEXAMETHASONE,"OTHER SPECIALTY",SUSPENSION,1
CIPROFLOXACIN-DEXAMETHASONE,"PEDIATRIC GASTROENTEROLOGY",SUSPENSION,1
CIPROFLOXACIN-DEXAMETHASONE,"PULMONARY CRITICAL CARE MEDICINE",SUSPENSION,1
CIPROFLOXACIN-DEXAMETHASONE,"EMERGENCY MEDICAL SERVICES",SUSPENSION,1
CIPROFLOXACIN-DEXAMETHASONE,OTOLOGY,SUSPENSION,1
CIPROFLOXACIN-DEXAMETHASONE,"ORAL & MAXILLOFACIAL SURGERY",SUSPENSION,1
CIPROFLOXACIN-DEXAMETHASONE,"CHILD ABUSE PEDIATRICS",SUSPENSION,1
CIPROFLOXACIN-DEXAMETHASONE,OPHTHALMOLOGY,SUSPENSION,1
CIPROFLOXACIN-DEXAMETHASONE,"INTERVENTIONAL CARDIOLOGY",SUSPENSION,1
CIPROFLOXACIN-DEXAMETHASONE,"UNDERSEAS MEDICINE (EMERGENCY MEDICINE)",SUSPENSION,1
CIPROFLOXACIN-DEXAMETHASONE,"ORTHOPEDIC SURGERY",SUSPENSION,1
CIPROFLOXACIN-DEXAMETHASONE,"SPORTS MEDICINE (EMERGENCY MEDICINE)",SUSPENSION,1
CIPROFLOXACIN-DEXAMETHASONE,RADIOLOGY,SUSPENSION,1
CIPROFLOXACIN-DEXAMETHASONE,HEMATOLOGY/ONCOLOGY,SUSPENSION,1
CIPROFLOXACIN-DEXAMETHASONE,"PEDIATRIC CRITICAL CARE MEDICINE",SUSPENSION,1
CIPROFLOXACIN-DEXAMETHASONE,"FOOT & ANKLE, ORTHOPEDICS",SUSPENSION,1
CIPROFLOXACIN-DEXAMETHASONE,"PEDIATRIC RHEUMATOLOGY",SUSPENSION,1
CIPROFLOXACIN-DEXAMETHASONE,"PEDIATRIC INFECTIOUS DISEASE",SUSPENSION,1
CIPROFLOXACIN-DEXAMETHASONE,"CHILD & ADOLESCENT PSYCHIATRY",SUSPENSION,1
CIPROFLOXACIN-DEXAMETHASONE,"CLINICAL NURSE SPECIALIST",SUSPENSION,1
CIPROFLOXACIN-DEXAMETHASONE,"FORENSIC PATHOLOGY",SUSPENSION,1
CIPROFLOXACIN-DEXAMETHASONE,"ADULT CARDIOTHORACIC ANESTHESIOLOGY",SUSPENSION,1
CIPROFLOXACIN-DEXAMETHASONE,"SPORTS MEDICINE (PEDIATRICS)",SUSPENSION,1
CIPROFLOXACIN-DEXAMETHASONE,GASTROENTEROLOGY,SUSPENSION,1
CIPROFLOXACIN-DEXAMETHASONE,"PEDIATRIC ALLERGY",SUSPENSION,1
CIPROFLOXACIN-DEXAMETHASONE,"INTERNAL MEDICINE/EMERGENCY MEDICINE",SUSPENSION,1
CIPROFLOXACIN-DEXAMETHASONE,"PHARMACEUTICAL MEDICINE",SUSPENSION,1
CIPROFLOXACIN-DEXAMETHASONE,PHARMACIST,SUSPENSION,1
"CIPROFLOXACIN-FLUOCINOLONE ACETONIDE",OTOLARYNGOLOGY,SOLUTION,111
"CIPROFLOXACIN-FLUOCINOLONE ACETONIDE","NURSE PRACTITIONER",SOLUTION,30
"CIPROFLOXACIN-FLUOCINOLONE ACETONIDE",PEDIATRICS,SOLUTION,30
"CIPROFLOXACIN-FLUOCINOLONE ACETONIDE","PHYSICIAN ASSISTANT",SOLUTION,15
"CIPROFLOXACIN-FLUOCINOLONE ACETONIDE","PEDIATRIC OTOLARYNGOLOGY",SOLUTION,10
"CIPROFLOXACIN-FLUOCINOLONE ACETONIDE","FAMILY MEDICINE",SOLUTION,10
"CIPROFLOXACIN-FLUOCINOLONE ACETONIDE","EMERGENCY MEDICINE",SOLUTION,3
"CIPROFLOXACIN-FLUOCINOLONE ACETONIDE",,SOLUTION,3
"CIPROFLOXACIN-FLUOCINOLONE ACETONIDE","PLASTIC SURGERY WITHIN THE HEAD & NECK (OTOLARYNGOLOGY)",SOLUTION,2
"CIPROFLOXACIN-FLUOCINOLONE ACETONIDE",GASTROENTEROLOGY,SOLUTION,1
"CIPROFLOXACIN-FLUOCINOLONE ACETONIDE","INTERNAL MEDICINE",SOLUTION,1
"CIPROFLOXACIN-FLUOCINOLONE ACETONIDE","OBSTETRICS & GYNECOLOGY",SOLUTION,1
CIPROFLOXACIN-HYDROCORTISONE,"FAMILY MEDICINE",SUSPENSION,72
CIPROFLOXACIN-HYDROCORTISONE,"NURSE PRACTITIONER",SUSPENSION,45
CIPROFLOXACIN-HYDROCORTISONE,"PHYSICIAN ASSISTANT",SUSPENSION,44
CIPROFLOXACIN-HYDROCORTISONE,"INTERNAL MEDICINE",SUSPENSION,29
CIPROFLOXACIN-HYDROCORTISONE,PEDIATRICS,SUSPENSION,23
CIPROFLOXACIN-HYDROCORTISONE,OTOLARYNGOLOGY,SUSPENSION,16
CIPROFLOXACIN-HYDROCORTISONE,"EMERGENCY MEDICINE",SUSPENSION,13
CIPROFLOXACIN-HYDROCORTISONE,"GENERAL PRACTICE",SUSPENSION,6
CIPROFLOXACIN-HYDROCORTISONE,HOSPITALIST,SUSPENSION,5
CIPROFLOXACIN-HYDROCORTISONE,"INFECTIOUS DISEASE",SUSPENSION,2
CIPROFLOXACIN-HYDROCORTISONE,"GERIATRIC MEDICINE (INTERNAL MEDICINE)",SUSPENSION,2
CIPROFLOXACIN-HYDROCORTISONE,"CARDIOVASCULAR DISEASE",SUSPENSION,2
CIPROFLOXACIN-HYDROCORTISONE,"ENDOCRINOLOGY, DIABETES & METABOLISM",SUSPENSION,2
CIPROFLOXACIN-HYDROCORTISONE,,SUSPENSION,2
CIPROFLOXACIN-HYDROCORTISONE,"PEDIATRIC HEMATOLOGY/ONCOLOGY",SUSPENSION,1
CIPROFLOXACIN-HYDROCORTISONE,"OCCUPATIONAL MEDICINE",SUSPENSION,1
CIPROFLOXACIN-HYDROCORTISONE,"PEDIATRIC CRITICAL CARE MEDICINE",SUSPENSION,1
CIPROFLOXACIN-HYDROCORTISONE,NEUROLOGY,SUSPENSION,1
CIPROFLOXACIN-HYDROCORTISONE,"PEDIATRIC NEPHROLOGY",SUSPENSION,1
CIPROFLOXACIN-HYDROCORTISONE,"ALLERGY & IMMUNOLOGY",SUSPENSION,1
CIPROFLOXACIN-HYDROCORTISONE,"SPORTS MEDICINE (PHYSICAL MEDICINE & REHABILITATION)",SUSPENSION,1
CIPROFLOXACIN-HYDROCORTISONE,ALLERGY,SUSPENSION,1
CIPROFLOXACIN-HYDROCORTISONE,DERMATOLOGY,SUSPENSION,1
CLARITHROMYCIN,"FAMILY MEDICINE",TABLET,1255
CLARITHROMYCIN,"NURSE PRACTITIONER",TABLET,1013
CLARITHROMYCIN,"INTERNAL MEDICINE",TABLET,700
CLARITHROMYCIN,GASTROENTEROLOGY,TABLET,664
CLARITHROMYCIN,"PHYSICIAN ASSISTANT",TABLET,603
CLARITHROMYCIN,OTOLARYNGOLOGY,TABLET,269
CLARITHROMYCIN,PEDIATRICS,TABLET,137
CLARITHROMYCIN,"EMERGENCY MEDICINE",TABLET,132
CLARITHROMYCIN,PEDIATRICS,"SUSPENSION RECONSTITUTED",111
CLARITHROMYCIN,"FAMILY MEDICINE","TABLET SR 24 HR",102
CLARITHROMYCIN,"ALLERGY & IMMUNOLOGY",TABLET,95
CLARITHROMYCIN,"GENERAL SURGERY",TABLET,89
CLARITHROMYCIN,"GENERAL PRACTICE",TABLET,83
CLARITHROMYCIN,"PULMONARY DISEASE",TABLET,68
CLARITHROMYCIN,DENTIST,TABLET,62
CLARITHROMYCIN,"NURSE PRACTITIONER","SUSPENSION RECONSTITUTED",57
CLARITHROMYCIN,"INFECTIOUS DISEASE",TABLET,57
CLARITHROMYCIN,"INTERNAL MEDICINE","TABLET SR 24 HR",48
CLARITHROMYCIN,,TABLET,40
CLARITHROMYCIN,"NURSE PRACTITIONER","TABLET SR 24 HR",33
CLARITHROMYCIN,"PHYSICIAN ASSISTANT","TABLET SR 24 HR",27
CLARITHROMYCIN,"PHYSICIAN ASSISTANT","SUSPENSION RECONSTITUTED",24
CLARITHROMYCIN,OTOLARYNGOLOGY,"SUSPENSION RECONSTITUTED",21
CLARITHROMYCIN,"FAMILY MEDICINE","SUSPENSION RECONSTITUTED",20
CLARITHROMYCIN,"CARDIOVASCULAR DISEASE",TABLET,20
CLARITHROMYCIN,"OBSTETRICS & GYNECOLOGY",TABLET,20
CLARITHROMYCIN,"PULMONARY CRITICAL CARE MEDICINE",TABLET,18
CLARITHROMYCIN,"INTERNAL MEDICINE/PEDIATRICS",TABLET,16
CLARITHROMYCIN,OTOLARYNGOLOGY,"TABLET SR 24 HR",15
CLARITHROMYCIN,HEMATOLOGY/ONCOLOGY,TABLET,13
CLARITHROMYCIN,RHEUMATOLOGY,TABLET,13
CLARITHROMYCIN,"ALLERGY & IMMUNOLOGY","TABLET SR 24 HR",12
CLARITHROMYCIN,NEPHROLOGY,TABLET,11
CLARITHROMYCIN,"PEDIATRIC GASTROENTEROLOGY",TABLET,11
CLARITHROMYCIN,"GERIATRIC MEDICINE (INTERNAL MEDICINE)",TABLET,11
CLARITHROMYCIN,HOSPITALIST,TABLET,11
CLARITHROMYCIN,NEUROLOGY,TABLET,11
CLARITHROMYCIN,"ORAL & MAXILLOFACIAL SURGERY",TABLET,10
CLARITHROMYCIN,"INTERNAL MEDICINE","SUSPENSION RECONSTITUTED",10
CLARITHROMYCIN,DENTIST,"TABLET SR 24 HR",10
CLARITHROMYCIN,PSYCHIATRY,TABLET,9
CLARITHROMYCIN,"GERIATRIC MEDICINE (FAMILY MEDICINE)",TABLET,8
CLARITHROMYCIN,"NATUROPATHIC DOCTOR",TABLET,8
CLARITHROMYCIN,ALLERGY,TABLET,8
CLARITHROMYCIN,DERMATOLOGY,TABLET,8
CLARITHROMYCIN,ANESTHESIOLOGY,TABLET,7
CLARITHROMYCIN,"ENDOCRINOLOGY, DIABETES & METABOLISM",TABLET,7
CLARITHROMYCIN,"PLASTIC SURGERY",TABLET,7
CLARITHROMYCIN,"GENERAL PREVENTIVE MEDICINE",TABLET,6
CLARITHROMYCIN,OPHTHALMOLOGY,TABLET,6
CLARITHROMYCIN,"EMERGENCY MEDICINE","TABLET SR 24 HR",6
CLARITHROMYCIN,"GENERAL PRACTICE","SUSPENSION RECONSTITUTED",6
CLARITHROMYCIN,"SPORTS MEDICINE (FAMILY MEDICINE)",TABLET,6
CLARITHROMYCIN,"PEDIATRIC GASTROENTEROLOGY","SUSPENSION RECONSTITUTED",5
CLARITHROMYCIN,"PHYSICAL MEDICINE & REHABILITATION",TABLET,5
CLARITHROMYCIN,PEDIATRICS,"TABLET SR 24 HR",5
CLARITHROMYCIN,PODIATRIST,TABLET,5
CLARITHROMYCIN,"FACIAL PLASTIC SURGERY",TABLET,4
CLARITHROMYCIN,"MEDICAL ONCOLOGY",TABLET,4
CLARITHROMYCIN,"ORTHOPEDIC SURGERY",TABLET,4
CLARITHROMYCIN,"PULMONARY DISEASE","TABLET SR 24 HR",4
CLARITHROMYCIN,"ALLERGY & IMMUNOLOGY","SUSPENSION RECONSTITUTED",4
CLARITHROMYCIN,UROLOGY,TABLET,4
CLARITHROMYCIN,"STUDENT, HEALTH CARE",TABLET,3
CLARITHROMYCIN,"CARDIOVASCULAR DISEASE","TABLET SR 24 HR",3
CLARITHROMYCIN,DENTISTRY/PERIODONTICS,TABLET,3
CLARITHROMYCIN,VETERINARIAN,TABLET,3
CLARITHROMYCIN,"GERIATRIC MEDICINE (INTERNAL MEDICINE)","TABLET SR 24 HR",3
CLARITHROMYCIN,"INTERNAL MEDICINE/PEDIATRICS","SUSPENSION RECONSTITUTED",3
CLARITHROMYCIN,"HEMATOLOGY (INTERNAL MEDICINE)",TABLET,3
CLARITHROMYCIN,"RADIATION ONCOLOGY",TABLET,3
CLARITHROMYCIN,"PAIN MEDICINE",TABLET,2
CLARITHROMYCIN,"EMERGENCY MEDICINE","SUSPENSION RECONSTITUTED",2
CLARITHROMYCIN,"SLEEP MEDICINE",TABLET,2
CLARITHROMYCIN,"COLON & RECTAL SURGERY",TABLET,2
CLARITHROMYCIN,"SURGICAL CRITICAL CARE (SURGERY)",TABLET,2
CLARITHROMYCIN,"THORACIC SURGERY",TABLET,2
CLARITHROMYCIN,OPHTHALMOLOGY,"SUSPENSION RECONSTITUTED",2
CLARITHROMYCIN,GASTROENTEROLOGY,"TABLET SR 24 HR",2
CLARITHROMYCIN,"ENDOCRINOLOGY, DIABETES & METABOLISM","TABLET SR 24 HR",2
CLARITHROMYCIN,RADIOLOGY,TABLET,2
CLARITHROMYCIN,,"SUSPENSION RECONSTITUTED",2
CLARITHROMYCIN,"GENERAL PRACTICE","TABLET SR 24 HR",2
CLARITHROMYCIN,"PEDIATRIC OTOLARYNGOLOGY","SUSPENSION RECONSTITUTED",2
CLARITHROMYCIN,"OCCUPATIONAL MEDICINE",TABLET,2
CLARITHROMYCIN,"PHARMACEUTICAL MEDICINE",TABLET,2
CLARITHROMYCIN,"CHILD & ADOLESCENT PSYCHIATRY",TABLET,1
CLARITHROMYCIN,"INTERNAL MEDICINE/PREVENTIVE MEDICINE",TABLET,1
CLARITHROMYCIN,NEUROLOGY,"TABLET SR 24 HR",1
CLARITHROMYCIN,"HOSPICE & PALLIATIVE MEDICINE (INTERNAL MEDICINE)",TABLET,1
CLARITHROMYCIN,"CLINICAL NURSE SPECIALIST","TABLET SR 24 HR",1
CLARITHROMYCIN,"SURGICAL ONCOLOGY",TABLET,1
CLARITHROMYCIN,"ADOLESCENT MEDICINE (PEDIATRICS)",TABLET,1
CLARITHROMYCIN,"ORTHOPEDIC SURGERY","TABLET SR 24 HR",1
CLARITHROMYCIN,VETERINARIAN,"SUSPENSION RECONSTITUTED",1
CLARITHROMYCIN,"CRITICAL CARE MEDICINE (INTERNAL MEDICINE)",TABLET,1
CLARITHROMYCIN,"OBSTETRICS & GYNECOLOGY","SUSPENSION RECONSTITUTED",1
CLARITHROMYCIN,"ADVANCED REGISTERED NURSE",TABLET,1
CLARITHROMYCIN,"CRITICAL CARE MEDICINE (INTERNAL MEDICINE)","TABLET SR 24 HR",1
CLARITHROMYCIN,"CHILD NEUROLOGY",TABLET,1
CLARITHROMYCIN,"GERIATRIC PSYCHIATRY",TABLET,1
CLARITHROMYCIN,"PEDIATRIC EMERGENCY MEDICINE (PEDIATRICS)",TABLET,1
CLARITHROMYCIN,"FACIAL PLASTIC SURGERY","SUSPENSION RECONSTITUTED",1
CLARITHROMYCIN,"PEDIATRIC OPHTHALMOLOGY","SUSPENSION RECONSTITUTED",1
CLARITHROMYCIN,"UNDERSEAS MEDICINE (PREVENTIVE MEDICINE)",TABLET,1
CLARITHROMYCIN,"PEDIATRIC PULMONOLOGY",TABLET,1
CLARITHROMYCIN,"INFECTIOUS DISEASE","SUSPENSION RECONSTITUTED",1
CLARITHROMYCIN,NEURORADIOLOGY,TABLET,1
CLARITHROMYCIN,"SPORTS MEDICINE (ORTHOPEDIC SURGERY)",TABLET,1
CLARITHROMYCIN,"HEAD & NECK SURGERY",TABLET,1
CLARITHROMYCIN,PSYCHIATRY,"TABLET SR 24 HR",1
CLARITHROMYCIN,"PLASTIC SURGERY WITHIN THE HEAD & NECK",TABLET,1
CLARITHROMYCIN,NEUROLOGY,"SUSPENSION RECONSTITUTED",1
CLARITHROMYCIN,"CLINICAL NEUROPHYSIOLOGY","TABLET SR 24 HR",1
CLARITHROMYCIN,"PAIN MEDICINE (ANESTHESIOLOGY)",TABLET,1
CLARITHROMYCIN,"CHILD & ADOLESCENT PSYCHIATRY","SUSPENSION RECONSTITUTED",1
CLARITHROMYCIN,GYNECOLOGY,TABLET,1
CLARITHROMYCIN,"PEDIATRIC SURGERY",TABLET,1
CLARITHROMYCIN,,"TABLET SR 24 HR",1
CLARITHROMYCIN,"INTERNAL MEDICINE/FAMILY MEDICINE",TABLET,1
CLARITHROMYCIN,"OBSTETRICS & GYNECOLOGY","TABLET SR 24 HR",1
CLARITHROMYCIN,HEPATOLOGY,TABLET,1
CLARITHROMYCIN,"NEONATAL-PERINATAL MEDICINE",TABLET,1
"CLINDAMYCIN HCL",DENTIST,CAPSULE,13330
"CLINDAMYCIN HCL","NURSE PRACTITIONER",CAPSULE,4081
"CLINDAMYCIN HCL","FAMILY MEDICINE",CAPSULE,3362
"CLINDAMYCIN HCL","PHYSICIAN ASSISTANT",CAPSULE,3001
"CLINDAMYCIN HCL","EMERGENCY MEDICINE",CAPSULE,2056
"CLINDAMYCIN HCL","ORAL & MAXILLOFACIAL SURGERY",CAPSULE,1760
"CLINDAMYCIN HCL","INTERNAL MEDICINE",CAPSULE,1655
"CLINDAMYCIN HCL",PEDIATRICS,CAPSULE,682
"CLINDAMYCIN HCL","ORTHOPEDIC SURGERY",CAPSULE,627
"CLINDAMYCIN HCL",OTOLARYNGOLOGY,CAPSULE,605
"CLINDAMYCIN HCL","OBSTETRICS & GYNECOLOGY",CAPSULE,582
"CLINDAMYCIN HCL",PODIATRIST,CAPSULE,538
"CLINDAMYCIN HCL",,CAPSULE,347
"CLINDAMYCIN HCL","GENERAL SURGERY",CAPSULE,341
"CLINDAMYCIN HCL","GENERAL PRACTICE",CAPSULE,299
"CLINDAMYCIN HCL",DERMATOLOGY,CAPSULE,274
"CLINDAMYCIN HCL","PLASTIC SURGERY",CAPSULE,260
"CLINDAMYCIN HCL",HOSPITALIST,CAPSULE,152
"CLINDAMYCIN HCL","INFECTIOUS DISEASE",CAPSULE,138
"CLINDAMYCIN HCL",VETERINARIAN,CAPSULE,130
"CLINDAMYCIN HCL",DENTISTRY/ENDODONTICS,CAPSULE,104
"CLINDAMYCIN HCL","CARDIOVASCULAR DISEASE",CAPSULE,85
"CLINDAMYCIN HCL","INTERNAL MEDICINE/PEDIATRICS",CAPSULE,74
"CLINDAMYCIN HCL","STUDENT, HEALTH CARE",CAPSULE,64
"CLINDAMYCIN HCL",DENTISTRY/PERIODONTICS,CAPSULE,57
"CLINDAMYCIN HCL",NEPHROLOGY,CAPSULE,50
"CLINDAMYCIN HCL",OPHTHALMOLOGY,CAPSULE,49
"CLINDAMYCIN HCL",UROLOGY,CAPSULE,45
"CLINDAMYCIN HCL","SPORTS MEDICINE (ORTHOPEDIC SURGERY)",CAPSULE,40
"CLINDAMYCIN HCL","PEDIATRIC EMERGENCY MEDICINE (PEDIATRICS)",CAPSULE,35
"CLINDAMYCIN HCL","GERIATRIC MEDICINE (INTERNAL MEDICINE)",CAPSULE,34
"CLINDAMYCIN HCL","HAND SURGERY",CAPSULE,30
"CLINDAMYCIN HCL",PSYCHIATRY,CAPSULE,29
"CLINDAMYCIN HCL","VASCULAR SURGERY",CAPSULE,29
"CLINDAMYCIN HCL","ALLERGY & IMMUNOLOGY",CAPSULE,28
"CLINDAMYCIN HCL","PULMONARY DISEASE",CAPSULE,28
"CLINDAMYCIN HCL","NURSE MIDWIFE",CAPSULE,28
"CLINDAMYCIN HCL",ANESTHESIOLOGY,CAPSULE,28
"CLINDAMYCIN HCL","PHYSICAL MEDICINE & REHABILITATION",CAPSULE,28
"CLINDAMYCIN HCL","ADULT RECONSTRUCTIVE ORTHOPEDICS",CAPSULE,27
"CLINDAMYCIN HCL","HAND SURGERY (ORTHOPEDICS)",CAPSULE,27
"CLINDAMYCIN HCL","FACIAL PLASTIC SURGERY",CAPSULE,23
"CLINDAMYCIN HCL",GASTROENTEROLOGY,CAPSULE,22
"CLINDAMYCIN HCL","PAIN MEDICINE",CAPSULE,21
"CLINDAMYCIN HCL","SPORTS MEDICINE (FAMILY MEDICINE)",CAPSULE,19
"CLINDAMYCIN HCL",HEMATOLOGY/ONCOLOGY,CAPSULE,19
"CLINDAMYCIN HCL","PULMONARY CRITICAL CARE MEDICINE",CAPSULE,18
"CLINDAMYCIN HCL",GYNECOLOGY,CAPSULE,16
"CLINDAMYCIN HCL","ENDOCRINOLOGY, DIABETES & METABOLISM",CAPSULE,16
"CLINDAMYCIN HCL","HEAD & NECK SURGERY",CAPSULE,15
"CLINDAMYCIN HCL","NEUROLOGICAL SURGERY",CAPSULE,15
"CLINDAMYCIN HCL","OCCUPATIONAL MEDICINE",CAPSULE,15
"CLINDAMYCIN HCL","DIAGNOSTIC RADIOLOGY",CAPSULE,14
"CLINDAMYCIN HCL","INTERVENTIONAL CARDIOLOGY",CAPSULE,13
"CLINDAMYCIN HCL","CLINICAL CARDIAC ELECTROPHYSIOLOGY",CAPSULE,13
"CLINDAMYCIN HCL",NEUROLOGY,CAPSULE,13
"CLINDAMYCIN HCL","PAIN MEDICINE (ANESTHESIOLOGY)",CAPSULE,12
"CLINDAMYCIN HCL","PEDIATRIC EMERGENCY MEDICINE",CAPSULE,11
"CLINDAMYCIN HCL","GERIATRIC MEDICINE (FAMILY MEDICINE)",CAPSULE,10
"CLINDAMYCIN HCL",PHARMACIST,CAPSULE,9
"CLINDAMYCIN HCL","GENERAL PREVENTIVE MEDICINE",CAPSULE,9
"CLINDAMYCIN HCL","FOOT & ANKLE, ORTHOPEDICS",CAPSULE,9
"CLINDAMYCIN HCL","HAND SURGERY (PLASTIC SURGERY)",CAPSULE,8
"CLINDAMYCIN HCL","PEDIATRIC SURGERY",CAPSULE,8
"CLINDAMYCIN HCL","NEUROTOLOGY (OTOLARYNGOLOGY)",CAPSULE,8
"CLINDAMYCIN HCL","PEDIATRIC INFECTIOUS DISEASE",CAPSULE,8
"CLINDAMYCIN HCL","PEDIATRIC CRITICAL CARE MEDICINE",CAPSULE,8
"CLINDAMYCIN HCL","EMERGENCY MEDICAL SERVICES",CAPSULE,7
"CLINDAMYCIN HCL","DERMATOLOGIC SURGERY",CAPSULE,7
"CLINDAMYCIN HCL","INTERNAL MEDICINE/EMERGENCY MEDICINE",CAPSULE,7
"CLINDAMYCIN HCL","COLON & RECTAL SURGERY",CAPSULE,7
"CLINDAMYCIN HCL",RHEUMATOLOGY,CAPSULE,7
"CLINDAMYCIN HCL","PEDIATRIC HEMATOLOGY/ONCOLOGY",CAPSULE,7
"CLINDAMYCIN HCL","SURGICAL CRITICAL CARE (SURGERY)",CAPSULE,7
"CLINDAMYCIN HCL","ORTHOPEDIC SURGERY OF THE SPINE",CAPSULE,6
"CLINDAMYCIN HCL","PEDIATRIC OTOLARYNGOLOGY",CAPSULE,6
"CLINDAMYCIN HCL",DENTISTRY/PEDODONTICS,CAPSULE,6
"CLINDAMYCIN HCL","MEDICAL ONCOLOGY",CAPSULE,6
"CLINDAMYCIN HCL","GYNECOLOGICAL ONCOLOGY",CAPSULE,6
"CLINDAMYCIN HCL","ADDICTION MEDICINE",CAPSULE,6
"CLINDAMYCIN HCL","THORACIC SURGERY",CAPSULE,6
"CLINDAMYCIN HCL",UNSPECIFIED,CAPSULE,6
"CLINDAMYCIN HCL","CLINICAL NURSE SPECIALIST",CAPSULE,5
"CLINDAMYCIN HCL","PEDIATRIC PULMONOLOGY",CAPSULE,5
"CLINDAMYCIN HCL","PEDIATRIC CARDIOLOGY",CAPSULE,5
"CLINDAMYCIN HCL","RADIATION ONCOLOGY",CAPSULE,5
"CLINDAMYCIN HCL","PEDIATRICS/EMERGENCY MEDICINE",CAPSULE,5
"CLINDAMYCIN HCL","MEDICAL TOXICOLOGY (EMERGENCY MEDICINE)",CAPSULE,5
"CLINDAMYCIN HCL","VASCULAR MEDICINE",CAPSULE,4
"CLINDAMYCIN HCL","PROCEDURAL DERMATOLOGY",CAPSULE,4
"CLINDAMYCIN HCL","CRITICAL CARE MEDICINE (INTERNAL MEDICINE)",CAPSULE,4
"CLINDAMYCIN HCL","PUBLIC HEALTH & GENERAL PREVENTIVE MEDICINE",CAPSULE,4
"CLINDAMYCIN HCL","CHILD & ADOLESCENT PSYCHIATRY",CAPSULE,4
"CLINDAMYCIN HCL","ADVANCED REGISTERED NURSE",CAPSULE,4
"CLINDAMYCIN HCL","HOSPICE & PALLIATIVE MEDICINE",CAPSULE,4
"CLINDAMYCIN HCL","SURGICAL ONCOLOGY",CAPSULE,4
"CLINDAMYCIN HCL",OPTOMETRIST,CAPSULE,4
"CLINDAMYCIN HCL","PEDIATRIC ENDOCRINOLOGY",CAPSULE,4
"CLINDAMYCIN HCL","INTERNAL MEDICINE/FAMILY MEDICINE",CAPSULE,4
"CLINDAMYCIN HCL","PEDIATRIC GASTROENTEROLOGY",CAPSULE,3
"CLINDAMYCIN HCL",DENTISTRY/PROSTHODONTICS,CAPSULE,3
"CLINDAMYCIN HCL","ORTHOPEDIC TRAUMA",CAPSULE,3
"CLINDAMYCIN HCL","PLASTIC SURGERY WITHIN THE HEAD & NECK (OTOLARYNGOLOGY)",CAPSULE,3
"CLINDAMYCIN HCL","NEONATAL-PERINATAL MEDICINE",CAPSULE,3
"CLINDAMYCIN HCL","HAND SURGERY (SURGERY)",CAPSULE,3
"CLINDAMYCIN HCL","MUSCULOSKELETAL ONCOLOGY",CAPSULE,3
"CLINDAMYCIN HCL","NATUROPATHIC DOCTOR",CAPSULE,3
"CLINDAMYCIN HCL","CRANIOFACIAL SURGERY",CAPSULE,3
"CLINDAMYCIN HCL","PEDIATRIC ORTHOPEDICS",CAPSULE,3
"CLINDAMYCIN HCL","PEDIATRIC NEPHROLOGY",CAPSULE,2
"CLINDAMYCIN HCL","CLINICAL SOCIAL WORKER",CAPSULE,2
"CLINDAMYCIN HCL","SPORTS MEDICINE (EMERGENCY MEDICINE)",CAPSULE,2
"CLINDAMYCIN HCL","TRANSITIONAL YEAR",CAPSULE,2
"CLINDAMYCIN HCL",OBSTETRICS,CAPSULE,2
"CLINDAMYCIN HCL","REGISTERED NURSE",CAPSULE,2
"CLINDAMYCIN HCL",DENTISTRY/ORTHODONTICS,CAPSULE,2
"CLINDAMYCIN HCL","PAIN MEDICINE (PHYSICAL MEDICINE & REHABILITATION)",CAPSULE,2
"CLINDAMYCIN HCL",CHIROPRACTIC,CAPSULE,2
"CLINDAMYCIN HCL","CRITICAL CARE MEDICINE (ANESTHESIOLOGY)",CAPSULE,2
"CLINDAMYCIN HCL","REPRODUCTIVE ENDOCRINOLOGY & INFERTILITY",CAPSULE,2
"CLINDAMYCIN HCL","PLASTIC SURGERY WITHIN THE HEAD & NECK",CAPSULE,2
"CLINDAMYCIN HCL","ANATOMIC PATHOLOGY",CAPSULE,1
"CLINDAMYCIN HCL","OBSTETRIC ANESTHESIOLOGY",CAPSULE,1
"CLINDAMYCIN HCL","TRANSPLANT SURGERY",CAPSULE,1
"CLINDAMYCIN HCL",SPECIALIST/TECHNOLOGIST/TECHNICIAN-OTHER,CAPSULE,1
"CLINDAMYCIN HCL","SPORTS MEDICINE (INTERNAL MEDICINE)",CAPSULE,1
"CLINDAMYCIN HCL",PSYCHOLOGY,CAPSULE,1
"CLINDAMYCIN HCL","SLEEP MEDICINE",CAPSULE,1
"CLINDAMYCIN HCL","SPORTS MEDICINE (PEDIATRICS)",CAPSULE,1
"CLINDAMYCIN HCL","ANATOMIC/CLINICAL PATHOLOGY",CAPSULE,1
"CLINDAMYCIN HCL","MEDICAL GENETICS",CAPSULE,1
"CLINDAMYCIN HCL",DERMATOPATHOLOGY,CAPSULE,1
"CLINDAMYCIN HCL","PHARMACY TECHNICIAN",CAPSULE,1
"CLINDAMYCIN HCL","CARDIOVASCULAR SURGERY",CAPSULE,1
"CLINDAMYCIN HCL","UNDERSEAS MEDICINE (PREVENTIVE MEDICINE)",CAPSULE,1
"CLINDAMYCIN HCL","PSYCHIATRY/FAMILY MEDICINE",CAPSULE,1
"CLINDAMYCIN HCL",PHLEBOLOGY,CAPSULE,1
"CLINDAMYCIN HCL","GERIATRIC PSYCHIATRY",CAPSULE,1
"CLINDAMYCIN HCL","PEDIATRIC OPHTHALMOLOGY",CAPSULE,1
"CLINDAMYCIN HCL",RADIOLOGY,CAPSULE,1
"CLINDAMYCIN HCL","PEDIATRIC DERMATOLOGY",CAPSULE,1
"CLINDAMYCIN HCL",CYTOPATHOLOGY,CAPSULE,1
"CLINDAMYCIN HCL","HEMATOLOGY (PATHOLOGY)",CAPSULE,1
"CLINDAMYCIN HCL","ADOLESCENT MEDICINE (PEDIATRICS)",CAPSULE,1
"CLINDAMYCIN HCL","CLINICAL INFORMATICS (INTERNAL MEDICINE)",CAPSULE,1
"CLINDAMYCIN HCL","BEHAVIORAL HEALTH & SOCIAL SERVICES",CAPSULE,1
"CLINDAMYCIN HCL","NOT APPLICABLE",CAPSULE,1
"CLINDAMYCIN HCL","FEMALE PELVIC MEDICINE & RECONSTRUCTIVE SURGERY",CAPSULE,1
"CLINDAMYCIN HCL","CONGENITAL CARDIAC SURGERY (THORACIC SURGERY)",CAPSULE,1
"CLINDAMYCIN HCL",DIABETES,CAPSULE,1
"CLINDAMYCIN HCL","CERTIFIED NURSE ANESTHETIST",CAPSULE,1
"CLINDAMYCIN HCL","UNDERSEAS MEDICINE (EMERGENCY MEDICINE)",CAPSULE,1
"CLINDAMYCIN HCL",HEPATOLOGY,CAPSULE,1
"CLINDAMYCIN HCL","NUCLEAR MEDICINE",CAPSULE,1
"CLINDAMYCIN HCL","PAIN MEDICINE (NEUROLOGY)",CAPSULE,1
"CLINDAMYCIN PALMITATE HYDROCHLORIDE",PEDIATRICS,"SOLUTION RECONSTITUTED",659
"CLINDAMYCIN PALMITATE HYDROCHLORIDE","NURSE PRACTITIONER","SOLUTION RECONSTITUTED",264
"CLINDAMYCIN PALMITATE HYDROCHLORIDE",DENTIST,"SOLUTION RECONSTITUTED",231
"CLINDAMYCIN PALMITATE HYDROCHLORIDE","PHYSICIAN ASSISTANT","SOLUTION RECONSTITUTED",126
"CLINDAMYCIN PALMITATE HYDROCHLORIDE","FAMILY MEDICINE","SOLUTION RECONSTITUTED",83
"CLINDAMYCIN PALMITATE HYDROCHLORIDE","EMERGENCY MEDICINE","SOLUTION RECONSTITUTED",79
"CLINDAMYCIN PALMITATE HYDROCHLORIDE","PEDIATRIC EMERGENCY MEDICINE (PEDIATRICS)","SOLUTION RECONSTITUTED",49
"CLINDAMYCIN PALMITATE HYDROCHLORIDE",OTOLARYNGOLOGY,"SOLUTION RECONSTITUTED",32
"CLINDAMYCIN PALMITATE HYDROCHLORIDE",,"SOLUTION RECONSTITUTED",22
"CLINDAMYCIN PALMITATE HYDROCHLORIDE","INTERNAL MEDICINE","SOLUTION RECONSTITUTED",21
"CLINDAMYCIN PALMITATE HYDROCHLORIDE","ORAL & MAXILLOFACIAL SURGERY","SOLUTION RECONSTITUTED",16
"CLINDAMYCIN PALMITATE HYDROCHLORIDE","GENERAL SURGERY","SOLUTION RECONSTITUTED",14
"CLINDAMYCIN PALMITATE HYDROCHLORIDE","INTERNAL MEDICINE/PEDIATRICS","SOLUTION RECONSTITUTED",13
"CLINDAMYCIN PALMITATE HYDROCHLORIDE",VETERINARIAN,"SOLUTION RECONSTITUTED",11
"CLINDAMYCIN PALMITATE HYDROCHLORIDE","STUDENT, HEALTH CARE","SOLUTION RECONSTITUTED",10
"CLINDAMYCIN PALMITATE HYDROCHLORIDE",DENTISTRY/PEDODONTICS,"SOLUTION RECONSTITUTED",9
"CLINDAMYCIN PALMITATE HYDROCHLORIDE","PEDIATRIC EMERGENCY MEDICINE","SOLUTION RECONSTITUTED",8
"CLINDAMYCIN PALMITATE HYDROCHLORIDE",DERMATOLOGY,"SOLUTION RECONSTITUTED",7
"CLINDAMYCIN PALMITATE HYDROCHLORIDE",HOSPITALIST,"SOLUTION RECONSTITUTED",7
"CLINDAMYCIN PALMITATE HYDROCHLORIDE","PEDIATRIC SURGERY","SOLUTION RECONSTITUTED",7
"CLINDAMYCIN PALMITATE HYDROCHLORIDE","PEDIATRIC PULMONOLOGY","SOLUTION RECONSTITUTED",6
"CLINDAMYCIN PALMITATE HYDROCHLORIDE","PLASTIC SURGERY","SOLUTION RECONSTITUTED",5
"CLINDAMYCIN PALMITATE HYDROCHLORIDE","INFECTIOUS DISEASE","SOLUTION RECONSTITUTED",5
"CLINDAMYCIN PALMITATE HYDROCHLORIDE","ALLERGY & IMMUNOLOGY","SOLUTION RECONSTITUTED",5
"CLINDAMYCIN PALMITATE HYDROCHLORIDE","PEDIATRIC CRITICAL CARE MEDICINE","SOLUTION RECONSTITUTED",5
"CLINDAMYCIN PALMITATE HYDROCHLORIDE","GENERAL PRACTICE","SOLUTION RECONSTITUTED",4
"CLINDAMYCIN PALMITATE HYDROCHLORIDE","ORTHOPEDIC SURGERY","SOLUTION RECONSTITUTED",4
"CLINDAMYCIN PALMITATE HYDROCHLORIDE","NEONATAL-PERINATAL MEDICINE","SOLUTION RECONSTITUTED",4
"CLINDAMYCIN PALMITATE HYDROCHLORIDE","PEDIATRIC OTOLARYNGOLOGY","SOLUTION RECONSTITUTED",4
"CLINDAMYCIN PALMITATE HYDROCHLORIDE",ANESTHESIOLOGY,"SOLUTION RECONSTITUTED",4
"CLINDAMYCIN PALMITATE HYDROCHLORIDE",HEMATOLOGY/ONCOLOGY,"SOLUTION RECONSTITUTED",3
"CLINDAMYCIN PALMITATE HYDROCHLORIDE","PEDIATRIC CARDIOLOGY","SOLUTION RECONSTITUTED",3
"CLINDAMYCIN PALMITATE HYDROCHLORIDE","OBSTETRICS & GYNECOLOGY","SOLUTION RECONSTITUTED",3
"CLINDAMYCIN PALMITATE HYDROCHLORIDE","PEDIATRIC INFECTIOUS DISEASE","SOLUTION RECONSTITUTED",2
"CLINDAMYCIN PALMITATE HYDROCHLORIDE","INTERNAL MEDICINE/EMERGENCY MEDICINE","SOLUTION RECONSTITUTED",2
"CLINDAMYCIN PALMITATE HYDROCHLORIDE","PEDIATRIC GASTROENTEROLOGY","SOLUTION RECONSTITUTED",2
"CLINDAMYCIN PALMITATE HYDROCHLORIDE","NEUROLOGICAL SURGERY","SOLUTION RECONSTITUTED",2
"CLINDAMYCIN PALMITATE HYDROCHLORIDE","PEDIATRIC NEPHROLOGY","SOLUTION RECONSTITUTED",2
"CLINDAMYCIN PALMITATE HYDROCHLORIDE","FACIAL PLASTIC SURGERY","SOLUTION RECONSTITUTED",1
"CLINDAMYCIN PALMITATE HYDROCHLORIDE","VASCULAR SURGERY","SOLUTION RECONSTITUTED",1
"CLINDAMYCIN PALMITATE HYDROCHLORIDE","ADOLESCENT MEDICINE (PEDIATRICS)","SOLUTION RECONSTITUTED",1
"CLINDAMYCIN PALMITATE HYDROCHLORIDE","PAIN MEDICINE","SOLUTION RECONSTITUTED",1
"CLINDAMYCIN PALMITATE HYDROCHLORIDE","PEDIATRIC HEMATOLOGY/ONCOLOGY","SOLUTION RECONSTITUTED",1
"CLINDAMYCIN PALMITATE HYDROCHLORIDE","HEMATOLOGY (INTERNAL MEDICINE)","SOLUTION RECONSTITUTED",1
"CLINDAMYCIN PALMITATE HYDROCHLORIDE","SPORTS MEDICINE (FAMILY MEDICINE)","SOLUTION RECONSTITUTED",1
"CLINDAMYCIN PALMITATE HYDROCHLORIDE","PEDIATRIC ORTHOPEDICS","SOLUTION RECONSTITUTED",1
"CLINDAMYCIN PALMITATE HYDROCHLORIDE","PEDIATRIC DERMATOLOGY","SOLUTION RECONSTITUTED",1
"CLINDAMYCIN PALMITATE HYDROCHLORIDE",PODIATRIST,"SOLUTION RECONSTITUTED",1
"CLINDAMYCIN PALMITATE HYDROCHLORIDE",UNSPECIFIED,"SOLUTION RECONSTITUTED",1
"CLINDAMYCIN PALMITATE HYDROCHLORIDE",OBSTETRICS,"SOLUTION RECONSTITUTED",1
"CLINDAMYCIN PHOSPHATE","FAMILY MEDICINE",SOLUTION,2
"CLINDAMYCIN PHOSPHATE","INTERNAL MEDICINE",SOLUTION,1
"CLINDAMYCIN PHOSPHATE","GENERAL PRACTICE",SOLUTION,1
"CLINDAMYCIN PHOSPHATE (ONE DOSE)","OBSTETRICS & GYNECOLOGY",CREAM,131
"CLINDAMYCIN PHOSPHATE (ONE DOSE)","NURSE PRACTITIONER",CREAM,21
"CLINDAMYCIN PHOSPHATE (ONE DOSE)","PHYSICIAN ASSISTANT",CREAM,9
"CLINDAMYCIN PHOSPHATE (ONE DOSE)","NURSE MIDWIFE",CREAM,5
"CLINDAMYCIN PHOSPHATE (ONE DOSE)","INTERNAL MEDICINE",CREAM,3
"CLINDAMYCIN PHOSPHATE (ONE DOSE)",GYNECOLOGY,CREAM,3
"CLINDAMYCIN PHOSPHATE (ONE DOSE)","FAMILY MEDICINE",CREAM,2
"CLINDAMYCIN PHOSPHATE (ONE DOSE)","EMERGENCY MEDICINE",CREAM,2
"CLINDAMYCIN PHOSPHATE (ONE DOSE)","PAIN MEDICINE",CREAM,1
"CLINDAMYCIN PHOSPHATE (ONE DOSE)","REPRODUCTIVE ENDOCRINOLOGY & INFERTILITY",CREAM,1
"CLINDAMYCIN PHOSPHATE (ONE DOSE)","RADIATION ONCOLOGY",CREAM,1
"CLINDAMYCIN PHOSPHATE IN D5W","NURSE PRACTITIONER",SOLUTION,2
"CLINDAMYCIN PHOSPHATE IN D5W","ORTHOPEDIC SURGERY",SOLUTION,1
"CLINDAMYCIN PHOSPHATE VAGINAL","OBSTETRICS & GYNECOLOGY",CREAM,526
"CLINDAMYCIN PHOSPHATE VAGINAL","NURSE PRACTITIONER",CREAM,272
"CLINDAMYCIN PHOSPHATE VAGINAL","FAMILY MEDICINE",CREAM,111
"CLINDAMYCIN PHOSPHATE VAGINAL","PHYSICIAN ASSISTANT",CREAM,91
"CLINDAMYCIN PHOSPHATE VAGINAL","OBSTETRICS & GYNECOLOGY",SUPPOSITORY,56
"CLINDAMYCIN PHOSPHATE VAGINAL",GYNECOLOGY,CREAM,44
"CLINDAMYCIN PHOSPHATE VAGINAL","INTERNAL MEDICINE",CREAM,35
"CLINDAMYCIN PHOSPHATE VAGINAL","NURSE PRACTITIONER",SUPPOSITORY,28
"CLINDAMYCIN PHOSPHATE VAGINAL","NURSE MIDWIFE",CREAM,19
"CLINDAMYCIN PHOSPHATE VAGINAL","GENERAL PRACTICE",CREAM,16
"CLINDAMYCIN PHOSPHATE VAGINAL","REPRODUCTIVE ENDOCRINOLOGY & INFERTILITY",SUPPOSITORY,15
"CLINDAMYCIN PHOSPHATE VAGINAL","PHYSICIAN ASSISTANT",SUPPOSITORY,8
"CLINDAMYCIN PHOSPHATE VAGINAL","FAMILY MEDICINE",SUPPOSITORY,7
"CLINDAMYCIN PHOSPHATE VAGINAL",PEDIATRICS,CREAM,7
"CLINDAMYCIN PHOSPHATE VAGINAL",OBSTETRICS,CREAM,6
"CLINDAMYCIN PHOSPHATE VAGINAL",,CREAM,5
"CLINDAMYCIN PHOSPHATE VAGINAL","NURSE MIDWIFE",SUPPOSITORY,4
"CLINDAMYCIN PHOSPHATE VAGINAL","EMERGENCY MEDICINE",CREAM,4
"CLINDAMYCIN PHOSPHATE VAGINAL",GYNECOLOGY,SUPPOSITORY,4
"CLINDAMYCIN PHOSPHATE VAGINAL","GYNECOLOGICAL ONCOLOGY",CREAM,3
"CLINDAMYCIN PHOSPHATE VAGINAL",DERMATOLOGY,CREAM,3
"CLINDAMYCIN PHOSPHATE VAGINAL",UROLOGY,CREAM,3
"CLINDAMYCIN PHOSPHATE VAGINAL","REPRODUCTIVE ENDOCRINOLOGY & INFERTILITY",CREAM,2
"CLINDAMYCIN PHOSPHATE VAGINAL","GENERAL SURGERY",CREAM,2
"CLINDAMYCIN PHOSPHATE VAGINAL","CHILD NEUROLOGY",CREAM,1
"CLINDAMYCIN PHOSPHATE VAGINAL","MATERNAL & FETAL MEDICINE",CREAM,1
"CLINDAMYCIN PHOSPHATE VAGINAL","PULMONARY CRITICAL CARE MEDICINE",CREAM,1
"CLINDAMYCIN PHOSPHATE VAGINAL","PHYSICAL MEDICINE & REHABILITATION",CREAM,1
"CLINDAMYCIN PHOSPHATE VAGINAL",HEMATOLOGY/ONCOLOGY,CREAM,1
"CLINDAMYCIN PHOSPHATE VAGINAL","INTERNAL MEDICINE/PEDIATRICS",CREAM,1
"CLINDAMYCIN PHOSPHATE VAGINAL","GERIATRIC MEDICINE (INTERNAL MEDICINE)",CREAM,1
"CLINDAMYCIN PHOSPHATE VAGINAL","GENERAL PREVENTIVE MEDICINE",CREAM,1
"CLINDAMYCIN PHOSPHATE VAGINAL",HOSPITALIST,CREAM,1
"CLINDAMYCIN PHOSPHATE VAGINAL",NEPHROLOGY,SUPPOSITORY,1
"CLINDAMYCIN PHOSPHATE VAGINAL","NATUROPATHIC DOCTOR",CREAM,1
"CLINDAMYCIN PHOSPHATE VAGINAL",DERMATOPATHOLOGY,CREAM,1
"CLINDAMYCIN PHOSPHATE VAGINAL","SPORTS MEDICINE (FAMILY MEDICINE)",CREAM,1
"CLINDAMYCIN PHOSPHATE VAGINAL","MEDICAL ONCOLOGY",CREAM,1
"CLINDAMYCIN PHOSPHATE VAGINAL","INFECTIOUS DISEASE",CREAM,1
"CLINDAMYCIN PHOSPHATE VAGINAL","ADOLESCENT MEDICINE (PEDIATRICS)",CREAM,1
"CLINDAMYCIN PHOSPHATE VAGINAL","VASCULAR SURGERY",CREAM,1
"CLOTRIMAZOLE VAGINAL","NURSE PRACTITIONER",CREAM,255
"CLOTRIMAZOLE VAGINAL","FAMILY MEDICINE",CREAM,163
"CLOTRIMAZOLE VAGINAL","PHYSICIAN ASSISTANT",CREAM,129
"CLOTRIMAZOLE VAGINAL","OBSTETRICS & GYNECOLOGY",CREAM,129
"CLOTRIMAZOLE VAGINAL","INTERNAL MEDICINE",CREAM,53
"CLOTRIMAZOLE VAGINAL","EMERGENCY MEDICINE",CREAM,25
"CLOTRIMAZOLE VAGINAL",PEDIATRICS,CREAM,23
"CLOTRIMAZOLE VAGINAL","GENERAL PRACTICE",CREAM,22
"CLOTRIMAZOLE VAGINAL",,CREAM,20
"CLOTRIMAZOLE VAGINAL","NURSE MIDWIFE",CREAM,14
"CLOTRIMAZOLE VAGINAL","STUDENT, HEALTH CARE",CREAM,5
"CLOTRIMAZOLE VAGINAL","GERIATRIC MEDICINE (INTERNAL MEDICINE)",CREAM,3
"CLOTRIMAZOLE VAGINAL",DERMATOLOGY,CREAM,3
"CLOTRIMAZOLE VAGINAL",PODIATRIST,CREAM,2
"CLOTRIMAZOLE VAGINAL","INTERNAL MEDICINE/PEDIATRICS",CREAM,2
"CLOTRIMAZOLE VAGINAL",HEMATOLOGY/ONCOLOGY,CREAM,2
"CLOTRIMAZOLE VAGINAL",NEPHROLOGY,CREAM,2
"CLOTRIMAZOLE VAGINAL",PSYCHIATRY,CREAM,2
"CLOTRIMAZOLE VAGINAL","INTERNAL MEDICINE/FAMILY MEDICINE",CREAM,1
"CLOTRIMAZOLE VAGINAL","PHYSICAL MEDICINE & REHABILITATION",CREAM,1
"CLOTRIMAZOLE VAGINAL","PULMONARY DISEASE",CREAM,1
"CLOTRIMAZOLE VAGINAL",HOSPITALIST,CREAM,1
"CLOTRIMAZOLE VAGINAL","GYNECOLOGICAL ONCOLOGY",CREAM,1
"CLOTRIMAZOLE VAGINAL",DENTIST,CREAM,1
"CLOTRIMAZOLE VAGINAL","SPORTS MEDICINE (FAMILY MEDICINE)",CREAM,1
"CLOTRIMAZOLE VAGINAL",UNSPECIFIED,CREAM,1
"CLOTRIMAZOLE VAGINAL",RHEUMATOLOGY,CREAM,1
"CLOTRIMAZOLE VAGINAL","PEDIATRIC INFECTIOUS DISEASE",CREAM,1
"CLOTRIMAZOLE VAGINAL","OCCUPATIONAL MEDICINE",CREAM,1
"CLOTRIMAZOLE VAGINAL","ALLERGY & IMMUNOLOGY",CREAM,1
"CLOTRIMAZOLE VAGINAL","PEDIATRIC EMERGENCY MEDICINE (PEDIATRICS)",CREAM,1
"CLOTRIMAZOLE VAGINAL","INFECTIOUS DISEASE",CREAM,1
"CLOTRIMAZOLE VAGINAL","NEONATAL-PERINATAL MEDICINE",CREAM,1
"COLISTIMETHATE SODIUM","NURSE PRACTITIONER","SOLUTION RECONSTITUTED",6
"COLISTIMETHATE SODIUM","PULMONARY CRITICAL CARE MEDICINE","SOLUTION RECONSTITUTED",4
"COLISTIMETHATE SODIUM","PULMONARY DISEASE","SOLUTION RECONSTITUTED",4
"COLISTIMETHATE SODIUM","PEDIATRIC PULMONOLOGY","SOLUTION RECONSTITUTED",3
"COLISTIMETHATE SODIUM",PODIATRIST,"SOLUTION RECONSTITUTED",3
"COLISTIMETHATE SODIUM",PEDIATRICS,"SOLUTION RECONSTITUTED",2
"COLISTIMETHATE SODIUM","INFECTIOUS DISEASE","SOLUTION RECONSTITUTED",2
"COLISTIMETHATE SODIUM","PHYSICIAN ASSISTANT","SOLUTION RECONSTITUTED",1
"COLISTIMETHATE SODIUM","INTERNAL MEDICINE/PEDIATRICS","SOLUTION RECONSTITUTED",1
"COLISTIMETHATE SODIUM",OTOLARYNGOLOGY,"SOLUTION RECONSTITUTED",1
"COLISTIMETHATE SODIUM","FAMILY MEDICINE","SOLUTION RECONSTITUTED",1
"COLISTIMETHATE SODIUM","THORACIC SURGERY","SOLUTION RECONSTITUTED",1
"COLISTIMETHATE SODIUM","ALLERGY & IMMUNOLOGY","SOLUTION RECONSTITUTED",1
"CYSTEAMINE HCL",OPHTHALMOLOGY,SOLUTION,4
"CYSTEAMINE HCL",PEDIATRICS,SOLUTION,2
"CYSTEAMINE HCL","PEDIATRIC NEPHROLOGY",SOLUTION,1
"CYSTEAMINE HCL","MEDICAL GENETICS",SOLUTION,1
"CYSTEAMINE HCL",NEPHROLOGY,SOLUTION,1
DAPTOMYCIN,"INFECTIOUS DISEASE","SOLUTION RECONSTITUTED",9
DAPTOMYCIN,"NURSE PRACTITIONER","SOLUTION RECONSTITUTED",3
DAPTOMYCIN,"FAMILY MEDICINE","SOLUTION RECONSTITUTED",1
DAPTOMYCIN,"PHYSICIAN ASSISTANT","SOLUTION RECONSTITUTED",1
DAPTOMYCIN,"INTERNAL MEDICINE","SOLUTION RECONSTITUTED",1
DAPTOMYCIN,HOSPITALIST,"SOLUTION RECONSTITUTED",1
DAPTOMYCIN,"GENERAL SURGERY","SOLUTION RECONSTITUTED",1
"DELAFLOXACIN MEGLUMINE",PODIATRIST,TABLET,5
"DELAFLOXACIN MEGLUMINE","NURSE PRACTITIONER",TABLET,4
"DELAFLOXACIN MEGLUMINE","INFECTIOUS DISEASE",TABLET,4
"DELAFLOXACIN MEGLUMINE","FAMILY MEDICINE",TABLET,2
"DELAFLOXACIN MEGLUMINE","ADVANCED HEART FAILURE & TRANSPLANT CARDIOLOGY",TABLET,1
"DELAFLOXACIN MEGLUMINE",HOSPITALIST,TABLET,1
"DELAFLOXACIN MEGLUMINE","GENERAL SURGERY",TABLET,1
"DELAFLOXACIN MEGLUMINE","PEDIATRIC PULMONOLOGY",TABLET,1
"DELAFLOXACIN MEGLUMINE","PHYSICIAN ASSISTANT",TABLET,1
"DELAFLOXACIN MEGLUMINE","INTERNAL MEDICINE",TABLET,1
"DEMECLOCYCLINE HCL","INTERNAL MEDICINE",TABLET,15
"DEMECLOCYCLINE HCL","FAMILY MEDICINE",TABLET,11
"DEMECLOCYCLINE HCL",NEPHROLOGY,TABLET,8
"DEMECLOCYCLINE HCL","ENDOCRINOLOGY, DIABETES & METABOLISM",TABLET,5
"DEMECLOCYCLINE HCL","NURSE PRACTITIONER",TABLET,4
"DEMECLOCYCLINE HCL","MEDICAL ONCOLOGY",TABLET,4
"DEMECLOCYCLINE HCL",HEMATOLOGY/ONCOLOGY,TABLET,3
"DEMECLOCYCLINE HCL",,TABLET,2
"DEMECLOCYCLINE HCL","PHYSICIAN ASSISTANT",TABLET,2
"DEMECLOCYCLINE HCL","GERIATRIC MEDICINE (INTERNAL MEDICINE)",TABLET,1
"DEMECLOCYCLINE HCL","PULMONARY DISEASE",TABLET,1
"DEMECLOCYCLINE HCL","HEMATOLOGY (INTERNAL MEDICINE)",TABLET,1
"DICLOXACILLIN SODIUM","OBSTETRICS & GYNECOLOGY",CAPSULE,350
"DICLOXACILLIN SODIUM","NURSE PRACTITIONER",CAPSULE,155
"DICLOXACILLIN SODIUM","FAMILY MEDICINE",CAPSULE,102
"DICLOXACILLIN SODIUM","PHYSICIAN ASSISTANT",CAPSULE,74
"DICLOXACILLIN SODIUM","INTERNAL MEDICINE",CAPSULE,66
"DICLOXACILLIN SODIUM",DERMATOLOGY,CAPSULE,50
"DICLOXACILLIN SODIUM","INFECTIOUS DISEASE",CAPSULE,24
"DICLOXACILLIN SODIUM","EMERGENCY MEDICINE",CAPSULE,21
"DICLOXACILLIN SODIUM","NURSE MIDWIFE",CAPSULE,20
"DICLOXACILLIN SODIUM",OPTOMETRIST,CAPSULE,16
"DICLOXACILLIN SODIUM","ORTHOPEDIC SURGERY",CAPSULE,12
"DICLOXACILLIN SODIUM",PODIATRIST,CAPSULE,10
"DICLOXACILLIN SODIUM","PLASTIC SURGERY",CAPSULE,10
"DICLOXACILLIN SODIUM","GENERAL SURGERY",CAPSULE,9
"DICLOXACILLIN SODIUM",OTOLARYNGOLOGY,CAPSULE,7
"DICLOXACILLIN SODIUM",OPHTHALMOLOGY,CAPSULE,6
"DICLOXACILLIN SODIUM",,CAPSULE,6
"DICLOXACILLIN SODIUM","DERMATOLOGIC SURGERY",CAPSULE,5
"DICLOXACILLIN SODIUM",GYNECOLOGY,CAPSULE,5
"DICLOXACILLIN SODIUM",DERMATOPATHOLOGY,CAPSULE,5
"DICLOXACILLIN SODIUM","NEUROLOGICAL SURGERY",CAPSULE,4
"DICLOXACILLIN SODIUM",PEDIATRICS,CAPSULE,4
"DICLOXACILLIN SODIUM","STUDENT, HEALTH CARE",CAPSULE,3
"DICLOXACILLIN SODIUM","GENERAL PRACTICE",CAPSULE,3
"DICLOXACILLIN SODIUM","VASCULAR SURGERY",CAPSULE,2
"DICLOXACILLIN SODIUM",UROLOGY,CAPSULE,2
"DICLOXACILLIN SODIUM",RHEUMATOLOGY,CAPSULE,2
"DICLOXACILLIN SODIUM",NEPHROLOGY,CAPSULE,2
"DICLOXACILLIN SODIUM","PULMONARY DISEASE",CAPSULE,2
"DICLOXACILLIN SODIUM","GERIATRIC MEDICINE (INTERNAL MEDICINE)",CAPSULE,2
"DICLOXACILLIN SODIUM","CRITICAL CARE MEDICINE (INTERNAL MEDICINE)",CAPSULE,2
"DICLOXACILLIN SODIUM",DENTIST,CAPSULE,2
"DICLOXACILLIN SODIUM",RADIOLOGY,CAPSULE,1
"DICLOXACILLIN SODIUM","SPORTS MEDICINE (INTERNAL MEDICINE)",CAPSULE,1
"DICLOXACILLIN SODIUM","PHYSICAL MEDICINE & REHABILITATION",CAPSULE,1
"DICLOXACILLIN SODIUM","THORACIC SURGERY",CAPSULE,1
"DICLOXACILLIN SODIUM","PULMONARY CRITICAL CARE MEDICINE",CAPSULE,1
"DICLOXACILLIN SODIUM",ANESTHESIOLOGY,CAPSULE,1
"DICLOXACILLIN SODIUM","PAIN MEDICINE (ANESTHESIOLOGY)",CAPSULE,1
"DICLOXACILLIN SODIUM","PAIN MEDICINE (NEUROLOGY)",CAPSULE,1
"DICLOXACILLIN SODIUM","INTERNAL MEDICINE/PEDIATRICS",CAPSULE,1
"DICLOXACILLIN SODIUM","ORTHOPEDIC SURGERY OF THE SPINE",CAPSULE,1
"DICLOXACILLIN SODIUM","CARDIOVASCULAR DISEASE",CAPSULE,1
"DICLOXACILLIN SODIUM","OCCUPATIONAL MEDICINE",CAPSULE,1
"DICLOXACILLIN SODIUM","EMERGENCY MEDICAL SERVICES",CAPSULE,1
"DICLOXACILLIN SODIUM","HEMATOLOGY (INTERNAL MEDICINE)",CAPSULE,1
"DICLOXACILLIN SODIUM","SPORTS MEDICINE (FAMILY MEDICINE)",CAPSULE,1
"DICLOXACILLIN SODIUM","RADIATION ONCOLOGY",CAPSULE,1
"DICLOXACILLIN SODIUM","MEDICAL ONCOLOGY",CAPSULE,1
"DICLOXACILLIN SODIUM","GYNECOLOGICAL ONCOLOGY",CAPSULE,1
"DICLOXACILLIN SODIUM","ENDOCRINOLOGY, DIABETES & METABOLISM",CAPSULE,1
"DICLOXACILLIN SODIUM","ALLERGY & IMMUNOLOGY",CAPSULE,1
"DICLOXACILLIN SODIUM","FACIAL PLASTIC SURGERY",CAPSULE,1
"DICLOXACILLIN SODIUM","REGISTERED DIETICIAN",CAPSULE,1
"DICLOXACILLIN SODIUM",PSYCHIATRY,CAPSULE,1
"DOXYCYCLINE (MONOHYDRATE)","NURSE PRACTITIONER",CAPSULE,2563
"DOXYCYCLINE (MONOHYDRATE)","FAMILY MEDICINE",CAPSULE,2423
"DOXYCYCLINE (MONOHYDRATE)","PHYSICIAN ASSISTANT",CAPSULE,2134
"DOXYCYCLINE (MONOHYDRATE)",DERMATOLOGY,CAPSULE,1953
"DOXYCYCLINE (MONOHYDRATE)","INTERNAL MEDICINE",CAPSULE,1177
"DOXYCYCLINE (MONOHYDRATE)","FAMILY MEDICINE",TABLET,869
"DOXYCYCLINE (MONOHYDRATE)","NURSE PRACTITIONER",TABLET,719
"DOXYCYCLINE (MONOHYDRATE)","PHYSICIAN ASSISTANT",TABLET,701
"DOXYCYCLINE (MONOHYDRATE)","EMERGENCY MEDICINE",CAPSULE,650
"DOXYCYCLINE (MONOHYDRATE)",DERMATOLOGY,TABLET,524
"DOXYCYCLINE (MONOHYDRATE)","INTERNAL MEDICINE",TABLET,522
"DOXYCYCLINE (MONOHYDRATE)",OPHTHALMOLOGY,CAPSULE,225
"DOXYCYCLINE (MONOHYDRATE)",PEDIATRICS,CAPSULE,225
"DOXYCYCLINE (MONOHYDRATE)","OBSTETRICS & GYNECOLOGY",CAPSULE,217
"DOXYCYCLINE (MONOHYDRATE)","EMERGENCY MEDICINE",TABLET,187
"DOXYCYCLINE (MONOHYDRATE)","INFECTIOUS DISEASE",CAPSULE,142
"DOXYCYCLINE (MONOHYDRATE)",UROLOGY,CAPSULE,140
"DOXYCYCLINE (MONOHYDRATE)",OPTOMETRIST,CAPSULE,134
"DOXYCYCLINE (MONOHYDRATE)",OPHTHALMOLOGY,TABLET,121
"DOXYCYCLINE (MONOHYDRATE)",,CAPSULE,113
"DOXYCYCLINE (MONOHYDRATE)",OTOLARYNGOLOGY,CAPSULE,110
"DOXYCYCLINE (MONOHYDRATE)","OBSTETRICS & GYNECOLOGY",TABLET,99
"DOXYCYCLINE (MONOHYDRATE)",OPTOMETRIST,TABLET,98
"DOXYCYCLINE (MONOHYDRATE)",PODIATRIST,CAPSULE,88
"DOXYCYCLINE (MONOHYDRATE)",PEDIATRICS,TABLET,77
"DOXYCYCLINE (MONOHYDRATE)",HOSPITALIST,CAPSULE,70
"DOXYCYCLINE (MONOHYDRATE)","GENERAL SURGERY",CAPSULE,61
"DOXYCYCLINE (MONOHYDRATE)",DENTIST,CAPSULE,60
"DOXYCYCLINE (MONOHYDRATE)","GENERAL PRACTICE",CAPSULE,59
"DOXYCYCLINE (MONOHYDRATE)",UROLOGY,TABLET,58
"DOXYCYCLINE (MONOHYDRATE)","INFECTIOUS DISEASE",TABLET,56
"DOXYCYCLINE (MONOHYDRATE)",OTOLARYNGOLOGY,TABLET,50
"DOXYCYCLINE (MONOHYDRATE)","INTERNAL MEDICINE/PEDIATRICS",CAPSULE,49
"DOXYCYCLINE (MONOHYDRATE)","PULMONARY DISEASE",CAPSULE,48
"DOXYCYCLINE (MONOHYDRATE)",PODIATRIST,TABLET,45
"DOXYCYCLINE (MONOHYDRATE)","PULMONARY CRITICAL CARE MEDICINE",CAPSULE,45
"DOXYCYCLINE (MONOHYDRATE)",,TABLET,39
"DOXYCYCLINE (MONOHYDRATE)","PLASTIC SURGERY",CAPSULE,36
"DOXYCYCLINE (MONOHYDRATE)","ORTHOPEDIC SURGERY",CAPSULE,36
"DOXYCYCLINE (MONOHYDRATE)",HEMATOLOGY/ONCOLOGY,CAPSULE,34
"DOXYCYCLINE (MONOHYDRATE)","PULMONARY DISEASE",TABLET,34
"DOXYCYCLINE (MONOHYDRATE)",PEDIATRICS,"SUSPENSION RECONSTITUTED",33
"DOXYCYCLINE (MONOHYDRATE)",GASTROENTEROLOGY,CAPSULE,29
"DOXYCYCLINE (MONOHYDRATE)","PEDIATRIC DERMATOLOGY",CAPSULE,28
"DOXYCYCLINE (MONOHYDRATE)","NURSE PRACTITIONER","SUSPENSION RECONSTITUTED",26
"DOXYCYCLINE (MONOHYDRATE)","GENERAL SURGERY",TABLET,25
"DOXYCYCLINE (MONOHYDRATE)","CARDIOVASCULAR DISEASE",CAPSULE,24
"DOXYCYCLINE (MONOHYDRATE)","REPRODUCTIVE ENDOCRINOLOGY & INFERTILITY",CAPSULE,24
"DOXYCYCLINE (MONOHYDRATE)",NEPHROLOGY,CAPSULE,24
"DOXYCYCLINE (MONOHYDRATE)","PROCEDURAL DERMATOLOGY",CAPSULE,24
"DOXYCYCLINE (MONOHYDRATE)","GERIATRIC MEDICINE (INTERNAL MEDICINE)",CAPSULE,23
"DOXYCYCLINE (MONOHYDRATE)",DERMATOPATHOLOGY,CAPSULE,23
"DOXYCYCLINE (MONOHYDRATE)",HEMATOLOGY/ONCOLOGY,TABLET,22
"DOXYCYCLINE (MONOHYDRATE)","PHYSICIAN ASSISTANT","SUSPENSION RECONSTITUTED",21
"DOXYCYCLINE (MONOHYDRATE)",DENTIST,TABLET,21
"DOXYCYCLINE (MONOHYDRATE)","ALLERGY & IMMUNOLOGY",CAPSULE,21
"DOXYCYCLINE (MONOHYDRATE)","GENERAL PRACTICE",TABLET,21
"DOXYCYCLINE (MONOHYDRATE)","SPORTS MEDICINE (FAMILY MEDICINE)",CAPSULE,20
"DOXYCYCLINE (MONOHYDRATE)","PULMONARY CRITICAL CARE MEDICINE",TABLET,20
"DOXYCYCLINE (MONOHYDRATE)",VETERINARIAN,CAPSULE,19
"DOXYCYCLINE (MONOHYDRATE)","STUDENT, HEALTH CARE",CAPSULE,19
"DOXYCYCLINE (MONOHYDRATE)",HOSPITALIST,TABLET,19
"DOXYCYCLINE (MONOHYDRATE)","GERIATRIC MEDICINE (FAMILY MEDICINE)",CAPSULE,18
"DOXYCYCLINE (MONOHYDRATE)",RHEUMATOLOGY,CAPSULE,17
"DOXYCYCLINE (MONOHYDRATE)","REPRODUCTIVE ENDOCRINOLOGY & INFERTILITY",TABLET,16
"DOXYCYCLINE (MONOHYDRATE)","GERIATRIC MEDICINE (INTERNAL MEDICINE)",TABLET,16
"DOXYCYCLINE (MONOHYDRATE)","DERMATOLOGIC SURGERY",CAPSULE,15
"DOXYCYCLINE (MONOHYDRATE)",RHEUMATOLOGY,TABLET,14
"DOXYCYCLINE (MONOHYDRATE)",GYNECOLOGY,CAPSULE,14
"DOXYCYCLINE (MONOHYDRATE)",VETERINARIAN,TABLET,13
"DOXYCYCLINE (MONOHYDRATE)",GASTROENTEROLOGY,TABLET,13
"DOXYCYCLINE (MONOHYDRATE)","ALLERGY & IMMUNOLOGY",TABLET,13
"DOXYCYCLINE (MONOHYDRATE)",VETERINARIAN,"SUSPENSION RECONSTITUTED",13
"DOXYCYCLINE (MONOHYDRATE)","INTERNAL MEDICINE/PEDIATRICS",TABLET,13
"DOXYCYCLINE (MONOHYDRATE)",DERMATOLOGY,"SUSPENSION RECONSTITUTED",12
"DOXYCYCLINE (MONOHYDRATE)","ORTHOPEDIC SURGERY",TABLET,11
"DOXYCYCLINE (MONOHYDRATE)","PHYSICAL MEDICINE & REHABILITATION",CAPSULE,11
"DOXYCYCLINE (MONOHYDRATE)","PLASTIC SURGERY",TABLET,11
"DOXYCYCLINE (MONOHYDRATE)","SPORTS MEDICINE (FAMILY MEDICINE)",TABLET,11
"DOXYCYCLINE (MONOHYDRATE)","ORAL & MAXILLOFACIAL SURGERY",CAPSULE,9
"DOXYCYCLINE (MONOHYDRATE)","NATUROPATHIC DOCTOR",CAPSULE,9
"DOXYCYCLINE (MONOHYDRATE)",NEUROLOGY,CAPSULE,8
"DOXYCYCLINE (MONOHYDRATE)",ANESTHESIOLOGY,CAPSULE,8
"DOXYCYCLINE (MONOHYDRATE)",PSYCHIATRY,CAPSULE,8
"DOXYCYCLINE (MONOHYDRATE)","FAMILY MEDICINE","SUSPENSION RECONSTITUTED",8
"DOXYCYCLINE (MONOHYDRATE)","GERIATRIC MEDICINE (FAMILY MEDICINE)",TABLET,7
"DOXYCYCLINE (MONOHYDRATE)","MEDICAL ONCOLOGY",CAPSULE,7
"DOXYCYCLINE (MONOHYDRATE)","THORACIC SURGERY",CAPSULE,6
"DOXYCYCLINE (MONOHYDRATE)","PROCEDURAL DERMATOLOGY",TABLET,6
"DOXYCYCLINE (MONOHYDRATE)",NEPHROLOGY,TABLET,6
"DOXYCYCLINE (MONOHYDRATE)",DERMATOPATHOLOGY,TABLET,6
"DOXYCYCLINE (MONOHYDRATE)","GENERAL PREVENTIVE MEDICINE",CAPSULE,6
"DOXYCYCLINE (MONOHYDRATE)","INTERNAL MEDICINE","SUSPENSION RECONSTITUTED",6
"DOXYCYCLINE (MONOHYDRATE)",,"SUSPENSION RECONSTITUTED",6
"DOXYCYCLINE (MONOHYDRATE)","ENDOCRINOLOGY, DIABETES & METABOLISM",CAPSULE,5
"DOXYCYCLINE (MONOHYDRATE)","OBSTETRICS & GYNECOLOGY","SUSPENSION RECONSTITUTED",5
"DOXYCYCLINE (MONOHYDRATE)","VASCULAR SURGERY",TABLET,5
"DOXYCYCLINE (MONOHYDRATE)","CARDIOVASCULAR DISEASE",TABLET,5
"DOXYCYCLINE (MONOHYDRATE)","OCCUPATIONAL MEDICINE",CAPSULE,5
"DOXYCYCLINE (MONOHYDRATE)","STUDENT, HEALTH CARE",TABLET,5
"DOXYCYCLINE (MONOHYDRATE)","PEDIATRIC DERMATOLOGY",TABLET,5
"DOXYCYCLINE (MONOHYDRATE)","INTERNAL MEDICINE/FAMILY MEDICINE",CAPSULE,4
"DOXYCYCLINE (MONOHYDRATE)",GYNECOLOGY,TABLET,4
"DOXYCYCLINE (MONOHYDRATE)","ADOLESCENT MEDICINE (PEDIATRICS)",CAPSULE,4
"DOXYCYCLINE (MONOHYDRATE)",PSYCHIATRY,TABLET,4
"DOXYCYCLINE (MONOHYDRATE)","CLINICAL CARDIAC ELECTROPHYSIOLOGY",CAPSULE,4
"DOXYCYCLINE (MONOHYDRATE)","CLINICAL NURSE SPECIALIST",CAPSULE,3
"DOXYCYCLINE (MONOHYDRATE)","CLINICAL CARDIAC ELECTROPHYSIOLOGY",TABLET,3
"DOXYCYCLINE (MONOHYDRATE)","NATUROPATHIC DOCTOR",TABLET,3
"DOXYCYCLINE (MONOHYDRATE)","INTERNAL MEDICINE/EMERGENCY MEDICINE",CAPSULE,3
"DOXYCYCLINE (MONOHYDRATE)","CRITICAL CARE MEDICINE (EMERGENCY MEDICINE)",CAPSULE,3
"DOXYCYCLINE (MONOHYDRATE)","EMERGENCY MEDICINE","SUSPENSION RECONSTITUTED",3
"DOXYCYCLINE (MONOHYDRATE)","CHILD & ADOLESCENT PSYCHIATRY",CAPSULE,3
"DOXYCYCLINE (MONOHYDRATE)","SPORTS MEDICINE (ORTHOPEDIC SURGERY)",CAPSULE,3
"DOXYCYCLINE (MONOHYDRATE)","NEUROLOGICAL SURGERY",CAPSULE,3
"DOXYCYCLINE (MONOHYDRATE)","COLON & RECTAL SURGERY",CAPSULE,3
"DOXYCYCLINE (MONOHYDRATE)","DERMATOLOGIC SURGERY",TABLET,3
"DOXYCYCLINE (MONOHYDRATE)","MEDICAL ONCOLOGY",TABLET,2
"DOXYCYCLINE (MONOHYDRATE)","PEDIATRIC INFECTIOUS DISEASE","SUSPENSION RECONSTITUTED",2
"DOXYCYCLINE (MONOHYDRATE)","GENERAL PREVENTIVE MEDICINE",TABLET,2
"DOXYCYCLINE (MONOHYDRATE)","ADVANCED HEART FAILURE & TRANSPLANT CARDIOLOGY",TABLET,2
"DOXYCYCLINE (MONOHYDRATE)","PAIN MEDICINE",CAPSULE,2
"DOXYCYCLINE (MONOHYDRATE)","OCCUPATIONAL MEDICINE",TABLET,2
"DOXYCYCLINE (MONOHYDRATE)","CRITICAL CARE MEDICINE (INTERNAL MEDICINE)",CAPSULE,2
"DOXYCYCLINE (MONOHYDRATE)","FACIAL PLASTIC SURGERY",CAPSULE,2
"DOXYCYCLINE (MONOHYDRATE)","ADULT RECONSTRUCTIVE ORTHOPEDICS",CAPSULE,2
"DOXYCYCLINE (MONOHYDRATE)","INTERNAL MEDICINE/EMERGENCY MEDICINE",TABLET,2
"DOXYCYCLINE (MONOHYDRATE)","ADDICTION MEDICINE",CAPSULE,2
"DOXYCYCLINE (MONOHYDRATE)","COLON & RECTAL SURGERY",TABLET,2
"DOXYCYCLINE (MONOHYDRATE)","VASCULAR SURGERY",CAPSULE,2
"DOXYCYCLINE (MONOHYDRATE)","HOSPICE & PALLIATIVE MEDICINE",CAPSULE,2
"DOXYCYCLINE (MONOHYDRATE)","INTERNAL MEDICINE/PEDIATRICS","SUSPENSION RECONSTITUTED",2
"DOXYCYCLINE (MONOHYDRATE)","NOT APPLICABLE",CAPSULE,2
"DOXYCYCLINE (MONOHYDRATE)","TRANSITIONAL YEAR",TABLET,2
"DOXYCYCLINE (MONOHYDRATE)","ORAL & MAXILLOFACIAL SURGERY",TABLET,2
"DOXYCYCLINE (MONOHYDRATE)","SLEEP MEDICINE",CAPSULE,2
"DOXYCYCLINE (MONOHYDRATE)","MEDICAL TOXICOLOGY (EMERGENCY MEDICINE)",CAPSULE,2
"DOXYCYCLINE (MONOHYDRATE)","ADOLESCENT MEDICINE (INTERNAL MEDICINE)",CAPSULE,2
"DOXYCYCLINE (MONOHYDRATE)","UNDERSEAS MEDICINE (PREVENTIVE MEDICINE)",TABLET,2
"DOXYCYCLINE (MONOHYDRATE)","ADVANCED REGISTERED NURSE",TABLET,2
"DOXYCYCLINE (MONOHYDRATE)","ANATOMIC/CLINICAL PATHOLOGY",CAPSULE,2
"DOXYCYCLINE (MONOHYDRATE)","THORACIC SURGERY",TABLET,2
"DOXYCYCLINE (MONOHYDRATE)","NEONATAL-PERINATAL MEDICINE",CAPSULE,2
"DOXYCYCLINE (MONOHYDRATE)","HEMATOLOGY (INTERNAL MEDICINE)",CAPSULE,2
"DOXYCYCLINE (MONOHYDRATE)",NEUROLOGY,TABLET,1
"DOXYCYCLINE (MONOHYDRATE)","PEDIATRICS/PSYCHIATRY/CHILD & ADOLESCENT PSYCHIATRY",CAPSULE,1
"DOXYCYCLINE (MONOHYDRATE)","TRANSPLANT SURGERY",CAPSULE,1
"DOXYCYCLINE (MONOHYDRATE)","INTERNAL MEDICINE/PREVENTIVE MEDICINE",CAPSULE,1
"DOXYCYCLINE (MONOHYDRATE)","HEMATOLOGY (PATHOLOGY)",CAPSULE,1
"DOXYCYCLINE (MONOHYDRATE)","CHILD & ADOLESCENT PSYCHIATRY",TABLET,1
"DOXYCYCLINE (MONOHYDRATE)","CERTIFIED NURSE ANESTHETIST",CAPSULE,1
"DOXYCYCLINE (MONOHYDRATE)",HEMATOLOGY/ONCOLOGY,"SUSPENSION RECONSTITUTED",1
"DOXYCYCLINE (MONOHYDRATE)","RADIATION ONCOLOGY",TABLET,1
"DOXYCYCLINE (MONOHYDRATE)","AEROSPACE MEDICINE",TABLET,1
"DOXYCYCLINE (MONOHYDRATE)","HOSPICE & PALLIATIVE MEDICINE","SUSPENSION RECONSTITUTED",1
"DOXYCYCLINE (MONOHYDRATE)","PEDIATRICS/EMERGENCY MEDICINE",CAPSULE,1
"DOXYCYCLINE (MONOHYDRATE)","PALLIATIVE MEDICINE",CAPSULE,1
"DOXYCYCLINE (MONOHYDRATE)","ADVANCED HEART FAILURE & TRANSPLANT CARDIOLOGY",CAPSULE,1
"DOXYCYCLINE (MONOHYDRATE)","ADDICTION MEDICINE",TABLET,1
"DOXYCYCLINE (MONOHYDRATE)","PEDIATRIC CRITICAL CARE MEDICINE",CAPSULE,1
"DOXYCYCLINE (MONOHYDRATE)","SURGICAL ONCOLOGY",CAPSULE,1
"DOXYCYCLINE (MONOHYDRATE)","AEROSPACE MEDICINE",CAPSULE,1
"DOXYCYCLINE (MONOHYDRATE)","TRANSITIONAL YEAR",CAPSULE,1
"DOXYCYCLINE (MONOHYDRATE)","VASCULAR MEDICINE",CAPSULE,1
"DOXYCYCLINE (MONOHYDRATE)","GYNECOLOGICAL ONCOLOGY",CAPSULE,1
"DOXYCYCLINE (MONOHYDRATE)","HEMATOLOGY (INTERNAL MEDICINE)",TABLET,1
"DOXYCYCLINE (MONOHYDRATE)","HAND SURGERY (ORTHOPEDICS)",CAPSULE,1
"DOXYCYCLINE (MONOHYDRATE)","CLINICAL NURSE SPECIALIST",TABLET,1
"DOXYCYCLINE (MONOHYDRATE)","PEDIATRIC NEPHROLOGY","SUSPENSION RECONSTITUTED",1
"DOXYCYCLINE (MONOHYDRATE)","HAND SURGERY",CAPSULE,1
"DOXYCYCLINE (MONOHYDRATE)","SPORTS MEDICINE (EMERGENCY MEDICINE)",CAPSULE,1
"DOXYCYCLINE (MONOHYDRATE)",OTOLARYNGOLOGY,"SUSPENSION RECONSTITUTED",1
"DOXYCYCLINE (MONOHYDRATE)",DENTIST,"SUSPENSION RECONSTITUTED",1
"DOXYCYCLINE (MONOHYDRATE)","PSYCHIATRY/FAMILY MEDICINE",CAPSULE,1
"DOXYCYCLINE (MONOHYDRATE)","NURSE MIDWIFE",CAPSULE,1
"DOXYCYCLINE (MONOHYDRATE)","HAND SURGERY (ORTHOPEDICS)",TABLET,1
"DOXYCYCLINE (MONOHYDRATE)","VASCULAR & INTERVENTIONAL RADIOLOGY",CAPSULE,1
"DOXYCYCLINE (MONOHYDRATE)","NUCLEAR MEDICINE",CAPSULE,1
"DOXYCYCLINE (MONOHYDRATE)",ANESTHESIOLOGY,TABLET,1
"DOXYCYCLINE (MONOHYDRATE)","PEDIATRIC PULMONOLOGY",CAPSULE,1
"DOXYCYCLINE (MONOHYDRATE)","HOSPICE & PALLIATIVE MEDICINE (INTERNAL MEDICINE)",CAPSULE,1
"DOXYCYCLINE (MONOHYDRATE)","REGISTERED NURSE",TABLET,1
"DOXYCYCLINE (MONOHYDRATE)","ADOLESCENT MEDICINE (PEDIATRICS)",TABLET,1
"DOXYCYCLINE (MONOHYDRATE)","SPORTS MEDICINE (PEDIATRICS)",CAPSULE,1
"DOXYCYCLINE (MONOHYDRATE)",HOSPITALIST,"SUSPENSION RECONSTITUTED",1
"DOXYCYCLINE (MONOHYDRATE)","ALLERGY & IMMUNOLOGY","SUSPENSION RECONSTITUTED",1
"DOXYCYCLINE (MONOHYDRATE)","PEDIATRIC ALLERGY",CAPSULE,1
"DOXYCYCLINE (MONOHYDRATE)",ANESTHESIOLOGY,"SUSPENSION RECONSTITUTED",1
"DOXYCYCLINE (MONOHYDRATE)","SURGICAL CRITICAL CARE (SURGERY)",CAPSULE,1
"DOXYCYCLINE (MONOHYDRATE)","SPORTS MEDICINE (ORTHOPEDIC SURGERY)","SUSPENSION RECONSTITUTED",1
"DOXYCYCLINE (MONOHYDRATE)",NEPHROLOGY,"SUSPENSION RECONSTITUTED",1
"DOXYCYCLINE (MONOHYDRATE)",DENTISTRY/PERIODONTICS,CAPSULE,1
"DOXYCYCLINE (MONOHYDRATE)","SPINAL CORD INJURY MEDICINE",CAPSULE,1
"DOXYCYCLINE (MONOHYDRATE)","FEMALE PELVIC MEDICINE & RECONSTRUCTIVE SURGERY",CAPSULE,1
"DOXYCYCLINE (MONOHYDRATE)","SPORTS MEDICINE (INTERNAL MEDICINE)",CAPSULE,1
"DOXYCYCLINE (MONOHYDRATE)","PEDIATRIC EMERGENCY MEDICINE","SUSPENSION RECONSTITUTED",1
"DOXYCYCLINE (MONOHYDRATE)","MATERNAL & FETAL MEDICINE",TABLET,1
"DOXYCYCLINE (MONOHYDRATE)","RADIATION ONCOLOGY",CAPSULE,1
"DOXYCYCLINE (MONOHYDRATE)","ADVANCED REGISTERED NURSE",CAPSULE,1
"DOXYCYCLINE (MONOHYDRATE)","SPORTS MEDICINE (INTERNAL MEDICINE)",TABLET,1
"DOXYCYCLINE (MONOHYDRATE)","CONGENITAL CARDIAC SURGERY (THORACIC SURGERY)",CAPSULE,1
"DOXYCYCLINE (MONOHYDRATE)",PHLEBOLOGY,CAPSULE,1
"DOXYCYCLINE (MONOHYDRATE)","PULMONARY DISEASE","SUSPENSION RECONSTITUTED",1
"DOXYCYCLINE (MONOHYDRATE)",OPHTHALMOLOGY,"SUSPENSION RECONSTITUTED",1
"DOXYCYCLINE (MONOHYDRATE)",PHARMACIST,CAPSULE,1
"DOXYCYCLINE (MONOHYDRATE)","RADIATION ONCOLOGY","SUSPENSION RECONSTITUTED",1
"DOXYCYCLINE (MONOHYDRATE)","HOSPICE & PALLIATIVE MEDICINE (FAMILY MEDICINE)",CAPSULE,1
"DOXYCYCLINE (MONOHYDRATE)","PEDIATRIC ENDOCRINOLOGY",TABLET,1
"DOXYCYCLINE (MONOHYDRATE)","ENDOCRINOLOGY, DIABETES & METABOLISM",TABLET,1
"DOXYCYCLINE (MONOHYDRATE)","PUBLIC HEALTH & GENERAL PREVENTIVE MEDICINE",CAPSULE,1
"DOXYCYCLINE (MONOHYDRATE)","DIAGNOSTIC RADIOLOGY",CAPSULE,1
"DOXYCYCLINE (MONOHYDRATE)","INTERVENTIONAL CARDIOLOGY",CAPSULE,1
"DOXYCYCLINE (MONOHYDRATE)","PEDIATRIC EMERGENCY MEDICINE (PEDIATRICS)",CAPSULE,1
"DOXYCYCLINE (MONOHYDRATE)","PHYSICAL MEDICINE & REHABILITATION",TABLET,1
"DOXYCYCLINE (MONOHYDRATE)","CLINICAL LABORATORY IMMUNOLOGY (ALLERGY & IMMUNOLOGY)",TABLET,1
"DOXYCYCLINE (MONOHYDRATE)","CLINICAL SOCIAL WORKER",CAPSULE,1
"DOXYCYCLINE (ROSACEA)",DERMATOLOGY,"CAPSULE DELAYED RELEASE",953
"DOXYCYCLINE (ROSACEA)","PHYSICIAN ASSISTANT","CAPSULE DELAYED RELEASE",469
"DOXYCYCLINE (ROSACEA)","NURSE PRACTITIONER","CAPSULE DELAYED RELEASE",150
"DOXYCYCLINE (ROSACEA)","FAMILY MEDICINE","CAPSULE DELAYED RELEASE",47
"DOXYCYCLINE (ROSACEA)","INTERNAL MEDICINE","CAPSULE DELAYED RELEASE",43
"DOXYCYCLINE (ROSACEA)",,"CAPSULE DELAYED RELEASE",6
"DOXYCYCLINE (ROSACEA)",OPTOMETRIST,"CAPSULE DELAYED RELEASE",5
"DOXYCYCLINE (ROSACEA)",PEDIATRICS,"CAPSULE DELAYED RELEASE",5
"DOXYCYCLINE (ROSACEA)",OPHTHALMOLOGY,"CAPSULE DELAYED RELEASE",4
"DOXYCYCLINE (ROSACEA)",DERMATOPATHOLOGY,"CAPSULE DELAYED RELEASE",3
"DOXYCYCLINE (ROSACEA)","PEDIATRIC DERMATOLOGY","CAPSULE DELAYED RELEASE",2
"DOXYCYCLINE (ROSACEA)","PROCEDURAL DERMATOLOGY","CAPSULE DELAYED RELEASE",2
"DOXYCYCLINE (ROSACEA)","DERMATOLOGIC SURGERY","CAPSULE DELAYED RELEASE",2
"DOXYCYCLINE (ROSACEA)","INTERNAL MEDICINE/PEDIATRICS","CAPSULE DELAYED RELEASE",2
"DOXYCYCLINE (ROSACEA)","GENERAL PRACTICE","CAPSULE DELAYED RELEASE",2
"DOXYCYCLINE (ROSACEA)","CARDIOVASCULAR DISEASE","CAPSULE DELAYED RELEASE",2
"DOXYCYCLINE (ROSACEA)","OSTEOPATHIC MANIPULATIVE MEDICINE","CAPSULE DELAYED RELEASE",1
"DOXYCYCLINE (ROSACEA)","ORTHOPEDIC SURGERY","CAPSULE DELAYED RELEASE",1
"DOXYCYCLINE (ROSACEA)","NOT APPLICABLE","CAPSULE DELAYED RELEASE",1
"DOXYCYCLINE (ROSACEA)","OBSTETRICS & GYNECOLOGY","CAPSULE DELAYED RELEASE",1
"DOXYCYCLINE (ROSACEA)","ORTHOPEDIC SURGERY OF THE SPINE","CAPSULE DELAYED RELEASE",1
"DOXYCYCLINE (ROSACEA)",DENTIST,"CAPSULE DELAYED RELEASE",1
"DOXYCYCLINE (ROSACEA)","SPORTS MEDICINE (FAMILY MEDICINE)","CAPSULE DELAYED RELEASE",1
"DOXYCYCLINE (ROSACEA)",HEMATOLOGY/ONCOLOGY,"CAPSULE DELAYED RELEASE",1
"DOXYCYCLINE (ROSACEA)",GYNECOLOGY,"CAPSULE DELAYED RELEASE",1
"DOXYCYCLINE CALCIUM",DENTIST,SYRUP,18
"DOXYCYCLINE CALCIUM","NURSE PRACTITIONER",SYRUP,10
"DOXYCYCLINE CALCIUM",PEDIATRICS,SYRUP,10
"DOXYCYCLINE CALCIUM","PHYSICIAN ASSISTANT",SYRUP,7
"DOXYCYCLINE CALCIUM",,SYRUP,5
"DOXYCYCLINE CALCIUM",DERMATOLOGY,SYRUP,3
"DOXYCYCLINE CALCIUM","PEDIATRIC EMERGENCY MEDICINE (PEDIATRICS)",SYRUP,2
"DOXYCYCLINE CALCIUM","INTERNAL MEDICINE/PEDIATRICS",SYRUP,2
"DOXYCYCLINE CALCIUM","FAMILY MEDICINE",SYRUP,2
"DOXYCYCLINE CALCIUM",OTOLARYNGOLOGY,SYRUP,1
"DOXYCYCLINE CALCIUM",VETERINARIAN,SYRUP,1
"DOXYCYCLINE CALCIUM","EMERGENCY MEDICINE",SYRUP,1
"DOXYCYCLINE CALCIUM","INFECTIOUS DISEASE",SYRUP,1
"DOXYCYCLINE HYCLATE","NURSE PRACTITIONER",CAPSULE,7087
"DOXYCYCLINE HYCLATE","FAMILY MEDICINE",CAPSULE,6870
"DOXYCYCLINE HYCLATE","PHYSICIAN ASSISTANT",CAPSULE,5802
"DOXYCYCLINE HYCLATE",DERMATOLOGY,CAPSULE,5150
"DOXYCYCLINE HYCLATE","NURSE PRACTITIONER",TABLET,4256
"DOXYCYCLINE HYCLATE","FAMILY MEDICINE",TABLET,4053
"DOXYCYCLINE HYCLATE","INTERNAL MEDICINE",CAPSULE,3847
"DOXYCYCLINE HYCLATE","PHYSICIAN ASSISTANT",TABLET,3419
"DOXYCYCLINE HYCLATE",DERMATOLOGY,TABLET,2691
"DOXYCYCLINE HYCLATE","INTERNAL MEDICINE",TABLET,2302
"DOXYCYCLINE HYCLATE","EMERGENCY MEDICINE",CAPSULE,1661
"DOXYCYCLINE HYCLATE",OPHTHALMOLOGY,CAPSULE,864
"DOXYCYCLINE HYCLATE","OBSTETRICS & GYNECOLOGY",CAPSULE,858
"DOXYCYCLINE HYCLATE","EMERGENCY MEDICINE",TABLET,800
"DOXYCYCLINE HYCLATE",DENTIST,TABLET,649
"DOXYCYCLINE HYCLATE","OBSTETRICS & GYNECOLOGY",TABLET,524
"DOXYCYCLINE HYCLATE",DERMATOLOGY,"TABLET ENTERICCOATED",511
"DOXYCYCLINE HYCLATE","INFECTIOUS DISEASE",CAPSULE,473
"DOXYCYCLINE HYCLATE",PEDIATRICS,CAPSULE,424
"DOXYCYCLINE HYCLATE",UROLOGY,CAPSULE,392
"DOXYCYCLINE HYCLATE",OPTOMETRIST,CAPSULE,386
"DOXYCYCLINE HYCLATE",DENTIST,CAPSULE,380
"DOXYCYCLINE HYCLATE",PODIATRIST,CAPSULE,364
"DOXYCYCLINE HYCLATE",OPHTHALMOLOGY,TABLET,358
"DOXYCYCLINE HYCLATE",OTOLARYNGOLOGY,CAPSULE,329
"DOXYCYCLINE HYCLATE","PHYSICIAN ASSISTANT","TABLET ENTERICCOATED",309
"DOXYCYCLINE HYCLATE","PULMONARY DISEASE",CAPSULE,272
"DOXYCYCLINE HYCLATE","INFECTIOUS DISEASE",TABLET,270
"DOXYCYCLINE HYCLATE",,CAPSULE,260
"DOXYCYCLINE HYCLATE",PEDIATRICS,TABLET,219
"DOXYCYCLINE HYCLATE",PODIATRIST,TABLET,213
"DOXYCYCLINE HYCLATE","GENERAL SURGERY",CAPSULE,211
"DOXYCYCLINE HYCLATE",OPTOMETRIST,TABLET,203
"DOXYCYCLINE HYCLATE","REPRODUCTIVE ENDOCRINOLOGY & INFERTILITY",CAPSULE,202
"DOXYCYCLINE HYCLATE",OTOLARYNGOLOGY,TABLET,202
"DOXYCYCLINE HYCLATE",,TABLET,198
"DOXYCYCLINE HYCLATE",HOSPITALIST,CAPSULE,187
"DOXYCYCLINE HYCLATE",UROLOGY,TABLET,183
"DOXYCYCLINE HYCLATE","PULMONARY DISEASE",TABLET,173
"DOXYCYCLINE HYCLATE","PULMONARY CRITICAL CARE MEDICINE",CAPSULE,168
"DOXYCYCLINE HYCLATE","GENERAL PRACTICE",CAPSULE,161
"DOXYCYCLINE HYCLATE","ORTHOPEDIC SURGERY",CAPSULE,151
"DOXYCYCLINE HYCLATE","INTERNAL MEDICINE/PEDIATRICS",CAPSULE,147
"DOXYCYCLINE HYCLATE","REPRODUCTIVE ENDOCRINOLOGY & INFERTILITY",TABLET,140
"DOXYCYCLINE HYCLATE",VETERINARIAN,TABLET,137
"DOXYCYCLINE HYCLATE","PLASTIC SURGERY",CAPSULE,134
"DOXYCYCLINE HYCLATE","GENERAL SURGERY",TABLET,114
"DOXYCYCLINE HYCLATE","PULMONARY CRITICAL CARE MEDICINE",TABLET,110
"DOXYCYCLINE HYCLATE","NURSE PRACTITIONER","TABLET ENTERICCOATED",109
"DOXYCYCLINE HYCLATE",HOSPITALIST,TABLET,107
"DOXYCYCLINE HYCLATE",GASTROENTEROLOGY,CAPSULE,105
"DOXYCYCLINE HYCLATE","GENERAL PRACTICE",TABLET,105
"DOXYCYCLINE HYCLATE",HEMATOLOGY/ONCOLOGY,CAPSULE,97
"DOXYCYCLINE HYCLATE","CARDIOVASCULAR DISEASE",CAPSULE,95
"DOXYCYCLINE HYCLATE","ORTHOPEDIC SURGERY",TABLET,92
"DOXYCYCLINE HYCLATE","ALLERGY & IMMUNOLOGY",CAPSULE,85
"DOXYCYCLINE HYCLATE",NEPHROLOGY,CAPSULE,79
"DOXYCYCLINE HYCLATE","INTERNAL MEDICINE/PEDIATRICS",TABLET,79
"DOXYCYCLINE HYCLATE","GERIATRIC MEDICINE (INTERNAL MEDICINE)",CAPSULE,74
"DOXYCYCLINE HYCLATE","PLASTIC SURGERY",TABLET,73
"DOXYCYCLINE HYCLATE","ALLERGY & IMMUNOLOGY",TABLET,72
"DOXYCYCLINE HYCLATE",HEMATOLOGY/ONCOLOGY,TABLET,67
"DOXYCYCLINE HYCLATE",VETERINARIAN,CAPSULE,66
"DOXYCYCLINE HYCLATE",GYNECOLOGY,CAPSULE,65
"DOXYCYCLINE HYCLATE","FAMILY MEDICINE","TABLET ENTERICCOATED",65
"DOXYCYCLINE HYCLATE",DERMATOPATHOLOGY,CAPSULE,61
"DOXYCYCLINE HYCLATE","DERMATOLOGIC SURGERY",CAPSULE,60
"DOXYCYCLINE HYCLATE","CARDIOVASCULAR DISEASE",TABLET,58
"DOXYCYCLINE HYCLATE","PROCEDURAL DERMATOLOGY",CAPSULE,54
"DOXYCYCLINE HYCLATE",GASTROENTEROLOGY,TABLET,54
"DOXYCYCLINE HYCLATE","GERIATRIC MEDICINE (INTERNAL MEDICINE)",TABLET,53
"DOXYCYCLINE HYCLATE",RHEUMATOLOGY,CAPSULE,53
"DOXYCYCLINE HYCLATE","INTERNAL MEDICINE","TABLET ENTERICCOATED",51
"DOXYCYCLINE HYCLATE",RHEUMATOLOGY,TABLET,48
"DOXYCYCLINE HYCLATE","SPORTS MEDICINE (FAMILY MEDICINE)",CAPSULE,47
"DOXYCYCLINE HYCLATE","STUDENT, HEALTH CARE",CAPSULE,41
"DOXYCYCLINE HYCLATE",PSYCHIATRY,CAPSULE,36
"DOXYCYCLINE HYCLATE","ENDOCRINOLOGY, DIABETES & METABOLISM",CAPSULE,36
"DOXYCYCLINE HYCLATE",NEPHROLOGY,TABLET,36
"DOXYCYCLINE HYCLATE","PROCEDURAL DERMATOLOGY",TABLET,33
"DOXYCYCLINE HYCLATE",DENTISTRY/PERIODONTICS,TABLET,31
"DOXYCYCLINE HYCLATE","GERIATRIC MEDICINE (FAMILY MEDICINE)",CAPSULE,31
"DOXYCYCLINE HYCLATE",ANESTHESIOLOGY,CAPSULE,31
"DOXYCYCLINE HYCLATE","SPORTS MEDICINE (FAMILY MEDICINE)",TABLET,31
"DOXYCYCLINE HYCLATE","PEDIATRIC DERMATOLOGY",CAPSULE,30
"DOXYCYCLINE HYCLATE","ORAL & MAXILLOFACIAL SURGERY",CAPSULE,30
"DOXYCYCLINE HYCLATE",DERMATOPATHOLOGY,TABLET,27
"DOXYCYCLINE HYCLATE","GENERAL PREVENTIVE MEDICINE",CAPSULE,27
"DOXYCYCLINE HYCLATE","STUDENT, HEALTH CARE",TABLET,27
"DOXYCYCLINE HYCLATE","VASCULAR SURGERY",CAPSULE,26
"DOXYCYCLINE HYCLATE","PHYSICAL MEDICINE & REHABILITATION",CAPSULE,25
"DOXYCYCLINE HYCLATE","MEDICAL ONCOLOGY",CAPSULE,25
"DOXYCYCLINE HYCLATE","DIAGNOSTIC RADIOLOGY",CAPSULE,20
"DOXYCYCLINE HYCLATE",GYNECOLOGY,TABLET,20
"DOXYCYCLINE HYCLATE","PEDIATRIC DERMATOLOGY",TABLET,20
"DOXYCYCLINE HYCLATE","ENDOCRINOLOGY, DIABETES & METABOLISM",TABLET,18
"DOXYCYCLINE HYCLATE","FACIAL PLASTIC SURGERY",CAPSULE,16
"DOXYCYCLINE HYCLATE","GERIATRIC MEDICINE (FAMILY MEDICINE)",TABLET,16
"DOXYCYCLINE HYCLATE","COLON & RECTAL SURGERY",CAPSULE,16
"DOXYCYCLINE HYCLATE",PSYCHIATRY,TABLET,16
"DOXYCYCLINE HYCLATE","ORAL & MAXILLOFACIAL SURGERY",TABLET,15
"DOXYCYCLINE HYCLATE","DERMATOLOGIC SURGERY",TABLET,14
"DOXYCYCLINE HYCLATE",ANESTHESIOLOGY,TABLET,14
"DOXYCYCLINE HYCLATE","VASCULAR SURGERY",TABLET,14
"DOXYCYCLINE HYCLATE","NATUROPATHIC DOCTOR",TABLET,13
"DOXYCYCLINE HYCLATE","OCCUPATIONAL MEDICINE",CAPSULE,13
"DOXYCYCLINE HYCLATE","GENERAL PREVENTIVE MEDICINE",TABLET,13
"DOXYCYCLINE HYCLATE","NATUROPATHIC DOCTOR",CAPSULE,12
"DOXYCYCLINE HYCLATE",NEUROLOGY,CAPSULE,12
"DOXYCYCLINE HYCLATE","CLINICAL CARDIAC ELECTROPHYSIOLOGY",CAPSULE,12
"DOXYCYCLINE HYCLATE",DENTISTRY/PERIODONTICS,CAPSULE,11
"DOXYCYCLINE HYCLATE","EMERGENCY MEDICINE","TABLET ENTERICCOATED",10
"DOXYCYCLINE HYCLATE","OCCUPATIONAL MEDICINE",TABLET,10
"DOXYCYCLINE HYCLATE","INTERNAL MEDICINE/FAMILY MEDICINE",CAPSULE,9
"DOXYCYCLINE HYCLATE",OPHTHALMOLOGY,"TABLET ENTERICCOATED",9
"DOXYCYCLINE HYCLATE","SPORTS MEDICINE (ORTHOPEDIC SURGERY)",CAPSULE,9
"DOXYCYCLINE HYCLATE","PAIN MEDICINE",CAPSULE,9
"DOXYCYCLINE HYCLATE","OBSTETRICS & GYNECOLOGY","TABLET ENTERICCOATED",9
"DOXYCYCLINE HYCLATE","NEUROLOGICAL SURGERY",CAPSULE,9
"DOXYCYCLINE HYCLATE","HAND SURGERY",CAPSULE,9
"DOXYCYCLINE HYCLATE","FACIAL PLASTIC SURGERY",TABLET,9
"DOXYCYCLINE HYCLATE",NEUROLOGY,TABLET,9
"DOXYCYCLINE HYCLATE","HAND SURGERY (ORTHOPEDICS)",CAPSULE,8
"DOXYCYCLINE HYCLATE",PEDIATRICS,"TABLET ENTERICCOATED",8
"DOXYCYCLINE HYCLATE","MEDICAL ONCOLOGY",TABLET,8
"DOXYCYCLINE HYCLATE","INTERVENTIONAL CARDIOLOGY",CAPSULE,7
"DOXYCYCLINE HYCLATE","ADOLESCENT MEDICINE (PEDIATRICS)",CAPSULE,7
"DOXYCYCLINE HYCLATE","NOT APPLICABLE",CAPSULE,7
"DOXYCYCLINE HYCLATE","SPORTS MEDICINE (ORTHOPEDIC SURGERY)",TABLET,7
"DOXYCYCLINE HYCLATE","NURSE MIDWIFE",CAPSULE,7
"DOXYCYCLINE HYCLATE","PHYSICAL MEDICINE & REHABILITATION",TABLET,7
"DOXYCYCLINE HYCLATE","ADULT RECONSTRUCTIVE ORTHOPEDICS",CAPSULE,7
"DOXYCYCLINE HYCLATE","HOSPICE & PALLIATIVE MEDICINE",CAPSULE,7
"DOXYCYCLINE HYCLATE","ORTHOPEDIC SURGERY OF THE SPINE",CAPSULE,6
"DOXYCYCLINE HYCLATE","ADOLESCENT MEDICINE (PEDIATRICS)",TABLET,6
"DOXYCYCLINE HYCLATE","ANATOMIC/CLINICAL PATHOLOGY",CAPSULE,6
"DOXYCYCLINE HYCLATE","NEUROLOGICAL SURGERY",TABLET,6
"DOXYCYCLINE HYCLATE","CHILD & ADOLESCENT PSYCHIATRY",CAPSULE,6
"DOXYCYCLINE HYCLATE","HEMATOLOGY (INTERNAL MEDICINE)",CAPSULE,6
"DOXYCYCLINE HYCLATE",PHARMACIST,TABLET,5
"DOXYCYCLINE HYCLATE","RADIATION ONCOLOGY",TABLET,5
"DOXYCYCLINE HYCLATE","PULMONARY CRITICAL CARE MEDICINE","TABLET ENTERICCOATED",5
"DOXYCYCLINE HYCLATE","THORACIC SURGERY",CAPSULE,5
"DOXYCYCLINE HYCLATE","HAND SURGERY (ORTHOPEDICS)",TABLET,5
"DOXYCYCLINE HYCLATE",PODIATRIST,"TABLET ENTERICCOATED",5
"DOXYCYCLINE HYCLATE","PEDIATRIC INFECTIOUS DISEASE",CAPSULE,5
"DOXYCYCLINE HYCLATE","PAIN MEDICINE (PHYSICAL MEDICINE & REHABILITATION)",CAPSULE,5
"DOXYCYCLINE HYCLATE",ALLERGY,CAPSULE,5
"DOXYCYCLINE HYCLATE","PEDIATRIC PULMONOLOGY",CAPSULE,5
"DOXYCYCLINE HYCLATE","ADVANCED REGISTERED NURSE",CAPSULE,5
"DOXYCYCLINE HYCLATE","INTERNAL MEDICINE/EMERGENCY MEDICINE",CAPSULE,5
"DOXYCYCLINE HYCLATE","DIAGNOSTIC RADIOLOGY",TABLET,5
"DOXYCYCLINE HYCLATE",RHEUMATOLOGY,"TABLET ENTERICCOATED",4
"DOXYCYCLINE HYCLATE","THORACIC SURGERY",TABLET,4
"DOXYCYCLINE HYCLATE","PEDIATRIC HEMATOLOGY/ONCOLOGY",CAPSULE,4
"DOXYCYCLINE HYCLATE","INTERNAL MEDICINE/FAMILY MEDICINE",TABLET,4
"DOXYCYCLINE HYCLATE","RADIATION ONCOLOGY",CAPSULE,4
"DOXYCYCLINE HYCLATE",PHARMACIST,CAPSULE,4
"DOXYCYCLINE HYCLATE","PAIN MEDICINE (ANESTHESIOLOGY)",CAPSULE,4
"DOXYCYCLINE HYCLATE","CRITICAL CARE MEDICINE (INTERNAL MEDICINE)",TABLET,4
"DOXYCYCLINE HYCLATE",ALLERGY,TABLET,4
"DOXYCYCLINE HYCLATE","UNDERSEAS MEDICINE (PREVENTIVE MEDICINE)",CAPSULE,4
"DOXYCYCLINE HYCLATE","CARDIOVASCULAR DISEASE","TABLET ENTERICCOATED",4
"DOXYCYCLINE HYCLATE",DENTIST,"TABLET ENTERICCOATED",4
"DOXYCYCLINE HYCLATE","SLEEP MEDICINE",TABLET,4
"DOXYCYCLINE HYCLATE","ANATOMIC/CLINICAL PATHOLOGY",TABLET,4
"DOXYCYCLINE HYCLATE",,"TABLET ENTERICCOATED",4
"DOXYCYCLINE HYCLATE","HAND SURGERY",TABLET,4
"DOXYCYCLINE HYCLATE","NURSE MIDWIFE",TABLET,4
"DOXYCYCLINE HYCLATE","SLEEP MEDICINE",CAPSULE,4
"DOXYCYCLINE HYCLATE","PEDIATRIC HEMATOLOGY/ONCOLOGY",TABLET,4
"DOXYCYCLINE HYCLATE","PEDIATRIC CARDIOLOGY",CAPSULE,4
"DOXYCYCLINE HYCLATE","BEHAVIORAL HEALTH & SOCIAL SERVICES",CAPSULE,4
"DOXYCYCLINE HYCLATE","HOSPICE & PALLIATIVE MEDICINE",TABLET,3
"DOXYCYCLINE HYCLATE","CLINICAL CARDIAC ELECTROPHYSIOLOGY",TABLET,3
"DOXYCYCLINE HYCLATE",RADIOLOGY,CAPSULE,3
"DOXYCYCLINE HYCLATE",DENTISTRY/ENDODONTICS,CAPSULE,3
"DOXYCYCLINE HYCLATE","VASCULAR & INTERVENTIONAL RADIOLOGY",CAPSULE,3
"DOXYCYCLINE HYCLATE","SURGICAL ONCOLOGY",CAPSULE,3
"DOXYCYCLINE HYCLATE","HEAD & NECK SURGERY",TABLET,3
"DOXYCYCLINE HYCLATE","HAND SURGERY (SURGERY)",TABLET,3
"DOXYCYCLINE HYCLATE","ADVANCED REGISTERED NURSE",TABLET,3
"DOXYCYCLINE HYCLATE","AEROSPACE MEDICINE",CAPSULE,3
"DOXYCYCLINE HYCLATE","PUBLIC HEALTH & GENERAL PREVENTIVE MEDICINE",CAPSULE,3
"DOXYCYCLINE HYCLATE","CRITICAL CARE MEDICINE (INTERNAL MEDICINE)",CAPSULE,3
"DOXYCYCLINE HYCLATE","UNDERSEAS MEDICINE (EMERGENCY MEDICINE)",CAPSULE,3
"DOXYCYCLINE HYCLATE","ADDICTION MEDICINE",TABLET,3
"DOXYCYCLINE HYCLATE","CLINICAL NURSE SPECIALIST",CAPSULE,3
"DOXYCYCLINE HYCLATE","CHILD NEUROLOGY",TABLET,3
"DOXYCYCLINE HYCLATE","INTERNAL MEDICINE/EMERGENCY MEDICINE",TABLET,3
"DOXYCYCLINE HYCLATE","PEDIATRIC PULMONOLOGY",TABLET,3
"DOXYCYCLINE HYCLATE",CYTOPATHOLOGY,CAPSULE,3
"DOXYCYCLINE HYCLATE","GYNECOLOGICAL ONCOLOGY",CAPSULE,3
"DOXYCYCLINE HYCLATE",OPTOMETRIST,"TABLET ENTERICCOATED",3
"DOXYCYCLINE HYCLATE","PEDIATRIC EMERGENCY MEDICINE (PEDIATRICS)",TABLET,3
"DOXYCYCLINE HYCLATE","INTERVENTIONAL CARDIOLOGY",TABLET,3
"DOXYCYCLINE HYCLATE","COLON & RECTAL SURGERY",TABLET,3
"DOXYCYCLINE HYCLATE","CERTIFIED NURSE ANESTHETIST",CAPSULE,3
"DOXYCYCLINE HYCLATE","PAIN MEDICINE (ANESTHESIOLOGY)",TABLET,3
"DOXYCYCLINE HYCLATE","INFECTIOUS DISEASE","TABLET ENTERICCOATED",3
"DOXYCYCLINE HYCLATE","PULMONARY DISEASE","TABLET ENTERICCOATED",3
"DOXYCYCLINE HYCLATE","NUCLEAR MEDICINE",TABLET,3
"DOXYCYCLINE HYCLATE","ORTHOPEDIC SURGERY OF THE SPINE",TABLET,3
"DOXYCYCLINE HYCLATE","ADVANCED HEART FAILURE & TRANSPLANT CARDIOLOGY",CAPSULE,3
"DOXYCYCLINE HYCLATE","INTERNAL MEDICINE/PREVENTIVE MEDICINE",CAPSULE,2
"DOXYCYCLINE HYCLATE","EMERGENCY MEDICAL SERVICES",CAPSULE,2
"DOXYCYCLINE HYCLATE","CRITICAL CARE MEDICINE (ANESTHESIOLOGY)",TABLET,2
"DOXYCYCLINE HYCLATE","NEONATAL-PERINATAL MEDICINE",TABLET,2
"DOXYCYCLINE HYCLATE","TRANSPLANT SURGERY",CAPSULE,2
"DOXYCYCLINE HYCLATE","PEDIATRIC DERMATOLOGY","TABLET ENTERICCOATED",2
"DOXYCYCLINE HYCLATE","CLINICAL NEUROPHYSIOLOGY",TABLET,2
"DOXYCYCLINE HYCLATE","PROCEDURAL DERMATOLOGY","TABLET ENTERICCOATED",2
"DOXYCYCLINE HYCLATE","OSTEOPATHIC MANIPULATIVE MEDICINE",CAPSULE,2
"DOXYCYCLINE HYCLATE","PSYCHIATRY/FAMILY MEDICINE",CAPSULE,2
"DOXYCYCLINE HYCLATE","PEDIATRIC EMERGENCY MEDICINE",CAPSULE,2
"DOXYCYCLINE HYCLATE","PEDIATRIC EMERGENCY MEDICINE (PEDIATRICS)",CAPSULE,2
"DOXYCYCLINE HYCLATE","OSTEOPATHIC MANIPULATIVE MEDICINE",TABLET,2
"DOXYCYCLINE HYCLATE","PAIN MEDICINE",TABLET,2
"DOXYCYCLINE HYCLATE","ALLERGY & IMMUNOLOGY","TABLET ENTERICCOATED",2
"DOXYCYCLINE HYCLATE","PEDIATRIC OPHTHALMOLOGY",CAPSULE,2
"DOXYCYCLINE HYCLATE","ADULT RECONSTRUCTIVE ORTHOPEDICS",TABLET,2
"DOXYCYCLINE HYCLATE","UNDERSEAS MEDICINE (PREVENTIVE MEDICINE)",TABLET,2
"DOXYCYCLINE HYCLATE","ADDICTION MEDICINE",CAPSULE,2
"DOXYCYCLINE HYCLATE","HEAD & NECK SURGERY",CAPSULE,2
"DOXYCYCLINE HYCLATE","SPORTS MEDICINE (PEDIATRICS)",TABLET,2
"DOXYCYCLINE HYCLATE","NUCLEAR MEDICINE",CAPSULE,2
"DOXYCYCLINE HYCLATE","HEMATOLOGY (INTERNAL MEDICINE)",TABLET,2
"DOXYCYCLINE HYCLATE","GENERAL SURGERY","TABLET ENTERICCOATED",2
"DOXYCYCLINE HYCLATE","SPORTS MEDICINE (INTERNAL MEDICINE)",CAPSULE,2
"DOXYCYCLINE HYCLATE","PEDIATRIC ALLERGY",CAPSULE,2
"DOXYCYCLINE HYCLATE","PEDIATRIC EMERGENCY MEDICINE",TABLET,2
"DOXYCYCLINE HYCLATE","DERMATOLOGIC SURGERY","TABLET ENTERICCOATED",2
"DOXYCYCLINE HYCLATE","PLASTIC SURGERY WITHIN THE HEAD & NECK",CAPSULE,2
"DOXYCYCLINE HYCLATE","HAND SURGERY (PLASTIC SURGERY)",CAPSULE,2
"DOXYCYCLINE HYCLATE",NEPHROLOGY,"TABLET ENTERICCOATED",2
"DOXYCYCLINE HYCLATE",OTOLARYNGOLOGY,"TABLET ENTERICCOATED",2
"DOXYCYCLINE HYCLATE","CRITICAL CARE MEDICINE (ANESTHESIOLOGY)",CAPSULE,2
"DOXYCYCLINE HYCLATE",PHLEBOLOGY,CAPSULE,2
"DOXYCYCLINE HYCLATE","MEDICAL TOXICOLOGY (EMERGENCY MEDICINE)",CAPSULE,2
"DOXYCYCLINE HYCLATE","GERIATRIC MEDICINE (INTERNAL MEDICINE)","TABLET ENTERICCOATED",2
"DOXYCYCLINE HYCLATE",RADIOLOGY,TABLET,2
"DOXYCYCLINE HYCLATE",UNSPECIFIED,CAPSULE,2
"DOXYCYCLINE HYCLATE","ADDICTION PSYCHIATRY","TABLET ENTERICCOATED",1
"DOXYCYCLINE HYCLATE","OCCUPATIONAL THERAPY",CAPSULE,1
"DOXYCYCLINE HYCLATE","DIAGNOSTIC RADIOLOGY","TABLET ENTERICCOATED",1
"DOXYCYCLINE HYCLATE",HEMATOLOGY/ONCOLOGY,"TABLET ENTERICCOATED",1
"DOXYCYCLINE HYCLATE","PEDIATRIC SURGERY",CAPSULE,1
"DOXYCYCLINE HYCLATE","PHYSICAL MEDICINE & REHABILITATION","TABLET ENTERICCOATED",1
"DOXYCYCLINE HYCLATE","PLASTIC SURGERY WITHIN THE HEAD & NECK",TABLET,1
"DOXYCYCLINE HYCLATE","NEUROTOLOGY (OTOLARYNGOLOGY)",TABLET,1
"DOXYCYCLINE HYCLATE","PEDIATRIC ENDOCRINOLOGY",CAPSULE,1
"DOXYCYCLINE HYCLATE","TRANSITIONAL YEAR",CAPSULE,1
"DOXYCYCLINE HYCLATE","PEDIATRIC CRITICAL CARE MEDICINE",TABLET,1
"DOXYCYCLINE HYCLATE","CRANIOFACIAL SURGERY",TABLET,1
"DOXYCYCLINE HYCLATE",DIABETES,CAPSULE,1
"DOXYCYCLINE HYCLATE","REGISTERED NURSE",CAPSULE,1
"DOXYCYCLINE HYCLATE","CLINICAL NURSE SPECIALIST",TABLET,1
"DOXYCYCLINE HYCLATE","SURGICAL ONCOLOGY",TABLET,1
"DOXYCYCLINE HYCLATE",IMMUNOLOGY,TABLET,1
"DOXYCYCLINE HYCLATE","CERTIFIED NURSE ANESTHETIST",TABLET,1
"DOXYCYCLINE HYCLATE","ADVANCED HEART FAILURE & TRANSPLANT CARDIOLOGY",TABLET,1
"DOXYCYCLINE HYCLATE","FOOT & ANKLE, ORTHOPEDICS",CAPSULE,1
"DOXYCYCLINE HYCLATE",GYNECOLOGY,"TABLET ENTERICCOATED",1
"DOXYCYCLINE HYCLATE","BEHAVIORAL HEALTH & SOCIAL SERVICES",TABLET,1
"DOXYCYCLINE HYCLATE","GENERAL PRACTICE","TABLET ENTERICCOATED",1
"DOXYCYCLINE HYCLATE","SPORTS MEDICINE (EMERGENCY MEDICINE)",TABLET,1
"DOXYCYCLINE HYCLATE","PEDIATRIC RHEUMATOLOGY",CAPSULE,1
"DOXYCYCLINE HYCLATE","SPORTS MEDICINE (EMERGENCY MEDICINE)",CAPSULE,1
"DOXYCYCLINE HYCLATE","REPRODUCTIVE ENDOCRINOLOGY & INFERTILITY","TABLET ENTERICCOATED",1
"DOXYCYCLINE HYCLATE",OBSTETRICS,CAPSULE,1
"DOXYCYCLINE HYCLATE","ADOLESCENT MEDICINE (INTERNAL MEDICINE)",TABLET,1
"DOXYCYCLINE HYCLATE","PSYCHIATRY/FAMILY MEDICINE",TABLET,1
"DOXYCYCLINE HYCLATE","CLINICAL NEUROPHYSIOLOGY",CAPSULE,1
"DOXYCYCLINE HYCLATE","FEMALE PELVIC MEDICINE & RECONSTRUCTIVE SURGERY",CAPSULE,1
"DOXYCYCLINE HYCLATE","SPORTS MEDICINE (FAMILY MEDICINE)","SOLUTION RECONSTITUTED",1
"DOXYCYCLINE HYCLATE","LICENSED PRACTICAL NURSE",TABLET,1
"DOXYCYCLINE HYCLATE","INTERNAL MEDICINE/PSYCHIATRY",CAPSULE,1
"DOXYCYCLINE HYCLATE","MATERNAL & FETAL MEDICINE",TABLET,1
"DOXYCYCLINE HYCLATE","PEDIATRIC UROLOGY",TABLET,1
"DOXYCYCLINE HYCLATE",NUTRITION,CAPSULE,1
"DOXYCYCLINE HYCLATE","ORTHOPEDIC TRAUMA",CAPSULE,1
"DOXYCYCLINE HYCLATE",PSYCHIATRY,"TABLET ENTERICCOATED",1
"DOXYCYCLINE HYCLATE","CLINICAL PATHOLOGY",CAPSULE,1
"DOXYCYCLINE HYCLATE","NOT APPLICABLE",TABLET,1
"DOXYCYCLINE HYCLATE","CLINICAL LABORATORY IMMUNOLOGY (ALLERGY & IMMUNOLOGY)",CAPSULE,1
"DOXYCYCLINE HYCLATE","BLOOD BANKING/TRANSFUSION MEDICINE",TABLET,1
"DOXYCYCLINE HYCLATE","INTERNAL MEDICINE/PEDIATRICS","TABLET ENTERICCOATED",1
"DOXYCYCLINE HYCLATE",UNSPECIFIED,TABLET,1
"DOXYCYCLINE HYCLATE","CHILD & ADOLESCENT PSYCHIATRY",TABLET,1
"DOXYCYCLINE HYCLATE","NEONATAL-PERINATAL MEDICINE",CAPSULE,1
"DOXYCYCLINE HYCLATE","RETINAL SPECIALIST","TABLET ENTERICCOATED",1
"DOXYCYCLINE HYCLATE","GYNECOLOGICAL ONCOLOGY",TABLET,1
"DOXYCYCLINE HYCLATE","MUSCULOSKELETAL ONCOLOGY",TABLET,1
"DOXYCYCLINE HYCLATE","CLINICAL SOCIAL WORKER",CAPSULE,1
"DOXYCYCLINE HYCLATE",DERMATOPATHOLOGY,"TABLET ENTERICCOATED",1
"DOXYCYCLINE HYCLATE","PEDIATRIC SURGERY",TABLET,1
"DOXYCYCLINE HYCLATE",DENTISTRY/ENDODONTICS,TABLET,1
"DOXYCYCLINE HYCLATE","PEDIATRIC OTOLARYNGOLOGY",CAPSULE,1
"DOXYCYCLINE HYCLATE","EMERGENCY MEDICAL SERVICES",TABLET,1
"DOXYCYCLINE HYCLATE","PEDIATRICS/EMERGENCY MEDICINE",CAPSULE,1
"DOXYCYCLINE HYCLATE","HOSPICE & PALLIATIVE MEDICINE (FAMILY MEDICINE)",TABLET,1
"DOXYCYCLINE HYCLATE",OBSTETRICS,TABLET,1
"DOXYCYCLINE HYCLATE","NEUROMUSCULAR MEDICINE (PHYSICAL MEDICINE & REHABILITATION)",CAPSULE,1
"DOXYCYCLINE HYCLATE","HOSPICE & PALLIATIVE MEDICINE (INTERNAL MEDICINE)",TABLET,1
"DOXYCYCLINE HYCLATE","VASCULAR & INTERVENTIONAL RADIOLOGY",TABLET,1
"DOXYCYCLINE HYCLATE","PALLIATIVE MEDICINE",CAPSULE,1
"DOXYCYCLINE HYCLATE","PEDIATRICS/EMERGENCY MEDICINE",TABLET,1
"DOXYCYCLINE HYCLATE","TRAUMA SURGERY",CAPSULE,1
"DOXYCYCLINE HYCLATE","PEDIATRIC INFECTIOUS DISEASE","TABLET ENTERICCOATED",1
"DOXYCYCLINE HYCLATE","ANATOMIC/CLINICAL PATHOLOGY","TABLET ENTERICCOATED",1
"DOXYCYCLINE HYCLATE","INTERNAL MEDICINE/PSYCHIATRY",TABLET,1
"DOXYCYCLINE HYCLATE","SPORTS MEDICINE (FAMILY MEDICINE)","TABLET ENTERICCOATED",1
"DOXYCYCLINE HYCLATE","PHYSICAL THERAPY",CAPSULE,1
"DOXYCYCLINE HYCLATE",NEURORADIOLOGY,CAPSULE,1
"DOXYCYCLINE HYCLATE","PEDIATRIC CARDIOLOGY",TABLET,1
"DOXYCYCLINE HYCLATE","PEDIATRIC CRITICAL CARE MEDICINE",CAPSULE,1
"DOXYCYCLINE HYCLATE",UROLOGY,"TABLET ENTERICCOATED",1
"DOXYCYCLINE HYCLATE","PEDIATRIC UROLOGY",CAPSULE,1
"DOXYCYCLINE HYCLATE W/ CLEANSER","PHYSICIAN ASSISTANT",KIT,2
"ERTAPENEM SODIUM","INTERNAL MEDICINE","SOLUTION RECONSTITUTED",19
"ERTAPENEM SODIUM","FAMILY MEDICINE","SOLUTION RECONSTITUTED",6
"ERTAPENEM SODIUM","INFECTIOUS DISEASE","SOLUTION RECONSTITUTED",5
"ERTAPENEM SODIUM","PHYSICIAN ASSISTANT","SOLUTION RECONSTITUTED",3
"ERTAPENEM SODIUM","NURSE PRACTITIONER","SOLUTION RECONSTITUTED",3
"ERTAPENEM SODIUM",PODIATRIST,"SOLUTION RECONSTITUTED",2
"ERTAPENEM SODIUM","GENERAL PRACTICE","SOLUTION RECONSTITUTED",1
"ERTAPENEM SODIUM","GERIATRIC MEDICINE (INTERNAL MEDICINE)","SOLUTION RECONSTITUTED",1
"ERTAPENEM SODIUM","THORACIC SURGERY","SOLUTION RECONSTITUTED",1
"ERTAPENEM SODIUM",NEPHROLOGY,"SOLUTION RECONSTITUTED",1
"ERTAPENEM SODIUM","GENERAL SURGERY","SOLUTION RECONSTITUTED",1
"ERTAPENEM SODIUM","EMERGENCY MEDICINE","SOLUTION RECONSTITUTED",1
"ERYTHROMYCIN (OPHTH)",OPHTHALMOLOGY,OINTMENT,3742
"ERYTHROMYCIN (OPHTH)","NURSE PRACTITIONER",OINTMENT,2190
"ERYTHROMYCIN (OPHTH)","PHYSICIAN ASSISTANT",OINTMENT,1550
"ERYTHROMYCIN (OPHTH)","FAMILY MEDICINE",OINTMENT,1300
"ERYTHROMYCIN (OPHTH)",PEDIATRICS,OINTMENT,1202
"ERYTHROMYCIN (OPHTH)",OPTOMETRIST,OINTMENT,1164
"ERYTHROMYCIN (OPHTH)","EMERGENCY MEDICINE",OINTMENT,718
"ERYTHROMYCIN (OPHTH)","INTERNAL MEDICINE",OINTMENT,565
"ERYTHROMYCIN (OPHTH)",,OINTMENT,147
"ERYTHROMYCIN (OPHTH)","PLASTIC SURGERY",OINTMENT,53
"ERYTHROMYCIN (OPHTH)","GENERAL PRACTICE",OINTMENT,50
"ERYTHROMYCIN (OPHTH)",DERMATOLOGY,OINTMENT,34
"ERYTHROMYCIN (OPHTH)","INTERNAL MEDICINE/PEDIATRICS",OINTMENT,34
"ERYTHROMYCIN (OPHTH)","PEDIATRIC EMERGENCY MEDICINE (PEDIATRICS)",OINTMENT,33
"ERYTHROMYCIN (OPHTH)","GENERAL SURGERY",OINTMENT,32
"ERYTHROMYCIN (OPHTH)","PEDIATRIC OPHTHALMOLOGY",OINTMENT,31
"ERYTHROMYCIN (OPHTH)",VETERINARIAN,OINTMENT,30
"ERYTHROMYCIN (OPHTH)",OTOLARYNGOLOGY,OINTMENT,22
"ERYTHROMYCIN (OPHTH)",HOSPITALIST,OINTMENT,21
"ERYTHROMYCIN (OPHTH)","STUDENT, HEALTH CARE",OINTMENT,20
"ERYTHROMYCIN (OPHTH)","FACIAL PLASTIC SURGERY",OINTMENT,17
"ERYTHROMYCIN (OPHTH)","SPORTS MEDICINE (FAMILY MEDICINE)",OINTMENT,16
"ERYTHROMYCIN (OPHTH)","GERIATRIC MEDICINE (INTERNAL MEDICINE)",OINTMENT,16
"ERYTHROMYCIN (OPHTH)","CARDIOVASCULAR DISEASE",OINTMENT,14
"ERYTHROMYCIN (OPHTH)","OBSTETRICS & GYNECOLOGY",OINTMENT,11
"ERYTHROMYCIN (OPHTH)",HEMATOLOGY/ONCOLOGY,OINTMENT,10
"ERYTHROMYCIN (OPHTH)",ANESTHESIOLOGY,OINTMENT,9
"ERYTHROMYCIN (OPHTH)","ALLERGY & IMMUNOLOGY",OINTMENT,8
"ERYTHROMYCIN (OPHTH)",NEUROLOGY,OINTMENT,8
"ERYTHROMYCIN (OPHTH)","PEDIATRIC EMERGENCY MEDICINE",OINTMENT,8
"ERYTHROMYCIN (OPHTH)","INFECTIOUS DISEASE",OINTMENT,8
"ERYTHROMYCIN (OPHTH)","ORTHOPEDIC SURGERY",OINTMENT,7
"ERYTHROMYCIN (OPHTH)","GERIATRIC MEDICINE (FAMILY MEDICINE)",OINTMENT,7
"ERYTHROMYCIN (OPHTH)",DENTIST,OINTMENT,6
"ERYTHROMYCIN (OPHTH)","ADOLESCENT MEDICINE (PEDIATRICS)",OINTMENT,6
"ERYTHROMYCIN (OPHTH)","OCCUPATIONAL MEDICINE",OINTMENT,6
"ERYTHROMYCIN (OPHTH)",PSYCHIATRY,OINTMENT,6
"ERYTHROMYCIN (OPHTH)","PULMONARY DISEASE",OINTMENT,5
"ERYTHROMYCIN (OPHTH)","NEUROLOGICAL SURGERY",OINTMENT,5
"ERYTHROMYCIN (OPHTH)",UROLOGY,OINTMENT,5
"ERYTHROMYCIN (OPHTH)",UNSPECIFIED,OINTMENT,5
"ERYTHROMYCIN (OPHTH)","NATUROPATHIC DOCTOR",OINTMENT,5
"ERYTHROMYCIN (OPHTH)","PHYSICAL MEDICINE & REHABILITATION",OINTMENT,5
"ERYTHROMYCIN (OPHTH)",RHEUMATOLOGY,OINTMENT,4
"ERYTHROMYCIN (OPHTH)","PEDIATRIC HEMATOLOGY/ONCOLOGY",OINTMENT,4
"ERYTHROMYCIN (OPHTH)","PEDIATRIC NEPHROLOGY",OINTMENT,4
"ERYTHROMYCIN (OPHTH)",NEPHROLOGY,OINTMENT,4
"ERYTHROMYCIN (OPHTH)","MEDICAL ONCOLOGY",OINTMENT,4
"ERYTHROMYCIN (OPHTH)","NEONATAL-PERINATAL MEDICINE",OINTMENT,4
"ERYTHROMYCIN (OPHTH)","SPORTS MEDICINE (EMERGENCY MEDICINE)",OINTMENT,3
"ERYTHROMYCIN (OPHTH)","GENERAL PREVENTIVE MEDICINE",OINTMENT,3
"ERYTHROMYCIN (OPHTH)","PEDIATRIC CRITICAL CARE MEDICINE",OINTMENT,3
"ERYTHROMYCIN (OPHTH)","COLON & RECTAL SURGERY",OINTMENT,3
"ERYTHROMYCIN (OPHTH)","DIAGNOSTIC RADIOLOGY",OINTMENT,3
"ERYTHROMYCIN (OPHTH)","PULMONARY CRITICAL CARE MEDICINE",OINTMENT,3
"ERYTHROMYCIN (OPHTH)",GASTROENTEROLOGY,OINTMENT,3
"ERYTHROMYCIN (OPHTH)","PEDIATRIC CARDIOLOGY",OINTMENT,2
"ERYTHROMYCIN (OPHTH)","CRITICAL CARE MEDICINE (ANESTHESIOLOGY)",OINTMENT,2
"ERYTHROMYCIN (OPHTH)","HOSPICE & PALLIATIVE MEDICINE",OINTMENT,2
"ERYTHROMYCIN (OPHTH)","ORAL & MAXILLOFACIAL SURGERY",OINTMENT,2
"ERYTHROMYCIN (OPHTH)","SLEEP MEDICINE",OINTMENT,2
"ERYTHROMYCIN (OPHTH)","INTERVENTIONAL CARDIOLOGY",OINTMENT,2
"ERYTHROMYCIN (OPHTH)","RETINAL SPECIALIST",OINTMENT,2
"ERYTHROMYCIN (OPHTH)","THORACIC SURGERY",OINTMENT,2
"ERYTHROMYCIN (OPHTH)","ADVANCED REGISTERED NURSE",OINTMENT,2
"ERYTHROMYCIN (OPHTH)","PLASTIC SURGERY WITHIN THE HEAD & NECK",OINTMENT,2
"ERYTHROMYCIN (OPHTH)","CRITICAL CARE MEDICINE (INTERNAL MEDICINE)",OINTMENT,2
"ERYTHROMYCIN (OPHTH)","PEDIATRICS/EMERGENCY MEDICINE",OINTMENT,2
"ERYTHROMYCIN (OPHTH)","ENDOCRINOLOGY, DIABETES & METABOLISM",OINTMENT,2
"ERYTHROMYCIN (OPHTH)","PEDIATRIC INFECTIOUS DISEASE",OINTMENT,2
"ERYTHROMYCIN (OPHTH)",ALLERGY,OINTMENT,2
"ERYTHROMYCIN (OPHTH)","PEDIATRIC PULMONOLOGY",OINTMENT,2
"ERYTHROMYCIN (OPHTH)","SPORTS MEDICINE (PEDIATRICS)",OINTMENT,1
"ERYTHROMYCIN (OPHTH)","PEDIATRIC OTOLARYNGOLOGY",OINTMENT,1
"ERYTHROMYCIN (OPHTH)","SURGICAL CRITICAL CARE (SURGERY)",OINTMENT,1
"ERYTHROMYCIN (OPHTH)","CHILD NEUROLOGY",OINTMENT,1
"ERYTHROMYCIN (OPHTH)","AEROSPACE MEDICINE",OINTMENT,1
"ERYTHROMYCIN (OPHTH)",PODIATRIST,OINTMENT,1
"ERYTHROMYCIN (OPHTH)","PLASTIC SURGERY WITHIN THE HEAD & NECK (OTOLARYNGOLOGY)",OINTMENT,1
"ERYTHROMYCIN (OPHTH)","TRANSITIONAL YEAR",OINTMENT,1
"ERYTHROMYCIN (OPHTH)","SPORTS MEDICINE (ORTHOPEDIC SURGERY)",OINTMENT,1
"ERYTHROMYCIN (OPHTH)",GYNECOLOGY,OINTMENT,1
"ERYTHROMYCIN (OPHTH)","DERMATOLOGIC SURGERY",OINTMENT,1
"ERYTHROMYCIN (OPHTH)","CLINICAL NURSE SPECIALIST",OINTMENT,1
"ERYTHROMYCIN (OPHTH)","RADIATION ONCOLOGY",OINTMENT,1
"ERYTHROMYCIN (OPHTH)","EMERGENCY MEDICAL SERVICES",OINTMENT,1
"ERYTHROMYCIN (OPHTH)","MEDICAL GENETICS",OINTMENT,1
"ERYTHROMYCIN (OPHTH)","ADDICTION PSYCHIATRY",OINTMENT,1
"ERYTHROMYCIN (OPHTH)","VASCULAR SURGERY",OINTMENT,1
"ERYTHROMYCIN (OPHTH)","PEDIATRIC ENDOCRINOLOGY",OINTMENT,1
"ERYTHROMYCIN (OPHTH)","TRAUMA SURGERY",OINTMENT,1
"ERYTHROMYCIN (OPHTH)","PROCEDURAL DERMATOLOGY",OINTMENT,1
"ERYTHROMYCIN (OPHTH)","REPRODUCTIVE ENDOCRINOLOGY & INFERTILITY",OINTMENT,1
"ERYTHROMYCIN (OPHTH)",PHARMACIST,OINTMENT,1
"ERYTHROMYCIN (OPHTH)","MEDICAL TOXICOLOGY (EMERGENCY MEDICINE)",OINTMENT,1
"ERYTHROMYCIN (OPHTH)","MEDICAL MICROBIOLOGY",OINTMENT,1
"ERYTHROMYCIN (OPHTH)","MATERNAL & FETAL MEDICINE",OINTMENT,1
"ERYTHROMYCIN (OPHTH)","GERIATRIC PSYCHIATRY",OINTMENT,1
"ERYTHROMYCIN (OPHTH)","PHYSICAL THERAPY",OINTMENT,1
"ERYTHROMYCIN (OPHTH)","CRITICAL CARE MEDICINE (EMERGENCY MEDICINE)",OINTMENT,1
"ERYTHROMYCIN (OPHTH)","OSTEOPATHIC MANIPULATIVE MEDICINE",OINTMENT,1
"ERYTHROMYCIN (OPHTH)","CLINICAL CARDIAC ELECTROPHYSIOLOGY",OINTMENT,1
"ERYTHROMYCIN (OPHTH)","CLINICAL SOCIAL WORKER",OINTMENT,1
"ERYTHROMYCIN (OPHTH)","BLOOD BANKING/TRANSFUSION MEDICINE",OINTMENT,1
"ERYTHROMYCIN (OPHTH)","CERTIFIED NURSE ANESTHETIST",OINTMENT,1
"ERYTHROMYCIN (OPHTH)","NURSE MIDWIFE",OINTMENT,1
"ERYTHROMYCIN BASE",DENTIST,TABLET,81
"ERYTHROMYCIN BASE","GENERAL SURGERY",TABLET,77
"ERYTHROMYCIN BASE","NURSE PRACTITIONER",TABLET,58
"ERYTHROMYCIN BASE",GASTROENTEROLOGY,TABLET,57
"ERYTHROMYCIN BASE","FAMILY MEDICINE",TABLET,57
"ERYTHROMYCIN BASE","INTERNAL MEDICINE",TABLET,46
"ERYTHROMYCIN BASE","PHYSICIAN ASSISTANT",TABLET,39
"ERYTHROMYCIN BASE",DERMATOLOGY,TABLET,36
"ERYTHROMYCIN BASE","FAMILY MEDICINE","TABLET ENTERICCOATED",26
"ERYTHROMYCIN BASE",DERMATOLOGY,"TABLET ENTERICCOATED",14
"ERYTHROMYCIN BASE","COLON & RECTAL SURGERY",TABLET,14
"ERYTHROMYCIN BASE","FAMILY MEDICINE","CAPSULE ENTERICCOATED PARTICLES",14
"ERYTHROMYCIN BASE","PEDIATRIC GASTROENTEROLOGY",TABLET,13
"ERYTHROMYCIN BASE","INTERNAL MEDICINE","TABLET ENTERICCOATED",12
"ERYTHROMYCIN BASE","GENERAL SURGERY","TABLET ENTERICCOATED",11
"ERYTHROMYCIN BASE","OBSTETRICS & GYNECOLOGY",TABLET,11
"ERYTHROMYCIN BASE",PODIATRIST,TABLET,11
"ERYTHROMYCIN BASE",GASTROENTEROLOGY,"CAPSULE ENTERICCOATED PARTICLES",10
"ERYTHROMYCIN BASE","NURSE PRACTITIONER","TABLET ENTERICCOATED",10
"ERYTHROMYCIN BASE","INTERNAL MEDICINE","CAPSULE ENTERICCOATED PARTICLES",9
"ERYTHROMYCIN BASE",PEDIATRICS,TABLET,8
"ERYTHROMYCIN BASE","ORTHOPEDIC SURGERY",TABLET,7
"ERYTHROMYCIN BASE",GASTROENTEROLOGY,"TABLET ENTERICCOATED",7
"ERYTHROMYCIN BASE",,TABLET,7
"ERYTHROMYCIN BASE","VASCULAR SURGERY",TABLET,7
"ERYTHROMYCIN BASE","PHYSICIAN ASSISTANT","TABLET ENTERICCOATED",6
"ERYTHROMYCIN BASE","PLASTIC SURGERY",TABLET,6
"ERYTHROMYCIN BASE",PEDIATRICS,"TABLET ENTERICCOATED",5
"ERYTHROMYCIN BASE",DENTIST,"TABLET ENTERICCOATED",5
"ERYTHROMYCIN BASE","NURSE PRACTITIONER","CAPSULE ENTERICCOATED PARTICLES",5
"ERYTHROMYCIN BASE",UROLOGY,TABLET,4
"ERYTHROMYCIN BASE","PULMONARY DISEASE",TABLET,4
"ERYTHROMYCIN BASE",NEPHROLOGY,TABLET,4
"ERYTHROMYCIN BASE","PHYSICIAN ASSISTANT","CAPSULE ENTERICCOATED PARTICLES",4
"ERYTHROMYCIN BASE","EMERGENCY MEDICINE",TABLET,3
"ERYTHROMYCIN BASE",NEPHROLOGY,"TABLET ENTERICCOATED",3
"ERYTHROMYCIN BASE","ORAL & MAXILLOFACIAL SURGERY",TABLET,3
"ERYTHROMYCIN BASE",OTOLARYNGOLOGY,TABLET,3
"ERYTHROMYCIN BASE","SURGICAL ONCOLOGY",TABLET,3
"ERYTHROMYCIN BASE",,"TABLET ENTERICCOATED",2
"ERYTHROMYCIN BASE","PULMONARY DISEASE","CAPSULE ENTERICCOATED PARTICLES",2
"ERYTHROMYCIN BASE",OPTOMETRIST,TABLET,2
"ERYTHROMYCIN BASE","SURGICAL CRITICAL CARE (SURGERY)",TABLET,2
"ERYTHROMYCIN BASE","GERIATRIC MEDICINE (INTERNAL MEDICINE)",TABLET,2
"ERYTHROMYCIN BASE","NATUROPATHIC DOCTOR",TABLET,2
"ERYTHROMYCIN BASE","PHYSICAL MEDICINE & REHABILITATION",TABLET,2
"ERYTHROMYCIN BASE",PODIATRIST,"TABLET ENTERICCOATED",2
"ERYTHROMYCIN BASE","ALLERGY & IMMUNOLOGY",TABLET,2
"ERYTHROMYCIN BASE","PULMONARY CRITICAL CARE MEDICINE",TABLET,2
"ERYTHROMYCIN BASE",OPHTHALMOLOGY,TABLET,2
"ERYTHROMYCIN BASE",UROLOGY,"TABLET ENTERICCOATED",2
"ERYTHROMYCIN BASE","ORTHOPEDIC SURGERY","TABLET ENTERICCOATED",2
"ERYTHROMYCIN BASE","OBSTETRICS & GYNECOLOGY","TABLET ENTERICCOATED",2
"ERYTHROMYCIN BASE","CARDIOVASCULAR DISEASE","TABLET ENTERICCOATED",2
"ERYTHROMYCIN BASE","GENERAL SURGERY","CAPSULE ENTERICCOATED PARTICLES",2
"ERYTHROMYCIN BASE",DENTIST,"CAPSULE ENTERICCOATED PARTICLES",2
"ERYTHROMYCIN BASE","GENERAL PRACTICE",TABLET,2
"ERYTHROMYCIN BASE","OBSTETRICS & GYNECOLOGY","CAPSULE ENTERICCOATED PARTICLES",2
"ERYTHROMYCIN BASE",HOSPITALIST,TABLET,2
"ERYTHROMYCIN BASE","PULMONARY CRITICAL CARE MEDICINE","TABLET ENTERICCOATED",1
"ERYTHROMYCIN BASE","PEDIATRIC ENDOCRINOLOGY","TABLET ENTERICCOATED",1
"ERYTHROMYCIN BASE",DERMATOLOGY,"CAPSULE ENTERICCOATED PARTICLES",1
"ERYTHROMYCIN BASE",VETERINARIAN,TABLET,1
"ERYTHROMYCIN BASE","PAIN MEDICINE (ANESTHESIOLOGY)",TABLET,1
"ERYTHROMYCIN BASE","EMERGENCY MEDICINE","TABLET ENTERICCOATED",1
"ERYTHROMYCIN BASE",HEMATOLOGY/ONCOLOGY,"TABLET ENTERICCOATED",1
"ERYTHROMYCIN BASE","PEDIATRIC GASTROENTEROLOGY","TABLET ENTERICCOATED",1
"ERYTHROMYCIN BASE","COLON & RECTAL SURGERY","CAPSULE ENTERICCOATED PARTICLES",1
"ERYTHROMYCIN BASE",PEDIATRICS,"CAPSULE ENTERICCOATED PARTICLES",1
"ERYTHROMYCIN BASE","DERMATOLOGIC SURGERY",TABLET,1
"ERYTHROMYCIN BASE","CLINICAL GENETICS","CAPSULE ENTERICCOATED PARTICLES",1
"ERYTHROMYCIN BASE",PODIATRIST,"CAPSULE ENTERICCOATED PARTICLES",1
"ERYTHROMYCIN BASE","INTERVENTIONAL CARDIOLOGY","TABLET ENTERICCOATED",1
"ERYTHROMYCIN BASE","VASCULAR & INTERVENTIONAL RADIOLOGY","TABLET ENTERICCOATED",1
"ERYTHROMYCIN BASE","PEDIATRIC HEMATOLOGY/ONCOLOGY",TABLET,1
"ERYTHROMYCIN BASE",NEUROLOGY,TABLET,1
"ERYTHROMYCIN BASE",UROLOGY,"CAPSULE ENTERICCOATED PARTICLES",1
"ERYTHROMYCIN BASE","SLEEP MEDICINE","CAPSULE ENTERICCOATED PARTICLES",1
"ERYTHROMYCIN BASE",RHEUMATOLOGY,"CAPSULE ENTERICCOATED PARTICLES",1
"ERYTHROMYCIN BASE","PEDIATRIC GASTROENTEROLOGY","CAPSULE ENTERICCOATED PARTICLES",1
"ERYTHROMYCIN BASE","INFECTIOUS DISEASE",TABLET,1
"ERYTHROMYCIN BASE","REPRODUCTIVE ENDOCRINOLOGY & INFERTILITY",TABLET,1
"ERYTHROMYCIN BASE","ORTHOPEDIC SURGERY","CAPSULE ENTERICCOATED PARTICLES",1
"ERYTHROMYCIN BASE","GERIATRIC MEDICINE (FAMILY MEDICINE)",TABLET,1
"ERYTHROMYCIN BASE","CARDIOVASCULAR DISEASE","CAPSULE ENTERICCOATED PARTICLES",1
"ERYTHROMYCIN BASE",HOSPITALIST,"TABLET ENTERICCOATED",1
"ERYTHROMYCIN BASE","HOSPICE & PALLIATIVE MEDICINE","CAPSULE ENTERICCOATED PARTICLES",1
"ERYTHROMYCIN BASE","INTERNAL MEDICINE/PEDIATRICS",TABLET,1
"ERYTHROMYCIN BASE","INTERNAL MEDICINE/PEDIATRICS","TABLET ENTERICCOATED",1
"ERYTHROMYCIN BASE","INTERNAL MEDICINE/PEDIATRICS","CAPSULE ENTERICCOATED PARTICLES",1
"ERYTHROMYCIN BASE","COLON & RECTAL SURGERY","TABLET ENTERICCOATED",1
"ERYTHROMYCIN BASE","SPORTS MEDICINE (FAMILY MEDICINE)","TABLET ENTERICCOATED",1
"ERYTHROMYCIN BASE","PHYSICAL MEDICINE & REHABILITATION","CAPSULE ENTERICCOATED PARTICLES",1
"ERYTHROMYCIN ETHYLSUCCINATE","PEDIATRIC GASTROENTEROLOGY","SUSPENSION RECONSTITUTED",135
"ERYTHROMYCIN ETHYLSUCCINATE",PEDIATRICS,"SUSPENSION RECONSTITUTED",98
"ERYTHROMYCIN ETHYLSUCCINATE","NURSE PRACTITIONER","SUSPENSION RECONSTITUTED",61
"ERYTHROMYCIN ETHYLSUCCINATE",GASTROENTEROLOGY,"SUSPENSION RECONSTITUTED",32
"ERYTHROMYCIN ETHYLSUCCINATE","FAMILY MEDICINE","SUSPENSION RECONSTITUTED",12
"ERYTHROMYCIN ETHYLSUCCINATE","INTERNAL MEDICINE","SUSPENSION RECONSTITUTED",11
"ERYTHROMYCIN ETHYLSUCCINATE","PHYSICIAN ASSISTANT","SUSPENSION RECONSTITUTED",8
"ERYTHROMYCIN ETHYLSUCCINATE",DERMATOLOGY,TABLET,8
"ERYTHROMYCIN ETHYLSUCCINATE",DENTIST,TABLET,6
"ERYTHROMYCIN ETHYLSUCCINATE","PEDIATRIC HEMATOLOGY/ONCOLOGY","SUSPENSION RECONSTITUTED",5
"ERYTHROMYCIN ETHYLSUCCINATE",,"SUSPENSION RECONSTITUTED",5
"ERYTHROMYCIN ETHYLSUCCINATE","PHYSICIAN ASSISTANT",TABLET,4
"ERYTHROMYCIN ETHYLSUCCINATE","NURSE PRACTITIONER",TABLET,4
"ERYTHROMYCIN ETHYLSUCCINATE","PEDIATRIC GASTROENTEROLOGY",TABLET,4
"ERYTHROMYCIN ETHYLSUCCINATE",DENTIST,"SUSPENSION RECONSTITUTED",4
"ERYTHROMYCIN ETHYLSUCCINATE","FAMILY MEDICINE",TABLET,3
"ERYTHROMYCIN ETHYLSUCCINATE",OPHTHALMOLOGY,"SUSPENSION RECONSTITUTED",3
"ERYTHROMYCIN ETHYLSUCCINATE","GENERAL SURGERY","SUSPENSION RECONSTITUTED",3
"ERYTHROMYCIN ETHYLSUCCINATE","INTERNAL MEDICINE/PEDIATRICS","SUSPENSION RECONSTITUTED",3
"ERYTHROMYCIN ETHYLSUCCINATE","PEDIATRIC DERMATOLOGY","SUSPENSION RECONSTITUTED",2
"ERYTHROMYCIN ETHYLSUCCINATE",DERMATOLOGY,"SUSPENSION RECONSTITUTED",2
"ERYTHROMYCIN ETHYLSUCCINATE","PEDIATRIC SURGERY","SUSPENSION RECONSTITUTED",2
"ERYTHROMYCIN ETHYLSUCCINATE","PEDIATRIC CRITICAL CARE MEDICINE","SUSPENSION RECONSTITUTED",2
"ERYTHROMYCIN ETHYLSUCCINATE","GENERAL PRACTICE","SUSPENSION RECONSTITUTED",2
"ERYTHROMYCIN ETHYLSUCCINATE","PEDIATRIC PULMONOLOGY","SUSPENSION RECONSTITUTED",2
"ERYTHROMYCIN ETHYLSUCCINATE",NEPHROLOGY,"SUSPENSION RECONSTITUTED",2
"ERYTHROMYCIN ETHYLSUCCINATE","ORTHOPEDIC SURGERY",TABLET,2
"ERYTHROMYCIN ETHYLSUCCINATE","ORTHOPEDIC SURGERY","SUSPENSION RECONSTITUTED",2
"ERYTHROMYCIN ETHYLSUCCINATE","PEDIATRIC ENDOCRINOLOGY","SUSPENSION RECONSTITUTED",1
"ERYTHROMYCIN ETHYLSUCCINATE","PULMONARY CRITICAL CARE MEDICINE","SUSPENSION RECONSTITUTED",1
"ERYTHROMYCIN ETHYLSUCCINATE","GERIATRIC MEDICINE (INTERNAL MEDICINE)","SUSPENSION RECONSTITUTED",1
"ERYTHROMYCIN ETHYLSUCCINATE","NEURODEVELOPMENTAL DISABILITIES (PEDIATRICS)","SUSPENSION RECONSTITUTED",1
"ERYTHROMYCIN ETHYLSUCCINATE","MEDICAL ONCOLOGY",TABLET,1
"ERYTHROMYCIN ETHYLSUCCINATE","PEDIATRIC CARDIOLOGY","SUSPENSION RECONSTITUTED",1
"ERYTHROMYCIN ETHYLSUCCINATE","PHYSICAL MEDICINE & REHABILITATION","SUSPENSION RECONSTITUTED",1
"ERYTHROMYCIN ETHYLSUCCINATE","EMERGENCY MEDICINE","SUSPENSION RECONSTITUTED",1
"ERYTHROMYCIN ETHYLSUCCINATE",,TABLET,1
"ERYTHROMYCIN ETHYLSUCCINATE",PEDIATRICS,TABLET,1
"ERYTHROMYCIN ETHYLSUCCINATE","NEONATAL-PERINATAL MEDICINE","SUSPENSION RECONSTITUTED",1
"ERYTHROMYCIN ETHYLSUCCINATE","INFECTIOUS DISEASE",TABLET,1
"ERYTHROMYCIN ETHYLSUCCINATE","CARDIOVASCULAR SURGERY","SUSPENSION RECONSTITUTED",1
"ERYTHROMYCIN ETHYLSUCCINATE",NUTRITION,"SUSPENSION RECONSTITUTED",1
"ERYTHROMYCIN ETHYLSUCCINATE","INTERNAL MEDICINE",TABLET,1
"ERYTHROMYCIN ETHYLSUCCINATE",GASTROENTEROLOGY,TABLET,1
"ERYTHROMYCIN ETHYLSUCCINATE","PULMONARY DISEASE","SUSPENSION RECONSTITUTED",1
"ERYTHROMYCIN ETHYLSUCCINATE",PODIATRIST,TABLET,1
"ERYTHROMYCIN STEARATE","FAMILY MEDICINE",TABLET,7
"ERYTHROMYCIN STEARATE","NURSE PRACTITIONER",TABLET,7
"ERYTHROMYCIN STEARATE","PHYSICIAN ASSISTANT",TABLET,6
"ERYTHROMYCIN STEARATE",GASTROENTEROLOGY,TABLET,4
"ERYTHROMYCIN STEARATE","INTERNAL MEDICINE",TABLET,4
"ERYTHROMYCIN STEARATE",DENTIST,TABLET,3
"ERYTHROMYCIN STEARATE","PEDIATRIC GASTROENTEROLOGY",TABLET,2
"ERYTHROMYCIN STEARATE",HOSPITALIST,TABLET,1
"ERYTHROMYCIN STEARATE","EMERGENCY MEDICINE",TABLET,1
"ERYTHROMYCIN STEARATE","NATUROPATHIC DOCTOR",TABLET,1
"ERYTHROMYCIN STEARATE","COLON & RECTAL SURGERY",TABLET,1
FIDAXOMICIN,GASTROENTEROLOGY,TABLET,30
FIDAXOMICIN,"INTERNAL MEDICINE",TABLET,13
FIDAXOMICIN,"INFECTIOUS DISEASE",TABLET,8
FIDAXOMICIN,"FAMILY MEDICINE",TABLET,7
FIDAXOMICIN,"PHYSICIAN ASSISTANT",TABLET,6
FIDAXOMICIN,"NURSE PRACTITIONER",TABLET,6
FIDAXOMICIN,HOSPITALIST,TABLET,4
FIDAXOMICIN,,TABLET,3
FIDAXOMICIN,"GENERAL SURGERY",TABLET,2
FIDAXOMICIN,NEPHROLOGY,TABLET,2
FIDAXOMICIN,"CARDIOVASCULAR DISEASE",TABLET,1
FIDAXOMICIN,"EMERGENCY MEDICINE",TABLET,1
FIDAXOMICIN,"INTERNAL MEDICINE/FAMILY MEDICINE",TABLET,1
FIDAXOMICIN,ANESTHESIOLOGY,TABLET,1
FIDAXOMICIN,"STUDENT, HEALTH CARE",TABLET,1
"GANCICLOVIR OPHTHALMIC",OPHTHALMOLOGY,"GEL (JELLY)",118
"GANCICLOVIR OPHTHALMIC",OPTOMETRIST,"GEL (JELLY)",78
"GANCICLOVIR OPHTHALMIC","PHYSICIAN ASSISTANT","GEL (JELLY)",6
"GANCICLOVIR OPHTHALMIC","INTERNAL MEDICINE","GEL (JELLY)",6
"GANCICLOVIR OPHTHALMIC","EMERGENCY MEDICINE","GEL (JELLY)",3
"GANCICLOVIR OPHTHALMIC",PEDIATRICS,"GEL (JELLY)",2
"GANCICLOVIR OPHTHALMIC","FAMILY MEDICINE","GEL (JELLY)",2
"GANCICLOVIR OPHTHALMIC","DIAGNOSTIC RADIOLOGY","GEL (JELLY)",1
"GANCICLOVIR OPHTHALMIC",RHEUMATOLOGY,"GEL (JELLY)",1
"GATIFLOXACIN (OPHTH)",OPHTHALMOLOGY,SOLUTION,634
"GATIFLOXACIN (OPHTH)",OPTOMETRIST,SOLUTION,177
"GATIFLOXACIN (OPHTH)",,SOLUTION,5
"GATIFLOXACIN (OPHTH)",PEDIATRICS,SOLUTION,3
"GATIFLOXACIN (OPHTH)","FAMILY MEDICINE",SOLUTION,3
"GATIFLOXACIN (OPHTH)",VETERINARIAN,SOLUTION,2
"GATIFLOXACIN (OPHTH)","INTERNAL MEDICINE",SOLUTION,2
"GATIFLOXACIN (OPHTH)",PSYCHIATRY,SOLUTION,1
"GATIFLOXACIN (OPHTH)","GENERAL PRACTICE",SOLUTION,1
"GATIFLOXACIN (OPHTH)",DENTIST,SOLUTION,1
"GATIFLOXACIN (OPHTH)",RHEUMATOLOGY,SOLUTION,1
"GATIFLOXACIN (OPHTH)","ANATOMIC/CLINICAL PATHOLOGY",SOLUTION,1
"GATIFLOXACIN (OPHTH)","EMERGENCY MEDICINE",SOLUTION,1
"GATIFLOXACIN (OPHTH)","DIAGNOSTIC RADIOLOGY",SOLUTION,1
"GATIFLOXACIN (OPHTH)",UROLOGY,SOLUTION,1
"GATIFLOXACIN (OPHTH)","NURSE PRACTITIONER",SOLUTION,1
"GATIFLOXACIN (OPHTH)","PEDIATRIC CARDIOLOGY",SOLUTION,1
"GATIFLOXACIN (OPHTH)","OBSTETRICS & GYNECOLOGY",SOLUTION,1
"GATIFLOXACIN (OPHTH)","PHYSICIAN ASSISTANT",SOLUTION,1
"GATIFLOXACIN (OPHTH)","SPORTS MEDICINE (FAMILY MEDICINE)",SOLUTION,1
"GENTAMICIN IN SALINE",UROLOGY,SOLUTION,1
"GENTAMICIN IN SALINE","INTERNAL MEDICINE",SOLUTION,1
"GENTAMICIN SULFATE",UROLOGY,SOLUTION,30
"GENTAMICIN SULFATE",OTOLARYNGOLOGY,SOLUTION,16
"GENTAMICIN SULFATE",NEPHROLOGY,SOLUTION,14
"GENTAMICIN SULFATE","NURSE PRACTITIONER",SOLUTION,13
"GENTAMICIN SULFATE","FAMILY MEDICINE",SOLUTION,10
"GENTAMICIN SULFATE","PHYSICIAN ASSISTANT",SOLUTION,7
"GENTAMICIN SULFATE","ALLERGY & IMMUNOLOGY",SOLUTION,6
"GENTAMICIN SULFATE","INTERNAL MEDICINE",SOLUTION,4
"GENTAMICIN SULFATE","GENERAL SURGERY",SOLUTION,3
"GENTAMICIN SULFATE",PEDIATRICS,SOLUTION,2
"GENTAMICIN SULFATE","PEDIATRIC UROLOGY",SOLUTION,2
"GENTAMICIN SULFATE","PULMONARY DISEASE",SOLUTION,2
"GENTAMICIN SULFATE","FEMALE PELVIC MEDICINE & RECONSTRUCTIVE SURGERY (UROLOGY)",SOLUTION,1
"GENTAMICIN SULFATE","EMERGENCY MEDICINE",SOLUTION,1
"GENTAMICIN SULFATE",PODIATRIST,SOLUTION,1
"GENTAMICIN SULFATE","INFECTIOUS DISEASE",SOLUTION,1
"GENTAMICIN SULFATE","PLASTIC SURGERY",SOLUTION,1
"GENTAMICIN SULFATE","PEDIATRIC GASTROENTEROLOGY",SOLUTION,1
"GENTAMICIN SULFATE",,SOLUTION,1
"GENTAMICIN SULFATE","PULMONARY CRITICAL CARE MEDICINE",SOLUTION,1
"GENTAMICIN SULFATE","INTERNAL MEDICINE/FAMILY MEDICINE",SOLUTION,1
"GENTAMICIN SULFATE","OBSTETRICS & GYNECOLOGY",SOLUTION,1
"GENTAMICIN SULFATE (OPHTH)","FAMILY MEDICINE",SOLUTION,732
"GENTAMICIN SULFATE (OPHTH)","NURSE PRACTITIONER",SOLUTION,610
"GENTAMICIN SULFATE (OPHTH)",PEDIATRICS,SOLUTION,487
"GENTAMICIN SULFATE (OPHTH)","PHYSICIAN ASSISTANT",SOLUTION,452
"GENTAMICIN SULFATE (OPHTH)","INTERNAL MEDICINE",SOLUTION,245
"GENTAMICIN SULFATE (OPHTH)",OPHTHALMOLOGY,SOLUTION,191
"GENTAMICIN SULFATE (OPHTH)","EMERGENCY MEDICINE",SOLUTION,162
"GENTAMICIN SULFATE (OPHTH)","GENERAL PRACTICE",SOLUTION,75
"GENTAMICIN SULFATE (OPHTH)",OTOLARYNGOLOGY,SOLUTION,44
"GENTAMICIN SULFATE (OPHTH)",OPTOMETRIST,SOLUTION,37
"GENTAMICIN SULFATE (OPHTH)",NEPHROLOGY,SOLUTION,27
"GENTAMICIN SULFATE (OPHTH)",DERMATOLOGY,SOLUTION,26
"GENTAMICIN SULFATE (OPHTH)",,SOLUTION,21
"GENTAMICIN SULFATE (OPHTH)","FAMILY MEDICINE",OINTMENT,20
"GENTAMICIN SULFATE (OPHTH)","NURSE PRACTITIONER",OINTMENT,20
"GENTAMICIN SULFATE (OPHTH)",VETERINARIAN,SOLUTION,18
"GENTAMICIN SULFATE (OPHTH)","GENERAL SURGERY",SOLUTION,16
"GENTAMICIN SULFATE (OPHTH)","OBSTETRICS & GYNECOLOGY",SOLUTION,14
"GENTAMICIN SULFATE (OPHTH)","INTERNAL MEDICINE/PEDIATRICS",SOLUTION,13
"GENTAMICIN SULFATE (OPHTH)",HOSPITALIST,SOLUTION,12
"GENTAMICIN SULFATE (OPHTH)","INTERNAL MEDICINE",OINTMENT,12
"GENTAMICIN SULFATE (OPHTH)",PEDIATRICS,OINTMENT,10
"GENTAMICIN SULFATE (OPHTH)","PHYSICIAN ASSISTANT",OINTMENT,9
"GENTAMICIN SULFATE (OPHTH)","PULMONARY DISEASE",SOLUTION,8
"GENTAMICIN SULFATE (OPHTH)","GERIATRIC MEDICINE (INTERNAL MEDICINE)",SOLUTION,7
"GENTAMICIN SULFATE (OPHTH)","SPORTS MEDICINE (FAMILY MEDICINE)",SOLUTION,7
"GENTAMICIN SULFATE (OPHTH)",OPHTHALMOLOGY,OINTMENT,7
"GENTAMICIN SULFATE (OPHTH)","CARDIOVASCULAR DISEASE",SOLUTION,7
"GENTAMICIN SULFATE (OPHTH)","PEDIATRIC EMERGENCY MEDICINE",SOLUTION,6
"GENTAMICIN SULFATE (OPHTH)","OCCUPATIONAL MEDICINE",SOLUTION,6
"GENTAMICIN SULFATE (OPHTH)",HEMATOLOGY/ONCOLOGY,SOLUTION,6
"GENTAMICIN SULFATE (OPHTH)",ANESTHESIOLOGY,SOLUTION,5
"GENTAMICIN SULFATE (OPHTH)",RHEUMATOLOGY,SOLUTION,4
"GENTAMICIN SULFATE (OPHTH)",OPTOMETRIST,OINTMENT,4
"GENTAMICIN SULFATE (OPHTH)","NEONATAL-PERINATAL MEDICINE",SOLUTION,4
"GENTAMICIN SULFATE (OPHTH)",PODIATRIST,SOLUTION,4
"GENTAMICIN SULFATE (OPHTH)","EMERGENCY MEDICINE",OINTMENT,4
"GENTAMICIN SULFATE (OPHTH)","ALLERGY & IMMUNOLOGY",SOLUTION,3
"GENTAMICIN SULFATE (OPHTH)","PEDIATRIC INFECTIOUS DISEASE",SOLUTION,3
"GENTAMICIN SULFATE (OPHTH)",DENTIST,SOLUTION,3
"GENTAMICIN SULFATE (OPHTH)","GERIATRIC MEDICINE (FAMILY MEDICINE)",SOLUTION,3
"GENTAMICIN SULFATE (OPHTH)","ADOLESCENT MEDICINE (PEDIATRICS)",SOLUTION,2
"GENTAMICIN SULFATE (OPHTH)","PEDIATRIC NEPHROLOGY",SOLUTION,2
"GENTAMICIN SULFATE (OPHTH)",UROLOGY,SOLUTION,2
"GENTAMICIN SULFATE (OPHTH)",GASTROENTEROLOGY,SOLUTION,2
"GENTAMICIN SULFATE (OPHTH)",OTOLARYNGOLOGY,OINTMENT,2
"GENTAMICIN SULFATE (OPHTH)","ORTHOPEDIC SURGERY",SOLUTION,2
"GENTAMICIN SULFATE (OPHTH)",NEUROLOGY,SOLUTION,2
"GENTAMICIN SULFATE (OPHTH)","DIAGNOSTIC RADIOLOGY",SOLUTION,2
"GENTAMICIN SULFATE (OPHTH)","GENERAL PREVENTIVE MEDICINE",SOLUTION,2
"GENTAMICIN SULFATE (OPHTH)",DERMATOLOGY,OINTMENT,2
"GENTAMICIN SULFATE (OPHTH)",,OINTMENT,2
"GENTAMICIN SULFATE (OPHTH)","PLASTIC SURGERY",SOLUTION,2
"GENTAMICIN SULFATE (OPHTH)",OTOLOGY,SOLUTION,1
"GENTAMICIN SULFATE (OPHTH)",DENTISTRY/ENDODONTICS,SOLUTION,1
"GENTAMICIN SULFATE (OPHTH)","RETINAL SPECIALIST",SOLUTION,1
"GENTAMICIN SULFATE (OPHTH)","NATUROPATHIC DOCTOR",SOLUTION,1
"GENTAMICIN SULFATE (OPHTH)","ALLERGY & IMMUNOLOGY",OINTMENT,1
"GENTAMICIN SULFATE (OPHTH)","NUCLEAR RADIOLOGY",SOLUTION,1
"GENTAMICIN SULFATE (OPHTH)","PEDIATRIC HEMATOLOGY/ONCOLOGY",SOLUTION,1
"GENTAMICIN SULFATE (OPHTH)",PSYCHIATRY,SOLUTION,1
"GENTAMICIN SULFATE (OPHTH)","THORACIC SURGERY",SOLUTION,1
"GENTAMICIN SULFATE (OPHTH)","STUDENT, HEALTH CARE",SOLUTION,1
"GENTAMICIN SULFATE (OPHTH)","ADULT CARDIOTHORACIC ANESTHESIOLOGY",SOLUTION,1
"GENTAMICIN SULFATE (OPHTH)","CLINICAL NURSE SPECIALIST",SOLUTION,1
"GENTAMICIN SULFATE (OPHTH)","PEDIATRIC OTOLARYNGOLOGY",SOLUTION,1
"GENTAMICIN SULFATE (OPHTH)","REPRODUCTIVE ENDOCRINOLOGY & INFERTILITY",SOLUTION,1
"GENTAMICIN SULFATE (OPHTH)","PEDIATRIC CARDIOLOGY",SOLUTION,1
"GENTAMICIN SULFATE (OPHTH)","HOSPICE & PALLIATIVE MEDICINE (FAMILY MEDICINE)",SOLUTION,1
"GENTAMICIN SULFATE (OPHTH)","COLON & RECTAL SURGERY",SOLUTION,1
"GENTAMICIN SULFATE (OPHTH)","HOSPICE & PALLIATIVE MEDICINE",SOLUTION,1
"GENTAMICIN SULFATE (OPHTH)","MEDICAL ONCOLOGY",SOLUTION,1
"GENTAMICIN SULFATE (OPHTH)","CRITICAL CARE MEDICINE (ANESTHESIOLOGY)",SOLUTION,1
"GENTAMICIN SULFATE (OPHTH)","CARDIOVASCULAR DISEASE",OINTMENT,1
"GENTAMICIN SULFATE (OPHTH)","SELECTIVE PATHOLOGY",SOLUTION,1
"GENTAMICIN SULFATE (OPHTH)","INFECTIOUS DISEASE",SOLUTION,1
"GENTAMICIN SULFATE (OPHTH)",NUTRITION,SOLUTION,1
"GENTAMICIN SULFATE (OPHTH)",RADIOLOGY,SOLUTION,1
"GENTAMICIN SULFATE (OPHTH)","INTERNAL MEDICINE/FAMILY MEDICINE",SOLUTION,1
"GENTAMICIN SULFATE (OPHTH)","RADIATION ONCOLOGY",SOLUTION,1
"GENTAMICIN SULFATE (OPHTH)","PEDIATRIC ENDOCRINOLOGY",SOLUTION,1
"GENTAMICIN SULFATE (OPHTH)",PHARMACIST,SOLUTION,1
"GENTAMICIN SULFATE (OPHTH)","GERIATRIC PSYCHIATRY",SOLUTION,1
"GENTAMICIN SULFATE (OPHTH)","EMERGENCY MEDICAL SERVICES",SOLUTION,1
"GENTAMICIN SULFATE (OPHTH)","HEMATOLOGY (INTERNAL MEDICINE)",SOLUTION,1
"GENTAMICIN SULFATE (OPHTH)","PHYSICAL MEDICINE & REHABILITATION",SOLUTION,1
"GENTAMICIN SULFATE (OPHTH)","PULMONARY CRITICAL CARE MEDICINE",SOLUTION,1
"GENTAMICIN SULFATE (OPHTH)","CRITICAL CARE MEDICINE (INTERNAL MEDICINE)",SOLUTION,1
"GENTAMICIN SULFATE (OPHTH)","MEDICAL GENETICS",SOLUTION,1
"GENTAMICIN SULFATE (OPHTH)","PAIN MEDICINE",SOLUTION,1
"HYDROCORTISONE W/ACETIC ACID","FAMILY MEDICINE",SOLUTION,106
"HYDROCORTISONE W/ACETIC ACID",OTOLARYNGOLOGY,SOLUTION,98
"HYDROCORTISONE W/ACETIC ACID","NURSE PRACTITIONER",SOLUTION,79
"HYDROCORTISONE W/ACETIC ACID","INTERNAL MEDICINE",SOLUTION,59
"HYDROCORTISONE W/ACETIC ACID","PHYSICIAN ASSISTANT",SOLUTION,42
"HYDROCORTISONE W/ACETIC ACID","GENERAL PRACTICE",SOLUTION,5
"HYDROCORTISONE W/ACETIC ACID","EMERGENCY MEDICINE",SOLUTION,5
"HYDROCORTISONE W/ACETIC ACID",,SOLUTION,5
"HYDROCORTISONE W/ACETIC ACID",PEDIATRICS,SOLUTION,4
"HYDROCORTISONE W/ACETIC ACID","ALLERGY & IMMUNOLOGY",SOLUTION,4
"HYDROCORTISONE W/ACETIC ACID","NEUROTOLOGY (OTOLARYNGOLOGY)",SOLUTION,4
"HYDROCORTISONE W/ACETIC ACID","INTERNAL MEDICINE/PEDIATRICS",SOLUTION,3
"HYDROCORTISONE W/ACETIC ACID",HOSPITALIST,SOLUTION,3
"HYDROCORTISONE W/ACETIC ACID","INFECTIOUS DISEASE",SOLUTION,2
"HYDROCORTISONE W/ACETIC ACID","NATUROPATHIC DOCTOR",SOLUTION,2
"HYDROCORTISONE W/ACETIC ACID","PEDIATRIC OTOLARYNGOLOGY",SOLUTION,2
"HYDROCORTISONE W/ACETIC ACID","GENERAL PREVENTIVE MEDICINE",SOLUTION,1
"HYDROCORTISONE W/ACETIC ACID",NEPHROLOGY,SOLUTION,1
"HYDROCORTISONE W/ACETIC ACID","HEAD & NECK SURGERY",SOLUTION,1
"HYDROCORTISONE W/ACETIC ACID","FACIAL PLASTIC SURGERY",SOLUTION,1
"HYDROCORTISONE W/ACETIC ACID","ENDOCRINOLOGY, DIABETES & METABOLISM",SOLUTION,1
"HYDROCORTISONE W/ACETIC ACID",GYNECOLOGY,SOLUTION,1
"HYDROCORTISONE W/ACETIC ACID","OBSTETRICS & GYNECOLOGY",SOLUTION,1
"HYDROCORTISONE W/ACETIC ACID","HOSPICE & PALLIATIVE MEDICINE",SOLUTION,1
"HYDROCORTISONE W/ACETIC ACID","RADIATION ONCOLOGY",SOLUTION,1
"HYDROCORTISONE W/ACETIC ACID","PULMONARY DISEASE",SOLUTION,1
"HYDROCORTISONE W/ACETIC ACID","NEONATAL-PERINATAL MEDICINE",SOLUTION,1
"HYDROCORTISONE W/ACETIC ACID","PLASTIC SURGERY",SOLUTION,1
"HYDROCORTISONE W/ACETIC ACID","DIAGNOSTIC RADIOLOGY",SOLUTION,1
"HYDROCORTISONE W/ACETIC ACID","GERIATRIC MEDICINE (INTERNAL MEDICINE)",SOLUTION,1
"HYDROCORTISONE W/ACETIC ACID",UROLOGY,SOLUTION,1
"HYDROCORTISONE W/ACETIC ACID","OCCUPATIONAL MEDICINE",SOLUTION,1
IMIPENEM-CILASTATIN,"FAMILY MEDICINE","SOLUTION RECONSTITUTED",2
IMIPENEM-CILASTATIN,"INFECTIOUS DISEASE","SOLUTION RECONSTITUTED",1
IMIPENEM-CILASTATIN,"OBSTETRICS & GYNECOLOGY","SOLUTION RECONSTITUTED",1
LEVOFLOXACIN,"FAMILY MEDICINE",TABLET,6175
LEVOFLOXACIN,"INTERNAL MEDICINE",TABLET,5647
LEVOFLOXACIN,"NURSE PRACTITIONER",TABLET,4055
LEVOFLOXACIN,"PHYSICIAN ASSISTANT",TABLET,2129
LEVOFLOXACIN,"EMERGENCY MEDICINE",TABLET,1302
LEVOFLOXACIN,UROLOGY,TABLET,1205
LEVOFLOXACIN,HOSPITALIST,TABLET,529
LEVOFLOXACIN,HEMATOLOGY/ONCOLOGY,TABLET,515
LEVOFLOXACIN,"GENERAL PRACTICE",TABLET,502
LEVOFLOXACIN,"PULMONARY DISEASE",TABLET,498
LEVOFLOXACIN,OTOLARYNGOLOGY,TABLET,463
LEVOFLOXACIN,"PULMONARY CRITICAL CARE MEDICINE",TABLET,313
LEVOFLOXACIN,"GENERAL SURGERY",TABLET,308
LEVOFLOXACIN,"INFECTIOUS DISEASE",TABLET,293
LEVOFLOXACIN,PODIATRIST,TABLET,239
LEVOFLOXACIN,GASTROENTEROLOGY,TABLET,236
LEVOFLOXACIN,NEPHROLOGY,TABLET,231
LEVOFLOXACIN,"OBSTETRICS & GYNECOLOGY",TABLET,217
LEVOFLOXACIN,,TABLET,191
LEVOFLOXACIN,"CARDIOVASCULAR DISEASE",TABLET,145
LEVOFLOXACIN,"INTERNAL MEDICINE/PEDIATRICS",TABLET,141
LEVOFLOXACIN,"GERIATRIC MEDICINE (INTERNAL MEDICINE)",TABLET,110
LEVOFLOXACIN,DENTIST,TABLET,105
LEVOFLOXACIN,PEDIATRICS,TABLET,100
LEVOFLOXACIN,"MEDICAL ONCOLOGY",TABLET,91
LEVOFLOXACIN,"ORTHOPEDIC SURGERY",TABLET,85
LEVOFLOXACIN,"PLASTIC SURGERY",TABLET,81
LEVOFLOXACIN,"ALLERGY & IMMUNOLOGY",TABLET,81
LEVOFLOXACIN,DERMATOLOGY,TABLET,66
LEVOFLOXACIN,"GERIATRIC MEDICINE (FAMILY MEDICINE)",TABLET,46
LEVOFLOXACIN,RHEUMATOLOGY,TABLET,45
LEVOFLOXACIN,"STUDENT, HEALTH CARE",TABLET,44
LEVOFLOXACIN,"ENDOCRINOLOGY, DIABETES & METABOLISM",TABLET,37
LEVOFLOXACIN,ANESTHESIOLOGY,TABLET,36
LEVOFLOXACIN,"RADIATION ONCOLOGY",TABLET,35
LEVOFLOXACIN,OPHTHALMOLOGY,TABLET,33
LEVOFLOXACIN,"COLON & RECTAL SURGERY",TABLET,31
LEVOFLOXACIN,"ORAL & MAXILLOFACIAL SURGERY",TABLET,29
LEVOFLOXACIN,"THORACIC SURGERY",TABLET,28
LEVOFLOXACIN,"PHYSICAL MEDICINE & REHABILITATION",TABLET,25
LEVOFLOXACIN,"VASCULAR SURGERY",TABLET,25
LEVOFLOXACIN,"SPORTS MEDICINE (FAMILY MEDICINE)",TABLET,24
LEVOFLOXACIN,"CRITICAL CARE MEDICINE (INTERNAL MEDICINE)",TABLET,23
LEVOFLOXACIN,NEUROLOGY,TABLET,22
LEVOFLOXACIN,"HEMATOLOGY (INTERNAL MEDICINE)",TABLET,22
LEVOFLOXACIN,GYNECOLOGY,TABLET,22
LEVOFLOXACIN,PSYCHIATRY,TABLET,20
LEVOFLOXACIN,"NEUROLOGICAL SURGERY",TABLET,18
LEVOFLOXACIN,"DIAGNOSTIC RADIOLOGY",TABLET,17
LEVOFLOXACIN,"INTERVENTIONAL CARDIOLOGY",TABLET,16
LEVOFLOXACIN,"FACIAL PLASTIC SURGERY",TABLET,15
LEVOFLOXACIN,"REPRODUCTIVE ENDOCRINOLOGY & INFERTILITY",TABLET,13
LEVOFLOXACIN,"INTERNAL MEDICINE",SOLUTION,13
LEVOFLOXACIN,"GENERAL PREVENTIVE MEDICINE",TABLET,12
LEVOFLOXACIN,"SLEEP MEDICINE",TABLET,11
LEVOFLOXACIN,"FAMILY MEDICINE",SOLUTION,11
LEVOFLOXACIN,"OCCUPATIONAL MEDICINE",TABLET,11
LEVOFLOXACIN,"SURGICAL ONCOLOGY",TABLET,11
LEVOFLOXACIN,PEDIATRICS,SOLUTION,10
LEVOFLOXACIN,"PEDIATRIC PULMONOLOGY",TABLET,9
LEVOFLOXACIN,"HAND SURGERY",TABLET,9
LEVOFLOXACIN,"CLINICAL CARDIAC ELECTROPHYSIOLOGY",TABLET,9
LEVOFLOXACIN,"INTERNAL MEDICINE/FAMILY MEDICINE",TABLET,9
LEVOFLOXACIN,"SPORTS MEDICINE (ORTHOPEDIC SURGERY)",TABLET,8
LEVOFLOXACIN,"NURSE PRACTITIONER",SOLUTION,8
LEVOFLOXACIN,"HOSPICE & PALLIATIVE MEDICINE",TABLET,8
LEVOFLOXACIN,"ADVANCED REGISTERED NURSE",TABLET,7
LEVOFLOXACIN,"PEDIATRIC PULMONOLOGY",SOLUTION,7
LEVOFLOXACIN,ALLERGY,TABLET,7
LEVOFLOXACIN,OPTOMETRIST,TABLET,6
LEVOFLOXACIN,"SURGICAL CRITICAL CARE (SURGERY)",TABLET,6
LEVOFLOXACIN,"PAIN MEDICINE",TABLET,6
LEVOFLOXACIN,"CLINICAL NURSE SPECIALIST",TABLET,6
LEVOFLOXACIN,"VASCULAR & INTERVENTIONAL RADIOLOGY",TABLET,6
LEVOFLOXACIN,"EMERGENCY MEDICINE",SOLUTION,5
LEVOFLOXACIN,"ADDICTION MEDICINE",TABLET,5
LEVOFLOXACIN,"EMERGENCY MEDICAL SERVICES",TABLET,5
LEVOFLOXACIN,"GYNECOLOGICAL ONCOLOGY",TABLET,5
LEVOFLOXACIN,"PHYSICIAN ASSISTANT",SOLUTION,4
LEVOFLOXACIN,UNSPECIFIED,TABLET,4
LEVOFLOXACIN,"PEDIATRIC CRITICAL CARE MEDICINE",TABLET,4
LEVOFLOXACIN,"PEDIATRIC HEMATOLOGY/ONCOLOGY",TABLET,4
LEVOFLOXACIN,"ANATOMIC/CLINICAL PATHOLOGY",TABLET,4
LEVOFLOXACIN,"HEAD & NECK SURGERY",TABLET,4
LEVOFLOXACIN,PHARMACIST,TABLET,4
LEVOFLOXACIN,"NATUROPATHIC DOCTOR",TABLET,3
LEVOFLOXACIN,"NUCLEAR MEDICINE",TABLET,3
LEVOFLOXACIN,HEPATOLOGY,TABLET,3
LEVOFLOXACIN,"DERMATOLOGIC SURGERY",TABLET,3
LEVOFLOXACIN,"FOOT & ANKLE, ORTHOPEDICS",TABLET,3
LEVOFLOXACIN,"PSYCHIATRY/FAMILY MEDICINE",TABLET,3
LEVOFLOXACIN,"FEMALE PELVIC MEDICINE & RECONSTRUCTIVE SURGERY",TABLET,3
LEVOFLOXACIN,OTOLARYNGOLOGY,SOLUTION,3
LEVOFLOXACIN,"PAIN MEDICINE (ANESTHESIOLOGY)",TABLET,3
LEVOFLOXACIN,"PEDIATRIC INFECTIOUS DISEASE",TABLET,3
LEVOFLOXACIN,"HOSPICE & PALLIATIVE MEDICINE (INTERNAL MEDICINE)",TABLET,3
LEVOFLOXACIN,"PUBLIC HEALTH & GENERAL PREVENTIVE MEDICINE",TABLET,3
LEVOFLOXACIN,VETERINARIAN,TABLET,3
LEVOFLOXACIN,"ADULT RECONSTRUCTIVE ORTHOPEDICS",TABLET,3
LEVOFLOXACIN,"TRANSPLANT SURGERY",TABLET,3
LEVOFLOXACIN,"UNDERSEAS MEDICINE (PREVENTIVE MEDICINE)",TABLET,3
LEVOFLOXACIN,"NURSE MIDWIFE",TABLET,2
LEVOFLOXACIN,"PEDIATRIC GASTROENTEROLOGY",TABLET,2
LEVOFLOXACIN,"NEUROTOLOGY (OTOLARYNGOLOGY)",TABLET,2
LEVOFLOXACIN,"MEDICAL TOXICOLOGY (EMERGENCY MEDICINE)",TABLET,2
LEVOFLOXACIN,"CHILD NEUROLOGY",TABLET,2
LEVOFLOXACIN,"PLASTIC SURGERY WITHIN THE HEAD & NECK (OTOLARYNGOLOGY)",TABLET,2
LEVOFLOXACIN,"PEDIATRIC EMERGENCY MEDICINE",TABLET,2
LEVOFLOXACIN,"INTERNAL MEDICINE/PEDIATRICS",SOLUTION,2
LEVOFLOXACIN,"FEMALE PELVIC MEDICINE & RECONSTRUCTIVE SURGERY (UROLOGY)",TABLET,2
LEVOFLOXACIN,"PEDIATRIC UROLOGY",TABLET,2
LEVOFLOXACIN,"MATERNAL & FETAL MEDICINE",TABLET,2
LEVOFLOXACIN,"CHILD & ADOLESCENT PSYCHIATRY",TABLET,2
LEVOFLOXACIN,"PEDIATRIC OTOLARYNGOLOGY",TABLET,2
LEVOFLOXACIN,"ORTHOPEDIC SURGERY OF THE SPINE",TABLET,2
LEVOFLOXACIN,"PEDIATRIC EMERGENCY MEDICINE (PEDIATRICS)",TABLET,2
LEVOFLOXACIN,"ADOLESCENT MEDICINE (PEDIATRICS)",TABLET,2
LEVOFLOXACIN,"PALLIATIVE MEDICINE",TABLET,2
LEVOFLOXACIN,"CRITICAL CARE MEDICINE (ANESTHESIOLOGY)",TABLET,1
LEVOFLOXACIN,"MASSAGE THERAPY",TABLET,1
LEVOFLOXACIN,NEURORADIOLOGY,TABLET,1
LEVOFLOXACIN,"MUSCULOSKELETAL ONCOLOGY",TABLET,1
LEVOFLOXACIN,"ALLERGY & IMMUNOLOGY",SOLUTION,1
LEVOFLOXACIN,"AEROSPACE MEDICINE",TABLET,1
LEVOFLOXACIN,"INFECTIOUS DISEASE",SOLUTION,1
LEVOFLOXACIN,"VASCULAR MEDICINE",TABLET,1
LEVOFLOXACIN,"REGISTERED NURSE",SOLUTION,1
LEVOFLOXACIN,"INTERNAL MEDICINE/PSYCHIATRY",TABLET,1
LEVOFLOXACIN,"PHYSICAL THERAPY",TABLET,1
LEVOFLOXACIN,"PAIN MEDICINE (NEUROLOGY)",TABLET,1
LEVOFLOXACIN,"ORAL & MAXILLOFACIAL SURGERY",SOLUTION,1
LEVOFLOXACIN,"INTERVENTIONAL RADIOLOGY-INTEGRATED",TABLET,1
LEVOFLOXACIN,IMMUNOLOGY,TABLET,1
LEVOFLOXACIN,"MEDICAL ONCOLOGY",SOLUTION,1
LEVOFLOXACIN,"OSTEOPATHIC MANIPULATIVE MEDICINE",TABLET,1
LEVOFLOXACIN,SPECIALIST/TECHNOLOGIST/TECHNICIAN-OTHER,TABLET,1
LEVOFLOXACIN,RADIOLOGY,TABLET,1
LEVOFLOXACIN,"PEDIATRIC CRITICAL CARE MEDICINE",SOLUTION,1
LEVOFLOXACIN,PODIATRIST,SOLUTION,1
LEVOFLOXACIN,"PLASTIC SURGERY WITHIN THE HEAD & NECK",TABLET,1
LEVOFLOXACIN,"TRAUMA SURGERY",TABLET,1
LEVOFLOXACIN,"THORACIC SURGERY",SOLUTION,1
LEVOFLOXACIN,"PULMONARY DISEASE",SOLUTION,1
LEVOFLOXACIN,"SPORTS MEDICINE (PHYSICAL MEDICINE & REHABILITATION)",TABLET,1
LEVOFLOXACIN,PHLEBOLOGY,TABLET,1
LEVOFLOXACIN,DENTIST,SOLUTION,1
LEVOFLOXACIN,"MEDICAL TOXICOLOGY (PREVENTIVE MEDICINE)",TABLET,1
LEVOFLOXACIN,"PEDIATRIC CARDIOLOGY",TABLET,1
LEVOFLOXACIN,"INTERNAL MEDICINE/PREVENTIVE MEDICINE",TABLET,1
LEVOFLOXACIN,"PAIN MEDICINE (PHYSICAL MEDICINE & REHABILITATION)",TABLET,1
LEVOFLOXACIN,"GENERAL SURGERY",SOLUTION,1
LEVOFLOXACIN,,SOLUTION,1
LEVOFLOXACIN,"MEDICAL MICROBIOLOGY",TABLET,1
LEVOFLOXACIN,"TRANSPLANT HEPATOLOGY (INTERNAL MEDICINE)",TABLET,1
LEVOFLOXACIN,"PEDIATRIC UROLOGY",SOLUTION,1
LEVOFLOXACIN,"GERIATRIC MEDICINE (FAMILY MEDICINE)",SOLUTION,1
LEVOFLOXACIN,"HOSPICE & PALLIATIVE MEDICINE (FAMILY MEDICINE)",TABLET,1
LEVOFLOXACIN,"NOT APPLICABLE",TABLET,1
LEVOFLOXACIN,OBSTETRICS,TABLET,1
LEVOFLOXACIN,"CARDIOTHORACIC SURGERY",TABLET,1
"LEVOFLOXACIN (OPHTH)",OPHTHALMOLOGY,SOLUTION,20
"LEVOFLOXACIN (OPHTH)","INTERNAL MEDICINE",SOLUTION,3
"LEVOFLOXACIN (OPHTH)",OPTOMETRIST,SOLUTION,2
"LEVOFLOXACIN (OPHTH)","FAMILY MEDICINE",SOLUTION,2
"LEVOFLOXACIN (OPHTH)","PHYSICIAN ASSISTANT",SOLUTION,2
"LEVOFLOXACIN (OPHTH)","EMERGENCY MEDICINE",SOLUTION,1
"LEVOFLOXACIN (OPHTH)",OTOLARYNGOLOGY,SOLUTION,1
"LEVOFLOXACIN (OPHTH)","NEUROLOGICAL SURGERY",SOLUTION,1
"LEVOFLOXACIN IN D5W","INTERNAL MEDICINE",SOLUTION,7
"LEVOFLOXACIN IN D5W","FAMILY MEDICINE",SOLUTION,5
"LEVOFLOXACIN IN D5W","PULMONARY DISEASE",SOLUTION,1
"LEVOFLOXACIN IN D5W","NURSE PRACTITIONER",SOLUTION,1
"LEVOFLOXACIN IN D5W",HEMATOLOGY/ONCOLOGY,SOLUTION,1
"LEVOFLOXACIN IN D5W","PHYSICIAN ASSISTANT",SOLUTION,1
"LEVOFLOXACIN IN D5W","AEROSPACE MEDICINE",SOLUTION,1
"LINCOMYCIN HCL","GENERAL PRACTICE",SOLUTION,1
"LINCOMYCIN HCL",GASTROENTEROLOGY,SOLUTION,1
LINEZOLID,"INTERNAL MEDICINE",TABLET,128
LINEZOLID,"INFECTIOUS DISEASE",TABLET,91
LINEZOLID,"NURSE PRACTITIONER",TABLET,52
LINEZOLID,"FAMILY MEDICINE",TABLET,49
LINEZOLID,"PHYSICIAN ASSISTANT",TABLET,29
LINEZOLID,HOSPITALIST,TABLET,25
LINEZOLID,PODIATRIST,TABLET,23
LINEZOLID,"GENERAL SURGERY",TABLET,17
LINEZOLID,"EMERGENCY MEDICINE",TABLET,12
LINEZOLID,,TABLET,9
LINEZOLID,"PLASTIC SURGERY",TABLET,9
LINEZOLID,UROLOGY,TABLET,7
LINEZOLID,"PULMONARY CRITICAL CARE MEDICINE",TABLET,6
LINEZOLID,"PULMONARY DISEASE",TABLET,6
LINEZOLID,"INTERNAL MEDICINE/PEDIATRICS",TABLET,5
LINEZOLID,PEDIATRICS,"SUSPENSION RECONSTITUTED",4
LINEZOLID,PEDIATRICS,TABLET,4
LINEZOLID,"INTERNAL MEDICINE",SOLUTION,4
LINEZOLID,NEPHROLOGY,TABLET,4
LINEZOLID,"PEDIATRIC PULMONOLOGY",TABLET,4
LINEZOLID,"OBSTETRICS & GYNECOLOGY",TABLET,3
LINEZOLID,"ORTHOPEDIC SURGERY",TABLET,3
LINEZOLID,"CARDIOVASCULAR DISEASE",TABLET,3
LINEZOLID,"COLON & RECTAL SURGERY",TABLET,3
LINEZOLID,HEMATOLOGY/ONCOLOGY,TABLET,2
LINEZOLID,"PHYSICIAN ASSISTANT",SOLUTION,2
LINEZOLID,"GERIATRIC MEDICINE (FAMILY MEDICINE)",TABLET,2
LINEZOLID,"GERIATRIC MEDICINE (INTERNAL MEDICINE)",TABLET,2
LINEZOLID,DENTIST,TABLET,2
LINEZOLID,OTOLARYNGOLOGY,TABLET,2
LINEZOLID,"GENERAL PRACTICE",TABLET,2
LINEZOLID,"STUDENT, HEALTH CARE",TABLET,2
LINEZOLID,PSYCHOLOGY,TABLET,1
LINEZOLID,"CRITICAL CARE MEDICINE (INTERNAL MEDICINE)",TABLET,1
LINEZOLID,"ALLERGY & IMMUNOLOGY",TABLET,1
LINEZOLID,"TRANSPLANT HEPATOLOGY (INTERNAL MEDICINE)",TABLET,1
LINEZOLID,"INFECTIOUS DISEASE","SUSPENSION RECONSTITUTED",1
LINEZOLID,RHEUMATOLOGY,TABLET,1
LINEZOLID,GASTROENTEROLOGY,TABLET,1
LINEZOLID,DERMATOLOGY,TABLET,1
LINEZOLID,PSYCHIATRY,TABLET,1
LINEZOLID,PHARMACIST,TABLET,1
LINEZOLID,"INFECTIOUS DISEASE",SOLUTION,1
LINEZOLID,"HEMATOLOGY (INTERNAL MEDICINE)",TABLET,1
LINEZOLID,UROLOGY,"SUSPENSION RECONSTITUTED",1
LINEZOLID,"PEDIATRIC INFECTIOUS DISEASE",TABLET,1
LINEZOLID,"THORACIC SURGERY",SOLUTION,1
LINEZOLID,"UNDERSEAS MEDICINE (PREVENTIVE MEDICINE)",TABLET,1
LINEZOLID,"INTERNAL MEDICINE","SUSPENSION RECONSTITUTED",1
LINEZOLID,"PHYSICAL MEDICINE & REHABILITATION",TABLET,1
LINEZOLID,"PEDIATRIC NEPHROLOGY",TABLET,1
LINEZOLID,"NURSE PRACTITIONER","SUSPENSION RECONSTITUTED",1
LINEZOLID,"ADVANCED HEART FAILURE & TRANSPLANT CARDIOLOGY",TABLET,1
LINEZOLID,HEPATOLOGY,TABLET,1
LINEZOLID,"PEDIATRIC CRITICAL CARE MEDICINE",TABLET,1
LINEZOLID,"ORTHOPEDIC SURGERY OF THE SPINE",TABLET,1
LINEZOLID,ANESTHESIOLOGY,TABLET,1
LINEZOLID,"CLINICAL CARDIAC ELECTROPHYSIOLOGY",TABLET,1
MEROPENEM,"INTERNAL MEDICINE","SOLUTION RECONSTITUTED",15
MEROPENEM,"FAMILY MEDICINE","SOLUTION RECONSTITUTED",11
MEROPENEM,"INFECTIOUS DISEASE","SOLUTION RECONSTITUTED",6
MEROPENEM,NEPHROLOGY,"SOLUTION RECONSTITUTED",4
MEROPENEM,"PHYSICIAN ASSISTANT","SOLUTION RECONSTITUTED",3
MEROPENEM,"NURSE PRACTITIONER","SOLUTION RECONSTITUTED",2
MEROPENEM,HOSPITALIST,"SOLUTION RECONSTITUTED",1
MEROPENEM,"CARDIOVASCULAR DISEASE","SOLUTION RECONSTITUTED",1
MEROPENEM,,"SOLUTION RECONSTITUTED",1
MEROPENEM,"GENERAL PRACTICE","SOLUTION RECONSTITUTED",1
MEROPENEM,"PEDIATRIC INFECTIOUS DISEASE","SOLUTION RECONSTITUTED",1
MEROPENEM,VETERINARIAN,"SOLUTION RECONSTITUTED",1
MEROPENEM,OTOLARYNGOLOGY,"SOLUTION RECONSTITUTED",1
MEROPENEM,"GERIATRIC MEDICINE (FAMILY MEDICINE)","SOLUTION RECONSTITUTED",1
MEROPENEM,"GERIATRIC MEDICINE (INTERNAL MEDICINE)","SOLUTION RECONSTITUTED",1
MEROPENEM,"PULMONARY CRITICAL CARE MEDICINE","SOLUTION RECONSTITUTED",1
"MEROPENEM & SODIUM CHLORIDE","PHYSICIAN ASSISTANT","SOLUTION RECONSTITUTED",1
"MEROPENEM & SODIUM CHLORIDE","PULMONARY DISEASE","SOLUTION RECONSTITUTED",1
"MEROPENEM & SODIUM CHLORIDE","FAMILY MEDICINE","SOLUTION RECONSTITUTED",1
"MEROPENEM & SODIUM CHLORIDE","INTERNAL MEDICINE","SOLUTION RECONSTITUTED",1
"METRONIDAZOLE IN NACL","FAMILY MEDICINE",SOLUTION,4
"METRONIDAZOLE IN NACL","INTERNAL MEDICINE",SOLUTION,2
"METRONIDAZOLE VAGINAL","OBSTETRICS & GYNECOLOGY","GEL (JELLY)",2587
"METRONIDAZOLE VAGINAL","NURSE PRACTITIONER","GEL (JELLY)",1933
"METRONIDAZOLE VAGINAL","FAMILY MEDICINE","GEL (JELLY)",670
"METRONIDAZOLE VAGINAL","PHYSICIAN ASSISTANT","GEL (JELLY)",615
"METRONIDAZOLE VAGINAL","INTERNAL MEDICINE","GEL (JELLY)",252
"METRONIDAZOLE VAGINAL",GYNECOLOGY,"GEL (JELLY)",157
"METRONIDAZOLE VAGINAL","NURSE MIDWIFE","GEL (JELLY)",104
"METRONIDAZOLE VAGINAL","EMERGENCY MEDICINE","GEL (JELLY)",81
"METRONIDAZOLE VAGINAL",,"GEL (JELLY)",46
"METRONIDAZOLE VAGINAL","GENERAL PRACTICE","GEL (JELLY)",36
"METRONIDAZOLE VAGINAL",PEDIATRICS,"GEL (JELLY)",25
"METRONIDAZOLE VAGINAL","INTERNAL MEDICINE/PEDIATRICS","GEL (JELLY)",22
"METRONIDAZOLE VAGINAL",UROLOGY,"GEL (JELLY)",11
"METRONIDAZOLE VAGINAL","REPRODUCTIVE ENDOCRINOLOGY & INFERTILITY","GEL (JELLY)",9
"METRONIDAZOLE VAGINAL",OBSTETRICS,"GEL (JELLY)",8
"METRONIDAZOLE VAGINAL","NATUROPATHIC DOCTOR","GEL (JELLY)",7
"METRONIDAZOLE VAGINAL",DERMATOLOGY,"GEL (JELLY)",7
"METRONIDAZOLE VAGINAL","INFECTIOUS DISEASE","GEL (JELLY)",6
"METRONIDAZOLE VAGINAL","ADVANCED REGISTERED NURSE","GEL (JELLY)",6
"METRONIDAZOLE VAGINAL","MEDICAL GENETICS","GEL (JELLY)",6
"METRONIDAZOLE VAGINAL","GYNECOLOGICAL ONCOLOGY","GEL (JELLY)",5
"METRONIDAZOLE VAGINAL",PSYCHIATRY,"GEL (JELLY)",4
"METRONIDAZOLE VAGINAL","FEMALE PELVIC MEDICINE & RECONSTRUCTIVE SURGERY","GEL (JELLY)",3
"METRONIDAZOLE VAGINAL","ADOLESCENT MEDICINE (PEDIATRICS)","GEL (JELLY)",3
"METRONIDAZOLE VAGINAL","GERIATRIC MEDICINE (INTERNAL MEDICINE)","GEL (JELLY)",3
"METRONIDAZOLE VAGINAL","ORTHOPEDIC SURGERY","GEL (JELLY)",3
"METRONIDAZOLE VAGINAL","GERIATRIC MEDICINE (FAMILY MEDICINE)","GEL (JELLY)",3
"METRONIDAZOLE VAGINAL",HOSPITALIST,"GEL (JELLY)",3
"METRONIDAZOLE VAGINAL",HEMATOLOGY/ONCOLOGY,"GEL (JELLY)",3
"METRONIDAZOLE VAGINAL","GENERAL SURGERY","GEL (JELLY)",2
"METRONIDAZOLE VAGINAL","ENDOCRINOLOGY, DIABETES & METABOLISM","GEL (JELLY)",2
"METRONIDAZOLE VAGINAL","SPORTS MEDICINE (FAMILY MEDICINE)","GEL (JELLY)",2
"METRONIDAZOLE VAGINAL","PLASTIC SURGERY","GEL (JELLY)",2
"METRONIDAZOLE VAGINAL","STUDENT, HEALTH CARE","GEL (JELLY)",2
"METRONIDAZOLE VAGINAL",NEPHROLOGY,"GEL (JELLY)",2
"METRONIDAZOLE VAGINAL",OPHTHALMOLOGY,"GEL (JELLY)",2
"METRONIDAZOLE VAGINAL","MEDICAL ONCOLOGY","GEL (JELLY)",2
"METRONIDAZOLE VAGINAL","VASCULAR & INTERVENTIONAL RADIOLOGY","GEL (JELLY)",1
"METRONIDAZOLE VAGINAL","PULMONARY DISEASE","GEL (JELLY)",1
"METRONIDAZOLE VAGINAL","FEMALE PELVIC MEDICINE & RECONSTRUCTIVE SURGERY (UROLOGY)","GEL (JELLY)",1
"METRONIDAZOLE VAGINAL","MATERNAL & FETAL MEDICINE","GEL (JELLY)",1
"METRONIDAZOLE VAGINAL","GENERAL PREVENTIVE MEDICINE","GEL (JELLY)",1
"METRONIDAZOLE VAGINAL",ALLERGY,"GEL (JELLY)",1
"METRONIDAZOLE VAGINAL","OSTEOPATHIC MANIPULATIVE MEDICINE","GEL (JELLY)",1
"METRONIDAZOLE VAGINAL",OTOLARYNGOLOGY,"GEL (JELLY)",1
"METRONIDAZOLE VAGINAL","OCCUPATIONAL MEDICINE","GEL (JELLY)",1
"METRONIDAZOLE VAGINAL","CARDIOVASCULAR DISEASE","GEL (JELLY)",1
"METRONIDAZOLE VAGINAL","INTERNAL MEDICINE/FAMILY MEDICINE","GEL (JELLY)",1
"METRONIDAZOLE VAGINAL","ADDICTION MEDICINE","GEL (JELLY)",1
"METRONIDAZOLE VAGINAL","PEDIATRIC NEPHROLOGY","GEL (JELLY)",1
"METRONIDAZOLE VAGINAL",GASTROENTEROLOGY,"GEL (JELLY)",1
"METRONIDAZOLE VAGINAL",RHEUMATOLOGY,"GEL (JELLY)",1
"METRONIDAZOLE VAGINAL","SPORTS MEDICINE (EMERGENCY MEDICINE)","GEL (JELLY)",1
"METRONIDAZOLE VAGINAL","PEDIATRIC SURGERY","GEL (JELLY)",1
"METRONIDAZOLE VAGINAL",DENTIST,"GEL (JELLY)",1
"METRONIDAZOLE VAGINAL","CLINICAL NURSE SPECIALIST","GEL (JELLY)",1
"METRONIDAZOLE VAGINAL","RADIATION ONCOLOGY","GEL (JELLY)",1
"METRONIDAZOLE VAGINAL","COLON & RECTAL SURGERY","GEL (JELLY)",1
"METRONIDAZOLE VAGINAL","CARDIOTHORACIC SURGERY","GEL (JELLY)",1
"METRONIDAZOLE VAGINAL","REGISTERED NURSE","GEL (JELLY)",1
"METRONIDAZOLE VAGINAL",VETERINARIAN,"GEL (JELLY)",1
"METRONIDAZOLE VAGINAL","UNDERSEAS MEDICINE (PREVENTIVE MEDICINE)","GEL (JELLY)",1
"METRONIDAZOLE VAGINAL","PAIN MEDICINE","GEL (JELLY)",1
"MICONAZOLE NITRATE VAGINAL","NURSE PRACTITIONER",CREAM,159
"MICONAZOLE NITRATE VAGINAL","OBSTETRICS & GYNECOLOGY",CREAM,108
"MICONAZOLE NITRATE VAGINAL","FAMILY MEDICINE",CREAM,91
"MICONAZOLE NITRATE VAGINAL","PHYSICIAN ASSISTANT",CREAM,61
"MICONAZOLE NITRATE VAGINAL","INTERNAL MEDICINE",CREAM,32
"MICONAZOLE NITRATE VAGINAL","NURSE PRACTITIONER",SUPPOSITORY,26
"MICONAZOLE NITRATE VAGINAL","NURSE PRACTITIONER",KIT,24
"MICONAZOLE NITRATE VAGINAL","FAMILY MEDICINE",SUPPOSITORY,20
"MICONAZOLE NITRATE VAGINAL","EMERGENCY MEDICINE",CREAM,18
"MICONAZOLE NITRATE VAGINAL",PEDIATRICS,CREAM,16
"MICONAZOLE NITRATE VAGINAL","OBSTETRICS & GYNECOLOGY",SUPPOSITORY,15
"MICONAZOLE NITRATE VAGINAL","FAMILY MEDICINE",KIT,12
"MICONAZOLE NITRATE VAGINAL","PHYSICIAN ASSISTANT",KIT,12
"MICONAZOLE NITRATE VAGINAL","GENERAL PRACTICE",CREAM,11
"MICONAZOLE NITRATE VAGINAL","OBSTETRICS & GYNECOLOGY",KIT,10
"MICONAZOLE NITRATE VAGINAL","NURSE MIDWIFE",CREAM,9
"MICONAZOLE NITRATE VAGINAL",,CREAM,7
"MICONAZOLE NITRATE VAGINAL",PEDIATRICS,SUPPOSITORY,5
"MICONAZOLE NITRATE VAGINAL","PHYSICIAN ASSISTANT",SUPPOSITORY,5
"MICONAZOLE NITRATE VAGINAL",PEDIATRICS,KIT,4
"MICONAZOLE NITRATE VAGINAL","INTERNAL MEDICINE",KIT,4
"MICONAZOLE NITRATE VAGINAL","INTERNAL MEDICINE",SUPPOSITORY,3
"MICONAZOLE NITRATE VAGINAL",GYNECOLOGY,CREAM,3
"MICONAZOLE NITRATE VAGINAL","NURSE MIDWIFE",SUPPOSITORY,2
"MICONAZOLE NITRATE VAGINAL","ENDOCRINOLOGY, DIABETES & METABOLISM",KIT,2
"MICONAZOLE NITRATE VAGINAL","GERIATRIC MEDICINE (INTERNAL MEDICINE)",CREAM,2
"MICONAZOLE NITRATE VAGINAL","INFECTIOUS DISEASE",CREAM,2
"MICONAZOLE NITRATE VAGINAL","STUDENT, HEALTH CARE",SUPPOSITORY,2
"MICONAZOLE NITRATE VAGINAL","SPORTS MEDICINE (FAMILY MEDICINE)",CREAM,2
"MICONAZOLE NITRATE VAGINAL","GENERAL SURGERY",CREAM,2
"MICONAZOLE NITRATE VAGINAL","INTERNAL MEDICINE/PEDIATRICS",CREAM,2
"MICONAZOLE NITRATE VAGINAL",,SUPPOSITORY,1
"MICONAZOLE NITRATE VAGINAL","PHYSICAL MEDICINE & REHABILITATION",KIT,1
"MICONAZOLE NITRATE VAGINAL",NEPHROLOGY,KIT,1
"MICONAZOLE NITRATE VAGINAL","ORTHOPEDIC SURGERY",SUPPOSITORY,1
"MICONAZOLE NITRATE VAGINAL","CARDIOVASCULAR DISEASE",CREAM,1
"MICONAZOLE NITRATE VAGINAL","INTERNAL MEDICINE/PEDIATRICS",SUPPOSITORY,1
"MICONAZOLE NITRATE VAGINAL",DERMATOLOGY,CREAM,1
"MICONAZOLE NITRATE VAGINAL","GENERAL SURGERY",SUPPOSITORY,1
"MICONAZOLE NITRATE VAGINAL","CARDIOVASCULAR DISEASE",SUPPOSITORY,1
"MICONAZOLE NITRATE VAGINAL","NURSE MIDWIFE",KIT,1
"MICONAZOLE NITRATE VAGINAL",NEPHROLOGY,CREAM,1
"MICONAZOLE NITRATE VAGINAL","GENERAL PRACTICE",SUPPOSITORY,1
"MICONAZOLE NITRATE VAGINAL","MATERNAL & FETAL MEDICINE",CREAM,1
"MICONAZOLE NITRATE VAGINAL","PHYSICAL MEDICINE & REHABILITATION",CREAM,1
"MICONAZOLE NITRATE VAGINAL","GYNECOLOGICAL ONCOLOGY",CREAM,1
"MICONAZOLE NITRATE VAGINAL","REGISTERED NURSE",KIT,1
"MICONAZOLE NITRATE VAGINAL",PSYCHIATRY,CREAM,1
"MICONAZOLE NITRATE VAGINAL",GASTROENTEROLOGY,CREAM,1
"MICONAZOLE NITRATE VAGINAL",PHARMACIST,KIT,1
"MICONAZOLE NITRATE VAGINAL",DENTIST,CREAM,1
"MICONAZOLE NITRATE VAGINAL","OCCUPATIONAL MEDICINE",SUPPOSITORY,1
"MICONAZOLE NITRATE VAGINAL","EMERGENCY MEDICINE",KIT,1
"MICONAZOLE NITRATE VAGINAL",VETERINARIAN,CREAM,1
"MICONAZOLE NITRATE VAGINAL",HOSPITALIST,CREAM,1
"MICONAZOLE NITRATE VAGINAL",UROLOGY,CREAM,1
"MICONAZOLE NITRATE VAGINAL","GERIATRIC MEDICINE (FAMILY MEDICINE)",CREAM,1
"MICONAZOLE NITRATE VAGINAL","INFECTIOUS DISEASE",KIT,1
"MICONAZOLE NITRATE VAGINAL",,KIT,1
"MICONAZOLE NITRATE VAGINAL",PHARMACIST,CREAM,1
"MICONAZOLE NITRATE VAGINAL","EMERGENCY MEDICINE",SUPPOSITORY,1
"MICONAZOLE NITRATE VAGINAL & WIPES",,KIT,2
"MICONAZOLE NITRATE VAGINAL & WIPES","NURSE PRACTITIONER",KIT,1
MILTEFOSINE,"GENERAL PRACTICE",CAPSULE,1
"MINOCYCLINE HCL",DERMATOLOGY,CAPSULE,3788
"MINOCYCLINE HCL","PHYSICIAN ASSISTANT",CAPSULE,1914
"MINOCYCLINE HCL","FAMILY MEDICINE",CAPSULE,1615
"MINOCYCLINE HCL","NURSE PRACTITIONER",CAPSULE,1490
"MINOCYCLINE HCL",PEDIATRICS,CAPSULE,625
"MINOCYCLINE HCL","INTERNAL MEDICINE",CAPSULE,530
"MINOCYCLINE HCL",DERMATOLOGY,"TABLET SR 24 HR",465
"MINOCYCLINE HCL",DERMATOLOGY,TABLET,317
"MINOCYCLINE HCL","PHYSICIAN ASSISTANT",TABLET,187
"MINOCYCLINE HCL","PHYSICIAN ASSISTANT","TABLET SR 24 HR",174
"MINOCYCLINE HCL","FAMILY MEDICINE",TABLET,171
"MINOCYCLINE HCL",OPHTHALMOLOGY,CAPSULE,148
"MINOCYCLINE HCL","NURSE PRACTITIONER",TABLET,126
"MINOCYCLINE HCL",DERMATOLOGY,"CAPSULE SR 24 HR",122
"MINOCYCLINE HCL","INFECTIOUS DISEASE",CAPSULE,101
"MINOCYCLINE HCL",RHEUMATOLOGY,CAPSULE,76
"MINOCYCLINE HCL","NURSE PRACTITIONER","TABLET SR 24 HR",75
"MINOCYCLINE HCL","INTERNAL MEDICINE",TABLET,69
"MINOCYCLINE HCL",PEDIATRICS,TABLET,68
"MINOCYCLINE HCL",,CAPSULE,66
"MINOCYCLINE HCL","PHYSICIAN ASSISTANT","CAPSULE SR 24 HR",66
"MINOCYCLINE HCL","GENERAL PRACTICE",CAPSULE,60
"MINOCYCLINE HCL","OBSTETRICS & GYNECOLOGY",CAPSULE,56
"MINOCYCLINE HCL",PODIATRIST,CAPSULE,47
"MINOCYCLINE HCL","PLASTIC SURGERY",CAPSULE,46
"MINOCYCLINE HCL","EMERGENCY MEDICINE",CAPSULE,38
"MINOCYCLINE HCL","INTERNAL MEDICINE/PEDIATRICS",CAPSULE,35
"MINOCYCLINE HCL","GENERAL SURGERY",CAPSULE,33
"MINOCYCLINE HCL",HEMATOLOGY/ONCOLOGY,CAPSULE,32
"MINOCYCLINE HCL",OPTOMETRIST,CAPSULE,31
"MINOCYCLINE HCL","ORTHOPEDIC SURGERY",CAPSULE,27
"MINOCYCLINE HCL",DENTIST,CAPSULE,26
"MINOCYCLINE HCL",DERMATOPATHOLOGY,CAPSULE,25
"MINOCYCLINE HCL","CARDIOVASCULAR DISEASE",CAPSULE,24
"MINOCYCLINE HCL","PEDIATRIC DERMATOLOGY",CAPSULE,23
"MINOCYCLINE HCL",OPHTHALMOLOGY,TABLET,23
"MINOCYCLINE HCL",PSYCHIATRY,CAPSULE,22
"MINOCYCLINE HCL","NURSE PRACTITIONER","CAPSULE SR 24 HR",22
"MINOCYCLINE HCL",OTOLARYNGOLOGY,CAPSULE,22
"MINOCYCLINE HCL",UROLOGY,CAPSULE,21
"MINOCYCLINE HCL","PROCEDURAL DERMATOLOGY",CAPSULE,20
"MINOCYCLINE HCL","PULMONARY DISEASE",CAPSULE,18
"MINOCYCLINE HCL",PEDIATRICS,"TABLET SR 24 HR",15
"MINOCYCLINE HCL","NATUROPATHIC DOCTOR",CAPSULE,14
"MINOCYCLINE HCL",HOSPITALIST,CAPSULE,13
"MINOCYCLINE HCL","DERMATOLOGIC SURGERY",CAPSULE,12
"MINOCYCLINE HCL","CLINICAL CARDIAC ELECTROPHYSIOLOGY",CAPSULE,11
"MINOCYCLINE HCL",VETERINARIAN,CAPSULE,11
"MINOCYCLINE HCL",RHEUMATOLOGY,TABLET,11
"MINOCYCLINE HCL","FAMILY MEDICINE","TABLET SR 24 HR",11
"MINOCYCLINE HCL",GYNECOLOGY,CAPSULE,11
"MINOCYCLINE HCL","INFECTIOUS DISEASE",TABLET,10
"MINOCYCLINE HCL","GERIATRIC MEDICINE (FAMILY MEDICINE)",CAPSULE,10
"MINOCYCLINE HCL","ALLERGY & IMMUNOLOGY",CAPSULE,10
"MINOCYCLINE HCL","MEDICAL ONCOLOGY",CAPSULE,9
"MINOCYCLINE HCL",,TABLET,9
"MINOCYCLINE HCL","INTERNAL MEDICINE/PEDIATRICS",TABLET,8
"MINOCYCLINE HCL",NEUROLOGY,CAPSULE,8
"MINOCYCLINE HCL",NEPHROLOGY,CAPSULE,8
"MINOCYCLINE HCL",GASTROENTEROLOGY,CAPSULE,7
"MINOCYCLINE HCL","ENDOCRINOLOGY, DIABETES & METABOLISM",CAPSULE,7
"MINOCYCLINE HCL","CHILD & ADOLESCENT PSYCHIATRY",CAPSULE,7
"MINOCYCLINE HCL",HEMATOLOGY/ONCOLOGY,TABLET,7
"MINOCYCLINE HCL","PULMONARY CRITICAL CARE MEDICINE",CAPSULE,7
"MINOCYCLINE HCL","PLASTIC SURGERY",TABLET,7
"MINOCYCLINE HCL","NEUROLOGICAL SURGERY",CAPSULE,6
"MINOCYCLINE HCL","GENERAL PRACTICE",TABLET,6
"MINOCYCLINE HCL","SPORTS MEDICINE (FAMILY MEDICINE)",CAPSULE,6
"MINOCYCLINE HCL","PEDIATRIC PULMONOLOGY",CAPSULE,6
"MINOCYCLINE HCL","GERIATRIC MEDICINE (INTERNAL MEDICINE)",CAPSULE,6
"MINOCYCLINE HCL","PHYSICAL MEDICINE & REHABILITATION",CAPSULE,6
"MINOCYCLINE HCL","PEDIATRIC DERMATOLOGY",TABLET,5
"MINOCYCLINE HCL","ORAL & MAXILLOFACIAL SURGERY",CAPSULE,5
"MINOCYCLINE HCL","INTERNAL MEDICINE","TABLET SR 24 HR",5
"MINOCYCLINE HCL","EMERGENCY MEDICINE",TABLET,4
"MINOCYCLINE HCL","NEONATAL-PERINATAL MEDICINE",CAPSULE,4
"MINOCYCLINE HCL","OCCUPATIONAL MEDICINE",CAPSULE,4
"MINOCYCLINE HCL","PEDIATRIC DERMATOLOGY","TABLET SR 24 HR",4
"MINOCYCLINE HCL","STUDENT, HEALTH CARE",CAPSULE,4
"MINOCYCLINE HCL","ORTHOPEDIC SURGERY",TABLET,4
"MINOCYCLINE HCL","PEDIATRIC HEMATOLOGY/ONCOLOGY",CAPSULE,3
"MINOCYCLINE HCL","NURSE MIDWIFE",CAPSULE,3
"MINOCYCLINE HCL","PEDIATRIC ALLERGY",CAPSULE,3
"MINOCYCLINE HCL","NATUROPATHIC DOCTOR",TABLET,3
"MINOCYCLINE HCL","HAND SURGERY",CAPSULE,3
"MINOCYCLINE HCL",OPTOMETRIST,TABLET,3
"MINOCYCLINE HCL",DENTIST,TABLET,3
"MINOCYCLINE HCL","DIAGNOSTIC RADIOLOGY",CAPSULE,3
"MINOCYCLINE HCL","OBSTETRICS & GYNECOLOGY",TABLET,3
"MINOCYCLINE HCL",PSYCHIATRY,TABLET,3
"MINOCYCLINE HCL","CHILD & ADOLESCENT PSYCHIATRY",TABLET,3
"MINOCYCLINE HCL","GENERAL PREVENTIVE MEDICINE",CAPSULE,3
"MINOCYCLINE HCL",GYNECOLOGY,TABLET,3
"MINOCYCLINE HCL","PROCEDURAL DERMATOLOGY",TABLET,2
"MINOCYCLINE HCL","VASCULAR SURGERY",CAPSULE,2
"MINOCYCLINE HCL","PEDIATRIC ENDOCRINOLOGY",CAPSULE,2
"MINOCYCLINE HCL","HEMATOLOGY (INTERNAL MEDICINE)",CAPSULE,2
"MINOCYCLINE HCL","COLON & RECTAL SURGERY",CAPSULE,2
"MINOCYCLINE HCL","PAIN MEDICINE",CAPSULE,2
"MINOCYCLINE HCL",OTOLARYNGOLOGY,TABLET,2
"MINOCYCLINE HCL","PEDIATRIC OTOLARYNGOLOGY",CAPSULE,2
"MINOCYCLINE HCL",,"TABLET SR 24 HR",2
"MINOCYCLINE HCL","GENERAL SURGERY",TABLET,2
"MINOCYCLINE HCL","ENDOCRINOLOGY, DIABETES & METABOLISM",TABLET,2
"MINOCYCLINE HCL",ANESTHESIOLOGY,CAPSULE,2
"MINOCYCLINE HCL","ALLERGY & IMMUNOLOGY","TABLET SR 24 HR",2
"MINOCYCLINE HCL","CHILD NEUROLOGY",CAPSULE,2
"MINOCYCLINE HCL","PAIN MEDICINE (ANESTHESIOLOGY)",CAPSULE,2
"MINOCYCLINE HCL","ADOLESCENT MEDICINE (PEDIATRICS)",CAPSULE,2
"MINOCYCLINE HCL","NEUROLOGICAL SURGERY",TABLET,2
"MINOCYCLINE HCL","THORACIC SURGERY",CAPSULE,2
"MINOCYCLINE HCL","MEDICAL ONCOLOGY",TABLET,2
"MINOCYCLINE HCL",PODIATRIST,TABLET,2
"MINOCYCLINE HCL","DERMATOLOGIC SURGERY",TABLET,2
"MINOCYCLINE HCL","PEDIATRIC HEMATOLOGY/ONCOLOGY",TABLET,2
"MINOCYCLINE HCL","GENERAL SURGERY","CAPSULE SR 24 HR",2
"MINOCYCLINE HCL","PEDIATRIC INFECTIOUS DISEASE",CAPSULE,2
"MINOCYCLINE HCL","OBSTETRICS & GYNECOLOGY","TABLET SR 24 HR",2
"MINOCYCLINE HCL",DENTISTRY/PERIODONTICS,CAPSULE,1
"MINOCYCLINE HCL","SPORTS MEDICINE (FAMILY MEDICINE)",TABLET,1
"MINOCYCLINE HCL","CRITICAL CARE MEDICINE (INTERNAL MEDICINE)",CAPSULE,1
"MINOCYCLINE HCL","REPRODUCTIVE ENDOCRINOLOGY & INFERTILITY",TABLET,1
"MINOCYCLINE HCL","EMERGENCY MEDICINE","TABLET SR 24 HR",1
"MINOCYCLINE HCL","INTERNAL MEDICINE/FAMILY MEDICINE",CAPSULE,1
"MINOCYCLINE HCL",PHARMACIST,TABLET,1
"MINOCYCLINE HCL","PEDIATRIC OPHTHALMOLOGY",CAPSULE,1
"MINOCYCLINE HCL","SLEEP MEDICINE",CAPSULE,1
"MINOCYCLINE HCL","PROCEDURAL DERMATOLOGY","TABLET SR 24 HR",1
"MINOCYCLINE HCL","SPORTS MEDICINE (ORTHOPEDIC SURGERY)",TABLET,1
"MINOCYCLINE HCL","RADIATION ONCOLOGY",TABLET,1
"MINOCYCLINE HCL","INTERNAL MEDICINE/EMERGENCY MEDICINE",CAPSULE,1
"MINOCYCLINE HCL","INTERVENTIONAL CARDIOLOGY",TABLET,1
"MINOCYCLINE HCL","PULMONARY CRITICAL CARE MEDICINE",TABLET,1
"MINOCYCLINE HCL","PEDIATRIC ENDOCRINOLOGY",TABLET,1
"MINOCYCLINE HCL",NEPHROLOGY,"TABLET SR 24 HR",1
"MINOCYCLINE HCL","HAND SURGERY (ORTHOPEDICS)",CAPSULE,1
"MINOCYCLINE HCL","PEDIATRIC CARDIOLOGY",TABLET,1
"MINOCYCLINE HCL","HAND SURGERY",TABLET,1
"MINOCYCLINE HCL",,"CAPSULE SR 24 HR",1
"MINOCYCLINE HCL","GENERAL SURGERY","TABLET SR 24 HR",1
"MINOCYCLINE HCL",DERMATOPATHOLOGY,"TABLET SR 24 HR",1
"MINOCYCLINE HCL",PHLEBOLOGY,CAPSULE,1
"MINOCYCLINE HCL",UROLOGY,TABLET,1
"MINOCYCLINE HCL","ENDOCRINOLOGY, DIABETES & METABOLISM","TABLET SR 24 HR",1
"MINOCYCLINE HCL","PULMONARY DISEASE","TABLET SR 24 HR",1
"MINOCYCLINE HCL","CERTIFIED NURSE ANESTHETIST",CAPSULE,1
"MINOCYCLINE HCL","OCCUPATIONAL MEDICINE","TABLET SR 24 HR",1
"MINOCYCLINE HCL","GERIATRIC MEDICINE (FAMILY MEDICINE)",TABLET,1
"MINOCYCLINE HCL","STUDENT, HEALTH CARE",TABLET,1
"MINOCYCLINE HCL",OPHTHALMOLOGY,"TABLET SR 24 HR",1
"MINOCYCLINE HCL","SPORTS MEDICINE (ORTHOPEDIC SURGERY)",CAPSULE,1
"MINOCYCLINE HCL",GASTROENTEROLOGY,TABLET,1
"MINOCYCLINE HCL",DIABETES,CAPSULE,1
"MINOCYCLINE HCL","HOSPICE & PALLIATIVE MEDICINE (OBSTETRICS & GYNECOLOGY)",CAPSULE,1
"MINOCYCLINE HCL","GYNECOLOGICAL ONCOLOGY",CAPSULE,1
"MINOCYCLINE HCL","FACIAL PLASTIC SURGERY",CAPSULE,1
"MINOCYCLINE HCL","DEVELOPMENTAL/BEHAVIORAL PEDIATRICS",CAPSULE,1
"MINOCYCLINE HCL","NOT APPLICABLE",CAPSULE,1
"MINOCYCLINE HCL","MEDICAL MICROBIOLOGY",CAPSULE,1
"MINOCYCLINE HCL","RADIATION ONCOLOGY",CAPSULE,1
"MINOCYCLINE HCL","PULMONARY DISEASE",TABLET,1
"MINOCYCLINE HCL","DEVELOPMENTAL/BEHAVIORAL PEDIATRICS",TABLET,1
"MINOCYCLINE HCL","TRAUMA SURGERY",CAPSULE,1
"MINOCYCLINE HCL","REPRODUCTIVE ENDOCRINOLOGY & INFERTILITY",CAPSULE,1
"MINOCYCLINE HCL","NEONATAL-PERINATAL MEDICINE",TABLET,1
"MINOCYCLINE HCL","ORTHOPEDIC TRAUMA",CAPSULE,1
"MOXIFLOXACIN HCL","FAMILY MEDICINE",TABLET,172
"MOXIFLOXACIN HCL","INTERNAL MEDICINE",TABLET,165
"MOXIFLOXACIN HCL","NURSE PRACTITIONER",TABLET,85
"MOXIFLOXACIN HCL","PHYSICIAN ASSISTANT",TABLET,51
"MOXIFLOXACIN HCL","INFECTIOUS DISEASE",TABLET,44
"MOXIFLOXACIN HCL",OTOLARYNGOLOGY,TABLET,30
"MOXIFLOXACIN HCL","GENERAL PRACTICE",TABLET,26
"MOXIFLOXACIN HCL","PULMONARY DISEASE",TABLET,24
"MOXIFLOXACIN HCL","EMERGENCY MEDICINE",TABLET,24
"MOXIFLOXACIN HCL",OPHTHALMOLOGY,TABLET,15
"MOXIFLOXACIN HCL","ORAL & MAXILLOFACIAL SURGERY",TABLET,15
"MOXIFLOXACIN HCL","ALLERGY & IMMUNOLOGY",TABLET,12
"MOXIFLOXACIN HCL","PULMONARY CRITICAL CARE MEDICINE",TABLET,11
"MOXIFLOXACIN HCL",DENTIST,TABLET,10
"MOXIFLOXACIN HCL","OBSTETRICS & GYNECOLOGY",TABLET,10
"MOXIFLOXACIN HCL",GASTROENTEROLOGY,TABLET,10
"MOXIFLOXACIN HCL",HEMATOLOGY/ONCOLOGY,TABLET,7
"MOXIFLOXACIN HCL",,TABLET,7
"MOXIFLOXACIN HCL",PEDIATRICS,TABLET,7
"MOXIFLOXACIN HCL","CARDIOVASCULAR DISEASE",TABLET,6
"MOXIFLOXACIN HCL","GENERAL SURGERY",TABLET,5
"MOXIFLOXACIN HCL",HOSPITALIST,TABLET,4
"MOXIFLOXACIN HCL",PODIATRIST,TABLET,4
"MOXIFLOXACIN HCL","INTERNAL MEDICINE/PEDIATRICS",TABLET,4
"MOXIFLOXACIN HCL",RHEUMATOLOGY,TABLET,3
"MOXIFLOXACIN HCL","MEDICAL ONCOLOGY",TABLET,3
"MOXIFLOXACIN HCL",NEPHROLOGY,TABLET,3
"MOXIFLOXACIN HCL","STUDENT, HEALTH CARE",TABLET,3
"MOXIFLOXACIN HCL","GENERAL PREVENTIVE MEDICINE",TABLET,3
"MOXIFLOXACIN HCL",UROLOGY,TABLET,3
"MOXIFLOXACIN HCL",VETERINARIAN,TABLET,2
"MOXIFLOXACIN HCL",GYNECOLOGY,TABLET,2
"MOXIFLOXACIN HCL","GERIATRIC MEDICINE (INTERNAL MEDICINE)",TABLET,2
"MOXIFLOXACIN HCL","GERIATRIC MEDICINE (FAMILY MEDICINE)",TABLET,2
"MOXIFLOXACIN HCL","CLINICAL NEUROPHYSIOLOGY",TABLET,2
"MOXIFLOXACIN HCL","VASCULAR SURGERY",TABLET,2
"MOXIFLOXACIN HCL","ADDICTION MEDICINE",TABLET,1
"MOXIFLOXACIN HCL",PSYCHIATRY,TABLET,1
"MOXIFLOXACIN HCL","PLASTIC SURGERY WITHIN THE HEAD & NECK",TABLET,1
"MOXIFLOXACIN HCL","HAND SURGERY",TABLET,1
"MOXIFLOXACIN HCL","PLASTIC SURGERY",TABLET,1
"MOXIFLOXACIN HCL","SURGICAL CRITICAL CARE (SURGERY)",TABLET,1
"MOXIFLOXACIN HCL","INTERNAL MEDICINE/PREVENTIVE MEDICINE",TABLET,1
"MOXIFLOXACIN HCL","EMERGENCY MEDICAL SERVICES",TABLET,1
"MOXIFLOXACIN HCL","VASCULAR & INTERVENTIONAL RADIOLOGY",TABLET,1
"MOXIFLOXACIN HCL","DIAGNOSTIC RADIOLOGY",TABLET,1
"MOXIFLOXACIN HCL","ADVANCED REGISTERED NURSE",TABLET,1
"MOXIFLOXACIN HCL","PEDIATRIC INFECTIOUS DISEASE",TABLET,1
"MOXIFLOXACIN HCL","ORTHOPEDIC SURGERY",TABLET,1
"MOXIFLOXACIN HCL",HEPATOLOGY,TABLET,1
"MOXIFLOXACIN HCL","ENDOCRINOLOGY, DIABETES & METABOLISM",TABLET,1
"MOXIFLOXACIN HCL",PHARMACIST,TABLET,1
"MOXIFLOXACIN HCL","REPRODUCTIVE ENDOCRINOLOGY & INFERTILITY",TABLET,1
"MOXIFLOXACIN HCL","PHYSICAL MEDICINE & REHABILITATION",TABLET,1
"MOXIFLOXACIN HCL",ANESTHESIOLOGY,TABLET,1
"MOXIFLOXACIN HCL",OPTOMETRIST,TABLET,1
"MOXIFLOXACIN HCL","COLON & RECTAL SURGERY",TABLET,1
"MOXIFLOXACIN HCL (OPHTH)",OPHTHALMOLOGY,SOLUTION,3407
"MOXIFLOXACIN HCL (OPHTH)",PEDIATRICS,SOLUTION,755
"MOXIFLOXACIN HCL (OPHTH)",OPTOMETRIST,SOLUTION,696
"MOXIFLOXACIN HCL (OPHTH)","NURSE PRACTITIONER",SOLUTION,468
"MOXIFLOXACIN HCL (OPHTH)","PHYSICIAN ASSISTANT",SOLUTION,258
"MOXIFLOXACIN HCL (OPHTH)","FAMILY MEDICINE",SOLUTION,257
"MOXIFLOXACIN HCL (OPHTH)","INTERNAL MEDICINE",SOLUTION,105
"MOXIFLOXACIN HCL (OPHTH)","EMERGENCY MEDICINE",SOLUTION,99
"MOXIFLOXACIN HCL (OPHTH)",,SOLUTION,55
"MOXIFLOXACIN HCL (OPHTH)",VETERINARIAN,SOLUTION,14
"MOXIFLOXACIN HCL (OPHTH)","GENERAL PRACTICE",SOLUTION,14
"MOXIFLOXACIN HCL (OPHTH)","INTERNAL MEDICINE/PEDIATRICS",SOLUTION,12
"MOXIFLOXACIN HCL (OPHTH)","PEDIATRIC OPHTHALMOLOGY",SOLUTION,9
"MOXIFLOXACIN HCL (OPHTH)",OTOLARYNGOLOGY,SOLUTION,7
"MOXIFLOXACIN HCL (OPHTH)","GENERAL SURGERY",SOLUTION,5
"MOXIFLOXACIN HCL (OPHTH)",ANESTHESIOLOGY,SOLUTION,5
"MOXIFLOXACIN HCL (OPHTH)",DERMATOLOGY,SOLUTION,4
"MOXIFLOXACIN HCL (OPHTH)","OBSTETRICS & GYNECOLOGY",SOLUTION,4
"MOXIFLOXACIN HCL (OPHTH)",DENTIST,SOLUTION,4
"MOXIFLOXACIN HCL (OPHTH)","CARDIOVASCULAR DISEASE",SOLUTION,3
"MOXIFLOXACIN HCL (OPHTH)",NEPHROLOGY,SOLUTION,3
"MOXIFLOXACIN HCL (OPHTH)","RETINAL SPECIALIST",SOLUTION,3
"MOXIFLOXACIN HCL (OPHTH)","ORTHOPEDIC SURGERY",SOLUTION,3
"MOXIFLOXACIN HCL (OPHTH)","INFECTIOUS DISEASE",SOLUTION,3
"MOXIFLOXACIN HCL (OPHTH)","ALLERGY & IMMUNOLOGY",SOLUTION,3
"MOXIFLOXACIN HCL (OPHTH)","PAIN MEDICINE",SOLUTION,2
"MOXIFLOXACIN HCL (OPHTH)","PHYSICAL MEDICINE & REHABILITATION",SOLUTION,2
"MOXIFLOXACIN HCL (OPHTH)","PEDIATRIC EMERGENCY MEDICINE (PEDIATRICS)",SOLUTION,2
"MOXIFLOXACIN HCL (OPHTH)","ORTHOPEDIC SURGERY OF THE SPINE",SOLUTION,2
"MOXIFLOXACIN HCL (OPHTH)","PLASTIC SURGERY WITHIN THE HEAD & NECK",SOLUTION,2
"MOXIFLOXACIN HCL (OPHTH)","PEDIATRIC INFECTIOUS DISEASE",SOLUTION,2
"MOXIFLOXACIN HCL (OPHTH)","SPORTS MEDICINE (FAMILY MEDICINE)",SOLUTION,2
"MOXIFLOXACIN HCL (OPHTH)","TRANSPLANT SURGERY",SOLUTION,1
"MOXIFLOXACIN HCL (OPHTH)","STUDENT, HEALTH CARE",SOLUTION,1
"MOXIFLOXACIN HCL (OPHTH)","CERTIFIED NURSE ANESTHETIST",SOLUTION,1
"MOXIFLOXACIN HCL (OPHTH)","ADVANCED REGISTERED NURSE",SOLUTION,1
"MOXIFLOXACIN HCL (OPHTH)",CHIROPRACTIC,SOLUTION,1
"MOXIFLOXACIN HCL (OPHTH)","DIAGNOSTIC RADIOLOGY",SOLUTION,1
"MOXIFLOXACIN HCL (OPHTH)",UNSPECIFIED,SOLUTION,1
"MOXIFLOXACIN HCL (OPHTH)",NEUROLOGY,SOLUTION,1
"MOXIFLOXACIN HCL (OPHTH)",HEMATOLOGY/ONCOLOGY,SOLUTION,1
"MOXIFLOXACIN HCL (OPHTH)","MEDICAL MANAGEMENT",SOLUTION,1
"MOXIFLOXACIN HCL (OPHTH)","GERIATRIC MEDICINE (INTERNAL MEDICINE)",SOLUTION,1
"MOXIFLOXACIN HCL (OPHTH)","EMERGENCY MEDICAL SERVICES",SOLUTION,1
"MOXIFLOXACIN HCL (OPHTH)","NEONATAL-PERINATAL MEDICINE",SOLUTION,1
"MOXIFLOXACIN HCL (OPHTH)","OCCUPATIONAL MEDICINE",SOLUTION,1
"MOXIFLOXACIN HCL (OPHTH)",PSYCHIATRY,SOLUTION,1
"MOXIFLOXACIN HCL (OPHTH)","PEDIATRIC HEMATOLOGY/ONCOLOGY",SOLUTION,1
"MOXIFLOXACIN HCL (OPHTH)","RADIATION ONCOLOGY",SOLUTION,1
"MOXIFLOXACIN HCL (OPHTH)","PULMONARY DISEASE",SOLUTION,1
"MOXIFLOXACIN HCL (OPHTH)","PEDIATRIC CRITICAL CARE MEDICINE",SOLUTION,1
"MOXIFLOXACIN HCL (OPHTH)","CHILD NEUROLOGY",SOLUTION,1
"MOXIFLOXACIN HCL (OPHTH)",HOSPITALIST,SOLUTION,1
"MOXIFLOXACIN HCL (OPHTH)",RADIOLOGY,SOLUTION,1
"MOXIFLOXACIN HCL (OPHTH)","PAIN MEDICINE (ANESTHESIOLOGY)",SOLUTION,1
"MOXIFLOXACIN HCL (OPHTH)","HEMATOLOGY (INTERNAL MEDICINE)",SOLUTION,1
"MOXIFLOXACIN HCL (OPHTH)","PEDIATRICS/EMERGENCY MEDICINE",SOLUTION,1
"MOXIFLOXACIN HCL IN SODIUM CHLORIDE",OPHTHALMOLOGY,SOLUTION,6
"NAFCILLIN SODIUM","INTERNAL MEDICINE","SOLUTION RECONSTITUTED",1
"NAFCILLIN SODIUM","FAMILY MEDICINE","SOLUTION RECONSTITUTED",1
"NAFCILLIN SODIUM","NURSE PRACTITIONER","SOLUTION RECONSTITUTED",1
NATAMYCIN,OPHTHALMOLOGY,SUSPENSION,17
NATAMYCIN,"PHYSICIAN ASSISTANT",SUSPENSION,1
NATAMYCIN,OTOLARYNGOLOGY,SUSPENSION,1
NATAMYCIN,OPTOMETRIST,SUSPENSION,1
"NEOMYCIN SULFATE","GENERAL SURGERY",TABLET,262
"NEOMYCIN SULFATE","COLON & RECTAL SURGERY",TABLET,205
"NEOMYCIN SULFATE","NURSE PRACTITIONER",TABLET,69
"NEOMYCIN SULFATE",GASTROENTEROLOGY,TABLET,63
"NEOMYCIN SULFATE","PHYSICIAN ASSISTANT",TABLET,42
"NEOMYCIN SULFATE","FAMILY MEDICINE",TABLET,22
"NEOMYCIN SULFATE","INTERNAL MEDICINE",TABLET,15
"NEOMYCIN SULFATE",UROLOGY,TABLET,10
"NEOMYCIN SULFATE","SURGICAL ONCOLOGY",TABLET,9
"NEOMYCIN SULFATE","OBSTETRICS & GYNECOLOGY",TABLET,9
"NEOMYCIN SULFATE","GYNECOLOGICAL ONCOLOGY",TABLET,6
"NEOMYCIN SULFATE","VASCULAR SURGERY",TABLET,6
"NEOMYCIN SULFATE","NATUROPATHIC DOCTOR",TABLET,6
"NEOMYCIN SULFATE",,TABLET,4
"NEOMYCIN SULFATE","SURGICAL CRITICAL CARE (SURGERY)",TABLET,4
"NEOMYCIN SULFATE","THORACIC SURGERY",TABLET,4
"NEOMYCIN SULFATE","EMERGENCY MEDICINE",TABLET,3
"NEOMYCIN SULFATE","PLASTIC SURGERY",TABLET,2
"NEOMYCIN SULFATE","PEDIATRIC GASTROENTEROLOGY",TABLET,2
"NEOMYCIN SULFATE","PEDIATRIC SURGERY",TABLET,1
"NEOMYCIN SULFATE",ANESTHESIOLOGY,TABLET,1
"NEOMYCIN SULFATE","INFECTIOUS DISEASE",TABLET,1
"NEOMYCIN SULFATE",DERMATOLOGY,TABLET,1
"NEOMYCIN SULFATE","INTERNAL MEDICINE/PEDIATRICS",TABLET,1
"NEOMYCIN SULFATE",VETERINARIAN,TABLET,1
"NEOMYCIN SULFATE",HEMATOLOGY/ONCOLOGY,TABLET,1
"NEOMYCIN SULFATE","PHYSICAL MEDICINE & REHABILITATION",TABLET,1
"NEOMYCIN SULFATE","PEDIATRIC CARDIOLOGY",TABLET,1
"NEOMYCIN SULFATE",NEPHROLOGY,TABLET,1
"NEOMYCIN SULFATE","GENERAL PRACTICE",TABLET,1
"NEOMYCIN SULFATE",HEPATOLOGY,TABLET,1
"NEOMYCIN SULFATE",PEDIATRICS,TABLET,1
"NEOMYCIN SULFATE","ABDOMINAL SURGERY",TABLET,1
"NEOMYCIN-BACITRACIN ZN-POLYMYXIN",VETERINARIAN,OINTMENT,36
"NEOMYCIN-BACITRACIN ZN-POLYMYXIN","PHYSICIAN ASSISTANT",OINTMENT,16
"NEOMYCIN-BACITRACIN ZN-POLYMYXIN",OPHTHALMOLOGY,OINTMENT,14
"NEOMYCIN-BACITRACIN ZN-POLYMYXIN","INTERNAL MEDICINE",OINTMENT,12
"NEOMYCIN-BACITRACIN ZN-POLYMYXIN","FAMILY MEDICINE",OINTMENT,11
"NEOMYCIN-BACITRACIN ZN-POLYMYXIN",OPTOMETRIST,OINTMENT,10
"NEOMYCIN-BACITRACIN ZN-POLYMYXIN","NURSE PRACTITIONER",OINTMENT,9
"NEOMYCIN-BACITRACIN ZN-POLYMYXIN",,OINTMENT,9
"NEOMYCIN-BACITRACIN ZN-POLYMYXIN",PEDIATRICS,OINTMENT,7
"NEOMYCIN-BACITRACIN ZN-POLYMYXIN","EMERGENCY MEDICINE",OINTMENT,3
"NEOMYCIN-BACITRACIN ZN-POLYMYXIN","OBSTETRICS & GYNECOLOGY",OINTMENT,2
"NEOMYCIN-BACITRACIN ZN-POLYMYXIN",DENTIST,OINTMENT,1
"NEOMYCIN-BACITRACIN ZN-POLYMYXIN",HOSPITALIST,OINTMENT,1
"NEOMYCIN-BACITRACIN ZN-POLYMYXIN","CARDIOVASCULAR DISEASE",OINTMENT,1
"NEOMYCIN-BACITRACIN ZN-POLYMYXIN","GENERAL PREVENTIVE MEDICINE",OINTMENT,1
"NEOMYCIN-BACITRACIN ZN-POLYMYXIN",HEMATOLOGY/ONCOLOGY,OINTMENT,1
"NEOMYCIN-BACITRACIN ZN-POLYMYXIN","GENERAL SURGERY",OINTMENT,1
"NEOMYCIN-BACITRACIN ZN-POLYMYXIN",DERMATOLOGY,OINTMENT,1
"NEOMYCIN-BACITRACIN ZN-POLYMYXIN","PEDIATRIC OPHTHALMOLOGY",OINTMENT,1
"NEOMYCIN-BACITRACIN ZN-POLYMYXIN","INTERVENTIONAL CARDIOLOGY",OINTMENT,1
NEOMYCIN-COLISTIN-HC-THONZONIUM,"FAMILY MEDICINE",SUSPENSION,36
NEOMYCIN-COLISTIN-HC-THONZONIUM,"INTERNAL MEDICINE",SUSPENSION,20
NEOMYCIN-COLISTIN-HC-THONZONIUM,PEDIATRICS,SUSPENSION,15
NEOMYCIN-COLISTIN-HC-THONZONIUM,"NURSE PRACTITIONER",SUSPENSION,15
NEOMYCIN-COLISTIN-HC-THONZONIUM,"PHYSICIAN ASSISTANT",SUSPENSION,13
NEOMYCIN-COLISTIN-HC-THONZONIUM,"EMERGENCY MEDICINE",SUSPENSION,4
NEOMYCIN-COLISTIN-HC-THONZONIUM,"GENERAL PRACTICE",SUSPENSION,3
NEOMYCIN-COLISTIN-HC-THONZONIUM,OTOLARYNGOLOGY,SUSPENSION,3
NEOMYCIN-COLISTIN-HC-THONZONIUM,"INTERNAL MEDICINE/PEDIATRICS",SUSPENSION,2
NEOMYCIN-COLISTIN-HC-THONZONIUM,DERMATOLOGY,SUSPENSION,2
NEOMYCIN-COLISTIN-HC-THONZONIUM,"NEUROTOLOGY (OTOLARYNGOLOGY)",SUSPENSION,1
NEOMYCIN-COLISTIN-HC-THONZONIUM,"RADIATION ONCOLOGY",SUSPENSION,1
NEOMYCIN-COLISTIN-HC-THONZONIUM,"INFECTIOUS DISEASE",SUSPENSION,1
NEOMYCIN-COLISTIN-HC-THONZONIUM,"GENERAL PREVENTIVE MEDICINE",SUSPENSION,1
NEOMYCIN-COLISTIN-HC-THONZONIUM,"STUDENT, HEALTH CARE",SUSPENSION,1
NEOMYCIN-COLISTIN-HC-THONZONIUM,"PLASTIC SURGERY",SUSPENSION,1
NEOMYCIN-COLISTIN-HC-THONZONIUM,NEPHROLOGY,SUSPENSION,1
NEOMYCIN-COLISTIN-HC-THONZONIUM,,SUSPENSION,1
NEOMYCIN-POLYMYXIN-GRAMICIDIN,"FAMILY MEDICINE",SOLUTION,18
NEOMYCIN-POLYMYXIN-GRAMICIDIN,"NURSE PRACTITIONER",SOLUTION,14
NEOMYCIN-POLYMYXIN-GRAMICIDIN,"INTERNAL MEDICINE",SOLUTION,11
NEOMYCIN-POLYMYXIN-GRAMICIDIN,PEDIATRICS,SOLUTION,8
NEOMYCIN-POLYMYXIN-GRAMICIDIN,"PHYSICIAN ASSISTANT",SOLUTION,7
NEOMYCIN-POLYMYXIN-GRAMICIDIN,VETERINARIAN,SOLUTION,6
NEOMYCIN-POLYMYXIN-GRAMICIDIN,OPTOMETRIST,SOLUTION,4
NEOMYCIN-POLYMYXIN-GRAMICIDIN,OPHTHALMOLOGY,SOLUTION,3
NEOMYCIN-POLYMYXIN-GRAMICIDIN,"GENERAL PRACTICE",SOLUTION,2
NEOMYCIN-POLYMYXIN-GRAMICIDIN,DERMATOLOGY,SOLUTION,2
NEOMYCIN-POLYMYXIN-GRAMICIDIN,"ALLERGY & IMMUNOLOGY",SOLUTION,2
NEOMYCIN-POLYMYXIN-GRAMICIDIN,"RADIATION ONCOLOGY",SOLUTION,1
NEOMYCIN-POLYMYXIN-GRAMICIDIN,,SOLUTION,1
NEOMYCIN-POLYMYXIN-GRAMICIDIN,"GENERAL SURGERY",SOLUTION,1
NEOMYCIN-POLYMYXIN-GRAMICIDIN,OTOLARYNGOLOGY,SOLUTION,1
NEOMYCIN-POLYMYXIN-GRAMICIDIN,PSYCHIATRY,SOLUTION,1
NEOMYCIN-POLYMYXIN-GRAMICIDIN,HEMATOLOGY/ONCOLOGY,SOLUTION,1
NEOMYCIN-POLYMYXIN-GRAMICIDIN,"ENDOCRINOLOGY, DIABETES & METABOLISM",SOLUTION,1
"NEOMYCIN-POLYMYXIN-HC (OTIC)","NURSE PRACTITIONER",SUSPENSION,1226
"NEOMYCIN-POLYMYXIN-HC (OTIC)","FAMILY MEDICINE",SOLUTION,1199
"NEOMYCIN-POLYMYXIN-HC (OTIC)","NURSE PRACTITIONER",SOLUTION,1159
"NEOMYCIN-POLYMYXIN-HC (OTIC)","FAMILY MEDICINE",SUSPENSION,1149
"NEOMYCIN-POLYMYXIN-HC (OTIC)","PHYSICIAN ASSISTANT",SUSPENSION,694
"NEOMYCIN-POLYMYXIN-HC (OTIC)","INTERNAL MEDICINE",SOLUTION,687
"NEOMYCIN-POLYMYXIN-HC (OTIC)","PHYSICIAN ASSISTANT",SOLUTION,650
"NEOMYCIN-POLYMYXIN-HC (OTIC)","INTERNAL MEDICINE",SUSPENSION,474
"NEOMYCIN-POLYMYXIN-HC (OTIC)",PEDIATRICS,SUSPENSION,472
"NEOMYCIN-POLYMYXIN-HC (OTIC)",PEDIATRICS,SOLUTION,465
"NEOMYCIN-POLYMYXIN-HC (OTIC)",OTOLARYNGOLOGY,SUSPENSION,376
"NEOMYCIN-POLYMYXIN-HC (OTIC)",OTOLARYNGOLOGY,SOLUTION,273
"NEOMYCIN-POLYMYXIN-HC (OTIC)","EMERGENCY MEDICINE",SUSPENSION,260
"NEOMYCIN-POLYMYXIN-HC (OTIC)","EMERGENCY MEDICINE",SOLUTION,210
"NEOMYCIN-POLYMYXIN-HC (OTIC)","GENERAL PRACTICE",SOLUTION,208
"NEOMYCIN-POLYMYXIN-HC (OTIC)",PODIATRIST,SOLUTION,141
"NEOMYCIN-POLYMYXIN-HC (OTIC)","GENERAL PRACTICE",SUSPENSION,86
"NEOMYCIN-POLYMYXIN-HC (OTIC)",PODIATRIST,SUSPENSION,48
"NEOMYCIN-POLYMYXIN-HC (OTIC)",,SUSPENSION,40
"NEOMYCIN-POLYMYXIN-HC (OTIC)","INTERNAL MEDICINE/PEDIATRICS",SUSPENSION,30
"NEOMYCIN-POLYMYXIN-HC (OTIC)","INTERNAL MEDICINE/PEDIATRICS",SOLUTION,28
"NEOMYCIN-POLYMYXIN-HC (OTIC)",,SOLUTION,23
"NEOMYCIN-POLYMYXIN-HC (OTIC)","GENERAL SURGERY",SOLUTION,19
"NEOMYCIN-POLYMYXIN-HC (OTIC)","CARDIOVASCULAR DISEASE",SOLUTION,18
"NEOMYCIN-POLYMYXIN-HC (OTIC)","OBSTETRICS & GYNECOLOGY",SOLUTION,14
"NEOMYCIN-POLYMYXIN-HC (OTIC)","GERIATRIC MEDICINE (INTERNAL MEDICINE)",SOLUTION,14
"NEOMYCIN-POLYMYXIN-HC (OTIC)","NEUROTOLOGY (OTOLARYNGOLOGY)",SUSPENSION,13
"NEOMYCIN-POLYMYXIN-HC (OTIC)",HOSPITALIST,SOLUTION,13
"NEOMYCIN-POLYMYXIN-HC (OTIC)",NEPHROLOGY,SUSPENSION,13
"NEOMYCIN-POLYMYXIN-HC (OTIC)",HOSPITALIST,SUSPENSION,13
"NEOMYCIN-POLYMYXIN-HC (OTIC)","OBSTETRICS & GYNECOLOGY",SUSPENSION,12
"NEOMYCIN-POLYMYXIN-HC (OTIC)","CARDIOVASCULAR DISEASE",SUSPENSION,9
"NEOMYCIN-POLYMYXIN-HC (OTIC)","PULMONARY DISEASE",SOLUTION,9
"NEOMYCIN-POLYMYXIN-HC (OTIC)","GENERAL SURGERY",SUSPENSION,9
"NEOMYCIN-POLYMYXIN-HC (OTIC)",DERMATOLOGY,SOLUTION,8
"NEOMYCIN-POLYMYXIN-HC (OTIC)",NEPHROLOGY,SOLUTION,8
"NEOMYCIN-POLYMYXIN-HC (OTIC)","GERIATRIC MEDICINE (INTERNAL MEDICINE)",SUSPENSION,7
"NEOMYCIN-POLYMYXIN-HC (OTIC)","NEUROTOLOGY (OTOLARYNGOLOGY)",SOLUTION,7
"NEOMYCIN-POLYMYXIN-HC (OTIC)","ALLERGY & IMMUNOLOGY",SOLUTION,7
"NEOMYCIN-POLYMYXIN-HC (OTIC)","FACIAL PLASTIC SURGERY",SUSPENSION,7
"NEOMYCIN-POLYMYXIN-HC (OTIC)",RHEUMATOLOGY,SUSPENSION,7
"NEOMYCIN-POLYMYXIN-HC (OTIC)","SPORTS MEDICINE (FAMILY MEDICINE)",SUSPENSION,7
"NEOMYCIN-POLYMYXIN-HC (OTIC)","GENERAL PREVENTIVE MEDICINE",SUSPENSION,6
"NEOMYCIN-POLYMYXIN-HC (OTIC)",GASTROENTEROLOGY,SUSPENSION,6
"NEOMYCIN-POLYMYXIN-HC (OTIC)","GERIATRIC MEDICINE (FAMILY MEDICINE)",SOLUTION,6
"NEOMYCIN-POLYMYXIN-HC (OTIC)",RHEUMATOLOGY,SOLUTION,6
"NEOMYCIN-POLYMYXIN-HC (OTIC)",ANESTHESIOLOGY,SOLUTION,6
"NEOMYCIN-POLYMYXIN-HC (OTIC)","PULMONARY DISEASE",SUSPENSION,6
"NEOMYCIN-POLYMYXIN-HC (OTIC)","ENDOCRINOLOGY, DIABETES & METABOLISM",SOLUTION,5
"NEOMYCIN-POLYMYXIN-HC (OTIC)","PEDIATRIC EMERGENCY MEDICINE (PEDIATRICS)",SUSPENSION,5
"NEOMYCIN-POLYMYXIN-HC (OTIC)","GENERAL PREVENTIVE MEDICINE",SOLUTION,5
"NEOMYCIN-POLYMYXIN-HC (OTIC)","HEAD & NECK SURGERY",SUSPENSION,5
"NEOMYCIN-POLYMYXIN-HC (OTIC)","SPORTS MEDICINE (FAMILY MEDICINE)",SOLUTION,5
"NEOMYCIN-POLYMYXIN-HC (OTIC)","PEDIATRIC EMERGENCY MEDICINE (PEDIATRICS)",SOLUTION,5
"NEOMYCIN-POLYMYXIN-HC (OTIC)","STUDENT, HEALTH CARE",SOLUTION,5
"NEOMYCIN-POLYMYXIN-HC (OTIC)","OCCUPATIONAL MEDICINE",SUSPENSION,5
"NEOMYCIN-POLYMYXIN-HC (OTIC)","INTERNAL MEDICINE/FAMILY MEDICINE",SOLUTION,5
"NEOMYCIN-POLYMYXIN-HC (OTIC)","PEDIATRIC EMERGENCY MEDICINE",SUSPENSION,5
"NEOMYCIN-POLYMYXIN-HC (OTIC)",DERMATOLOGY,SUSPENSION,4
"NEOMYCIN-POLYMYXIN-HC (OTIC)",DENTIST,SUSPENSION,4
"NEOMYCIN-POLYMYXIN-HC (OTIC)","ANATOMIC/CLINICAL PATHOLOGY",SOLUTION,4
"NEOMYCIN-POLYMYXIN-HC (OTIC)",HEMATOLOGY/ONCOLOGY,SOLUTION,4
"NEOMYCIN-POLYMYXIN-HC (OTIC)","NATUROPATHIC DOCTOR",SOLUTION,4
"NEOMYCIN-POLYMYXIN-HC (OTIC)",ANESTHESIOLOGY,SUSPENSION,4
"NEOMYCIN-POLYMYXIN-HC (OTIC)","NEONATAL-PERINATAL MEDICINE",SUSPENSION,4
"NEOMYCIN-POLYMYXIN-HC (OTIC)",DENTIST,SOLUTION,3
"NEOMYCIN-POLYMYXIN-HC (OTIC)",UROLOGY,SUSPENSION,3
"NEOMYCIN-POLYMYXIN-HC (OTIC)","PLASTIC SURGERY",SOLUTION,3
"NEOMYCIN-POLYMYXIN-HC (OTIC)","FACIAL PLASTIC SURGERY",SOLUTION,3
"NEOMYCIN-POLYMYXIN-HC (OTIC)","NURSE MIDWIFE",SUSPENSION,3
"NEOMYCIN-POLYMYXIN-HC (OTIC)",PSYCHIATRY,SOLUTION,3
"NEOMYCIN-POLYMYXIN-HC (OTIC)","STUDENT, HEALTH CARE",SUSPENSION,3
"NEOMYCIN-POLYMYXIN-HC (OTIC)",GASTROENTEROLOGY,SOLUTION,3
"NEOMYCIN-POLYMYXIN-HC (OTIC)","NEONATAL-PERINATAL MEDICINE",SOLUTION,3
"NEOMYCIN-POLYMYXIN-HC (OTIC)","PLASTIC SURGERY",SUSPENSION,3
"NEOMYCIN-POLYMYXIN-HC (OTIC)","INFECTIOUS DISEASE",SOLUTION,3
"NEOMYCIN-POLYMYXIN-HC (OTIC)","INFECTIOUS DISEASE",SUSPENSION,3
"NEOMYCIN-POLYMYXIN-HC (OTIC)",NEUROLOGY,SUSPENSION,3
"NEOMYCIN-POLYMYXIN-HC (OTIC)","OCCUPATIONAL MEDICINE",SOLUTION,2
"NEOMYCIN-POLYMYXIN-HC (OTIC)","PEDIATRIC HEMATOLOGY/ONCOLOGY",SUSPENSION,2
"NEOMYCIN-POLYMYXIN-HC (OTIC)",VETERINARIAN,SOLUTION,2
"NEOMYCIN-POLYMYXIN-HC (OTIC)",ALLERGY,SUSPENSION,2
"NEOMYCIN-POLYMYXIN-HC (OTIC)","ORTHOPEDIC SURGERY",SUSPENSION,2
"NEOMYCIN-POLYMYXIN-HC (OTIC)","PEDIATRIC INFECTIOUS DISEASE",SOLUTION,2
"NEOMYCIN-POLYMYXIN-HC (OTIC)","PEDIATRIC HEMATOLOGY/ONCOLOGY",SOLUTION,2
"NEOMYCIN-POLYMYXIN-HC (OTIC)","RADIATION ONCOLOGY",SOLUTION,2
"NEOMYCIN-POLYMYXIN-HC (OTIC)","MEDICAL ONCOLOGY",SUSPENSION,2
"NEOMYCIN-POLYMYXIN-HC (OTIC)","PULMONARY CRITICAL CARE MEDICINE",SOLUTION,2
"NEOMYCIN-POLYMYXIN-HC (OTIC)","NATUROPATHIC DOCTOR",SUSPENSION,2
"NEOMYCIN-POLYMYXIN-HC (OTIC)","PEDIATRIC OTOLARYNGOLOGY",SOLUTION,2
"NEOMYCIN-POLYMYXIN-HC (OTIC)","CRITICAL CARE MEDICINE (INTERNAL MEDICINE)",SOLUTION,2
"NEOMYCIN-POLYMYXIN-HC (OTIC)","HEAD & NECK SURGERY",SOLUTION,2
"NEOMYCIN-POLYMYXIN-HC (OTIC)",VETERINARIAN,SUSPENSION,2
"NEOMYCIN-POLYMYXIN-HC (OTIC)",GYNECOLOGY,SOLUTION,2
"NEOMYCIN-POLYMYXIN-HC (OTIC)","AEROSPACE MEDICINE",SOLUTION,2
"NEOMYCIN-POLYMYXIN-HC (OTIC)","PEDIATRIC OTOLARYNGOLOGY",SUSPENSION,2
"NEOMYCIN-POLYMYXIN-HC (OTIC)","ADOLESCENT MEDICINE (PEDIATRICS)",SOLUTION,2
"NEOMYCIN-POLYMYXIN-HC (OTIC)","PEDIATRIC SURGERY",SUSPENSION,2
"NEOMYCIN-POLYMYXIN-HC (OTIC)","PALLIATIVE MEDICINE",SOLUTION,2
"NEOMYCIN-POLYMYXIN-HC (OTIC)","PEDIATRIC EMERGENCY MEDICINE",SOLUTION,2
"NEOMYCIN-POLYMYXIN-HC (OTIC)","PEDIATRIC CRITICAL CARE MEDICINE",SOLUTION,2
"NEOMYCIN-POLYMYXIN-HC (OTIC)","ANATOMIC/CLINICAL PATHOLOGY",SUSPENSION,1
"NEOMYCIN-POLYMYXIN-HC (OTIC)","ENDOCRINOLOGY, DIABETES & METABOLISM",SUSPENSION,1
"NEOMYCIN-POLYMYXIN-HC (OTIC)","PHARMACEUTICAL MEDICINE",SOLUTION,1
"NEOMYCIN-POLYMYXIN-HC (OTIC)","ORAL & MAXILLOFACIAL SURGERY",SUSPENSION,1
"NEOMYCIN-POLYMYXIN-HC (OTIC)","INTERVENTIONAL CARDIOLOGY",SUSPENSION,1
"NEOMYCIN-POLYMYXIN-HC (OTIC)","REPRODUCTIVE ENDOCRINOLOGY & INFERTILITY",SUSPENSION,1
"NEOMYCIN-POLYMYXIN-HC (OTIC)","SPORTS MEDICINE (EMERGENCY MEDICINE)",SUSPENSION,1
"NEOMYCIN-POLYMYXIN-HC (OTIC)","SURGICAL CRITICAL CARE (SURGERY)",SUSPENSION,1
"NEOMYCIN-POLYMYXIN-HC (OTIC)","EMERGENCY MEDICAL SERVICES",SOLUTION,1
"NEOMYCIN-POLYMYXIN-HC (OTIC)",NEUROLOGY,SOLUTION,1
"NEOMYCIN-POLYMYXIN-HC (OTIC)","PHYSICAL MEDICINE & REHABILITATION",SOLUTION,1
"NEOMYCIN-POLYMYXIN-HC (OTIC)","ANATOMIC PATHOLOGY",SOLUTION,1
"NEOMYCIN-POLYMYXIN-HC (OTIC)","PEDIATRIC NEPHROLOGY",SUSPENSION,1
"NEOMYCIN-POLYMYXIN-HC (OTIC)","CHILD & ADOLESCENT PSYCHIATRY",SUSPENSION,1
"NEOMYCIN-POLYMYXIN-HC (OTIC)","MEDICAL TOXICOLOGY (PREVENTIVE MEDICINE)",SOLUTION,1
"NEOMYCIN-POLYMYXIN-HC (OTIC)",OPHTHALMOLOGY,SUSPENSION,1
"NEOMYCIN-POLYMYXIN-HC (OTIC)","PEDIATRIC CARDIOLOGY",SUSPENSION,1
"NEOMYCIN-POLYMYXIN-HC (OTIC)","GERIATRIC MEDICINE (FAMILY MEDICINE)",SUSPENSION,1
"NEOMYCIN-POLYMYXIN-HC (OTIC)",NUTRITION,SOLUTION,1
"NEOMYCIN-POLYMYXIN-HC (OTIC)","PULMONARY CRITICAL CARE MEDICINE",SUSPENSION,1
"NEOMYCIN-POLYMYXIN-HC (OTIC)","INTERNAL MEDICINE/FAMILY MEDICINE",SUSPENSION,1
"NEOMYCIN-POLYMYXIN-HC (OTIC)","CRITICAL CARE MEDICINE (ANESTHESIOLOGY)",SUSPENSION,1
"NEOMYCIN-POLYMYXIN-HC (OTIC)","PAIN MEDICINE",SUSPENSION,1
"NEOMYCIN-POLYMYXIN-HC (OTIC)","THORACIC SURGERY",SUSPENSION,1
"NEOMYCIN-POLYMYXIN-HC (OTIC)","OSTEOPATHIC MANIPULATIVE MEDICINE",SUSPENSION,1
"NEOMYCIN-POLYMYXIN-HC (OTIC)","ALLERGY & IMMUNOLOGY",SUSPENSION,1
"NEOMYCIN-POLYMYXIN-HC (OTIC)","SLEEP MEDICINE",SOLUTION,1
"NEOMYCIN-POLYMYXIN-HC (OTIC)","SPORTS MEDICINE (EMERGENCY MEDICINE)",SOLUTION,1
"NEOMYCIN-POLYMYXIN-HC (OTIC)","CLINICAL GENETICS",SOLUTION,1
"NEOMYCIN-POLYMYXIN-HC (OTIC)",CHIROPRACTIC,SUSPENSION,1
"NEOMYCIN-POLYMYXIN-HC (OTIC)","ORTHOPEDIC SURGERY",SOLUTION,1
"NEOMYCIN-POLYMYXIN-HC (OTIC)","DIAGNOSTIC RADIOLOGY",SOLUTION,1
"NEOMYCIN-POLYMYXIN-HC (OTIC)","PSYCHIATRY/FAMILY MEDICINE",SOLUTION,1
"NEOMYCIN-POLYMYXIN-HC (OTIC)","PEDIATRIC NEPHROLOGY",SOLUTION,1
"NEOMYCIN-POLYMYXIN-HC (OTIC)",UROLOGY,SOLUTION,1
"NEOMYCIN-POLYMYXIN-HC (OTIC)","CRITICAL CARE MEDICINE (ANESTHESIOLOGY)",SOLUTION,1
"NEOMYCIN-POLYMYXIN-HC (OTIC)","CLINICAL NEUROPHYSIOLOGY",SOLUTION,1
"NEOMYCIN-POLYMYXIN-HC (OTIC)",PSYCHIATRY,SUSPENSION,1
"NEOMYCIN-POLYMYXIN-HC (OTIC)","DEVELOPMENTAL/BEHAVIORAL PEDIATRICS",SUSPENSION,1
"NEOMYCIN-POLYMYXIN-HC (OTIC)","MILITARY HEALTH CARE PROVIDER",SUSPENSION,1
"NEOMYCIN-POLYMYXIN-HC (OTIC)","CHILD & ADOLESCENT PSYCHIATRY",SOLUTION,1
"NEOMYCIN-POLYMYXIN-HC (OTIC)",HEMATOLOGY/ONCOLOGY,SUSPENSION,1
"NEOMYCIN-POLYMYXIN-HC (OTIC)","DIAGNOSTIC RADIOLOGY",SUSPENSION,1
"NEOMYCIN-POLYMYXIN-HC (OTIC)","VASCULAR SURGERY",SUSPENSION,1
"NEOMYCIN-POLYMYXIN-HC (OTIC)","PHYSICAL MEDICINE & REHABILITATION",SUSPENSION,1
"NEOMYCIN-POLYMYXIN-HC (OTIC)",OPTOMETRIST,SUSPENSION,1
"NEOMYCIN-POLYMYXIN-HC (OTIC)","MEDICAL TOXICOLOGY (EMERGENCY MEDICINE)",SUSPENSION,1
"NEOMYCIN-POLYMYXIN-HC (OTIC)","CLINICAL GENETICS",SUSPENSION,1
"NEOMYCIN/POLYMYXIN B GU",UROLOGY,SOLUTION,7
"NEOMYCIN/POLYMYXIN B GU","GENERAL SURGERY",SOLUTION,2
"NEOMYCIN/POLYMYXIN B GU","PEDIATRIC UROLOGY",SOLUTION,1
"NEOMYCIN/POLYMYXIN B GU","PHYSICIAN ASSISTANT",SOLUTION,1
"NEOMYCIN/POLYMYXIN B GU","INTERNAL MEDICINE",SOLUTION,1
NITAZOXANIDE,GASTROENTEROLOGY,TABLET,25
NITAZOXANIDE,"FAMILY MEDICINE",TABLET,19
NITAZOXANIDE,"NURSE PRACTITIONER",TABLET,17
NITAZOXANIDE,"INTERNAL MEDICINE",TABLET,9
NITAZOXANIDE,"PHYSICIAN ASSISTANT",TABLET,7
NITAZOXANIDE,"EMERGENCY MEDICINE",TABLET,6
NITAZOXANIDE,"INFECTIOUS DISEASE",TABLET,6
NITAZOXANIDE,PEDIATRICS,"SUSPENSION RECONSTITUTED",5
NITAZOXANIDE,"NATUROPATHIC DOCTOR",TABLET,5
NITAZOXANIDE,,TABLET,3
NITAZOXANIDE,"PEDIATRIC GASTROENTEROLOGY","SUSPENSION RECONSTITUTED",2
NITAZOXANIDE,"NURSE PRACTITIONER","SUSPENSION RECONSTITUTED",2
NITAZOXANIDE,PEDIATRICS,TABLET,2
NITAZOXANIDE,"ORTHOPEDIC SURGERY",TABLET,1
NITAZOXANIDE,"GENERAL SURGERY",TABLET,1
NITAZOXANIDE,"GENERAL PRACTICE",TABLET,1
NITAZOXANIDE,"GENERAL PREVENTIVE MEDICINE",TABLET,1
NITAZOXANIDE,"PEDIATRIC HEMATOLOGY/ONCOLOGY",TABLET,1
NITAZOXANIDE,"PULMONARY DISEASE",TABLET,1
NITAZOXANIDE,"FAMILY MEDICINE","SUSPENSION RECONSTITUTED",1
NITAZOXANIDE,"PEDIATRIC HEMATOLOGY/ONCOLOGY","SUSPENSION RECONSTITUTED",1
NITAZOXANIDE,GYNECOLOGY,TABLET,1
NITAZOXANIDE,"NEUROMUSCULAR MEDICINE (NEUROLOGY)",TABLET,1
NITAZOXANIDE,OPHTHALMOLOGY,TABLET,1
NITAZOXANIDE,"ALLERGY & IMMUNOLOGY",TABLET,1
NITAZOXANIDE,IMMUNOLOGY,TABLET,1
NITAZOXANIDE,NEPHROLOGY,TABLET,1
OFLOXACIN,DERMATOLOGY,TABLET,6
OFLOXACIN,"INTERNAL MEDICINE",TABLET,5
OFLOXACIN,"FAMILY MEDICINE",TABLET,4
OFLOXACIN,"NURSE PRACTITIONER",TABLET,2
OFLOXACIN,"EMERGENCY MEDICINE",TABLET,2
OFLOXACIN,"PHYSICIAN ASSISTANT",TABLET,1
OFLOXACIN,OPHTHALMOLOGY,TABLET,1
OFLOXACIN,"OBSTETRICS & GYNECOLOGY",TABLET,1
OFLOXACIN,PODIATRIST,TABLET,1
"OFLOXACIN (OPHTH)",OPHTHALMOLOGY,SOLUTION,5290
"OFLOXACIN (OPHTH)",PEDIATRICS,SOLUTION,1373
"OFLOXACIN (OPHTH)","NURSE PRACTITIONER",SOLUTION,1209
"OFLOXACIN (OPHTH)",OPTOMETRIST,SOLUTION,1038
"OFLOXACIN (OPHTH)","PHYSICIAN ASSISTANT",SOLUTION,795
"OFLOXACIN (OPHTH)","FAMILY MEDICINE",SOLUTION,706
"OFLOXACIN (OPHTH)",OTOLARYNGOLOGY,SOLUTION,440
"OFLOXACIN (OPHTH)","INTERNAL MEDICINE",SOLUTION,269
"OFLOXACIN (OPHTH)","EMERGENCY MEDICINE",SOLUTION,208
"OFLOXACIN (OPHTH)",,SOLUTION,106
"OFLOXACIN (OPHTH)",VETERINARIAN,SOLUTION,78
"OFLOXACIN (OPHTH)","PEDIATRIC OTOLARYNGOLOGY",SOLUTION,38
"OFLOXACIN (OPHTH)","GENERAL PRACTICE",SOLUTION,30
"OFLOXACIN (OPHTH)","INTERNAL MEDICINE/PEDIATRICS",SOLUTION,27
"OFLOXACIN (OPHTH)","RETINAL SPECIALIST",SOLUTION,19
"OFLOXACIN (OPHTH)","GENERAL SURGERY",SOLUTION,15
"OFLOXACIN (OPHTH)","GERIATRIC MEDICINE (INTERNAL MEDICINE)",SOLUTION,12
"OFLOXACIN (OPHTH)",HOSPITALIST,SOLUTION,12
"OFLOXACIN (OPHTH)","PEDIATRIC EMERGENCY MEDICINE (PEDIATRICS)",SOLUTION,11
"OFLOXACIN (OPHTH)","OBSTETRICS & GYNECOLOGY",SOLUTION,11
"OFLOXACIN (OPHTH)","CARDIOVASCULAR DISEASE",SOLUTION,9
"OFLOXACIN (OPHTH)","NEUROTOLOGY (OTOLARYNGOLOGY)",SOLUTION,8
"OFLOXACIN (OPHTH)","PEDIATRIC EMERGENCY MEDICINE",SOLUTION,7
"OFLOXACIN (OPHTH)","SPORTS MEDICINE (FAMILY MEDICINE)",SOLUTION,7
"OFLOXACIN (OPHTH)","NEONATAL-PERINATAL MEDICINE",SOLUTION,7
"OFLOXACIN (OPHTH)",GASTROENTEROLOGY,SOLUTION,7
"OFLOXACIN (OPHTH)","PEDIATRIC CRITICAL CARE MEDICINE",SOLUTION,7
"OFLOXACIN (OPHTH)","SURGICAL CRITICAL CARE (SURGERY)",SOLUTION,7
"OFLOXACIN (OPHTH)","PEDIATRIC OPHTHALMOLOGY",SOLUTION,6
"OFLOXACIN (OPHTH)",ANESTHESIOLOGY,SOLUTION,6
"OFLOXACIN (OPHTH)","PEDIATRIC HEMATOLOGY/ONCOLOGY",SOLUTION,6
"OFLOXACIN (OPHTH)",DENTIST,SOLUTION,5
"OFLOXACIN (OPHTH)","GENERAL PREVENTIVE MEDICINE",SOLUTION,5
"OFLOXACIN (OPHTH)","PLASTIC SURGERY",SOLUTION,5
"OFLOXACIN (OPHTH)","ENDOCRINOLOGY, DIABETES & METABOLISM",SOLUTION,5
"OFLOXACIN (OPHTH)",PODIATRIST,SOLUTION,5
"OFLOXACIN (OPHTH)","FACIAL PLASTIC SURGERY",SOLUTION,5
"OFLOXACIN (OPHTH)","STUDENT, HEALTH CARE",SOLUTION,4
"OFLOXACIN (OPHTH)","PEDIATRIC ENDOCRINOLOGY",SOLUTION,4
"OFLOXACIN (OPHTH)","PEDIATRIC INFECTIOUS DISEASE",SOLUTION,4
"OFLOXACIN (OPHTH)",NEPHROLOGY,SOLUTION,4
"OFLOXACIN (OPHTH)",NEUROLOGY,SOLUTION,3
"OFLOXACIN (OPHTH)","INFECTIOUS DISEASE",SOLUTION,3
"OFLOXACIN (OPHTH)","ALLERGY & IMMUNOLOGY",SOLUTION,3
"OFLOXACIN (OPHTH)","PLASTIC SURGERY WITHIN THE HEAD & NECK",SOLUTION,3
"OFLOXACIN (OPHTH)",UROLOGY,SOLUTION,3
"OFLOXACIN (OPHTH)","RADIATION ONCOLOGY",SOLUTION,3
"OFLOXACIN (OPHTH)",PSYCHIATRY,SOLUTION,3
"OFLOXACIN (OPHTH)","PEDIATRIC CARDIOLOGY",SOLUTION,3
"OFLOXACIN (OPHTH)","PEDIATRIC PULMONOLOGY",SOLUTION,2
"OFLOXACIN (OPHTH)",PHARMACIST,SOLUTION,2
"OFLOXACIN (OPHTH)","MEDICAL ONCOLOGY",SOLUTION,2
"OFLOXACIN (OPHTH)","ADVANCED REGISTERED NURSE",SOLUTION,2
"OFLOXACIN (OPHTH)","CHILD NEUROLOGY",SOLUTION,2
"OFLOXACIN (OPHTH)","PLASTIC SURGERY WITHIN THE HEAD & NECK (OTOLARYNGOLOGY)",SOLUTION,2
"OFLOXACIN (OPHTH)","PEDIATRIC NEPHROLOGY",SOLUTION,2
"OFLOXACIN (OPHTH)","CHILD & ADOLESCENT PSYCHIATRY",SOLUTION,2
"OFLOXACIN (OPHTH)","ORTHOPEDIC SURGERY",SOLUTION,2
"OFLOXACIN (OPHTH)",ALLERGY,SOLUTION,2
"OFLOXACIN (OPHTH)",HEMATOLOGY/ONCOLOGY,SOLUTION,2
"OFLOXACIN (OPHTH)","NATUROPATHIC DOCTOR",SOLUTION,2
"OFLOXACIN (OPHTH)",DERMATOLOGY,SOLUTION,2
"OFLOXACIN (OPHTH)","SLEEP MEDICINE",SOLUTION,1
"OFLOXACIN (OPHTH)","AEROSPACE MEDICINE",SOLUTION,1
"OFLOXACIN (OPHTH)","ORAL & MAXILLOFACIAL SURGERY",SOLUTION,1
"OFLOXACIN (OPHTH)","PULMONARY CRITICAL CARE MEDICINE",SOLUTION,1
"OFLOXACIN (OPHTH)","GERIATRIC MEDICINE (FAMILY MEDICINE)",SOLUTION,1
"OFLOXACIN (OPHTH)","HOSPICE & PALLIATIVE MEDICINE",SOLUTION,1
"OFLOXACIN (OPHTH)","SPORTS MEDICINE (EMERGENCY MEDICINE)",SOLUTION,1
"OFLOXACIN (OPHTH)","VASCULAR MEDICINE",SOLUTION,1
"OFLOXACIN (OPHTH)",PSYCHOLOGY,SOLUTION,1
"OFLOXACIN (OPHTH)","OCCUPATIONAL MEDICINE",SOLUTION,1
"OFLOXACIN (OPHTH)",GYNECOLOGY,SOLUTION,1
"OFLOXACIN (OPHTH)","PEDIATRIC ALLERGY",SOLUTION,1
"OFLOXACIN (OPHTH)","DEVELOPMENTAL/BEHAVIORAL PEDIATRICS",SOLUTION,1
"OFLOXACIN (OPHTH)","THORACIC SURGERY",SOLUTION,1
"OFLOXACIN (OPHTH)","SPORTS MEDICINE (PEDIATRICS)",SOLUTION,1
"OFLOXACIN (OPHTH)",RHEUMATOLOGY,SOLUTION,1
"OFLOXACIN (OPHTH)","NUCLEAR MEDICINE",SOLUTION,1
"OFLOXACIN (OPHTH)","COLON & RECTAL SURGERY",SOLUTION,1
"OFLOXACIN (OPHTH)","TRANSPLANT SURGERY",SOLUTION,1
"OFLOXACIN (OPHTH)","PHYSICAL MEDICINE & REHABILITATION",SOLUTION,1
"OFLOXACIN (OPHTH)","DIAGNOSTIC RADIOLOGY",SOLUTION,1
"OFLOXACIN (OPHTH)","HEAD & NECK SURGERY",SOLUTION,1
"OFLOXACIN (OPHTH)","EMERGENCY MEDICAL SERVICES",SOLUTION,1
"OFLOXACIN (OPHTH)","PULMONARY DISEASE",SOLUTION,1
"OFLOXACIN (OPHTH)","VASCULAR NEUROLOGY",SOLUTION,1
"OFLOXACIN (OPHTH)","ADULT CARDIOTHORACIC ANESTHESIOLOGY",SOLUTION,1
"OFLOXACIN (OTIC)","NURSE PRACTITIONER",SOLUTION,1458
"OFLOXACIN (OTIC)",PEDIATRICS,SOLUTION,1217
"OFLOXACIN (OTIC)",OTOLARYNGOLOGY,SOLUTION,950
"OFLOXACIN (OTIC)","PHYSICIAN ASSISTANT",SOLUTION,843
"OFLOXACIN (OTIC)","FAMILY MEDICINE",SOLUTION,537
"OFLOXACIN (OTIC)","INTERNAL MEDICINE",SOLUTION,232
"OFLOXACIN (OTIC)","EMERGENCY MEDICINE",SOLUTION,127
"OFLOXACIN (OTIC)","PEDIATRIC OTOLARYNGOLOGY",SOLUTION,101
"OFLOXACIN (OTIC)",,SOLUTION,53
"OFLOXACIN (OTIC)","NEUROTOLOGY (OTOLARYNGOLOGY)",SOLUTION,32
"OFLOXACIN (OTIC)","GENERAL PRACTICE",SOLUTION,31
"OFLOXACIN (OTIC)","INTERNAL MEDICINE/PEDIATRICS",SOLUTION,23
"OFLOXACIN (OTIC)","PEDIATRIC EMERGENCY MEDICINE (PEDIATRICS)",SOLUTION,14
"OFLOXACIN (OTIC)","GENERAL SURGERY",SOLUTION,13
"OFLOXACIN (OTIC)","STUDENT, HEALTH CARE",SOLUTION,10
"OFLOXACIN (OTIC)","GERIATRIC MEDICINE (INTERNAL MEDICINE)",SOLUTION,10
"OFLOXACIN (OTIC)",OPHTHALMOLOGY,SOLUTION,10
"OFLOXACIN (OTIC)","CARDIOVASCULAR DISEASE",SOLUTION,10
"OFLOXACIN (OTIC)","PLASTIC SURGERY",SOLUTION,8
"OFLOXACIN (OTIC)","PULMONARY DISEASE",SOLUTION,6
"OFLOXACIN (OTIC)","OBSTETRICS & GYNECOLOGY",SOLUTION,6
"OFLOXACIN (OTIC)",UNSPECIFIED,SOLUTION,5
"OFLOXACIN (OTIC)","NATUROPATHIC DOCTOR",SOLUTION,5
"OFLOXACIN (OTIC)","PEDIATRIC HEMATOLOGY/ONCOLOGY",SOLUTION,5
"OFLOXACIN (OTIC)","HEAD & NECK SURGERY",SOLUTION,5
"OFLOXACIN (OTIC)",ALLERGY,SOLUTION,4
"OFLOXACIN (OTIC)",NEPHROLOGY,SOLUTION,4
"OFLOXACIN (OTIC)","FACIAL PLASTIC SURGERY",SOLUTION,4
"OFLOXACIN (OTIC)","GERIATRIC MEDICINE (FAMILY MEDICINE)",SOLUTION,4
"OFLOXACIN (OTIC)",HEMATOLOGY/ONCOLOGY,SOLUTION,4
"OFLOXACIN (OTIC)","GENERAL PREVENTIVE MEDICINE",SOLUTION,4
"OFLOXACIN (OTIC)",HOSPITALIST,SOLUTION,4
"OFLOXACIN (OTIC)","ADOLESCENT MEDICINE (PEDIATRICS)",SOLUTION,4
"OFLOXACIN (OTIC)",DENTIST,SOLUTION,4
"OFLOXACIN (OTIC)","PEDIATRIC NEPHROLOGY",SOLUTION,3
"OFLOXACIN (OTIC)","ANATOMIC/CLINICAL PATHOLOGY",SOLUTION,3
"OFLOXACIN (OTIC)","INTERNAL MEDICINE/FAMILY MEDICINE",SOLUTION,3
"OFLOXACIN (OTIC)","DIAGNOSTIC RADIOLOGY",SOLUTION,3
"OFLOXACIN (OTIC)","SPORTS MEDICINE (FAMILY MEDICINE)",SOLUTION,3
"OFLOXACIN (OTIC)","PEDIATRIC CRITICAL CARE MEDICINE",SOLUTION,3
"OFLOXACIN (OTIC)","ORTHOPEDIC SURGERY",SOLUTION,2
"OFLOXACIN (OTIC)","PEDIATRIC EMERGENCY MEDICINE",SOLUTION,2
"OFLOXACIN (OTIC)","PEDIATRIC CARDIOLOGY",SOLUTION,2
"OFLOXACIN (OTIC)","ALLERGY & IMMUNOLOGY",SOLUTION,2
"OFLOXACIN (OTIC)","CHILD ABUSE PEDIATRICS",SOLUTION,2
"OFLOXACIN (OTIC)","ADVANCED REGISTERED NURSE",SOLUTION,2
"OFLOXACIN (OTIC)","PUBLIC HEALTH & GENERAL PREVENTIVE MEDICINE",SOLUTION,1
"OFLOXACIN (OTIC)","ADDICTION MEDICINE",SOLUTION,1
"OFLOXACIN (OTIC)","PLASTIC SURGERY WITHIN THE HEAD & NECK",SOLUTION,1
"OFLOXACIN (OTIC)","HOSPICE & PALLIATIVE MEDICINE (FAMILY MEDICINE)",SOLUTION,1
"OFLOXACIN (OTIC)","NURSE MIDWIFE",SOLUTION,1
"OFLOXACIN (OTIC)","CRITICAL CARE MEDICINE (ANESTHESIOLOGY)",SOLUTION,1
"OFLOXACIN (OTIC)","OCCUPATIONAL MEDICINE",SOLUTION,1
"OFLOXACIN (OTIC)","PULMONARY CRITICAL CARE MEDICINE",SOLUTION,1
"OFLOXACIN (OTIC)",PSYCHIATRY,SOLUTION,1
"OFLOXACIN (OTIC)","PEDIATRIC ENDOCRINOLOGY",SOLUTION,1
"OFLOXACIN (OTIC)","HOSPICE & PALLIATIVE MEDICINE",SOLUTION,1
"OFLOXACIN (OTIC)","NEONATAL-PERINATAL MEDICINE",SOLUTION,1
"OFLOXACIN (OTIC)","REGISTERED NURSE",SOLUTION,1
"OFLOXACIN (OTIC)","PLASTIC SURGERY WITHIN THE HEAD & NECK (OTOLARYNGOLOGY)",SOLUTION,1
"OFLOXACIN (OTIC)",DERMATOLOGY,SOLUTION,1
"OFLOXACIN (OTIC)","PAIN MEDICINE (PHYSICAL MEDICINE & REHABILITATION)",SOLUTION,1
"OFLOXACIN (OTIC)",VETERINARIAN,SOLUTION,1
"OFLOXACIN (OTIC)",RHEUMATOLOGY,SOLUTION,1
"OFLOXACIN (OTIC)","PEDIATRIC GASTROENTEROLOGY",SOLUTION,1
"OFLOXACIN (OTIC)","PEDIATRIC PULMONOLOGY",SOLUTION,1
"OFLOXACIN (OTIC)","PEDIATRICS/EMERGENCY MEDICINE",SOLUTION,1
"OFLOXACIN (OTIC)","GYNECOLOGICAL ONCOLOGY",SOLUTION,1
"OFLOXACIN (OTIC)",PODIATRIST,SOLUTION,1
"OFLOXACIN (OTIC)","INTERVENTIONAL CARDIOLOGY",SOLUTION,1
"OFLOXACIN (OTIC)","MEDICAL ONCOLOGY",SOLUTION,1
"OFLOXACIN (OTIC)","PSYCHIATRY/FAMILY MEDICINE",SOLUTION,1
"OFLOXACIN (OTIC)","CLINICAL NURSE SPECIALIST",SOLUTION,1
"OFLOXACIN (OTIC)","ENDOCRINOLOGY, DIABETES & METABOLISM",SOLUTION,1
"OFLOXACIN (OTIC)",ANESTHESIOLOGY,SOLUTION,1
"OFLOXACIN (OTIC)","NUCLEAR MEDICINE",SOLUTION,1
"OFLOXACIN (OTIC)","PEDIATRIC INFECTIOUS DISEASE",SOLUTION,1
"OFLOXACIN (OTIC)","INTERNAL MEDICINE/EMERGENCY MEDICINE",SOLUTION,1
"OFLOXACIN (OTIC)",RADIOLOGY,SOLUTION,1
"OFLOXACIN (OTIC)","PEDIATRIC ALLERGY",SOLUTION,1
"OFLOXACIN (OTIC)","INFECTIOUS DISEASE",SOLUTION,1
"OFLOXACIN (OTIC)","CHILD NEUROLOGY",SOLUTION,1
"OMADACYCLINE TOSYLATE","INFECTIOUS DISEASE",TABLET,3
"OXACILLIN SODIUM","INFECTIOUS DISEASE","SOLUTION RECONSTITUTED",1
"OXACILLIN SODIUM",HOSPITALIST,"SOLUTION RECONSTITUTED",1
"PENICILLIN G BENZATHINE","NURSE PRACTITIONER",SUSPENSION,20
"PENICILLIN G BENZATHINE","INTERNAL MEDICINE",SUSPENSION,14
"PENICILLIN G BENZATHINE",PEDIATRICS,SUSPENSION,14
"PENICILLIN G BENZATHINE","PHYSICIAN ASSISTANT",SUSPENSION,11
"PENICILLIN G BENZATHINE","INFECTIOUS DISEASE",SUSPENSION,10
"PENICILLIN G BENZATHINE","FAMILY MEDICINE",SUSPENSION,9
"PENICILLIN G BENZATHINE","GENERAL PRACTICE",SUSPENSION,9
"PENICILLIN G BENZATHINE","OBSTETRICS & GYNECOLOGY",SUSPENSION,9
"PENICILLIN G BENZATHINE","INTERNAL MEDICINE/PEDIATRICS",SUSPENSION,2
"PENICILLIN G BENZATHINE",DERMATOLOGY,SUSPENSION,1
"PENICILLIN G BENZATHINE",NEUROLOGY,SUSPENSION,1
"PENICILLIN G BENZATHINE","NATUROPATHIC DOCTOR",SUSPENSION,1
"PENICILLIN G BENZATHINE","MEDICAL ONCOLOGY",SUSPENSION,1
"PENICILLIN G BENZATHINE",RHEUMATOLOGY,SUSPENSION,1
"PENICILLIN G BENZATHINE",PSYCHIATRY,SUSPENSION,1
"PENICILLIN G BENZATHINE & PROCAINE","GENERAL PRACTICE",SUSPENSION,2
"PENICILLIN G BENZATHINE & PROCAINE","INTERNAL MEDICINE",SUSPENSION,1
"PENICILLIN G BENZATHINE & PROCAINE",PEDIATRICS,SUSPENSION,1
"PENICILLIN G BENZATHINE & PROCAINE","INFECTIOUS DISEASE",SUSPENSION,1
"PENICILLIN G POTASSIUM","ALLERGY & IMMUNOLOGY","SOLUTION RECONSTITUTED",2
"PENICILLIN G POTASSIUM","INFECTIOUS DISEASE","SOLUTION RECONSTITUTED",1
"PENICILLIN G POTASSIUM","INTERNAL MEDICINE","SOLUTION RECONSTITUTED",1
"PENICILLIN G PROCAINE","OBSTETRICS & GYNECOLOGY",SUSPENSION,1
"PENICILLIN V POTASSIUM",DENTIST,TABLET,7020
"PENICILLIN V POTASSIUM","NURSE PRACTITIONER",TABLET,1905
"PENICILLIN V POTASSIUM","ORAL & MAXILLOFACIAL SURGERY",TABLET,1372
"PENICILLIN V POTASSIUM","PHYSICIAN ASSISTANT",TABLET,1275
"PENICILLIN V POTASSIUM","FAMILY MEDICINE",TABLET,1058
"PENICILLIN V POTASSIUM","EMERGENCY MEDICINE",TABLET,830
"PENICILLIN V POTASSIUM","INTERNAL MEDICINE",TABLET,410
"PENICILLIN V POTASSIUM","NURSE PRACTITIONER","SOLUTION RECONSTITUTED",328
"PENICILLIN V POTASSIUM","PEDIATRIC HEMATOLOGY/ONCOLOGY","SOLUTION RECONSTITUTED",209
"PENICILLIN V POTASSIUM",PEDIATRICS,TABLET,202
"PENICILLIN V POTASSIUM",PEDIATRICS,"SOLUTION RECONSTITUTED",181
"PENICILLIN V POTASSIUM",DENTIST,"SOLUTION RECONSTITUTED",175
"PENICILLIN V POTASSIUM","PHYSICIAN ASSISTANT","SOLUTION RECONSTITUTED",113
"PENICILLIN V POTASSIUM",,TABLET,107
"PENICILLIN V POTASSIUM","INFECTIOUS DISEASE",TABLET,82
"PENICILLIN V POTASSIUM","OBSTETRICS & GYNECOLOGY",TABLET,82
"PENICILLIN V POTASSIUM","FAMILY MEDICINE","SOLUTION RECONSTITUTED",79
"PENICILLIN V POTASSIUM","PEDIATRIC HEMATOLOGY/ONCOLOGY",TABLET,61
"PENICILLIN V POTASSIUM","EMERGENCY MEDICINE","SOLUTION RECONSTITUTED",55
"PENICILLIN V POTASSIUM","GENERAL PRACTICE",TABLET,48
"PENICILLIN V POTASSIUM","GENERAL SURGERY",TABLET,35
"PENICILLIN V POTASSIUM",HEMATOLOGY/ONCOLOGY,TABLET,35
"PENICILLIN V POTASSIUM",DENTISTRY/ENDODONTICS,TABLET,31
"PENICILLIN V POTASSIUM","INTERNAL MEDICINE/PEDIATRICS",TABLET,25
"PENICILLIN V POTASSIUM","ORTHOPEDIC SURGERY",TABLET,25
"PENICILLIN V POTASSIUM",DENTISTRY/PERIODONTICS,TABLET,19
"PENICILLIN V POTASSIUM","ORAL & MAXILLOFACIAL SURGERY","SOLUTION RECONSTITUTED",18
"PENICILLIN V POTASSIUM","CARDIOVASCULAR DISEASE",TABLET,18
"PENICILLIN V POTASSIUM","PLASTIC SURGERY",TABLET,17
"PENICILLIN V POTASSIUM","SPORTS MEDICINE (FAMILY MEDICINE)",TABLET,17
"PENICILLIN V POTASSIUM","PEDIATRIC CARDIOLOGY",TABLET,16
"PENICILLIN V POTASSIUM",OTOLARYNGOLOGY,TABLET,16
"PENICILLIN V POTASSIUM",UROLOGY,TABLET,15
"PENICILLIN V POTASSIUM","MEDICAL ONCOLOGY",TABLET,14
"PENICILLIN V POTASSIUM","HEAD & NECK SURGERY",TABLET,14
"PENICILLIN V POTASSIUM",,"SOLUTION RECONSTITUTED",12
"PENICILLIN V POTASSIUM",DERMATOLOGY,TABLET,12
"PENICILLIN V POTASSIUM",NEPHROLOGY,TABLET,11
"PENICILLIN V POTASSIUM",PODIATRIST,TABLET,10
"PENICILLIN V POTASSIUM","STUDENT, HEALTH CARE",TABLET,9
"PENICILLIN V POTASSIUM","GERIATRIC MEDICINE (INTERNAL MEDICINE)",TABLET,9
"PENICILLIN V POTASSIUM",HOSPITALIST,TABLET,9
"PENICILLIN V POTASSIUM",HEMATOLOGY/ONCOLOGY,"SOLUTION RECONSTITUTED",7
"PENICILLIN V POTASSIUM","ALLERGY & IMMUNOLOGY",TABLET,7
"PENICILLIN V POTASSIUM",GASTROENTEROLOGY,TABLET,7
"PENICILLIN V POTASSIUM",NEUROLOGY,TABLET,7
"PENICILLIN V POTASSIUM",GYNECOLOGY,TABLET,7
"PENICILLIN V POTASSIUM","PULMONARY DISEASE",TABLET,6
"PENICILLIN V POTASSIUM",PSYCHIATRY,TABLET,6
"PENICILLIN V POTASSIUM","HEMATOLOGY (INTERNAL MEDICINE)",TABLET,6
"PENICILLIN V POTASSIUM","PHYSICAL MEDICINE & REHABILITATION",TABLET,6
"PENICILLIN V POTASSIUM","PEDIATRIC CARDIOLOGY","SOLUTION RECONSTITUTED",6
"PENICILLIN V POTASSIUM","STUDENT, HEALTH CARE","SOLUTION RECONSTITUTED",5
"PENICILLIN V POTASSIUM","OCCUPATIONAL MEDICINE",TABLET,5
"PENICILLIN V POTASSIUM","INTERNAL MEDICINE/EMERGENCY MEDICINE",TABLET,4
"PENICILLIN V POTASSIUM","EMERGENCY MEDICAL SERVICES",TABLET,4
"PENICILLIN V POTASSIUM","AEROSPACE MEDICINE",TABLET,4
"PENICILLIN V POTASSIUM","INTERNAL MEDICINE","SOLUTION RECONSTITUTED",4
"PENICILLIN V POTASSIUM",ANESTHESIOLOGY,TABLET,4
"PENICILLIN V POTASSIUM",DENTISTRY/PEDODONTICS,TABLET,4
"PENICILLIN V POTASSIUM",RHEUMATOLOGY,TABLET,4
"PENICILLIN V POTASSIUM","ENDOCRINOLOGY, DIABETES & METABOLISM",TABLET,4
"PENICILLIN V POTASSIUM","NURSE MIDWIFE",TABLET,4
"PENICILLIN V POTASSIUM",PSYCHOLOGY,TABLET,3
"PENICILLIN V POTASSIUM","GERIATRIC MEDICINE (FAMILY MEDICINE)",TABLET,3
"PENICILLIN V POTASSIUM","GENERAL PREVENTIVE MEDICINE",TABLET,3
"PENICILLIN V POTASSIUM","PEDIATRIC INFECTIOUS DISEASE",TABLET,3
"PENICILLIN V POTASSIUM","HEMATOLOGY (INTERNAL MEDICINE)","SOLUTION RECONSTITUTED",3
"PENICILLIN V POTASSIUM","ADDICTION MEDICINE",TABLET,3
"PENICILLIN V POTASSIUM","ALLERGY & IMMUNOLOGY","SOLUTION RECONSTITUTED",3
"PENICILLIN V POTASSIUM","MEDICAL TOXICOLOGY (EMERGENCY MEDICINE)",TABLET,3
"PENICILLIN V POTASSIUM","PEDIATRIC RHEUMATOLOGY",TABLET,3
"PENICILLIN V POTASSIUM","COLON & RECTAL SURGERY",TABLET,2
"PENICILLIN V POTASSIUM","PEDIATRIC INFECTIOUS DISEASE","SOLUTION RECONSTITUTED",2
"PENICILLIN V POTASSIUM",DENTISTRY/PEDODONTICS,"SOLUTION RECONSTITUTED",2
"PENICILLIN V POTASSIUM","THORACIC SURGERY",TABLET,2
"PENICILLIN V POTASSIUM","NATUROPATHIC DOCTOR",TABLET,2
"PENICILLIN V POTASSIUM","PEDIATRIC NEPHROLOGY","SOLUTION RECONSTITUTED",2
"PENICILLIN V POTASSIUM",OPHTHALMOLOGY,TABLET,2
"PENICILLIN V POTASSIUM","GENERAL PRACTICE","SOLUTION RECONSTITUTED",2
"PENICILLIN V POTASSIUM","OSTEOPATHIC MANIPULATIVE MEDICINE",TABLET,2
"PENICILLIN V POTASSIUM",DERMATOLOGY,"SOLUTION RECONSTITUTED",2
"PENICILLIN V POTASSIUM","PEDIATRIC GASTROENTEROLOGY","SOLUTION RECONSTITUTED",2
"PENICILLIN V POTASSIUM","SPORTS MEDICINE (FAMILY MEDICINE)","SOLUTION RECONSTITUTED",2
"PENICILLIN V POTASSIUM","INTERNAL MEDICINE/PEDIATRICS","SOLUTION RECONSTITUTED",2
"PENICILLIN V POTASSIUM","INTERVENTIONAL CARDIOLOGY",TABLET,2
"PENICILLIN V POTASSIUM",OPTOMETRIST,TABLET,2
"PENICILLIN V POTASSIUM","ANATOMIC/CLINICAL PATHOLOGY",TABLET,2
"PENICILLIN V POTASSIUM","PULMONARY CRITICAL CARE MEDICINE",TABLET,2
"PENICILLIN V POTASSIUM","ADVANCED REGISTERED NURSE",TABLET,2
"PENICILLIN V POTASSIUM","PEDIATRIC SURGERY",TABLET,1
"PENICILLIN V POTASSIUM","NEURODEVELOPMENTAL DISABILITIES (PSYCHIATRY & NEUROLOGY)",TABLET,1
"PENICILLIN V POTASSIUM","ADOLESCENT MEDICINE (PEDIATRICS)",TABLET,1
"PENICILLIN V POTASSIUM","PEDIATRIC UROLOGY","SOLUTION RECONSTITUTED",1
"PENICILLIN V POTASSIUM","VASCULAR & INTERVENTIONAL RADIOLOGY",TABLET,1
"PENICILLIN V POTASSIUM",RADIOLOGY,TABLET,1
"PENICILLIN V POTASSIUM","MEDICAL ONCOLOGY","SOLUTION RECONSTITUTED",1
"PENICILLIN V POTASSIUM","PEDIATRIC EMERGENCY MEDICINE (PEDIATRICS)",TABLET,1
"PENICILLIN V POTASSIUM","ADVANCED HEART FAILURE & TRANSPLANT CARDIOLOGY",TABLET,1
"PENICILLIN V POTASSIUM","PEDIATRIC TRANSPLANT HEPATOLOGY","SOLUTION RECONSTITUTED",1
"PENICILLIN V POTASSIUM","NEONATAL-PERINATAL MEDICINE",TABLET,1
"PENICILLIN V POTASSIUM",PHARMACIST,"SOLUTION RECONSTITUTED",1
"PENICILLIN V POTASSIUM","NUCLEAR MEDICINE","SOLUTION RECONSTITUTED",1
"PENICILLIN V POTASSIUM","VASCULAR NEUROLOGY",TABLET,1
"PENICILLIN V POTASSIUM","PAIN MEDICINE","SOLUTION RECONSTITUTED",1
"PENICILLIN V POTASSIUM","ABDOMINAL RADIOLOGY",TABLET,1
"PENICILLIN V POTASSIUM","PEDIATRIC EMERGENCY MEDICINE","SOLUTION RECONSTITUTED",1
"PENICILLIN V POTASSIUM","PEDIATRIC RADIOLOGY",TABLET,1
"PENICILLIN V POTASSIUM",PHARMACIST,TABLET,1
"PENICILLIN V POTASSIUM","NURSE MIDWIFE","SOLUTION RECONSTITUTED",1
"PENICILLIN V POTASSIUM","PUBLIC HEALTH & GENERAL PREVENTIVE MEDICINE",TABLET,1
"PENICILLIN V POTASSIUM","SPORTS MEDICINE (ORTHOPEDIC SURGERY)",TABLET,1
"PENICILLIN V POTASSIUM","SLEEP MEDICINE",TABLET,1
"PENICILLIN V POTASSIUM","OCCUPATIONAL MEDICINE","SOLUTION RECONSTITUTED",1
"PENICILLIN V POTASSIUM","PEDIATRIC DERMATOLOGY","SOLUTION RECONSTITUTED",1
"PENICILLIN V POTASSIUM","CRITICAL CARE MEDICINE (ANESTHESIOLOGY)",TABLET,1
"PENICILLIN V POTASSIUM","NEUROLOGICAL SURGERY",TABLET,1
"PENICILLIN V POTASSIUM","PEDIATRICS/EMERGENCY MEDICINE",TABLET,1
"PENICILLIN V POTASSIUM","HOSPICE & PALLIATIVE MEDICINE",TABLET,1
"PENICILLIN V POTASSIUM",OPHTHALMOLOGY,"SOLUTION RECONSTITUTED",1
"PENICILLIN V POTASSIUM","GENERAL PREVENTIVE MEDICINE","SOLUTION RECONSTITUTED",1
"PENICILLIN V POTASSIUM",SPECIALIST/TECHNOLOGIST/TECHNICIAN-OTHER,TABLET,1
"PENICILLIN V POTASSIUM","PSYCHIATRY/FAMILY MEDICINE",TABLET,1
"PENICILLIN V POTASSIUM","DIAGNOSTIC RADIOLOGY",TABLET,1
"PENICILLIN V POTASSIUM","PAIN MEDICINE (PHYSICAL MEDICINE & REHABILITATION)",TABLET,1
"PENICILLIN V POTASSIUM","GERIATRIC MEDICINE (FAMILY MEDICINE)","SOLUTION RECONSTITUTED",1
"PENICILLIN V POTASSIUM","CHILD & ADOLESCENT PSYCHIATRY",TABLET,1
"PENICILLIN V POTASSIUM","INTERNAL MEDICINE/FAMILY MEDICINE",TABLET,1
"PENICILLIN V POTASSIUM",CHIROPRACTIC,TABLET,1
"PENICILLIN V POTASSIUM","FACIAL PLASTIC SURGERY",TABLET,1
"PENICILLIN V POTASSIUM",UNSPECIFIED,TABLET,1
"PENICILLIN V POTASSIUM","ORTHOPEDIC SURGERY OF THE SPINE",TABLET,1
"PENICILLIN V POTASSIUM",HOSPITALIST,"SOLUTION RECONSTITUTED",1
"PENICILLIN V POTASSIUM","PEDIATRIC GASTROENTEROLOGY",TABLET,1
"PENICILLIN V POTASSIUM","MEDICAL GENETICS","SOLUTION RECONSTITUTED",1
"PENICILLIN V POTASSIUM","PEDIATRIC NEPHROLOGY",TABLET,1
"PENICILLIN V POTASSIUM","CARDIOVASCULAR DISEASE","SOLUTION RECONSTITUTED",1
"PENICILLIN V POTASSIUM",NEUROLOGY,"SOLUTION RECONSTITUTED",1
"PENICILLIN V POTASSIUM","SURGICAL CRITICAL CARE (SURGERY)",TABLET,1
"PENICILLIN V POTASSIUM","INFECTIOUS DISEASE","SOLUTION RECONSTITUTED",1
"PENICILLIN V POTASSIUM","PAIN MEDICINE",TABLET,1
"PENTAMIDINE ISETHIONATE","HEMATOLOGY (INTERNAL MEDICINE)","SOLUTION RECONSTITUTED",3
"PENTAMIDINE ISETHIONATE","NURSE PRACTITIONER","SOLUTION RECONSTITUTED",2
"PENTAMIDINE ISETHIONATE",NEPHROLOGY,"SOLUTION RECONSTITUTED",2
"PENTAMIDINE ISETHIONATE",HEMATOLOGY/ONCOLOGY,"SOLUTION RECONSTITUTED",1
"PENTAMIDINE ISETHIONATE","INTERNAL MEDICINE","SOLUTION RECONSTITUTED",1
"PIPERACILLIN SODIUM-TAZOBACTAM SODIUM","INTERNAL MEDICINE","SOLUTION RECONSTITUTED",16
"PIPERACILLIN SODIUM-TAZOBACTAM SODIUM","FAMILY MEDICINE","SOLUTION RECONSTITUTED",9
"PIPERACILLIN SODIUM-TAZOBACTAM SODIUM","INFECTIOUS DISEASE","SOLUTION RECONSTITUTED",3
"PIPERACILLIN SODIUM-TAZOBACTAM SODIUM","GENERAL SURGERY","SOLUTION RECONSTITUTED",2
"PIPERACILLIN SODIUM-TAZOBACTAM SODIUM","STUDENT, HEALTH CARE","SOLUTION RECONSTITUTED",2
"PIPERACILLIN SODIUM-TAZOBACTAM SODIUM","GERIATRIC MEDICINE (INTERNAL MEDICINE)","SOLUTION RECONSTITUTED",1
"PIPERACILLIN SODIUM-TAZOBACTAM SODIUM",,"SOLUTION RECONSTITUTED",1
"PIPERACILLIN SODIUM-TAZOBACTAM SODIUM","THORACIC SURGERY","SOLUTION RECONSTITUTED",1
"PIPERACILLIN SODIUM-TAZOBACTAM SODIUM",NEPHROLOGY,"SOLUTION RECONSTITUTED",1
"PIPERACILLIN SODIUM-TAZOBACTAM SODIUM","NURSE PRACTITIONER","SOLUTION RECONSTITUTED",1
"PIPERACILLIN SODIUM-TAZOBACTAM SODIUM",OTOLARYNGOLOGY,"SOLUTION RECONSTITUTED",1
"PIPERACILLIN SODIUM-TAZOBACTAM SODIUM",ANESTHESIOLOGY,"SOLUTION RECONSTITUTED",1
"POLYMYXIN B SULFATE",UROLOGY,"SOLUTION RECONSTITUTED",1
"POLYMYXIN B-TRIMETHOPRIM",PEDIATRICS,SOLUTION,2918
"POLYMYXIN B-TRIMETHOPRIM","NURSE PRACTITIONER",SOLUTION,2713
"POLYMYXIN B-TRIMETHOPRIM","PHYSICIAN ASSISTANT",SOLUTION,1456
"POLYMYXIN B-TRIMETHOPRIM","FAMILY MEDICINE",SOLUTION,1453
"POLYMYXIN B-TRIMETHOPRIM",OPHTHALMOLOGY,SOLUTION,1229
"POLYMYXIN B-TRIMETHOPRIM",OPTOMETRIST,SOLUTION,524
"POLYMYXIN B-TRIMETHOPRIM","EMERGENCY MEDICINE",SOLUTION,412
"POLYMYXIN B-TRIMETHOPRIM","INTERNAL MEDICINE",SOLUTION,319
"POLYMYXIN B-TRIMETHOPRIM",,SOLUTION,95
"POLYMYXIN B-TRIMETHOPRIM","INTERNAL MEDICINE/PEDIATRICS",SOLUTION,55
"POLYMYXIN B-TRIMETHOPRIM","GENERAL PRACTICE",SOLUTION,30
"POLYMYXIN B-TRIMETHOPRIM","OBSTETRICS & GYNECOLOGY",SOLUTION,27
"POLYMYXIN B-TRIMETHOPRIM","PEDIATRIC EMERGENCY MEDICINE (PEDIATRICS)",SOLUTION,26
"POLYMYXIN B-TRIMETHOPRIM","NEONATAL-PERINATAL MEDICINE",SOLUTION,19
"POLYMYXIN B-TRIMETHOPRIM","PEDIATRIC EMERGENCY MEDICINE",SOLUTION,17
"POLYMYXIN B-TRIMETHOPRIM","GENERAL SURGERY",SOLUTION,17
"POLYMYXIN B-TRIMETHOPRIM","CARDIOVASCULAR DISEASE",SOLUTION,13
"POLYMYXIN B-TRIMETHOPRIM","PEDIATRIC HEMATOLOGY/ONCOLOGY",SOLUTION,13
"POLYMYXIN B-TRIMETHOPRIM","STUDENT, HEALTH CARE",SOLUTION,12
"POLYMYXIN B-TRIMETHOPRIM","RETINAL SPECIALIST",SOLUTION,11
"POLYMYXIN B-TRIMETHOPRIM","SPORTS MEDICINE (FAMILY MEDICINE)",SOLUTION,10
"POLYMYXIN B-TRIMETHOPRIM",HOSPITALIST,SOLUTION,10
"POLYMYXIN B-TRIMETHOPRIM",NEPHROLOGY,SOLUTION,9
"POLYMYXIN B-TRIMETHOPRIM",PSYCHIATRY,SOLUTION,9
"POLYMYXIN B-TRIMETHOPRIM","ALLERGY & IMMUNOLOGY",SOLUTION,8
"POLYMYXIN B-TRIMETHOPRIM","PEDIATRIC CRITICAL CARE MEDICINE",SOLUTION,8
"POLYMYXIN B-TRIMETHOPRIM","OCCUPATIONAL MEDICINE",SOLUTION,8
"POLYMYXIN B-TRIMETHOPRIM",OTOLARYNGOLOGY,SOLUTION,8
"POLYMYXIN B-TRIMETHOPRIM","GERIATRIC MEDICINE (FAMILY MEDICINE)",SOLUTION,6
"POLYMYXIN B-TRIMETHOPRIM","PEDIATRIC INFECTIOUS DISEASE",SOLUTION,5
"POLYMYXIN B-TRIMETHOPRIM",DERMATOLOGY,SOLUTION,5
"POLYMYXIN B-TRIMETHOPRIM",ANESTHESIOLOGY,SOLUTION,5
"POLYMYXIN B-TRIMETHOPRIM","PLASTIC SURGERY",SOLUTION,5
"POLYMYXIN B-TRIMETHOPRIM","PEDIATRIC NEPHROLOGY",SOLUTION,4
"POLYMYXIN B-TRIMETHOPRIM","PEDIATRIC ENDOCRINOLOGY",SOLUTION,4
"POLYMYXIN B-TRIMETHOPRIM","PEDIATRIC CARDIOLOGY",SOLUTION,4
"POLYMYXIN B-TRIMETHOPRIM","ADOLESCENT MEDICINE (PEDIATRICS)",SOLUTION,3
"POLYMYXIN B-TRIMETHOPRIM","HOSPICE & PALLIATIVE MEDICINE",SOLUTION,3
"POLYMYXIN B-TRIMETHOPRIM",HEMATOLOGY/ONCOLOGY,SOLUTION,3
"POLYMYXIN B-TRIMETHOPRIM","PEDIATRIC OPHTHALMOLOGY",SOLUTION,3
"POLYMYXIN B-TRIMETHOPRIM","GERIATRIC MEDICINE (INTERNAL MEDICINE)",SOLUTION,3
"POLYMYXIN B-TRIMETHOPRIM",DENTIST,SOLUTION,3
"POLYMYXIN B-TRIMETHOPRIM","DIAGNOSTIC RADIOLOGY",SOLUTION,3
"POLYMYXIN B-TRIMETHOPRIM","NUCLEAR MEDICINE",SOLUTION,3
"POLYMYXIN B-TRIMETHOPRIM","ADVANCED REGISTERED NURSE",SOLUTION,3
"POLYMYXIN B-TRIMETHOPRIM","ANATOMIC/CLINICAL PATHOLOGY",SOLUTION,3
"POLYMYXIN B-TRIMETHOPRIM",RHEUMATOLOGY,SOLUTION,2
"POLYMYXIN B-TRIMETHOPRIM","ENDOCRINOLOGY, DIABETES & METABOLISM",SOLUTION,2
"POLYMYXIN B-TRIMETHOPRIM","MEDICAL ONCOLOGY",SOLUTION,2
"POLYMYXIN B-TRIMETHOPRIM",VETERINARIAN,SOLUTION,2
"POLYMYXIN B-TRIMETHOPRIM",NEUROLOGY,SOLUTION,2
"POLYMYXIN B-TRIMETHOPRIM","INTERNAL MEDICINE/FAMILY MEDICINE",SOLUTION,2
"POLYMYXIN B-TRIMETHOPRIM","PULMONARY DISEASE",SOLUTION,2
"POLYMYXIN B-TRIMETHOPRIM","GENERAL PREVENTIVE MEDICINE",SOLUTION,2
"POLYMYXIN B-TRIMETHOPRIM",GASTROENTEROLOGY,SOLUTION,2
"POLYMYXIN B-TRIMETHOPRIM","PEDIATRIC GASTROENTEROLOGY",SOLUTION,2
"POLYMYXIN B-TRIMETHOPRIM","MEDICAL GENETICS",SOLUTION,2
"POLYMYXIN B-TRIMETHOPRIM","TRANSITIONAL YEAR",SOLUTION,2
"POLYMYXIN B-TRIMETHOPRIM","SPORTS MEDICINE (PEDIATRICS)",SOLUTION,2
"POLYMYXIN B-TRIMETHOPRIM","PEDIATRIC PULMONOLOGY",SOLUTION,2
"POLYMYXIN B-TRIMETHOPRIM",PHARMACIST,SOLUTION,2
"POLYMYXIN B-TRIMETHOPRIM","SURGICAL CRITICAL CARE (SURGERY)",SOLUTION,2
"POLYMYXIN B-TRIMETHOPRIM",OBSTETRICS,SOLUTION,1
"POLYMYXIN B-TRIMETHOPRIM","NOT APPLICABLE",SOLUTION,1
"POLYMYXIN B-TRIMETHOPRIM","ADDICTION MEDICINE",SOLUTION,1
"POLYMYXIN B-TRIMETHOPRIM","CRITICAL CARE MEDICINE (INTERNAL MEDICINE)",SOLUTION,1
"POLYMYXIN B-TRIMETHOPRIM",UROLOGY,SOLUTION,1
"POLYMYXIN B-TRIMETHOPRIM","EMERGENCY MEDICAL SERVICES",SOLUTION,1
"POLYMYXIN B-TRIMETHOPRIM","GERIATRIC PSYCHIATRY",SOLUTION,1
"POLYMYXIN B-TRIMETHOPRIM","PHYSICAL MEDICINE & REHABILITATION",SOLUTION,1
"POLYMYXIN B-TRIMETHOPRIM","PEDIATRIC REHABILITATION MEDICINE",SOLUTION,1
"POLYMYXIN B-TRIMETHOPRIM","PEDIATRICS/EMERGENCY MEDICINE",SOLUTION,1
"POLYMYXIN B-TRIMETHOPRIM","VASCULAR SURGERY",SOLUTION,1
"POLYMYXIN B-TRIMETHOPRIM","RADIATION ONCOLOGY",SOLUTION,1
"POLYMYXIN B-TRIMETHOPRIM","PAIN MEDICINE",SOLUTION,1
"POLYMYXIN B-TRIMETHOPRIM",PODIATRIST,SOLUTION,1
"POLYMYXIN B-TRIMETHOPRIM",UNSPECIFIED,SOLUTION,1
"POLYMYXIN B-TRIMETHOPRIM","NATUROPATHIC DOCTOR",SOLUTION,1
"POLYMYXIN B-TRIMETHOPRIM","CLINICAL NURSE SPECIALIST",SOLUTION,1
"POLYMYXIN B-TRIMETHOPRIM","INTERVENTIONAL CARDIOLOGY",SOLUTION,1
"POLYMYXIN B-TRIMETHOPRIM","SLEEP MEDICINE",SOLUTION,1
"POLYMYXIN B-TRIMETHOPRIM","CLINICAL CARDIAC ELECTROPHYSIOLOGY",SOLUTION,1
"POLYMYXIN B-TRIMETHOPRIM","INFECTIOUS DISEASE",SOLUTION,1
"POLYMYXIN B-TRIMETHOPRIM","ORTHOPEDIC SURGERY",SOLUTION,1
"POLYMYXIN B-TRIMETHOPRIM","MEDICAL TOXICOLOGY (EMERGENCY MEDICINE)",SOLUTION,1
"POLYMYXIN B-TRIMETHOPRIM","CHILD ABUSE PEDIATRICS",SOLUTION,1
"POLYMYXIN B-TRIMETHOPRIM","AEROSPACE MEDICINE",SOLUTION,1
"POLYMYXIN B-TRIMETHOPRIM","HAND SURGERY",SOLUTION,1
"POLYMYXIN B-TRIMETHOPRIM","FACIAL PLASTIC SURGERY",SOLUTION,1
"POLYMYXIN B-TRIMETHOPRIM","NEUROLOGICAL SURGERY",SOLUTION,1
"POLYMYXIN B-TRIMETHOPRIM","NEURODEVELOPMENTAL DISABILITIES (PEDIATRICS)",SOLUTION,1
"POLYMYXIN B-TRIMETHOPRIM","INTERNAL MEDICINE/EMERGENCY MEDICINE",SOLUTION,1
"POLYMYXIN B-TRIMETHOPRIM","SPORTS MEDICINE (EMERGENCY MEDICINE)",SOLUTION,1
"POLYMYXIN B-TRIMETHOPRIM","PEDIATRIC ALLERGY",SOLUTION,1
"POVIDONE-IODINE (OPHTH)",OPTOMETRIST,SOLUTION,1
"POVIDONE-IODINE (OPHTH)",PODIATRIST,SOLUTION,1
PRAZIQUANTEL,"FAMILY MEDICINE",TABLET,9
PRAZIQUANTEL,"NURSE PRACTITIONER",TABLET,6
PRAZIQUANTEL,PEDIATRICS,TABLET,3
PRAZIQUANTEL,"INTERNAL MEDICINE",TABLET,3
PRAZIQUANTEL,"PHYSICIAN ASSISTANT",TABLET,2
PRAZIQUANTEL,"INFECTIOUS DISEASE",TABLET,2
PRAZIQUANTEL,"EMERGENCY MEDICINE",TABLET,2
PRAZIQUANTEL,GASTROENTEROLOGY,TABLET,1
PRAZIQUANTEL,"NATUROPATHIC DOCTOR",TABLET,1
PRAZIQUANTEL,NEPHROLOGY,TABLET,1
PRAZIQUANTEL,"INTERNAL MEDICINE/PEDIATRICS",TABLET,1
PRAZIQUANTEL,RHEUMATOLOGY,TABLET,1
"SARECYCLINE HCL",DERMATOLOGY,TABLET,230
"SARECYCLINE HCL","PHYSICIAN ASSISTANT",TABLET,156
"SARECYCLINE HCL","NURSE PRACTITIONER",TABLET,39
"SARECYCLINE HCL","PEDIATRIC DERMATOLOGY",TABLET,3
"SARECYCLINE HCL","PROCEDURAL DERMATOLOGY",TABLET,2
"SARECYCLINE HCL",NEUROLOGY,TABLET,1
"SARECYCLINE HCL","SPORTS MEDICINE (FAMILY MEDICINE)",TABLET,1
"SARECYCLINE HCL",DERMATOPATHOLOGY,TABLET,1
"SARECYCLINE HCL","FAMILY MEDICINE",TABLET,1
"SARECYCLINE HCL",DENTIST,TABLET,1
"SULFACETAMIDE SODIUM (OPHTH)","FAMILY MEDICINE",SOLUTION,384
"SULFACETAMIDE SODIUM (OPHTH)","PHYSICIAN ASSISTANT",SOLUTION,180
"SULFACETAMIDE SODIUM (OPHTH)","NURSE PRACTITIONER",SOLUTION,166
"SULFACETAMIDE SODIUM (OPHTH)","INTERNAL MEDICINE",SOLUTION,115
"SULFACETAMIDE SODIUM (OPHTH)","EMERGENCY MEDICINE",SOLUTION,87
"SULFACETAMIDE SODIUM (OPHTH)",PEDIATRICS,SOLUTION,55
"SULFACETAMIDE SODIUM (OPHTH)",OPHTHALMOLOGY,SOLUTION,25
"SULFACETAMIDE SODIUM (OPHTH)",OTOLARYNGOLOGY,SOLUTION,21
"SULFACETAMIDE SODIUM (OPHTH)","GENERAL PRACTICE",SOLUTION,9
"SULFACETAMIDE SODIUM (OPHTH)",OPTOMETRIST,SOLUTION,7
"SULFACETAMIDE SODIUM (OPHTH)",DERMATOLOGY,SOLUTION,6
"SULFACETAMIDE SODIUM (OPHTH)",,SOLUTION,5
"SULFACETAMIDE SODIUM (OPHTH)","GENERAL SURGERY",SOLUTION,5
"SULFACETAMIDE SODIUM (OPHTH)","INTERNAL MEDICINE/PEDIATRICS",SOLUTION,5
"SULFACETAMIDE SODIUM (OPHTH)","CARDIOVASCULAR DISEASE",SOLUTION,4
"SULFACETAMIDE SODIUM (OPHTH)","OCCUPATIONAL MEDICINE",SOLUTION,4
"SULFACETAMIDE SODIUM (OPHTH)","FAMILY MEDICINE",OINTMENT,4
"SULFACETAMIDE SODIUM (OPHTH)","INTERNAL MEDICINE",OINTMENT,4
"SULFACETAMIDE SODIUM (OPHTH)","SPORTS MEDICINE (FAMILY MEDICINE)",SOLUTION,3
"SULFACETAMIDE SODIUM (OPHTH)",GASTROENTEROLOGY,SOLUTION,3
"SULFACETAMIDE SODIUM (OPHTH)","NEUROTOLOGY (OTOLARYNGOLOGY)",SOLUTION,3
"SULFACETAMIDE SODIUM (OPHTH)",PSYCHIATRY,SOLUTION,3
"SULFACETAMIDE SODIUM (OPHTH)","GERIATRIC MEDICINE (INTERNAL MEDICINE)",SOLUTION,2
"SULFACETAMIDE SODIUM (OPHTH)","GENERAL PREVENTIVE MEDICINE",SOLUTION,2
"SULFACETAMIDE SODIUM (OPHTH)",RHEUMATOLOGY,SOLUTION,2
"SULFACETAMIDE SODIUM (OPHTH)",HEMATOLOGY/ONCOLOGY,SOLUTION,2
"SULFACETAMIDE SODIUM (OPHTH)","DIAGNOSTIC RADIOLOGY",SOLUTION,2
"SULFACETAMIDE SODIUM (OPHTH)","PLASTIC SURGERY",SOLUTION,2
"SULFACETAMIDE SODIUM (OPHTH)","GERIATRIC MEDICINE (FAMILY MEDICINE)",SOLUTION,1
"SULFACETAMIDE SODIUM (OPHTH)",,OINTMENT,1
"SULFACETAMIDE SODIUM (OPHTH)","PUBLIC HEALTH & GENERAL PREVENTIVE MEDICINE",SOLUTION,1
"SULFACETAMIDE SODIUM (OPHTH)","NURSE PRACTITIONER",OINTMENT,1
"SULFACETAMIDE SODIUM (OPHTH)","ENDOCRINOLOGY, DIABETES & METABOLISM",SOLUTION,1
"SULFACETAMIDE SODIUM (OPHTH)","PAIN MEDICINE",SOLUTION,1
"SULFACETAMIDE SODIUM (OPHTH)","OBSTETRICS & GYNECOLOGY",SOLUTION,1
"SULFACETAMIDE SODIUM (OPHTH)","INFECTIOUS DISEASE",SOLUTION,1
"SULFACETAMIDE SODIUM (OPHTH)",ANESTHESIOLOGY,SOLUTION,1
"SULFACETAMIDE SODIUM (OPHTH)",NEPHROLOGY,SOLUTION,1
"SULFACETAMIDE SODIUM (OPHTH)","PHYSICIAN ASSISTANT",OINTMENT,1
"SULFACETAMIDE SODIUM (OPHTH)","PEDIATRIC EMERGENCY MEDICINE (PEDIATRICS)",SOLUTION,1
"SULFACETAMIDE SODIUM (OPHTH)","STUDENT, HEALTH CARE",SOLUTION,1
"SULFACETAMIDE SODIUM (OPHTH)","ALLERGY & IMMUNOLOGY",SOLUTION,1
"SULFACETAMIDE SODIUM (OPHTH)","CRITICAL CARE MEDICINE (ANESTHESIOLOGY)",SOLUTION,1
"SULFACETAMIDE SODIUM (OPHTH)","GERIATRIC MEDICINE (FAMILY MEDICINE)",OINTMENT,1
"SULFACETAMIDE SODIUM (OPHTH)","ADDICTION MEDICINE",SOLUTION,1
"SULFACETAMIDE SODIUM (OPHTH)","PEDIATRIC OTOLARYNGOLOGY",SOLUTION,1
"SULFACETAMIDE SODIUM (OPHTH)","INTERNAL MEDICINE/FAMILY MEDICINE",SOLUTION,1
"SULFACETAMIDE SODIUM (OPHTH)","INTERVENTIONAL CARDIOLOGY",SOLUTION,1
"SULFACETAMIDE SODIUM (OPHTH)","HOSPICE & PALLIATIVE MEDICINE (INTERNAL MEDICINE)",SOLUTION,1
"SULFACETAMIDE SODIUM (OPHTH)","ADVANCED REGISTERED NURSE",SOLUTION,1
"SULFACETAMIDE SODIUM (OPHTH)",PODIATRIST,SOLUTION,1
SULFADIAZINE,RHEUMATOLOGY,TABLET,3
SULFADIAZINE,"INFECTIOUS DISEASE",TABLET,2
SULFADIAZINE,"INTERNAL MEDICINE",TABLET,2
SULFADIAZINE,"NURSE PRACTITIONER",TABLET,2
SULFADIAZINE,OPHTHALMOLOGY,TABLET,2
SULFADIAZINE,"FAMILY MEDICINE",TABLET,2
SULFADIAZINE,PEDIATRICS,TABLET,1
SULFADIAZINE,HOSPITALIST,TABLET,1
SULFADIAZINE,GASTROENTEROLOGY,TABLET,1
SULFAMETHOXAZOLE-TRIMETHOPRIM,"FAMILY MEDICINE",TABLET,13341
SULFAMETHOXAZOLE-TRIMETHOPRIM,"NURSE PRACTITIONER",TABLET,13109
SULFAMETHOXAZOLE-TRIMETHOPRIM,"PHYSICIAN ASSISTANT",TABLET,8602
SULFAMETHOXAZOLE-TRIMETHOPRIM,"INTERNAL MEDICINE",TABLET,6486
SULFAMETHOXAZOLE-TRIMETHOPRIM,"EMERGENCY MEDICINE",TABLET,3869
SULFAMETHOXAZOLE-TRIMETHOPRIM,UROLOGY,TABLET,3443
SULFAMETHOXAZOLE-TRIMETHOPRIM,"OBSTETRICS & GYNECOLOGY",TABLET,1694
SULFAMETHOXAZOLE-TRIMETHOPRIM,PEDIATRICS,SUSPENSION,1594
SULFAMETHOXAZOLE-TRIMETHOPRIM,"NURSE PRACTITIONER",SUSPENSION,1233
SULFAMETHOXAZOLE-TRIMETHOPRIM,DERMATOLOGY,TABLET,1202
SULFAMETHOXAZOLE-TRIMETHOPRIM,PEDIATRICS,TABLET,1070
SULFAMETHOXAZOLE-TRIMETHOPRIM,"GENERAL SURGERY",TABLET,980
SULFAMETHOXAZOLE-TRIMETHOPRIM,"INFECTIOUS DISEASE",TABLET,801
SULFAMETHOXAZOLE-TRIMETHOPRIM,NEPHROLOGY,TABLET,747
SULFAMETHOXAZOLE-TRIMETHOPRIM,PODIATRIST,TABLET,698
SULFAMETHOXAZOLE-TRIMETHOPRIM,"GENERAL PRACTICE",TABLET,690
SULFAMETHOXAZOLE-TRIMETHOPRIM,OTOLARYNGOLOGY,TABLET,652
SULFAMETHOXAZOLE-TRIMETHOPRIM,"ORTHOPEDIC SURGERY",TABLET,609
SULFAMETHOXAZOLE-TRIMETHOPRIM,"PHYSICIAN ASSISTANT",SUSPENSION,572
SULFAMETHOXAZOLE-TRIMETHOPRIM,HEMATOLOGY/ONCOLOGY,TABLET,554
SULFAMETHOXAZOLE-TRIMETHOPRIM,,TABLET,547
SULFAMETHOXAZOLE-TRIMETHOPRIM,"FAMILY MEDICINE",SUSPENSION,500
SULFAMETHOXAZOLE-TRIMETHOPRIM,"PLASTIC SURGERY",TABLET,383
SULFAMETHOXAZOLE-TRIMETHOPRIM,"PULMONARY CRITICAL CARE MEDICINE",TABLET,291
SULFAMETHOXAZOLE-TRIMETHOPRIM,"PULMONARY DISEASE",TABLET,274
SULFAMETHOXAZOLE-TRIMETHOPRIM,"INTERNAL MEDICINE/PEDIATRICS",TABLET,263
SULFAMETHOXAZOLE-TRIMETHOPRIM,"EMERGENCY MEDICINE",SUSPENSION,254
SULFAMETHOXAZOLE-TRIMETHOPRIM,RHEUMATOLOGY,TABLET,241
SULFAMETHOXAZOLE-TRIMETHOPRIM,HOSPITALIST,TABLET,204
SULFAMETHOXAZOLE-TRIMETHOPRIM,"CARDIOVASCULAR DISEASE",TABLET,189
SULFAMETHOXAZOLE-TRIMETHOPRIM,"PEDIATRIC UROLOGY",SUSPENSION,158
SULFAMETHOXAZOLE-TRIMETHOPRIM,GASTROENTEROLOGY,TABLET,144
SULFAMETHOXAZOLE-TRIMETHOPRIM,OPHTHALMOLOGY,TABLET,134
SULFAMETHOXAZOLE-TRIMETHOPRIM,"GERIATRIC MEDICINE (INTERNAL MEDICINE)",TABLET,130
SULFAMETHOXAZOLE-TRIMETHOPRIM,"MEDICAL ONCOLOGY",TABLET,128
SULFAMETHOXAZOLE-TRIMETHOPRIM,GYNECOLOGY,TABLET,121
SULFAMETHOXAZOLE-TRIMETHOPRIM,UROLOGY,SUSPENSION,121
SULFAMETHOXAZOLE-TRIMETHOPRIM,"ALLERGY & IMMUNOLOGY",TABLET,121
SULFAMETHOXAZOLE-TRIMETHOPRIM,"INTERNAL MEDICINE",SUSPENSION,109
SULFAMETHOXAZOLE-TRIMETHOPRIM,"PEDIATRIC HEMATOLOGY/ONCOLOGY",SUSPENSION,104
SULFAMETHOXAZOLE-TRIMETHOPRIM,NEUROLOGY,TABLET,104
SULFAMETHOXAZOLE-TRIMETHOPRIM,DENTIST,TABLET,97
SULFAMETHOXAZOLE-TRIMETHOPRIM,OTOLARYNGOLOGY,SUSPENSION,97
SULFAMETHOXAZOLE-TRIMETHOPRIM,"STUDENT, HEALTH CARE",TABLET,95
SULFAMETHOXAZOLE-TRIMETHOPRIM,"PEDIATRIC HEMATOLOGY/ONCOLOGY",TABLET,89
SULFAMETHOXAZOLE-TRIMETHOPRIM,"SPORTS MEDICINE (FAMILY MEDICINE)",TABLET,88
SULFAMETHOXAZOLE-TRIMETHOPRIM,ANESTHESIOLOGY,TABLET,78
SULFAMETHOXAZOLE-TRIMETHOPRIM,"GERIATRIC MEDICINE (FAMILY MEDICINE)",TABLET,70
SULFAMETHOXAZOLE-TRIMETHOPRIM,PSYCHIATRY,TABLET,67
SULFAMETHOXAZOLE-TRIMETHOPRIM,"PHYSICAL MEDICINE & REHABILITATION",TABLET,62
SULFAMETHOXAZOLE-TRIMETHOPRIM,"ENDOCRINOLOGY, DIABETES & METABOLISM",TABLET,61
SULFAMETHOXAZOLE-TRIMETHOPRIM,"TRANSPLANT SURGERY",TABLET,60
SULFAMETHOXAZOLE-TRIMETHOPRIM,"VASCULAR SURGERY",TABLET,58
SULFAMETHOXAZOLE-TRIMETHOPRIM,VETERINARIAN,TABLET,56
SULFAMETHOXAZOLE-TRIMETHOPRIM,"PEDIATRIC NEPHROLOGY",SUSPENSION,54
SULFAMETHOXAZOLE-TRIMETHOPRIM,"HAND SURGERY",TABLET,51
SULFAMETHOXAZOLE-TRIMETHOPRIM,"SPORTS MEDICINE (ORTHOPEDIC SURGERY)",TABLET,50
SULFAMETHOXAZOLE-TRIMETHOPRIM,"OCCUPATIONAL MEDICINE",TABLET,49
SULFAMETHOXAZOLE-TRIMETHOPRIM,"HAND SURGERY (ORTHOPEDICS)",TABLET,49
SULFAMETHOXAZOLE-TRIMETHOPRIM,"RADIATION ONCOLOGY",TABLET,49
SULFAMETHOXAZOLE-TRIMETHOPRIM,"NEUROLOGICAL SURGERY",TABLET,47
SULFAMETHOXAZOLE-TRIMETHOPRIM,"HEMATOLOGY (INTERNAL MEDICINE)",TABLET,45
SULFAMETHOXAZOLE-TRIMETHOPRIM,,SUSPENSION,42
SULFAMETHOXAZOLE-TRIMETHOPRIM,"PEDIATRIC NEPHROLOGY",TABLET,41
SULFAMETHOXAZOLE-TRIMETHOPRIM,"NURSE MIDWIFE",TABLET,40
SULFAMETHOXAZOLE-TRIMETHOPRIM,"THORACIC SURGERY",TABLET,34
SULFAMETHOXAZOLE-TRIMETHOPRIM,OPTOMETRIST,TABLET,32
SULFAMETHOXAZOLE-TRIMETHOPRIM,"PAIN MEDICINE",TABLET,31
SULFAMETHOXAZOLE-TRIMETHOPRIM,"INTERNAL MEDICINE/PEDIATRICS",SUSPENSION,31
SULFAMETHOXAZOLE-TRIMETHOPRIM,"DIAGNOSTIC RADIOLOGY",TABLET,30
SULFAMETHOXAZOLE-TRIMETHOPRIM,"ALLERGY & IMMUNOLOGY",SUSPENSION,30
SULFAMETHOXAZOLE-TRIMETHOPRIM,"GENERAL PREVENTIVE MEDICINE",TABLET,30
SULFAMETHOXAZOLE-TRIMETHOPRIM,"GENERAL PRACTICE",SUSPENSION,30
SULFAMETHOXAZOLE-TRIMETHOPRIM,"GENERAL SURGERY",SUSPENSION,30
SULFAMETHOXAZOLE-TRIMETHOPRIM,"GYNECOLOGICAL ONCOLOGY",TABLET,27
SULFAMETHOXAZOLE-TRIMETHOPRIM,"ORTHOPEDIC SURGERY OF THE SPINE",TABLET,25
SULFAMETHOXAZOLE-TRIMETHOPRIM,"FEMALE PELVIC MEDICINE & RECONSTRUCTIVE SURGERY",TABLET,25
SULFAMETHOXAZOLE-TRIMETHOPRIM,"COLON & RECTAL SURGERY",TABLET,25
SULFAMETHOXAZOLE-TRIMETHOPRIM,"PEDIATRIC PULMONOLOGY",SUSPENSION,22
SULFAMETHOXAZOLE-TRIMETHOPRIM,"PEDIATRIC EMERGENCY MEDICINE (PEDIATRICS)",SUSPENSION,21
SULFAMETHOXAZOLE-TRIMETHOPRIM,"PEDIATRIC PULMONOLOGY",TABLET,21
SULFAMETHOXAZOLE-TRIMETHOPRIM,"PEDIATRIC UROLOGY",TABLET,21
SULFAMETHOXAZOLE-TRIMETHOPRIM,"FACIAL PLASTIC SURGERY",TABLET,20
SULFAMETHOXAZOLE-TRIMETHOPRIM,"CHILD & ADOLESCENT PSYCHIATRY",TABLET,20
SULFAMETHOXAZOLE-TRIMETHOPRIM,VETERINARIAN,SUSPENSION,19
SULFAMETHOXAZOLE-TRIMETHOPRIM,HEPATOLOGY,TABLET,19
SULFAMETHOXAZOLE-TRIMETHOPRIM,"PEDIATRIC EMERGENCY MEDICINE (PEDIATRICS)",TABLET,19
SULFAMETHOXAZOLE-TRIMETHOPRIM,DERMATOLOGY,SUSPENSION,18
SULFAMETHOXAZOLE-TRIMETHOPRIM,"CLINICAL CARDIAC ELECTROPHYSIOLOGY",TABLET,17
SULFAMETHOXAZOLE-TRIMETHOPRIM,"CRITICAL CARE MEDICINE (INTERNAL MEDICINE)",TABLET,17
SULFAMETHOXAZOLE-TRIMETHOPRIM,"NATUROPATHIC DOCTOR",TABLET,16
SULFAMETHOXAZOLE-TRIMETHOPRIM,"INTERNAL MEDICINE/FAMILY MEDICINE",TABLET,16
SULFAMETHOXAZOLE-TRIMETHOPRIM,"ADVANCED REGISTERED NURSE",TABLET,16
SULFAMETHOXAZOLE-TRIMETHOPRIM,"ORAL & MAXILLOFACIAL SURGERY",TABLET,15
SULFAMETHOXAZOLE-TRIMETHOPRIM,"PEDIATRIC RHEUMATOLOGY",TABLET,15
SULFAMETHOXAZOLE-TRIMETHOPRIM,"PEDIATRIC GASTROENTEROLOGY",SUSPENSION,15
SULFAMETHOXAZOLE-TRIMETHOPRIM,"ANATOMIC/CLINICAL PATHOLOGY",TABLET,14
SULFAMETHOXAZOLE-TRIMETHOPRIM,"TRANSPLANT HEPATOLOGY (INTERNAL MEDICINE)",TABLET,13
SULFAMETHOXAZOLE-TRIMETHOPRIM,"CLINICAL NURSE SPECIALIST",TABLET,13
SULFAMETHOXAZOLE-TRIMETHOPRIM,UNSPECIFIED,TABLET,12
SULFAMETHOXAZOLE-TRIMETHOPRIM,"ADVANCED HEART FAILURE & TRANSPLANT CARDIOLOGY",TABLET,12
SULFAMETHOXAZOLE-TRIMETHOPRIM,"EMERGENCY MEDICAL SERVICES",TABLET,12
SULFAMETHOXAZOLE-TRIMETHOPRIM,"HOSPICE & PALLIATIVE MEDICINE",TABLET,12
SULFAMETHOXAZOLE-TRIMETHOPRIM,"PEDIATRIC GASTROENTEROLOGY",TABLET,11
SULFAMETHOXAZOLE-TRIMETHOPRIM,"ADULT RECONSTRUCTIVE ORTHOPEDICS",TABLET,11
SULFAMETHOXAZOLE-TRIMETHOPRIM,"PEDIATRIC SURGERY",TABLET,11
SULFAMETHOXAZOLE-TRIMETHOPRIM,"PEDIATRIC EMERGENCY MEDICINE",TABLET,11
SULFAMETHOXAZOLE-TRIMETHOPRIM,"INTERNAL MEDICINE/EMERGENCY MEDICINE",TABLET,11
SULFAMETHOXAZOLE-TRIMETHOPRIM,"SURGICAL CRITICAL CARE (SURGERY)",TABLET,10
SULFAMETHOXAZOLE-TRIMETHOPRIM,"ADOLESCENT MEDICINE (PEDIATRICS)",TABLET,10
SULFAMETHOXAZOLE-TRIMETHOPRIM,"PAIN MEDICINE (ANESTHESIOLOGY)",TABLET,10
SULFAMETHOXAZOLE-TRIMETHOPRIM,"FOOT & ANKLE, ORTHOPEDICS",TABLET,10
SULFAMETHOXAZOLE-TRIMETHOPRIM,"NEONATAL-PERINATAL MEDICINE",TABLET,10
SULFAMETHOXAZOLE-TRIMETHOPRIM,"FEMALE PELVIC MEDICINE & RECONSTRUCTIVE SURGERY (UROLOGY)",TABLET,10
SULFAMETHOXAZOLE-TRIMETHOPRIM,"PEDIATRIC CARDIOLOGY",TABLET,9
SULFAMETHOXAZOLE-TRIMETHOPRIM,"INTERVENTIONAL CARDIOLOGY",TABLET,9
SULFAMETHOXAZOLE-TRIMETHOPRIM,"PEDIATRIC SURGERY",SUSPENSION,9
SULFAMETHOXAZOLE-TRIMETHOPRIM,"DERMATOLOGIC SURGERY",TABLET,9
SULFAMETHOXAZOLE-TRIMETHOPRIM,"SURGICAL ONCOLOGY",TABLET,9
SULFAMETHOXAZOLE-TRIMETHOPRIM,"PEDIATRIC DERMATOLOGY",TABLET,9
SULFAMETHOXAZOLE-TRIMETHOPRIM,"PEDIATRIC INFECTIOUS DISEASE",TABLET,8
SULFAMETHOXAZOLE-TRIMETHOPRIM,"PUBLIC HEALTH & GENERAL PREVENTIVE MEDICINE",TABLET,8
SULFAMETHOXAZOLE-TRIMETHOPRIM,"INFECTIOUS DISEASE",SUSPENSION,8
SULFAMETHOXAZOLE-TRIMETHOPRIM,"NEUROMUSCULAR MEDICINE (NEUROLOGY)",TABLET,8
SULFAMETHOXAZOLE-TRIMETHOPRIM,"STUDENT, HEALTH CARE",SUSPENSION,8
SULFAMETHOXAZOLE-TRIMETHOPRIM,"PEDIATRIC INFECTIOUS DISEASE",SUSPENSION,8
SULFAMETHOXAZOLE-TRIMETHOPRIM,"VASCULAR & INTERVENTIONAL RADIOLOGY",TABLET,8
SULFAMETHOXAZOLE-TRIMETHOPRIM,"HEAD & NECK SURGERY",TABLET,7
SULFAMETHOXAZOLE-TRIMETHOPRIM,"HAND SURGERY (PLASTIC SURGERY)",TABLET,7
SULFAMETHOXAZOLE-TRIMETHOPRIM,"UNDERSEAS MEDICINE (PREVENTIVE MEDICINE)",TABLET,7
SULFAMETHOXAZOLE-TRIMETHOPRIM,"ADDICTION MEDICINE",TABLET,7
SULFAMETHOXAZOLE-TRIMETHOPRIM,"PEDIATRIC OTOLARYNGOLOGY",SUSPENSION,7
SULFAMETHOXAZOLE-TRIMETHOPRIM,DERMATOPATHOLOGY,TABLET,7
SULFAMETHOXAZOLE-TRIMETHOPRIM,"CHILD NEUROLOGY",TABLET,6
SULFAMETHOXAZOLE-TRIMETHOPRIM,"SLEEP MEDICINE",TABLET,6
SULFAMETHOXAZOLE-TRIMETHOPRIM,RADIOLOGY,TABLET,6
SULFAMETHOXAZOLE-TRIMETHOPRIM,IMMUNOLOGY,TABLET,6
SULFAMETHOXAZOLE-TRIMETHOPRIM,"PEDIATRIC CARDIOLOGY",SUSPENSION,6
SULFAMETHOXAZOLE-TRIMETHOPRIM,"PLASTIC SURGERY",SUSPENSION,6
SULFAMETHOXAZOLE-TRIMETHOPRIM,"SPORTS MEDICINE (EMERGENCY MEDICINE)",TABLET,5
SULFAMETHOXAZOLE-TRIMETHOPRIM,"MATERNAL & FETAL MEDICINE",TABLET,5
SULFAMETHOXAZOLE-TRIMETHOPRIM,"PEDIATRIC TRANSPLANT HEPATOLOGY",TABLET,5
SULFAMETHOXAZOLE-TRIMETHOPRIM,"ORTHOPEDIC TRAUMA",TABLET,5
SULFAMETHOXAZOLE-TRIMETHOPRIM,"PALLIATIVE MEDICINE",TABLET,5
SULFAMETHOXAZOLE-TRIMETHOPRIM,"PEDIATRIC CRITICAL CARE MEDICINE",TABLET,5
SULFAMETHOXAZOLE-TRIMETHOPRIM,"MEDICAL TOXICOLOGY (EMERGENCY MEDICINE)",TABLET,5
SULFAMETHOXAZOLE-TRIMETHOPRIM,OPHTHALMOLOGY,SUSPENSION,5
SULFAMETHOXAZOLE-TRIMETHOPRIM,"CLINICAL NEUROPHYSIOLOGY",TABLET,5
SULFAMETHOXAZOLE-TRIMETHOPRIM,"PLASTIC SURGERY WITHIN THE HEAD & NECK (OTOLARYNGOLOGY)",TABLET,5
SULFAMETHOXAZOLE-TRIMETHOPRIM,HEMATOLOGY/ONCOLOGY,SUSPENSION,5
SULFAMETHOXAZOLE-TRIMETHOPRIM,"PEDIATRICS/EMERGENCY MEDICINE",TABLET,4
SULFAMETHOXAZOLE-TRIMETHOPRIM,"NEUROTOLOGY (OTOLARYNGOLOGY)",TABLET,4
SULFAMETHOXAZOLE-TRIMETHOPRIM,"UNDERSEAS MEDICINE (EMERGENCY MEDICINE)",TABLET,4
SULFAMETHOXAZOLE-TRIMETHOPRIM,"PEDIATRIC EMERGENCY MEDICINE",SUSPENSION,4
SULFAMETHOXAZOLE-TRIMETHOPRIM,PHARMACIST,TABLET,4
SULFAMETHOXAZOLE-TRIMETHOPRIM,"TRAUMA SURGERY",TABLET,4
SULFAMETHOXAZOLE-TRIMETHOPRIM,"GERIATRIC PSYCHIATRY",TABLET,4
SULFAMETHOXAZOLE-TRIMETHOPRIM,"PEDIATRIC CRITICAL CARE MEDICINE",SUSPENSION,4
SULFAMETHOXAZOLE-TRIMETHOPRIM,HOSPITALIST,SUSPENSION,4
SULFAMETHOXAZOLE-TRIMETHOPRIM,"NEONATAL-PERINATAL MEDICINE",SUSPENSION,4
SULFAMETHOXAZOLE-TRIMETHOPRIM,ALLERGY,TABLET,4
SULFAMETHOXAZOLE-TRIMETHOPRIM,"HAND SURGERY (SURGERY)",TABLET,4
SULFAMETHOXAZOLE-TRIMETHOPRIM,"PEDIATRIC OTOLARYNGOLOGY",TABLET,4
SULFAMETHOXAZOLE-TRIMETHOPRIM,NEURORADIOLOGY,TABLET,4
SULFAMETHOXAZOLE-TRIMETHOPRIM,NEUROLOGY,SUSPENSION,3
SULFAMETHOXAZOLE-TRIMETHOPRIM,NEPHROLOGY,SUSPENSION,3
SULFAMETHOXAZOLE-TRIMETHOPRIM,"PROCEDURAL DERMATOLOGY",TABLET,3
SULFAMETHOXAZOLE-TRIMETHOPRIM,"REPRODUCTIVE ENDOCRINOLOGY & INFERTILITY",TABLET,3
SULFAMETHOXAZOLE-TRIMETHOPRIM,RHEUMATOLOGY,SUSPENSION,3
SULFAMETHOXAZOLE-TRIMETHOPRIM,"SPORTS MEDICINE (FAMILY MEDICINE)",SUSPENSION,3
SULFAMETHOXAZOLE-TRIMETHOPRIM,"OBSTETRICS & GYNECOLOGY",SUSPENSION,3
SULFAMETHOXAZOLE-TRIMETHOPRIM,"ORTHOPEDIC SURGERY",SUSPENSION,3
SULFAMETHOXAZOLE-TRIMETHOPRIM,PSYCHIATRY/NEUROLOGY,TABLET,3
SULFAMETHOXAZOLE-TRIMETHOPRIM,"HOSPICE & PALLIATIVE MEDICINE (INTERNAL MEDICINE)",TABLET,3
SULFAMETHOXAZOLE-TRIMETHOPRIM,"VASCULAR SURGERY",SUSPENSION,3
SULFAMETHOXAZOLE-TRIMETHOPRIM,OBSTETRICS,TABLET,3
SULFAMETHOXAZOLE-TRIMETHOPRIM,"CRITICAL CARE MEDICINE (ANESTHESIOLOGY)",TABLET,3
SULFAMETHOXAZOLE-TRIMETHOPRIM,"AEROSPACE MEDICINE",TABLET,2
SULFAMETHOXAZOLE-TRIMETHOPRIM,"CARDIOTHORACIC SURGERY",TABLET,2
SULFAMETHOXAZOLE-TRIMETHOPRIM,"GERIATRIC MEDICINE (INTERNAL MEDICINE)",SUSPENSION,2
SULFAMETHOXAZOLE-TRIMETHOPRIM,"ADOLESCENT MEDICINE (INTERNAL MEDICINE)",TABLET,2
SULFAMETHOXAZOLE-TRIMETHOPRIM,"DIAGNOSTIC RADIOLOGY",SUSPENSION,2
SULFAMETHOXAZOLE-TRIMETHOPRIM,"NOT APPLICABLE",TABLET,2
SULFAMETHOXAZOLE-TRIMETHOPRIM,"SPORTS MEDICINE (INTERNAL MEDICINE)",TABLET,2
SULFAMETHOXAZOLE-TRIMETHOPRIM,"OSTEOPATHIC MANIPULATIVE MEDICINE",TABLET,2
SULFAMETHOXAZOLE-TRIMETHOPRIM,"OCCUPATIONAL MEDICINE",SUSPENSION,2
SULFAMETHOXAZOLE-TRIMETHOPRIM,"MEDICAL ONCOLOGY",SUSPENSION,2
SULFAMETHOXAZOLE-TRIMETHOPRIM,"NATUROPATHIC DOCTOR",SUSPENSION,2
SULFAMETHOXAZOLE-TRIMETHOPRIM,PSYCHOLOGY,TABLET,2
SULFAMETHOXAZOLE-TRIMETHOPRIM,OPTOMETRIST,SUSPENSION,2
SULFAMETHOXAZOLE-TRIMETHOPRIM,"OTHER SPECIALTY",TABLET,2
SULFAMETHOXAZOLE-TRIMETHOPRIM,"CHILD NEUROLOGY",SUSPENSION,2
SULFAMETHOXAZOLE-TRIMETHOPRIM,"SPORTS MEDICINE (PEDIATRICS)",TABLET,2
SULFAMETHOXAZOLE-TRIMETHOPRIM,"PULMONARY CRITICAL CARE MEDICINE",SUSPENSION,2
SULFAMETHOXAZOLE-TRIMETHOPRIM,"HOSPICE & PALLIATIVE MEDICINE (OBSTETRICS & GYNECOLOGY)",TABLET,2
SULFAMETHOXAZOLE-TRIMETHOPRIM,"PULMONARY DISEASE",SUSPENSION,2
SULFAMETHOXAZOLE-TRIMETHOPRIM,"ANATOMIC/CLINICAL PATHOLOGY",SUSPENSION,2
SULFAMETHOXAZOLE-TRIMETHOPRIM,"CLINICAL & LABORATORY IMMUNOLOGY (INTERNAL MEDICINE)",TABLET,1
SULFAMETHOXAZOLE-TRIMETHOPRIM,ANESTHESIOLOGY,SUSPENSION,1
SULFAMETHOXAZOLE-TRIMETHOPRIM,"PEDIATRIC ANESTHESIOLOGY",TABLET,1
SULFAMETHOXAZOLE-TRIMETHOPRIM,"CRANIOFACIAL SURGERY",TABLET,1
SULFAMETHOXAZOLE-TRIMETHOPRIM,"MEDICAL TOXICOLOGY (PREVENTIVE MEDICINE)",TABLET,1
SULFAMETHOXAZOLE-TRIMETHOPRIM,"INTERNAL MEDICINE/PREVENTIVE MEDICINE",TABLET,1
SULFAMETHOXAZOLE-TRIMETHOPRIM,"HOSPICE & PALLIATIVE MEDICINE (EMERGENCY MEDICINE)",TABLET,1
SULFAMETHOXAZOLE-TRIMETHOPRIM,"ADOLESCENT MEDICINE (PEDIATRICS)",SUSPENSION,1
SULFAMETHOXAZOLE-TRIMETHOPRIM,"PSYCHIATRY/FAMILY MEDICINE",TABLET,1
SULFAMETHOXAZOLE-TRIMETHOPRIM,"PEDIATRIC OPHTHALMOLOGY",SUSPENSION,1
SULFAMETHOXAZOLE-TRIMETHOPRIM,ORTHOTICS,TABLET,1
SULFAMETHOXAZOLE-TRIMETHOPRIM,"SELECTIVE PATHOLOGY",TABLET,1
SULFAMETHOXAZOLE-TRIMETHOPRIM,"CLINICAL SOCIAL WORKER",TABLET,1
SULFAMETHOXAZOLE-TRIMETHOPRIM,"HOSPICE & PALLIATIVE MEDICINE (FAMILY MEDICINE)",TABLET,1
SULFAMETHOXAZOLE-TRIMETHOPRIM,PHARMACIST,SUSPENSION,1
SULFAMETHOXAZOLE-TRIMETHOPRIM,"MEDICAL GENETICS",TABLET,1
SULFAMETHOXAZOLE-TRIMETHOPRIM,"PAIN MEDICINE (PHYSICAL MEDICINE & REHABILITATION)",TABLET,1
SULFAMETHOXAZOLE-TRIMETHOPRIM,"PEDIATRIC ALLERGY",TABLET,1
SULFAMETHOXAZOLE-TRIMETHOPRIM,"PEDIATRIC REHABILITATION MEDICINE",TABLET,1
SULFAMETHOXAZOLE-TRIMETHOPRIM,"PEDIATRIC ALLERGY",SUSPENSION,1
SULFAMETHOXAZOLE-TRIMETHOPRIM,"CARDIOVASCULAR DISEASE",SUSPENSION,1
SULFAMETHOXAZOLE-TRIMETHOPRIM,"SPORTS MEDICINE (ORTHOPEDIC SURGERY)",SUSPENSION,1
SULFAMETHOXAZOLE-TRIMETHOPRIM,"ABDOMINAL RADIOLOGY",TABLET,1
SULFAMETHOXAZOLE-TRIMETHOPRIM,"PEDIATRIC ORTHOPEDICS",SUSPENSION,1
SULFAMETHOXAZOLE-TRIMETHOPRIM,"ENDOCRINOLOGY, DIABETES & METABOLISM",SUSPENSION,1
SULFAMETHOXAZOLE-TRIMETHOPRIM,"PEDIATRIC TRANSPLANT HEPATOLOGY",SUSPENSION,1
SULFAMETHOXAZOLE-TRIMETHOPRIM,OBSTETRICS,SUSPENSION,1
SULFAMETHOXAZOLE-TRIMETHOPRIM,"MEDICAL MICROBIOLOGY",TABLET,1
SULFAMETHOXAZOLE-TRIMETHOPRIM,"DEVELOPMENTAL/BEHAVIORAL PEDIATRICS",SUSPENSION,1
SULFAMETHOXAZOLE-TRIMETHOPRIM,PEDIATRICS/ANESTHESIOLOGY,SUSPENSION,1
SULFAMETHOXAZOLE-TRIMETHOPRIM,"CLINICAL INFORMATICS (EMERGENCY MEDICINE)",TABLET,1
SULFAMETHOXAZOLE-TRIMETHOPRIM,"INTERVENTIONAL RADIOLOGY-INTEGRATED",TABLET,1
SULFAMETHOXAZOLE-TRIMETHOPRIM,"CRITICAL CARE MEDICINE (INTERNAL MEDICINE)",SUSPENSION,1
SULFAMETHOXAZOLE-TRIMETHOPRIM,"PEDIATRICS/EMERGENCY MEDICINE",SUSPENSION,1
SULFAMETHOXAZOLE-TRIMETHOPRIM,"HAND SURGERY",SUSPENSION,1
SULFAMETHOXAZOLE-TRIMETHOPRIM,"SURGICAL CRITICAL CARE (SURGERY)",SUSPENSION,1
SULFAMETHOXAZOLE-TRIMETHOPRIM,"GERIATRIC MEDICINE (FAMILY MEDICINE)",SUSPENSION,1
SULFAMETHOXAZOLE-TRIMETHOPRIM,"PEDIATRIC ENDOCRINOLOGY",TABLET,1
SULFAMETHOXAZOLE-TRIMETHOPRIM,"CLINICAL CARDIAC ELECTROPHYSIOLOGY",SUSPENSION,1
SULFAMETHOXAZOLE-TRIMETHOPRIM,"ADVANCED REGISTERED NURSE",SUSPENSION,1
SULFAMETHOXAZOLE-TRIMETHOPRIM,"VASCULAR MEDICINE",TABLET,1
SULFAMETHOXAZOLE-TRIMETHOPRIM,"ABDOMINAL SURGERY",TABLET,1
SULFAMETHOXAZOLE-TRIMETHOPRIM,"PEDIATRIC DERMATOLOGY",SUSPENSION,1
SULFAMETHOXAZOLE-TRIMETHOPRIM,"NUCLEAR MEDICINE",TABLET,1
SULFAMETHOXAZOLE-TRIMETHOPRIM,"DEVELOPMENTAL/BEHAVIORAL PEDIATRICS",TABLET,1
SULFAMETHOXAZOLE-TRIMETHOPRIM,"PEDIATRIC REHABILITATION MEDICINE",SUSPENSION,1
SULFAMETHOXAZOLE-TRIMETHOPRIM,"BEHAVIORAL HEALTH & SOCIAL SERVICES",TABLET,1
SULFAMETHOXAZOLE-TRIMETHOPRIM,"SLEEP MEDICINE",SUSPENSION,1
SULFAMETHOXAZOLE-TRIMETHOPRIM,NUTRITIONIST,TABLET,1
SULFAMETHOXAZOLE-TRIMETHOPRIM,"VASCULAR NEUROLOGY",TABLET,1
SULFAMETHOXAZOLE-TRIMETHOPRIM,PSYCHIATRY,SUSPENSION,1
SULFAMETHOXAZOLE-TRIMETHOPRIM,"PEDIATRIC ORTHOPEDICS",TABLET,1
SULFAMETHOXAZOLE-TRIMETHOPRIM,IMMUNOLOGY,SUSPENSION,1
SULFAMETHOXAZOLE-TRIMETHOPRIM,"INTERNAL MEDICINE/FAMILY MEDICINE",SUSPENSION,1
SULFAMETHOXAZOLE-TRIMETHOPRIM,"NEUROLOGICAL SURGERY",SUSPENSION,1
SULFAMETHOXAZOLE-TRIMETHOPRIM,"HOSPICE & PALLIATIVE MEDICINE",SUSPENSION,1
SULFAMETHOXAZOLE-TRIMETHOPRIM,"PHYSICAL THERAPY - ASSISTANT",TABLET,1
SULFAMETHOXAZOLE-TRIMETHOPRIM,"PEDIATRIC RADIOLOGY",TABLET,1
SULFAMETHOXAZOLE-TRIMETHOPRIM,"REGISTERED NURSE",TABLET,1
SULFAMETHOXAZOLE-TRIMETHOPRIM,"SPINAL CORD INJURY MEDICINE",TABLET,1
SULFAMETHOXAZOLE-TRIMETHOPRIM,"CLINICAL NURSE SPECIALIST",SUSPENSION,1
SULFAMETHOXAZOLE-TRIMETHOPRIM,"ANATOMIC PATHOLOGY",SUSPENSION,1
SULFAMETHOXAZOLE-TRIMETHOPRIM,"TRANSITIONAL YEAR",TABLET,1
SULFAMETHOXAZOLE-TRIMETHOPRIM,"PEDIATRIC CARDIOTHORACIC SURGERY",TABLET,1
SULFAMETHOXAZOLE-TRIMETHOPRIM,"CERTIFIED NURSE ANESTHETIST",SUSPENSION,1
SULFAMETHOXAZOLE-TRIMETHOPRIM,"GENERAL PREVENTIVE MEDICINE",SUSPENSION,1
SULFAMETHOXAZOLE-TRIMETHOPRIM,"PEDIATRIC RHEUMATOLOGY",SUSPENSION,1
SULFAMETHOXAZOLE-TRIMETHOPRIM,"CLINICAL INFORMATICS (INTERNAL MEDICINE)",TABLET,1
SULFAMETHOXAZOLE-TRIMETHOPRIM,"BLOOD BANKING/TRANSFUSION MEDICINE",TABLET,1
SULFAMETHOXAZOLE-TRIMETHOPRIM,GASTROENTEROLOGY,SUSPENSION,1
"TEDIZOLID PHOSPHATE",PODIATRIST,TABLET,10
"TEDIZOLID PHOSPHATE",DENTIST,TABLET,10
"TEDIZOLID PHOSPHATE","INTERNAL MEDICINE",TABLET,4
"TEDIZOLID PHOSPHATE","FAMILY MEDICINE",TABLET,4
"TEDIZOLID PHOSPHATE","NURSE PRACTITIONER",TABLET,2
"TEDIZOLID PHOSPHATE","PHYSICIAN ASSISTANT",TABLET,2
"TEDIZOLID PHOSPHATE","INFECTIOUS DISEASE",TABLET,1
"TEDIZOLID PHOSPHATE","PULMONARY CRITICAL CARE MEDICINE",TABLET,1
"TEDIZOLID PHOSPHATE","FOOT & ANKLE, ORTHOPEDICS",TABLET,1
"TEDIZOLID PHOSPHATE","PHYSICAL MEDICINE & REHABILITATION",TABLET,1
"TERCONAZOLE VAGINAL","OBSTETRICS & GYNECOLOGY",CREAM,2124
"TERCONAZOLE VAGINAL","NURSE PRACTITIONER",CREAM,956
"TERCONAZOLE VAGINAL","FAMILY MEDICINE",CREAM,298
"TERCONAZOLE VAGINAL","PHYSICIAN ASSISTANT",CREAM,221
"TERCONAZOLE VAGINAL","INTERNAL MEDICINE",CREAM,194
"TERCONAZOLE VAGINAL","OBSTETRICS & GYNECOLOGY",SUPPOSITORY,147
"TERCONAZOLE VAGINAL",GYNECOLOGY,CREAM,118
"TERCONAZOLE VAGINAL","NURSE MIDWIFE",CREAM,102
"TERCONAZOLE VAGINAL","NURSE PRACTITIONER",SUPPOSITORY,61
"TERCONAZOLE VAGINAL","GENERAL PRACTICE",CREAM,59
"TERCONAZOLE VAGINAL","FAMILY MEDICINE",SUPPOSITORY,28
"TERCONAZOLE VAGINAL",,CREAM,27
"TERCONAZOLE VAGINAL","PHYSICIAN ASSISTANT",SUPPOSITORY,20
"TERCONAZOLE VAGINAL",PEDIATRICS,CREAM,14
"TERCONAZOLE VAGINAL","EMERGENCY MEDICINE",CREAM,14
"TERCONAZOLE VAGINAL",UROLOGY,CREAM,12
"TERCONAZOLE VAGINAL","INTERNAL MEDICINE",SUPPOSITORY,10
"TERCONAZOLE VAGINAL","NURSE MIDWIFE",SUPPOSITORY,9
"TERCONAZOLE VAGINAL",GYNECOLOGY,SUPPOSITORY,7
"TERCONAZOLE VAGINAL",DERMATOLOGY,CREAM,6
"TERCONAZOLE VAGINAL",NEPHROLOGY,CREAM,5
"TERCONAZOLE VAGINAL",OBSTETRICS,CREAM,5
"TERCONAZOLE VAGINAL","GERIATRIC MEDICINE (INTERNAL MEDICINE)",CREAM,5
"TERCONAZOLE VAGINAL","MATERNAL & FETAL MEDICINE",CREAM,4
"TERCONAZOLE VAGINAL","GENERAL SURGERY",CREAM,4
"TERCONAZOLE VAGINAL","ENDOCRINOLOGY, DIABETES & METABOLISM",CREAM,4
"TERCONAZOLE VAGINAL","INTERNAL MEDICINE/PEDIATRICS",CREAM,4
"TERCONAZOLE VAGINAL","STUDENT, HEALTH CARE",CREAM,4
"TERCONAZOLE VAGINAL",DENTIST,CREAM,3
"TERCONAZOLE VAGINAL","REPRODUCTIVE ENDOCRINOLOGY & INFERTILITY",CREAM,3
"TERCONAZOLE VAGINAL","GYNECOLOGICAL ONCOLOGY",CREAM,3
"TERCONAZOLE VAGINAL","GERIATRIC MEDICINE (FAMILY MEDICINE)",CREAM,3
"TERCONAZOLE VAGINAL",PSYCHIATRY,CREAM,3
"TERCONAZOLE VAGINAL",GASTROENTEROLOGY,CREAM,3
"TERCONAZOLE VAGINAL",OTOLARYNGOLOGY,CREAM,3
"TERCONAZOLE VAGINAL",OPHTHALMOLOGY,CREAM,2
"TERCONAZOLE VAGINAL","ADVANCED REGISTERED NURSE",CREAM,2
"TERCONAZOLE VAGINAL","GERIATRIC PSYCHIATRY",CREAM,1
"TERCONAZOLE VAGINAL","CLINICAL NEUROPHYSIOLOGY",CREAM,1
"TERCONAZOLE VAGINAL",NEUROLOGY,CREAM,1
"TERCONAZOLE VAGINAL","PAIN MEDICINE",CREAM,1
"TERCONAZOLE VAGINAL","PEDIATRIC NEPHROLOGY",CREAM,1
"TERCONAZOLE VAGINAL","SPORTS MEDICINE (FAMILY MEDICINE)",CREAM,1
"TERCONAZOLE VAGINAL","PLASTIC SURGERY",CREAM,1
"TERCONAZOLE VAGINAL",ANESTHESIOLOGY,CREAM,1
"TERCONAZOLE VAGINAL","PHYSICAL MEDICINE & REHABILITATION",CREAM,1
"TERCONAZOLE VAGINAL","ALLERGY & IMMUNOLOGY",CREAM,1
"TERCONAZOLE VAGINAL","NEUROLOGICAL SURGERY",CREAM,1
"TERCONAZOLE VAGINAL",ALLERGY,CREAM,1
"TERCONAZOLE VAGINAL",UROLOGY,SUPPOSITORY,1
"TERCONAZOLE VAGINAL","FEMALE PELVIC MEDICINE & RECONSTRUCTIVE SURGERY",CREAM,1
"TERCONAZOLE VAGINAL","INFECTIOUS DISEASE",CREAM,1
"TERCONAZOLE VAGINAL",,SUPPOSITORY,1
"TERCONAZOLE VAGINAL","CHILD NEUROLOGY",CREAM,1
"TERCONAZOLE VAGINAL","INFECTIOUS DISEASE",SUPPOSITORY,1
"TERCONAZOLE VAGINAL","CRITICAL CARE MEDICINE (OBSTETRICS & GYNECOLOGY)",SUPPOSITORY,1
"TERCONAZOLE VAGINAL",PEDIATRICS,SUPPOSITORY,1
"TERCONAZOLE VAGINAL","REPRODUCTIVE ENDOCRINOLOGY & INFERTILITY",SUPPOSITORY,1
"TERCONAZOLE VAGINAL","GENERAL PRACTICE",SUPPOSITORY,1
"TERCONAZOLE VAGINAL","PEDIATRIC GASTROENTEROLOGY",CREAM,1
"TERCONAZOLE VAGINAL",HOSPITALIST,CREAM,1
"TERCONAZOLE VAGINAL","GENERAL PREVENTIVE MEDICINE",CREAM,1
"TERCONAZOLE VAGINAL","EMERGENCY MEDICINE",SUPPOSITORY,1
"TETRACYCLINE HCL",GASTROENTEROLOGY,CAPSULE,120
"TETRACYCLINE HCL","FAMILY MEDICINE",CAPSULE,82
"TETRACYCLINE HCL","NURSE PRACTITIONER",CAPSULE,81
"TETRACYCLINE HCL","INTERNAL MEDICINE",CAPSULE,73
"TETRACYCLINE HCL","PHYSICIAN ASSISTANT",CAPSULE,49
"TETRACYCLINE HCL",DERMATOLOGY,CAPSULE,27
"TETRACYCLINE HCL",DENTIST,CAPSULE,17
"TETRACYCLINE HCL","GENERAL SURGERY",CAPSULE,15
"TETRACYCLINE HCL",PEDIATRICS,CAPSULE,11
"TETRACYCLINE HCL",OTOLARYNGOLOGY,CAPSULE,9
"TETRACYCLINE HCL",,CAPSULE,7
"TETRACYCLINE HCL","GENERAL PRACTICE",CAPSULE,7
"TETRACYCLINE HCL",UROLOGY,CAPSULE,7
"TETRACYCLINE HCL",PODIATRIST,CAPSULE,7
"TETRACYCLINE HCL","OBSTETRICS & GYNECOLOGY",CAPSULE,5
"TETRACYCLINE HCL",OPHTHALMOLOGY,CAPSULE,3
"TETRACYCLINE HCL",PSYCHIATRY,CAPSULE,2
"TETRACYCLINE HCL","EMERGENCY MEDICINE",CAPSULE,2
"TETRACYCLINE HCL","ORTHOPEDIC SURGERY",CAPSULE,2
"TETRACYCLINE HCL","PEDIATRIC GASTROENTEROLOGY",CAPSULE,2
"TETRACYCLINE HCL",VETERINARIAN,CAPSULE,2
"TETRACYCLINE HCL","CARDIOVASCULAR DISEASE",CAPSULE,2
"TETRACYCLINE HCL",GYNECOLOGY,CAPSULE,2
"TETRACYCLINE HCL","INFECTIOUS DISEASE",CAPSULE,2
"TETRACYCLINE HCL","GERIATRIC MEDICINE (INTERNAL MEDICINE)",CAPSULE,2
"TETRACYCLINE HCL","PULMONARY DISEASE",CAPSULE,2
"TETRACYCLINE HCL",UNSPECIFIED,CAPSULE,1
"TETRACYCLINE HCL",DERMATOPATHOLOGY,CAPSULE,1
"TETRACYCLINE HCL",HEMATOLOGY/ONCOLOGY,CAPSULE,1
"TETRACYCLINE HCL","NATUROPATHIC DOCTOR",CAPSULE,1
"TETRACYCLINE HCL",ANESTHESIOLOGY,CAPSULE,1
"TETRACYCLINE HCL","TRANSPLANT HEPATOLOGY (INTERNAL MEDICINE)",CAPSULE,1
"TETRACYCLINE HCL","STUDENT, HEALTH CARE",CAPSULE,1
"TETRACYCLINE HCL","GENERAL PREVENTIVE MEDICINE",CAPSULE,1
"TETRACYCLINE HCL","DERMATOLOGIC SURGERY",CAPSULE,1
"TETRACYCLINE HCL","SPORTS MEDICINE (ORTHOPEDIC SURGERY)",CAPSULE,1
"TETRACYCLINE HCL",NEPHROLOGY,CAPSULE,1
"TIOCONAZOLE VAGINAL",PHARMACIST,OINTMENT,1
"TIOCONAZOLE VAGINAL","FAMILY MEDICINE",OINTMENT,1
"TIOCONAZOLE VAGINAL",,OINTMENT,1
"TIOCONAZOLE VAGINAL","PHYSICIAN ASSISTANT",OINTMENT,1
TOBRAMYCIN,"PEDIATRIC PULMONOLOGY","NEBULIZATION SOLUTION",45
TOBRAMYCIN,"PULMONARY CRITICAL CARE MEDICINE","NEBULIZATION SOLUTION",35
TOBRAMYCIN,"NURSE PRACTITIONER","NEBULIZATION SOLUTION",26
TOBRAMYCIN,"PULMONARY DISEASE","NEBULIZATION SOLUTION",22
TOBRAMYCIN,PEDIATRICS,"NEBULIZATION SOLUTION",15
TOBRAMYCIN,OTOLARYNGOLOGY,"NEBULIZATION SOLUTION",10
TOBRAMYCIN,"INTERNAL MEDICINE","NEBULIZATION SOLUTION",8
TOBRAMYCIN,"INFECTIOUS DISEASE","NEBULIZATION SOLUTION",7
TOBRAMYCIN,"PEDIATRIC PULMONOLOGY",CAPSULE,7
TOBRAMYCIN,"NURSE PRACTITIONER",CAPSULE,6
TOBRAMYCIN,"PULMONARY CRITICAL CARE MEDICINE",CAPSULE,5
TOBRAMYCIN,"PHYSICIAN ASSISTANT","NEBULIZATION SOLUTION",4
TOBRAMYCIN,"PULMONARY DISEASE",CAPSULE,3
TOBRAMYCIN,"CRITICAL CARE MEDICINE (INTERNAL MEDICINE)","NEBULIZATION SOLUTION",2
TOBRAMYCIN,"FAMILY MEDICINE","NEBULIZATION SOLUTION",2
TOBRAMYCIN,PEDIATRICS,CAPSULE,2
TOBRAMYCIN,"ALLERGY & IMMUNOLOGY","NEBULIZATION SOLUTION",2
TOBRAMYCIN,"NEONATAL-PERINATAL MEDICINE","NEBULIZATION SOLUTION",1
TOBRAMYCIN,"SLEEP MEDICINE","NEBULIZATION SOLUTION",1
TOBRAMYCIN,"CARDIOVASCULAR DISEASE","NEBULIZATION SOLUTION",1
TOBRAMYCIN,"INTERNAL MEDICINE",CAPSULE,1
TOBRAMYCIN,,CAPSULE,1
TOBRAMYCIN,"FACIAL PLASTIC SURGERY","NEBULIZATION SOLUTION",1
TOBRAMYCIN,"PHYSICIAN ASSISTANT",CAPSULE,1
TOBRAMYCIN,"INTERNAL MEDICINE/PEDIATRICS","NEBULIZATION SOLUTION",1
"TOBRAMYCIN (OPHTH)","NURSE PRACTITIONER",SOLUTION,1059
"TOBRAMYCIN (OPHTH)","FAMILY MEDICINE",SOLUTION,896
"TOBRAMYCIN (OPHTH)","PHYSICIAN ASSISTANT",SOLUTION,726
"TOBRAMYCIN (OPHTH)",PEDIATRICS,SOLUTION,676
"TOBRAMYCIN (OPHTH)",OPHTHALMOLOGY,SOLUTION,577
"TOBRAMYCIN (OPHTH)",OPTOMETRIST,SOLUTION,434
"TOBRAMYCIN (OPHTH)","INTERNAL MEDICINE",SOLUTION,322
"TOBRAMYCIN (OPHTH)","EMERGENCY MEDICINE",SOLUTION,224
"TOBRAMYCIN (OPHTH)",VETERINARIAN,SOLUTION,70
"TOBRAMYCIN (OPHTH)","GENERAL PRACTICE",SOLUTION,63
"TOBRAMYCIN (OPHTH)",,SOLUTION,47
"TOBRAMYCIN (OPHTH)","NURSE PRACTITIONER",OINTMENT,19
"TOBRAMYCIN (OPHTH)",OPHTHALMOLOGY,OINTMENT,19
"TOBRAMYCIN (OPHTH)","INTERNAL MEDICINE",OINTMENT,18
"TOBRAMYCIN (OPHTH)","PHYSICIAN ASSISTANT",OINTMENT,17
"TOBRAMYCIN (OPHTH)","INTERNAL MEDICINE/PEDIATRICS",SOLUTION,16
"TOBRAMYCIN (OPHTH)",OTOLARYNGOLOGY,SOLUTION,15
"TOBRAMYCIN (OPHTH)",PEDIATRICS,OINTMENT,13
"TOBRAMYCIN (OPHTH)","FAMILY MEDICINE",OINTMENT,10
"TOBRAMYCIN (OPHTH)","GENERAL SURGERY",SOLUTION,10
"TOBRAMYCIN (OPHTH)","OBSTETRICS & GYNECOLOGY",SOLUTION,9
"TOBRAMYCIN (OPHTH)","EMERGENCY MEDICINE",OINTMENT,8
"TOBRAMYCIN (OPHTH)","ALLERGY & IMMUNOLOGY",SOLUTION,7
"TOBRAMYCIN (OPHTH)","GENERAL PREVENTIVE MEDICINE",SOLUTION,7
"TOBRAMYCIN (OPHTH)",OPTOMETRIST,OINTMENT,7
"TOBRAMYCIN (OPHTH)",DERMATOLOGY,SOLUTION,7
"TOBRAMYCIN (OPHTH)","SPORTS MEDICINE (FAMILY MEDICINE)",SOLUTION,6
"TOBRAMYCIN (OPHTH)",PODIATRIST,SOLUTION,6
"TOBRAMYCIN (OPHTH)",NEUROLOGY,SOLUTION,6
"TOBRAMYCIN (OPHTH)","ORTHOPEDIC SURGERY",SOLUTION,6
"TOBRAMYCIN (OPHTH)",HOSPITALIST,SOLUTION,6
"TOBRAMYCIN (OPHTH)","PHYSICAL MEDICINE & REHABILITATION",SOLUTION,5
"TOBRAMYCIN (OPHTH)",ANESTHESIOLOGY,SOLUTION,5
"TOBRAMYCIN (OPHTH)","GERIATRIC MEDICINE (FAMILY MEDICINE)",SOLUTION,5
"TOBRAMYCIN (OPHTH)",NEPHROLOGY,SOLUTION,5
"TOBRAMYCIN (OPHTH)","RETINAL SPECIALIST",SOLUTION,4
"TOBRAMYCIN (OPHTH)","INFECTIOUS DISEASE",SOLUTION,4
"TOBRAMYCIN (OPHTH)","ADVANCED REGISTERED NURSE",SOLUTION,4
"TOBRAMYCIN (OPHTH)","CARDIOVASCULAR DISEASE",SOLUTION,4
"TOBRAMYCIN (OPHTH)","GERIATRIC MEDICINE (INTERNAL MEDICINE)",SOLUTION,4
"TOBRAMYCIN (OPHTH)","PAIN MEDICINE",SOLUTION,3
"TOBRAMYCIN (OPHTH)","PEDIATRIC PULMONOLOGY",SOLUTION,3
"TOBRAMYCIN (OPHTH)",DENTIST,SOLUTION,3
"TOBRAMYCIN (OPHTH)","NEONATAL-PERINATAL MEDICINE",SOLUTION,3
"TOBRAMYCIN (OPHTH)",PSYCHIATRY,SOLUTION,3
"TOBRAMYCIN (OPHTH)","PULMONARY CRITICAL CARE MEDICINE",SOLUTION,3
"TOBRAMYCIN (OPHTH)",RHEUMATOLOGY,SOLUTION,3
"TOBRAMYCIN (OPHTH)","PLASTIC SURGERY",SOLUTION,3
"TOBRAMYCIN (OPHTH)","MEDICAL ONCOLOGY",SOLUTION,2
"TOBRAMYCIN (OPHTH)","DIAGNOSTIC RADIOLOGY",SOLUTION,2
"TOBRAMYCIN (OPHTH)",HEMATOLOGY/ONCOLOGY,SOLUTION,2
"TOBRAMYCIN (OPHTH)","NEUROTOLOGY (OTOLARYNGOLOGY)",SOLUTION,2
"TOBRAMYCIN (OPHTH)","PULMONARY DISEASE",SOLUTION,2
"TOBRAMYCIN (OPHTH)","PEDIATRIC EMERGENCY MEDICINE",SOLUTION,2
"TOBRAMYCIN (OPHTH)","NATUROPATHIC DOCTOR",SOLUTION,2
"TOBRAMYCIN (OPHTH)","SPORTS MEDICINE (ORTHOPEDIC SURGERY)",SOLUTION,2
"TOBRAMYCIN (OPHTH)","ADOLESCENT MEDICINE (PEDIATRICS)",SOLUTION,1
"TOBRAMYCIN (OPHTH)","FACIAL PLASTIC SURGERY",SOLUTION,1
"TOBRAMYCIN (OPHTH)","PEDIATRIC CRITICAL CARE MEDICINE",SOLUTION,1
"TOBRAMYCIN (OPHTH)",DERMATOLOGY,OINTMENT,1
"TOBRAMYCIN (OPHTH)","CHILD & ADOLESCENT PSYCHIATRY",SOLUTION,1
"TOBRAMYCIN (OPHTH)","INTERNAL MEDICINE/FAMILY MEDICINE",SOLUTION,1
"TOBRAMYCIN (OPHTH)","CERTIFIED NURSE ANESTHETIST",SOLUTION,1
"TOBRAMYCIN (OPHTH)","CARDIOVASCULAR SURGERY",SOLUTION,1
"TOBRAMYCIN (OPHTH)","CARDIOTHORACIC SURGERY",SOLUTION,1
"TOBRAMYCIN (OPHTH)","NEUROLOGICAL SURGERY",SOLUTION,1
"TOBRAMYCIN (OPHTH)","CHILD ABUSE PEDIATRICS",SOLUTION,1
"TOBRAMYCIN (OPHTH)","GERIATRIC MEDICINE (INTERNAL MEDICINE)",OINTMENT,1
"TOBRAMYCIN (OPHTH)","OCCUPATIONAL MEDICINE",SOLUTION,1
"TOBRAMYCIN (OPHTH)","NURSE MIDWIFE",SOLUTION,1
"TOBRAMYCIN (OPHTH)","GENERAL PRACTICE",OINTMENT,1
"TOBRAMYCIN (OPHTH)","PEDIATRIC OPHTHALMOLOGY",SOLUTION,1
"TOBRAMYCIN (OPHTH)","CARDIOVASCULAR DISEASE",OINTMENT,1
"TOBRAMYCIN (OPHTH)","PEDIATRIC ENDOCRINOLOGY",SOLUTION,1
"TOBRAMYCIN (OPHTH)","AEROSPACE MEDICINE",SOLUTION,1
"TOBRAMYCIN (OPHTH)",GASTROENTEROLOGY,SOLUTION,1
"TOBRAMYCIN (OPHTH)",,OINTMENT,1
"TOBRAMYCIN (OPHTH)",PSYCHOLOGY,SOLUTION,1
"TOBRAMYCIN (OPHTH)","PEDIATRIC EMERGENCY MEDICINE (PEDIATRICS)",SOLUTION,1
"TOBRAMYCIN (OPHTH)","ADDICTION MEDICINE",SOLUTION,1
"TOBRAMYCIN (OPHTH)",UNSPECIFIED,SOLUTION,1
"TOBRAMYCIN (OPHTH)","TRAUMA SURGERY",SOLUTION,1
"TOBRAMYCIN (OPHTH)","MEDICAL TOXICOLOGY (EMERGENCY MEDICINE)",SOLUTION,1
"TOBRAMYCIN (OPHTH)","FACIAL PLASTIC SURGERY",OINTMENT,1
"TOBRAMYCIN (OPHTH)","HOSPICE & PALLIATIVE MEDICINE",SOLUTION,1
"TOBRAMYCIN (OPHTH)",ALLERGY,SOLUTION,1
"TOBRAMYCIN (OPHTH)","CLINICAL NEUROPHYSIOLOGY",SOLUTION,1
"TOBRAMYCIN (OPHTH)",DENTIST,OINTMENT,1
"TOBRAMYCIN (OPHTH)","PEDIATRIC NEPHROLOGY",SOLUTION,1
"TOBRAMYCIN (OPHTH)","SPORTS MEDICINE (EMERGENCY MEDICINE)",SOLUTION,1
"TOBRAMYCIN (OPHTH)",UROLOGY,SOLUTION,1
"TOBRAMYCIN (OPHTH)","STUDENT, HEALTH CARE",SOLUTION,1
"TOBRAMYCIN (OPHTH)","PEDIATRIC HEMATOLOGY/ONCOLOGY",SOLUTION,1
"TOBRAMYCIN SULFATE","PEDIATRIC PULMONOLOGY",SOLUTION,13
"TOBRAMYCIN SULFATE",PODIATRIST,"SOLUTION RECONSTITUTED",6
"TOBRAMYCIN SULFATE","PULMONARY DISEASE",SOLUTION,4
"TOBRAMYCIN SULFATE","NURSE PRACTITIONER","SOLUTION RECONSTITUTED",4
"TOBRAMYCIN SULFATE","NURSE PRACTITIONER",SOLUTION,3
"TOBRAMYCIN SULFATE",OTOLARYNGOLOGY,SOLUTION,3
"TOBRAMYCIN SULFATE","INTERNAL MEDICINE",SOLUTION,3
"TOBRAMYCIN SULFATE",OTOLARYNGOLOGY,"SOLUTION RECONSTITUTED",3
"TOBRAMYCIN SULFATE","PULMONARY CRITICAL CARE MEDICINE",SOLUTION,2
"TOBRAMYCIN SULFATE",PEDIATRICS,SOLUTION,2
"TOBRAMYCIN SULFATE","FAMILY MEDICINE",SOLUTION,2
"TOBRAMYCIN SULFATE","INFECTIOUS DISEASE",SOLUTION,1
"TOBRAMYCIN SULFATE","GERIATRIC MEDICINE (INTERNAL MEDICINE)",SOLUTION,1
"TOBRAMYCIN SULFATE","INTERNAL MEDICINE","SOLUTION RECONSTITUTED",1
"TOBRAMYCIN SULFATE","EMERGENCY MEDICINE","SOLUTION RECONSTITUTED",1
"TOBRAMYCIN SULFATE",OPHTHALMOLOGY,SOLUTION,1
"TOBRAMYCIN SULFATE","SLEEP MEDICINE",SOLUTION,1
"TOBRAMYCIN SULFATE",,SOLUTION,1
TRIFLURIDINE,OPHTHALMOLOGY,SOLUTION,87
TRIFLURIDINE,OPTOMETRIST,SOLUTION,57
TRIFLURIDINE,"INTERNAL MEDICINE",SOLUTION,7
TRIFLURIDINE,"FAMILY MEDICINE",SOLUTION,6
TRIFLURIDINE,VETERINARIAN,SOLUTION,2
TRIFLURIDINE,,SOLUTION,2
TRIFLURIDINE,"INFECTIOUS DISEASE",SOLUTION,1
TRIFLURIDINE,"OCCUPATIONAL MEDICINE",SOLUTION,1
TRIFLURIDINE,"ORAL & MAXILLOFACIAL SURGERY",SOLUTION,1
TRIFLURIDINE,"NURSE PRACTITIONER",SOLUTION,1
TRIFLURIDINE,HOSPITALIST,SOLUTION,1
TRIFLURIDINE,"EMERGENCY MEDICINE",SOLUTION,1
TRIFLURIDINE,"GENERAL PRACTICE",SOLUTION,1
TRIFLURIDINE,"PHYSICIAN ASSISTANT",SOLUTION,1
TRIFLURIDINE,"PULMONARY DISEASE",SOLUTION,1
TRIFLURIDINE,"SPORTS MEDICINE (FAMILY MEDICINE)",SOLUTION,1
TRIMETHOPRIM,UROLOGY,TABLET,542
TRIMETHOPRIM,"FAMILY MEDICINE",TABLET,189
TRIMETHOPRIM,"NURSE PRACTITIONER",TABLET,178
TRIMETHOPRIM,"PHYSICIAN ASSISTANT",TABLET,138
TRIMETHOPRIM,"INTERNAL MEDICINE",TABLET,116
TRIMETHOPRIM,"OBSTETRICS & GYNECOLOGY",TABLET,60
TRIMETHOPRIM,DERMATOLOGY,TABLET,25
TRIMETHOPRIM,GYNECOLOGY,TABLET,16
TRIMETHOPRIM,"FEMALE PELVIC MEDICINE & RECONSTRUCTIVE SURGERY",TABLET,7
TRIMETHOPRIM,NEPHROLOGY,TABLET,7
TRIMETHOPRIM,"GERIATRIC MEDICINE (INTERNAL MEDICINE)",TABLET,5
TRIMETHOPRIM,PEDIATRICS,TABLET,4
TRIMETHOPRIM,"INFECTIOUS DISEASE",TABLET,4
TRIMETHOPRIM,"GENERAL SURGERY",TABLET,4
TRIMETHOPRIM,"GENERAL PRACTICE",TABLET,3
TRIMETHOPRIM,VETERINARIAN,TABLET,3
TRIMETHOPRIM,,TABLET,3
TRIMETHOPRIM,"INTERNAL MEDICINE/PEDIATRICS",TABLET,3
TRIMETHOPRIM,"CARDIOVASCULAR DISEASE",TABLET,2
TRIMETHOPRIM,DENTIST,TABLET,2
TRIMETHOPRIM,"FEMALE PELVIC MEDICINE & RECONSTRUCTIVE SURGERY (UROLOGY)",TABLET,2
TRIMETHOPRIM,HOSPITALIST,TABLET,2
TRIMETHOPRIM,NEUROLOGY,TABLET,2
TRIMETHOPRIM,"GERIATRIC MEDICINE (FAMILY MEDICINE)",TABLET,1
TRIMETHOPRIM,"GYNECOLOGICAL ONCOLOGY",TABLET,1
TRIMETHOPRIM,CHIROPRACTIC,TABLET,1
TRIMETHOPRIM,"ALLERGY & IMMUNOLOGY",TABLET,1
TRIMETHOPRIM,"CRITICAL CARE MEDICINE (INTERNAL MEDICINE)",TABLET,1
TRIMETHOPRIM,"ENDOCRINOLOGY, DIABETES & METABOLISM",TABLET,1
TRIMETHOPRIM,"NURSE MIDWIFE",TABLET,1
TRIMETHOPRIM,"FORENSIC PSYCHIATRY",TABLET,1
TRIMETHOPRIM,"EMERGENCY MEDICINE",TABLET,1
TRIMETHOPRIM,PODIATRIST,TABLET,1
TRIMETHOPRIM,"PULMONARY DISEASE",TABLET,1
TRIMETHOPRIM,"HOSPICE & PALLIATIVE MEDICINE",TABLET,1
TRIMETHOPRIM,GASTROENTEROLOGY,TABLET,1
"TRIMETHOPRIM HCL",UROLOGY,SOLUTION,2
"VANCOMYCIN HCL","INTERNAL MEDICINE",CAPSULE,310
"VANCOMYCIN HCL","FAMILY MEDICINE",CAPSULE,239
"VANCOMYCIN HCL",GASTROENTEROLOGY,CAPSULE,212
"VANCOMYCIN HCL","NURSE PRACTITIONER",CAPSULE,190
"VANCOMYCIN HCL","PHYSICIAN ASSISTANT",CAPSULE,105
"VANCOMYCIN HCL","INFECTIOUS DISEASE",CAPSULE,103
"VANCOMYCIN HCL","INTERNAL MEDICINE","SOLUTION RECONSTITUTED",71
"VANCOMYCIN HCL",NEPHROLOGY,"SOLUTION RECONSTITUTED",70
"VANCOMYCIN HCL","EMERGENCY MEDICINE",CAPSULE,55
"VANCOMYCIN HCL",HOSPITALIST,CAPSULE,49
"VANCOMYCIN HCL","FAMILY MEDICINE","SOLUTION RECONSTITUTED",38
"VANCOMYCIN HCL","INFECTIOUS DISEASE","SOLUTION RECONSTITUTED",29
"VANCOMYCIN HCL",,CAPSULE,24
"VANCOMYCIN HCL","NURSE PRACTITIONER","SOLUTION RECONSTITUTED",23
"VANCOMYCIN HCL","PEDIATRIC GASTROENTEROLOGY",CAPSULE,17
"VANCOMYCIN HCL",HOSPITALIST,"SOLUTION RECONSTITUTED",14
"VANCOMYCIN HCL",NEPHROLOGY,CAPSULE,14
"VANCOMYCIN HCL",GASTROENTEROLOGY,"SOLUTION RECONSTITUTED",14
"VANCOMYCIN HCL",PEDIATRICS,CAPSULE,13
"VANCOMYCIN HCL",PODIATRIST,CAPSULE,11
"VANCOMYCIN HCL",HEMATOLOGY/ONCOLOGY,CAPSULE,10
"VANCOMYCIN HCL","STUDENT, HEALTH CARE",CAPSULE,9
"VANCOMYCIN HCL","INTERNAL MEDICINE/PEDIATRICS",CAPSULE,9
"VANCOMYCIN HCL","GENERAL SURGERY",CAPSULE,8
"VANCOMYCIN HCL","GERIATRIC MEDICINE (INTERNAL MEDICINE)",CAPSULE,7
"VANCOMYCIN HCL","PHYSICAL MEDICINE & REHABILITATION",CAPSULE,7
"VANCOMYCIN HCL",UROLOGY,CAPSULE,6
"VANCOMYCIN HCL","PULMONARY CRITICAL CARE MEDICINE",CAPSULE,5
"VANCOMYCIN HCL","CARDIOVASCULAR DISEASE",CAPSULE,5
"VANCOMYCIN HCL","INTERNAL MEDICINE",SOLUTION,5
"VANCOMYCIN HCL","GERIATRIC MEDICINE (INTERNAL MEDICINE)","SOLUTION RECONSTITUTED",5
"VANCOMYCIN HCL","OBSTETRICS & GYNECOLOGY",CAPSULE,5
"VANCOMYCIN HCL","PULMONARY DISEASE",CAPSULE,4
"VANCOMYCIN HCL","MEDICAL ONCOLOGY",CAPSULE,4
"VANCOMYCIN HCL","PEDIATRIC GASTROENTEROLOGY","SOLUTION RECONSTITUTED",4
"VANCOMYCIN HCL","PHYSICIAN ASSISTANT","SOLUTION RECONSTITUTED",4
"VANCOMYCIN HCL","STUDENT, HEALTH CARE","SOLUTION RECONSTITUTED",4
"VANCOMYCIN HCL",PEDIATRICS,"SOLUTION RECONSTITUTED",3
"VANCOMYCIN HCL",HEPATOLOGY,CAPSULE,3
"VANCOMYCIN HCL","PHYSICAL MEDICINE & REHABILITATION","SOLUTION RECONSTITUTED",3
"VANCOMYCIN HCL",PODIATRIST,"SOLUTION RECONSTITUTED",3
"VANCOMYCIN HCL","GERIATRIC MEDICINE (FAMILY MEDICINE)",CAPSULE,3
"VANCOMYCIN HCL","PEDIATRIC INFECTIOUS DISEASE",CAPSULE,2
"VANCOMYCIN HCL","PEDIATRIC TRANSPLANT HEPATOLOGY",CAPSULE,2
"VANCOMYCIN HCL",OPHTHALMOLOGY,CAPSULE,2
"VANCOMYCIN HCL","CRITICAL CARE MEDICINE (INTERNAL MEDICINE)",CAPSULE,2
"VANCOMYCIN HCL","VASCULAR SURGERY",CAPSULE,2
"VANCOMYCIN HCL",DENTIST,CAPSULE,2
"VANCOMYCIN HCL","GENERAL SURGERY","SOLUTION RECONSTITUTED",2
"VANCOMYCIN HCL","ENDOCRINOLOGY, DIABETES & METABOLISM",CAPSULE,2
"VANCOMYCIN HCL","GENERAL PRACTICE",CAPSULE,2
"VANCOMYCIN HCL",UNSPECIFIED,CAPSULE,2
"VANCOMYCIN HCL","COLON & RECTAL SURGERY",CAPSULE,2
"VANCOMYCIN HCL","PLASTIC SURGERY",CAPSULE,2
"VANCOMYCIN HCL","ORTHOPEDIC SURGERY",CAPSULE,2
"VANCOMYCIN HCL",NEUROLOGY,CAPSULE,2
"VANCOMYCIN HCL","HOSPICE & PALLIATIVE MEDICINE",CAPSULE,2
"VANCOMYCIN HCL",OPHTHALMOLOGY,"SOLUTION RECONSTITUTED",2
"VANCOMYCIN HCL","TRANSPLANT HEPATOLOGY (INTERNAL MEDICINE)",CAPSULE,2
"VANCOMYCIN HCL",HEMATOLOGY/ONCOLOGY,"SOLUTION RECONSTITUTED",2
"VANCOMYCIN HCL","SPORTS MEDICINE (FAMILY MEDICINE)",CAPSULE,2
"VANCOMYCIN HCL",PSYCHIATRY,SOLUTION,1
"VANCOMYCIN HCL",PSYCHIATRY,"SOLUTION RECONSTITUTED",1
"VANCOMYCIN HCL","ORTHOPEDIC SURGERY","SOLUTION RECONSTITUTED",1
"VANCOMYCIN HCL","PEDIATRIC INFECTIOUS DISEASE","SOLUTION RECONSTITUTED",1
"VANCOMYCIN HCL","HEMATOLOGY (INTERNAL MEDICINE)",CAPSULE,1
"VANCOMYCIN HCL",RHEUMATOLOGY,CAPSULE,1
"VANCOMYCIN HCL","SPINAL CORD INJURY MEDICINE",CAPSULE,1
"VANCOMYCIN HCL",GASTROENTEROLOGY,SOLUTION,1
"VANCOMYCIN HCL","GYNECOLOGICAL ONCOLOGY",CAPSULE,1
"VANCOMYCIN HCL","PEDIATRIC PULMONOLOGY","SOLUTION RECONSTITUTED",1
"VANCOMYCIN HCL",OTOLARYNGOLOGY,"SOLUTION RECONSTITUTED",1
"VANCOMYCIN HCL",DENTIST,SOLUTION,1
"VANCOMYCIN HCL",ANESTHESIOLOGY,"SOLUTION RECONSTITUTED",1
"VANCOMYCIN HCL","PSYCHIATRY/FAMILY MEDICINE",CAPSULE,1
"VANCOMYCIN HCL","FAMILY MEDICINE",SOLUTION,1
"VANCOMYCIN HCL",DENTIST,"SOLUTION RECONSTITUTED",1
"VANCOMYCIN HCL","ALLERGY & IMMUNOLOGY",CAPSULE,1
"VANCOMYCIN HCL",DERMATOLOGY,CAPSULE,1
"VANCOMYCIN HCL","GENERAL PRACTICE","SOLUTION RECONSTITUTED",1
"VANCOMYCIN HCL","ADOLESCENT MEDICINE (INTERNAL MEDICINE)",CAPSULE,1
"VANCOMYCIN HCL","ADVANCED REGISTERED NURSE",CAPSULE,1
"VANCOMYCIN HCL",HOSPITALIST,SOLUTION,1
"VANCOMYCIN HCL",,"SOLUTION RECONSTITUTED",1
"VANCOMYCIN HCL","ALLERGY & IMMUNOLOGY","SOLUTION RECONSTITUTED",1
"VANCOMYCIN HCL","COLON & RECTAL SURGERY","SOLUTION RECONSTITUTED",1
"VANCOMYCIN HCL","PULMONARY DISEASE","SOLUTION RECONSTITUTED",1
"VANCOMYCIN HCL",PHARMACIST,CAPSULE,1
"VANCOMYCIN HCL","SPORTS MEDICINE (ORTHOPEDIC SURGERY)",CAPSULE,1
"VANCOMYCIN HCL","INTERVENTIONAL CARDIOLOGY",CAPSULE,1
"VANCOMYCIN HCL","RADIATION ONCOLOGY",CAPSULE,1
"VANCOMYCIN HCL","NEONATAL-PERINATAL MEDICINE",CAPSULE,1
"VANCOMYCIN HCL","EMERGENCY MEDICINE","SOLUTION RECONSTITUTED",1
"VANCOMYCIN HCL-DEXTROSE","INTERNAL MEDICINE",SOLUTION,3
"VANCOMYCIN HCL-SODIUM CHLORIDE","INTERNAL MEDICINE",SOLUTION,1
"VANCOMYCIN HCL-SODIUM CHLORIDE","GERIATRIC MEDICINE (INTERNAL MEDICINE)",SOLUTION,1
