IndicatorCode,Indicator,ValueType,ParentLocationCode,ParentLocation,Location type,SpatialDimValueCode,Location,Period type,Period,IsLatestYear,Dim1 type,Dim1,Dim1ValueCode,Dim2 type,Dim2,Dim2ValueCode,Dim3 type,Dim3,Dim3ValueCode,DataSourceDimValueCode,DataSource,FactValueNumericPrefix,FactValueNumeric,FactValueUoM,FactValueNumericLowPrefix,FactValueNumericLow,FactValueNumericHighPrefix,FactValueNumericHigh,Value,FactValueTranslationID,FactComments,Language,DateModified
GLASSAMC_AWARE,Pattern of antibiotic consumption at national level (relative use by AWaRe classification),numeric,EUR,Europe,Country,ARM,Armenia,Year,2023,true,AWARE Antibiotics group,Not classified (%) / not recommended (%),GLASSAMCAWARE_ANTIBIOTICSGROUP_GLASSAMC_AWARE_O,,,,,,,,,,0.001,,,,,,0,,,EN,2025-09-24T04:00:00.000Z
GLASSAMC_AWARE,Pattern of antibiotic consumption at national level (relative use by AWaRe classification),numeric,EUR,Europe,Country,AUT,Austria,Year,2023,true,AWARE Antibiotics group,Not classified (%) / not recommended (%),GLASSAMCAWARE_ANTIBIOTICSGROUP_GLASSAMC_AWARE_O,,,,,,,,,,0,,,,,,0,,,EN,2025-09-24T04:00:00.000Z
GLASSAMC_AWARE,Pattern of antibiotic consumption at national level (relative use by AWaRe classification),numeric,EUR,Europe,Country,BEL,Belgium,Year,2023,true,AWARE Antibiotics group,Not classified (%) / not recommended (%),GLASSAMCAWARE_ANTIBIOTICSGROUP_GLASSAMC_AWARE_O,,,,,,,,,,0,,,,,,0,,,EN,2025-09-24T04:00:00.000Z
GLASSAMC_AWARE,Pattern of antibiotic consumption at national level (relative use by AWaRe classification),numeric,AFR,Africa,Country,BEN,Benin,Year,2023,true,AWARE Antibiotics group,Reserve (%),GLASSAMCAWARE_ANTIBIOTICSGROUP_GLASSAMC_AWARE_R,,,,,,,,,,0,,,,,,0,,,EN,2025-09-24T04:00:00.000Z
GLASSAMC_AWARE,Pattern of antibiotic consumption at national level (relative use by AWaRe classification),numeric,SEAR,South-East Asia,Country,BTN,Bhutan,Year,2023,true,AWARE Antibiotics group,Not classified (%) / not recommended (%),GLASSAMCAWARE_ANTIBIOTICSGROUP_GLASSAMC_AWARE_O,,,,,,,,,,0,,,,,,0,,For antibiotics: only J01 reported,EN,2025-09-24T04:00:00.000Z
GLASSAMC_AWARE,Pattern of antibiotic consumption at national level (relative use by AWaRe classification),numeric,SEAR,South-East Asia,Country,BTN,Bhutan,Year,2023,true,AWARE Antibiotics group,Reserve (%),GLASSAMCAWARE_ANTIBIOTICSGROUP_GLASSAMC_AWARE_R,,,,,,,,,,0.013,,,,,,0,,For antibiotics: only J01 reported,EN,2025-09-24T04:00:00.000Z
GLASSAMC_AWARE,Pattern of antibiotic consumption at national level (relative use by AWaRe classification),numeric,WPR,Western Pacific,Country,BRN,Brunei Darussalam,Year,2023,true,AWARE Antibiotics group,Not classified (%) / not recommended (%),GLASSAMCAWARE_ANTIBIOTICSGROUP_GLASSAMC_AWARE_O,,,,,,,,,,0,,,,,,0,,,EN,2025-09-24T04:00:00.000Z
GLASSAMC_AWARE,Pattern of antibiotic consumption at national level (relative use by AWaRe classification),numeric,AFR,Africa,Country,BFA,Burkina Faso,Year,2023,true,AWARE Antibiotics group,Reserve (%),GLASSAMCAWARE_ANTIBIOTICSGROUP_GLASSAMC_AWARE_R,,,,,,,,,,0,,,,,,0,,For antibiotics: only J01 and P01AB reported,EN,2025-09-24T04:00:00.000Z
GLASSAMC_AWARE,Pattern of antibiotic consumption at national level (relative use by AWaRe classification),numeric,AFR,Africa,Country,CIV,Cote d'Ivoire,Year,2023,true,AWARE Antibiotics group,Reserve (%),GLASSAMCAWARE_ANTIBIOTICSGROUP_GLASSAMC_AWARE_R,,,,,,,,,,0,,,,,,0,,For antibiotics: only J01 and P01AB reported,EN,2025-09-24T04:00:00.000Z
GLASSAMC_AWARE,Pattern of antibiotic consumption at national level (relative use by AWaRe classification),numeric,AMR,Americas,Country,CAN,Canada,Year,2023,true,AWARE Antibiotics group,Not classified (%) / not recommended (%),GLASSAMCAWARE_ANTIBIOTICSGROUP_GLASSAMC_AWARE_O,,,,,,,,,,0,,,,,,0,,,EN,2025-09-24T04:00:00.000Z
GLASSAMC_AWARE,Pattern of antibiotic consumption at national level (relative use by AWaRe classification),numeric,AMR,Americas,Country,COL,Colombia,Year,2023,true,AWARE Antibiotics group,Not classified (%) / not recommended (%),GLASSAMCAWARE_ANTIBIOTICSGROUP_GLASSAMC_AWARE_O,,,,,,,,,,0,,,,,,0,,,EN,2025-09-24T04:00:00.000Z
GLASSAMC_AWARE,Pattern of antibiotic consumption at national level (relative use by AWaRe classification),numeric,EUR,Europe,Country,HRV,Croatia,Year,2023,true,AWARE Antibiotics group,Not classified (%) / not recommended (%),GLASSAMCAWARE_ANTIBIOTICSGROUP_GLASSAMC_AWARE_O,,,,,,,,,,0.003,,,,,,0,,,EN,2025-09-24T04:00:00.000Z
GLASSAMC_AWARE,Pattern of antibiotic consumption at national level (relative use by AWaRe classification),numeric,EUR,Europe,Country,CZE,Czechia,Year,2023,true,AWARE Antibiotics group,Not classified (%) / not recommended (%),GLASSAMCAWARE_ANTIBIOTICSGROUP_GLASSAMC_AWARE_O,,,,,,,,,,0.038,,,,,,0,,,EN,2025-09-24T04:00:00.000Z
GLASSAMC_AWARE,Pattern of antibiotic consumption at national level (relative use by AWaRe classification),numeric,EUR,Europe,Country,DNK,Denmark,Year,2023,true,AWARE Antibiotics group,Not classified (%) / not recommended (%),GLASSAMCAWARE_ANTIBIOTICSGROUP_GLASSAMC_AWARE_O,,,,,,,,,,0,,,,,,0,,,EN,2025-09-24T04:00:00.000Z
GLASSAMC_AWARE,Pattern of antibiotic consumption at national level (relative use by AWaRe classification),numeric,EUR,Europe,Country,EST,Estonia,Year,2023,true,AWARE Antibiotics group,Not classified (%) / not recommended (%),GLASSAMCAWARE_ANTIBIOTICSGROUP_GLASSAMC_AWARE_O,,,,,,,,,,0.0001,,,,,,0,,,EN,2025-09-24T04:00:00.000Z
GLASSAMC_AWARE,Pattern of antibiotic consumption at national level (relative use by AWaRe classification),numeric,AFR,Africa,Country,ETH,Ethiopia,Year,2023,true,AWARE Antibiotics group,Not classified (%) / not recommended (%),GLASSAMCAWARE_ANTIBIOTICSGROUP_GLASSAMC_AWARE_O,,,,,,,,,,0.009,,,,,,0,,For antibiotics: only J01 and P01AB reported,EN,2025-09-24T04:00:00.000Z
GLASSAMC_AWARE,Pattern of antibiotic consumption at national level (relative use by AWaRe classification),numeric,AFR,Africa,Country,ETH,Ethiopia,Year,2023,true,AWARE Antibiotics group,Reserve (%),GLASSAMCAWARE_ANTIBIOTICSGROUP_GLASSAMC_AWARE_R,,,,,,,,,,0,,,,,,0,,For antibiotics: only J01 and P01AB reported,EN,2025-09-24T04:00:00.000Z
GLASSAMC_AWARE,Pattern of antibiotic consumption at national level (relative use by AWaRe classification),numeric,EUR,Europe,Country,FIN,Finland,Year,2023,true,AWARE Antibiotics group,Not classified (%) / not recommended (%),GLASSAMCAWARE_ANTIBIOTICSGROUP_GLASSAMC_AWARE_O,,,,,,,,,,0,,,,,,0,,,EN,2025-09-24T04:00:00.000Z
GLASSAMC_AWARE,Pattern of antibiotic consumption at national level (relative use by AWaRe classification),numeric,AMR,Americas,Country,HND,Honduras,Year,2023,true,AWARE Antibiotics group,Not classified (%) / not recommended (%),GLASSAMCAWARE_ANTIBIOTICSGROUP_GLASSAMC_AWARE_O,,,,,,,,,,0,,,,,,0,,Only use in the public sector reported,EN,2025-09-24T04:00:00.000Z
GLASSAMC_AWARE,Pattern of antibiotic consumption at national level (relative use by AWaRe classification),numeric,AMR,Americas,Country,HND,Honduras,Year,2023,true,AWARE Antibiotics group,Reserve (%),GLASSAMCAWARE_ANTIBIOTICSGROUP_GLASSAMC_AWARE_R,,,,,,,,,,0.032,,,,,,0,,Only use in the public sector reported,EN,2025-09-24T04:00:00.000Z
GLASSAMC_AWARE,Pattern of antibiotic consumption at national level (relative use by AWaRe classification),numeric,EUR,Europe,Country,HUN,Hungary,Year,2023,true,AWARE Antibiotics group,Not classified (%) / not recommended (%),GLASSAMCAWARE_ANTIBIOTICSGROUP_GLASSAMC_AWARE_O,,,,,,,,,,0,,,,,,0,,,EN,2025-09-24T04:00:00.000Z
GLASSAMC_AWARE,Pattern of antibiotic consumption at national level (relative use by AWaRe classification),numeric,EUR,Europe,Country,ISL,Iceland,Year,2023,true,AWARE Antibiotics group,Not classified (%) / not recommended (%),GLASSAMCAWARE_ANTIBIOTICSGROUP_GLASSAMC_AWARE_O,,,,,,,,,,0,,,,,,0,,,EN,2025-09-24T04:00:00.000Z
GLASSAMC_AWARE,Pattern of antibiotic consumption at national level (relative use by AWaRe classification),numeric,WPR,Western Pacific,Country,IDN,Indonesia,Year,2023,true,AWARE Antibiotics group,Not classified (%) / not recommended (%),GLASSAMCAWARE_ANTIBIOTICSGROUP_GLASSAMC_AWARE_O,,,,,,,,,,0.031,,,,,,0,,,EN,2025-09-24T04:00:00.000Z
GLASSAMC_AWARE,Pattern of antibiotic consumption at national level (relative use by AWaRe classification),numeric,WPR,Western Pacific,Country,IDN,Indonesia,Year,2023,true,AWARE Antibiotics group,Reserve (%),GLASSAMCAWARE_ANTIBIOTICSGROUP_GLASSAMC_AWARE_R,,,,,,,,,,0.007,,,,,,0,,,EN,2025-09-24T04:00:00.000Z
GLASSAMC_AWARE,Pattern of antibiotic consumption at national level (relative use by AWaRe classification),numeric,EMR,Eastern Mediterranean,Country,IRN,Iran (Islamic Republic of),Year,2023,true,AWARE Antibiotics group,Not classified (%) / not recommended (%),GLASSAMCAWARE_ANTIBIOTICSGROUP_GLASSAMC_AWARE_O,,,,,,,,,,0,,,,,,0,,,EN,2025-09-24T04:00:00.000Z
GLASSAMC_AWARE,Pattern of antibiotic consumption at national level (relative use by AWaRe classification),numeric,EUR,Europe,Country,IRL,Ireland,Year,2023,true,AWARE Antibiotics group,Not classified (%) / not recommended (%),GLASSAMCAWARE_ANTIBIOTICSGROUP_GLASSAMC_AWARE_O,,,,,,,,,,0,,,,,,0,,,EN,2025-09-24T04:00:00.000Z
GLASSAMC_AWARE,Pattern of antibiotic consumption at national level (relative use by AWaRe classification),numeric,EUR,Europe,Country,ITA,Italy,Year,2023,true,AWARE Antibiotics group,Not classified (%) / not recommended (%),GLASSAMCAWARE_ANTIBIOTICSGROUP_GLASSAMC_AWARE_O,,,,,,,,,,0,,,,,,0,,,EN,2025-09-24T04:00:00.000Z
GLASSAMC_AWARE,Pattern of antibiotic consumption at national level (relative use by AWaRe classification),numeric,EMR,Eastern Mediterranean,Country,JOR,Jordan,Year,2023,true,AWARE Antibiotics group,Reserve (%),GLASSAMCAWARE_ANTIBIOTICSGROUP_GLASSAMC_AWARE_R,,,,,,,,,,0.038,,,,,,0,,,EN,2025-09-24T04:00:00.000Z
GLASSAMC_AWARE,Pattern of antibiotic consumption at national level (relative use by AWaRe classification),numeric,EMR,Eastern Mediterranean,Country,KWT,Kuwait,Year,2023,true,AWARE Antibiotics group,Not classified (%) / not recommended (%),GLASSAMCAWARE_ANTIBIOTICSGROUP_GLASSAMC_AWARE_O,,,,,,,,,,0,,,,,,0,,,EN,2025-09-24T04:00:00.000Z
GLASSAMC_AWARE,Pattern of antibiotic consumption at national level (relative use by AWaRe classification),numeric,WPR,Western Pacific,Country,LAO,Lao People's Democratic Republic,Year,2023,true,AWARE Antibiotics group,Not classified (%) / not recommended (%),GLASSAMCAWARE_ANTIBIOTICSGROUP_GLASSAMC_AWARE_O,,,,,,,,,,0,,,,,,0,,,EN,2025-09-24T04:00:00.000Z
GLASSAMC_AWARE,Pattern of antibiotic consumption at national level (relative use by AWaRe classification),numeric,WPR,Western Pacific,Country,LAO,Lao People's Democratic Republic,Year,2023,true,AWARE Antibiotics group,Reserve (%),GLASSAMCAWARE_ANTIBIOTICSGROUP_GLASSAMC_AWARE_R,,,,,,,,,,0,,,,,,0,,,EN,2025-09-24T04:00:00.000Z
GLASSAMC_AWARE,Pattern of antibiotic consumption at national level (relative use by AWaRe classification),numeric,EUR,Europe,Country,LVA,Latvia,Year,2023,true,AWARE Antibiotics group,Not classified (%) / not recommended (%),GLASSAMCAWARE_ANTIBIOTICSGROUP_GLASSAMC_AWARE_O,,,,,,,,,,0.002,,,,,,0,,,EN,2025-09-24T04:00:00.000Z
GLASSAMC_AWARE,Pattern of antibiotic consumption at national level (relative use by AWaRe classification),numeric,EUR,Europe,Country,LTU,Lithuania,Year,2023,true,AWARE Antibiotics group,Not classified (%) / not recommended (%),GLASSAMCAWARE_ANTIBIOTICSGROUP_GLASSAMC_AWARE_O,,,,,,,,,,0,,,,,,0,,,EN,2025-09-24T04:00:00.000Z
GLASSAMC_AWARE,Pattern of antibiotic consumption at national level (relative use by AWaRe classification),numeric,WPR,Western Pacific,Country,MYS,Malaysia,Year,2023,true,AWARE Antibiotics group,Reserve (%),GLASSAMCAWARE_ANTIBIOTICSGROUP_GLASSAMC_AWARE_R,,,,,,,,,,0.034,,,,,,0,,For antibiotics: only J01 and P01AB reported,EN,2025-09-24T04:00:00.000Z
GLASSAMC_AWARE,Pattern of antibiotic consumption at national level (relative use by AWaRe classification),numeric,SEAR,South-East Asia,Country,MDV,Maldives,Year,2023,true,AWARE Antibiotics group,Reserve (%),GLASSAMCAWARE_ANTIBIOTICSGROUP_GLASSAMC_AWARE_R,,,,,,,,,,0.017,,,,,,0,,,EN,2025-09-24T04:00:00.000Z
GLASSAMC_AWARE,Pattern of antibiotic consumption at national level (relative use by AWaRe classification),numeric,EUR,Europe,Country,MNE,Montenegro,Year,2023,true,AWARE Antibiotics group,Reserve (%),GLASSAMCAWARE_ANTIBIOTICSGROUP_GLASSAMC_AWARE_R,,,,,,,,,,0.038,,,,,,0,,,EN,2025-09-24T04:00:00.000Z
GLASSAMC_AWARE,Pattern of antibiotic consumption at national level (relative use by AWaRe classification),numeric,EUR,Europe,Country,NOR,Norway,Year,2023,true,AWARE Antibiotics group,Not classified (%) / not recommended (%),GLASSAMCAWARE_ANTIBIOTICSGROUP_GLASSAMC_AWARE_O,,,,,,,,,,0,,,,,,0,,,EN,2025-09-24T04:00:00.000Z
GLASSAMC_AWARE,Pattern of antibiotic consumption at national level (relative use by AWaRe classification),numeric,EMR,Eastern Mediterranean,Country,PSE,"occupied Palestinian territory, including east Jerusalem",Year,2023,true,AWARE Antibiotics group,Reserve (%),GLASSAMCAWARE_ANTIBIOTICSGROUP_GLASSAMC_AWARE_R,,,,,,,,,,0,,,,,,0,,For antibiotics: only J01 and P01AB reported,EN,2025-09-24T04:00:00.000Z
GLASSAMC_AWARE,Pattern of antibiotic consumption at national level (relative use by AWaRe classification),numeric,EMR,Eastern Mediterranean,Country,OMN,Oman,Year,2023,true,AWARE Antibiotics group,Not classified (%) / not recommended (%),GLASSAMCAWARE_ANTIBIOTICSGROUP_GLASSAMC_AWARE_O,,,,,,,,,,0,,,,,,0,,Only use in the public sector reported,EN,2025-09-24T04:00:00.000Z
GLASSAMC_AWARE,Pattern of antibiotic consumption at national level (relative use by AWaRe classification),numeric,WPR,Western Pacific,Country,PNG,Papua New Guinea,Year,2023,true,AWARE Antibiotics group,Not classified (%) / not recommended (%),GLASSAMCAWARE_ANTIBIOTICSGROUP_GLASSAMC_AWARE_O,,,,,,,,,,0,,,,,,0,,Only use in the public sector reported,EN,2025-09-24T04:00:00.000Z
GLASSAMC_AWARE,Pattern of antibiotic consumption at national level (relative use by AWaRe classification),numeric,WPR,Western Pacific,Country,PNG,Papua New Guinea,Year,2023,true,AWARE Antibiotics group,Reserve (%),GLASSAMCAWARE_ANTIBIOTICSGROUP_GLASSAMC_AWARE_R,,,,,,,,,,0,,,,,,0,,Only use in the public sector reported,EN,2025-09-24T04:00:00.000Z
GLASSAMC_AWARE,Pattern of antibiotic consumption at national level (relative use by AWaRe classification),numeric,EUR,Europe,Country,PRT,Portugal,Year,2023,true,AWARE Antibiotics group,Not classified (%) / not recommended (%),GLASSAMCAWARE_ANTIBIOTICSGROUP_GLASSAMC_AWARE_O,,,,,,,,,,0.009,,,,,,0,,,EN,2025-09-24T04:00:00.000Z
GLASSAMC_AWARE,Pattern of antibiotic consumption at national level (relative use by AWaRe classification),numeric,EMR,Eastern Mediterranean,Country,QAT,Qatar,Year,2023,true,AWARE Antibiotics group,Not classified (%) / not recommended (%),GLASSAMCAWARE_ANTIBIOTICSGROUP_GLASSAMC_AWARE_O,,,,,,,,,,0,,,,,,0,,Data incomplete since not collected from all sources of data,EN,2025-09-24T04:00:00.000Z
GLASSAMC_AWARE,Pattern of antibiotic consumption at national level (relative use by AWaRe classification),numeric,WPR,Western Pacific,Country,KOR,Republic of Korea,Year,2023,true,AWARE Antibiotics group,Not classified (%) / not recommended (%),GLASSAMCAWARE_ANTIBIOTICSGROUP_GLASSAMC_AWARE_O,,,,,,,,,,0.025,,,,,,0,,,EN,2025-09-24T04:00:00.000Z
GLASSAMC_AWARE,Pattern of antibiotic consumption at national level (relative use by AWaRe classification),numeric,EMR,Eastern Mediterranean,Country,SAU,Saudi Arabia,Year,2023,true,AWARE Antibiotics group,Not classified (%) / not recommended (%),GLASSAMCAWARE_ANTIBIOTICSGROUP_GLASSAMC_AWARE_O,,,,,,,,,,0,,,,,,0,,Only use in the public sector reported,EN,2025-09-24T04:00:00.000Z
GLASSAMC_AWARE,Pattern of antibiotic consumption at national level (relative use by AWaRe classification),numeric,AFR,Africa,Country,SEN,Senegal,Year,2023,true,AWARE Antibiotics group,Reserve (%),GLASSAMCAWARE_ANTIBIOTICSGROUP_GLASSAMC_AWARE_R,,,,,,,,,,0,,,,,,0,,For antibiotics: only J01 reported,EN,2025-09-24T04:00:00.000Z
GLASSAMC_AWARE,Pattern of antibiotic consumption at national level (relative use by AWaRe classification),numeric,WPR,Western Pacific,Country,SGP,Singapore,Year,2023,true,AWARE Antibiotics group,Not classified (%) / not recommended (%),GLASSAMCAWARE_ANTIBIOTICSGROUP_GLASSAMC_AWARE_O,,,,,,,,,,0,,,,,,0,,Incomplete data - the current source of data is limited as the antimicrobial sales data excludes data on generic drug use,EN,2025-09-24T04:00:00.000Z
GLASSAMC_AWARE,Pattern of antibiotic consumption at national level (relative use by AWaRe classification),numeric,EUR,Europe,Country,SVN,Slovenia,Year,2023,true,AWARE Antibiotics group,Not classified (%) / not recommended (%),GLASSAMCAWARE_ANTIBIOTICSGROUP_GLASSAMC_AWARE_O,,,,,,,,,,0,,,,,,0,,,EN,2025-09-24T04:00:00.000Z
GLASSAMC_AWARE,Pattern of antibiotic consumption at national level (relative use by AWaRe classification),numeric,AFR,Africa,Country,ZAF,South Africa,Year,2023,true,AWARE Antibiotics group,Not classified (%) / not recommended (%),GLASSAMCAWARE_ANTIBIOTICSGROUP_GLASSAMC_AWARE_O,,,,,,,,,,0,,,,,,0,,Only use in the public sector reported,EN,2025-09-24T04:00:00.000Z
GLASSAMC_AWARE,Pattern of antibiotic consumption at national level (relative use by AWaRe classification),numeric,EUR,Europe,Country,CHE,Switzerland,Year,2023,true,AWARE Antibiotics group,Not classified (%) / not recommended (%),GLASSAMCAWARE_ANTIBIOTICSGROUP_GLASSAMC_AWARE_O,,,,,,,,,,0,,,,,,0,,,EN,2025-09-24T04:00:00.000Z
GLASSAMC_AWARE,Pattern of antibiotic consumption at national level (relative use by AWaRe classification),numeric,EUR,Europe,Country,TJK,Tajikistan,Year,2023,true,AWARE Antibiotics group,Reserve (%),GLASSAMCAWARE_ANTIBIOTICSGROUP_GLASSAMC_AWARE_R,,,,,,,,,,0.043,,,,,,0,,,EN,2025-09-24T04:00:00.000Z
GLASSAMC_AWARE,Pattern of antibiotic consumption at national level (relative use by AWaRe classification),numeric,EMR,Eastern Mediterranean,Country,TUN,Tunisia,Year,2023,true,AWARE Antibiotics group,Reserve (%),GLASSAMCAWARE_ANTIBIOTICSGROUP_GLASSAMC_AWARE_R,,,,,,,,,,0.036,,,,,,0,,For antibiotics: only J01 and P01AB reported,EN,2025-09-24T04:00:00.000Z
GLASSAMC_AWARE,Pattern of antibiotic consumption at national level (relative use by AWaRe classification),numeric,EUR,Europe,Country,GBR,United Kingdom of Great Britain and Northern Ireland,Year,2023,true,AWARE Antibiotics group,Not classified (%) / not recommended (%),GLASSAMCAWARE_ANTIBIOTICSGROUP_GLASSAMC_AWARE_O,,,,,,,,,,0.003,,,,,,0,,Only use in the public sector reported,EN,2025-09-24T04:00:00.000Z
GLASSAMC_AWARE,Pattern of antibiotic consumption at national level (relative use by AWaRe classification),numeric,AFR,Africa,Country,TZA,United Republic of Tanzania,Year,2023,true,AWARE Antibiotics group,Reserve (%),GLASSAMCAWARE_ANTIBIOTICSGROUP_GLASSAMC_AWARE_R,,,,,,,,,,0.028,,,,,,0,,,EN,2025-09-24T04:00:00.000Z
GLASSAMC_AWARE,Pattern of antibiotic consumption at national level (relative use by AWaRe classification),numeric,AFR,Africa,Country,ZMB,Zambia,Year,2023,true,AWARE Antibiotics group,Reserve (%),GLASSAMCAWARE_ANTIBIOTICSGROUP_GLASSAMC_AWARE_R,,,,,,,,,,0.03,,,,,,0,,,EN,2025-09-24T04:00:00.000Z
GLASSAMC_AWARE,Pattern of antibiotic consumption at national level (relative use by AWaRe classification),numeric,EUR,Europe,Country,ARM,Armenia,Year,2023,true,AWARE Antibiotics group,Reserve (%),GLASSAMCAWARE_ANTIBIOTICSGROUP_GLASSAMC_AWARE_R,,,,,,,,,,0.15,,,,,,0.1,,,EN,2025-09-24T04:00:00.000Z
GLASSAMC_AWARE,Pattern of antibiotic consumption at national level (relative use by AWaRe classification),numeric,EUR,Europe,Country,BEL,Belgium,Year,2023,true,AWARE Antibiotics group,Reserve (%),GLASSAMCAWARE_ANTIBIOTICSGROUP_GLASSAMC_AWARE_R,,,,,,,,,,0.12,,,,,,0.1,,,EN,2025-09-24T04:00:00.000Z
GLASSAMC_AWARE,Pattern of antibiotic consumption at national level (relative use by AWaRe classification),numeric,EUR,Europe,Country,HUN,Hungary,Year,2023,true,AWARE Antibiotics group,Reserve (%),GLASSAMCAWARE_ANTIBIOTICSGROUP_GLASSAMC_AWARE_R,,,,,,,,,,0.11,,,,,,0.1,,,EN,2025-09-24T04:00:00.000Z
GLASSAMC_AWARE,Pattern of antibiotic consumption at national level (relative use by AWaRe classification),numeric,EMR,Eastern Mediterranean,Country,IRN,Iran (Islamic Republic of),Year,2023,true,AWARE Antibiotics group,Reserve (%),GLASSAMCAWARE_ANTIBIOTICSGROUP_GLASSAMC_AWARE_R,,,,,,,,,,0.085,,,,,,0.1,,,EN,2025-09-24T04:00:00.000Z
GLASSAMC_AWARE,Pattern of antibiotic consumption at national level (relative use by AWaRe classification),numeric,EMR,Eastern Mediterranean,Country,KWT,Kuwait,Year,2023,true,AWARE Antibiotics group,Reserve (%),GLASSAMCAWARE_ANTIBIOTICSGROUP_GLASSAMC_AWARE_R,,,,,,,,,,0.11,,,,,,0.1,,,EN,2025-09-24T04:00:00.000Z
GLASSAMC_AWARE,Pattern of antibiotic consumption at national level (relative use by AWaRe classification),numeric,EUR,Europe,Country,MLT,Malta,Year,2023,true,AWARE Antibiotics group,Not classified (%) / not recommended (%),GLASSAMCAWARE_ANTIBIOTICSGROUP_GLASSAMC_AWARE_O,,,,,,,,,,0.12,,,,,,0.1,,,EN,2025-09-24T04:00:00.000Z
GLASSAMC_AWARE,Pattern of antibiotic consumption at national level (relative use by AWaRe classification),numeric,EUR,Europe,Country,POL,Poland,Year,2023,true,AWARE Antibiotics group,Reserve (%),GLASSAMCAWARE_ANTIBIOTICSGROUP_GLASSAMC_AWARE_R,,,,,,,,,,0.14,,,,,,0.1,,,EN,2025-09-24T04:00:00.000Z
GLASSAMC_AWARE,Pattern of antibiotic consumption at national level (relative use by AWaRe classification),numeric,WPR,Western Pacific,Country,KOR,Republic of Korea,Year,2023,true,AWARE Antibiotics group,Reserve (%),GLASSAMCAWARE_ANTIBIOTICSGROUP_GLASSAMC_AWARE_R,,,,,,,,,,0.068,,,,,,0.1,,,EN,2025-09-24T04:00:00.000Z
GLASSAMC_AWARE,Pattern of antibiotic consumption at national level (relative use by AWaRe classification),numeric,EUR,Europe,Country,ROU,Romania,Year,2023,true,AWARE Antibiotics group,Not classified (%) / not recommended (%),GLASSAMCAWARE_ANTIBIOTICSGROUP_GLASSAMC_AWARE_O,,,,,,,,,,0.068,,,,,,0.1,,,EN,2025-09-24T04:00:00.000Z
GLASSAMC_AWARE,Pattern of antibiotic consumption at national level (relative use by AWaRe classification),numeric,AFR,Africa,Country,UGA,Uganda,Year,2023,true,AWARE Antibiotics group,Reserve (%),GLASSAMCAWARE_ANTIBIOTICSGROUP_GLASSAMC_AWARE_R,,,,,,,,,,0.051,,,,,,0.1,,,EN,2025-09-24T04:00:00.000Z
GLASSAMC_AWARE,Pattern of antibiotic consumption at national level (relative use by AWaRe classification),numeric,SEAR,South-East Asia,Country,BGD,Bangladesh,Year,2023,true,AWARE Antibiotics group,Reserve (%),GLASSAMCAWARE_ANTIBIOTICSGROUP_GLASSAMC_AWARE_R,,,,,,,,,,0.22,,,,,,0.2,,,EN,2025-09-24T04:00:00.000Z
GLASSAMC_AWARE,Pattern of antibiotic consumption at national level (relative use by AWaRe classification),numeric,WPR,Western Pacific,Country,BRN,Brunei Darussalam,Year,2023,true,AWARE Antibiotics group,Reserve (%),GLASSAMCAWARE_ANTIBIOTICSGROUP_GLASSAMC_AWARE_R,,,,,,,,,,0.21,,,,,,0.2,,,EN,2025-09-24T04:00:00.000Z
GLASSAMC_AWARE,Pattern of antibiotic consumption at national level (relative use by AWaRe classification),numeric,AMR,Americas,Country,CAN,Canada,Year,2023,true,AWARE Antibiotics group,Reserve (%),GLASSAMCAWARE_ANTIBIOTICSGROUP_GLASSAMC_AWARE_R,,,,,,,,,,0.23,,,,,,0.2,,,EN,2025-09-24T04:00:00.000Z
GLASSAMC_AWARE,Pattern of antibiotic consumption at national level (relative use by AWaRe classification),numeric,GLOBAL,Global,Country,HKG,"China, Hong Kong Special Administrative Region",Year,2023,true,AWARE Antibiotics group,Reserve (%),GLASSAMCAWARE_ANTIBIOTICSGROUP_GLASSAMC_AWARE_R,,,,,,,,,,0.19,,,,,,0.2,,,EN,2025-09-24T04:00:00.000Z
GLASSAMC_AWARE,Pattern of antibiotic consumption at national level (relative use by AWaRe classification),numeric,EUR,Europe,Country,DNK,Denmark,Year,2023,true,AWARE Antibiotics group,Reserve (%),GLASSAMCAWARE_ANTIBIOTICSGROUP_GLASSAMC_AWARE_R,,,,,,,,,,0.23,,,,,,0.2,,,EN,2025-09-24T04:00:00.000Z
GLASSAMC_AWARE,Pattern of antibiotic consumption at national level (relative use by AWaRe classification),numeric,EUR,Europe,Country,EST,Estonia,Year,2023,true,AWARE Antibiotics group,Reserve (%),GLASSAMCAWARE_ANTIBIOTICSGROUP_GLASSAMC_AWARE_R,,,,,,,,,,0.19,,,,,,0.2,,,EN,2025-09-24T04:00:00.000Z
GLASSAMC_AWARE,Pattern of antibiotic consumption at national level (relative use by AWaRe classification),numeric,EUR,Europe,Country,FIN,Finland,Year,2023,true,AWARE Antibiotics group,Reserve (%),GLASSAMCAWARE_ANTIBIOTICSGROUP_GLASSAMC_AWARE_R,,,,,,,,,,0.16,,,,,,0.2,,,EN,2025-09-24T04:00:00.000Z
GLASSAMC_AWARE,Pattern of antibiotic consumption at national level (relative use by AWaRe classification),numeric,AFR,Africa,Country,GAB,Gabon,Year,2023,true,AWARE Antibiotics group,Reserve (%),GLASSAMCAWARE_ANTIBIOTICSGROUP_GLASSAMC_AWARE_R,,,,,,,,,,0.18,,,,,,0.2,,,EN,2025-09-24T04:00:00.000Z
GLASSAMC_AWARE,Pattern of antibiotic consumption at national level (relative use by AWaRe classification),numeric,EUR,Europe,Country,ISL,Iceland,Year,2023,true,AWARE Antibiotics group,Reserve (%),GLASSAMCAWARE_ANTIBIOTICSGROUP_GLASSAMC_AWARE_R,,,,,,,,,,0.19,,,,,,0.2,,,EN,2025-09-24T04:00:00.000Z
GLASSAMC_AWARE,Pattern of antibiotic consumption at national level (relative use by AWaRe classification),numeric,EUR,Europe,Country,LVA,Latvia,Year,2023,true,AWARE Antibiotics group,Reserve (%),GLASSAMCAWARE_ANTIBIOTICSGROUP_GLASSAMC_AWARE_R,,,,,,,,,,0.22,,,,,,0.2,,,EN,2025-09-24T04:00:00.000Z
GLASSAMC_AWARE,Pattern of antibiotic consumption at national level (relative use by AWaRe classification),numeric,EUR,Europe,Country,LTU,Lithuania,Year,2023,true,AWARE Antibiotics group,Reserve (%),GLASSAMCAWARE_ANTIBIOTICSGROUP_GLASSAMC_AWARE_R,,,,,,,,,,0.18,,,,,,0.2,,,EN,2025-09-24T04:00:00.000Z
GLASSAMC_AWARE,Pattern of antibiotic consumption at national level (relative use by AWaRe classification),numeric,WPR,Western Pacific,Country,MYS,Malaysia,Year,2023,true,AWARE Antibiotics group,Not classified (%) / not recommended (%),GLASSAMCAWARE_ANTIBIOTICSGROUP_GLASSAMC_AWARE_O,,,,,,,,,,0.18,,,,,,0.2,,For antibiotics: only J01 and P01AB reported,EN,2025-09-24T04:00:00.000Z
GLASSAMC_AWARE,Pattern of antibiotic consumption at national level (relative use by AWaRe classification),numeric,EUR,Europe,Country,MNE,Montenegro,Year,2023,true,AWARE Antibiotics group,Not classified (%) / not recommended (%),GLASSAMCAWARE_ANTIBIOTICSGROUP_GLASSAMC_AWARE_O,,,,,,,,,,0.24,,,,,,0.2,,,EN,2025-09-24T04:00:00.000Z
GLASSAMC_AWARE,Pattern of antibiotic consumption at national level (relative use by AWaRe classification),numeric,SEAR,South-East Asia,Country,NPL,Nepal,Year,2023,true,AWARE Antibiotics group,Reserve (%),GLASSAMCAWARE_ANTIBIOTICSGROUP_GLASSAMC_AWARE_R,,,,,,,,,,0.17,,,,,,0.2,,,EN,2025-09-24T04:00:00.000Z
GLASSAMC_AWARE,Pattern of antibiotic consumption at national level (relative use by AWaRe classification),numeric,EUR,Europe,Country,NOR,Norway,Year,2023,true,AWARE Antibiotics group,Reserve (%),GLASSAMCAWARE_ANTIBIOTICSGROUP_GLASSAMC_AWARE_R,,,,,,,,,,0.21,,,,,,0.2,,,EN,2025-09-24T04:00:00.000Z
GLASSAMC_AWARE,Pattern of antibiotic consumption at national level (relative use by AWaRe classification),numeric,EMR,Eastern Mediterranean,Country,OMN,Oman,Year,2023,true,AWARE Antibiotics group,Reserve (%),GLASSAMCAWARE_ANTIBIOTICSGROUP_GLASSAMC_AWARE_R,,,,,,,,,,0.2,,,,,,0.2,,Only use in the public sector reported,EN,2025-09-24T04:00:00.000Z
GLASSAMC_AWARE,Pattern of antibiotic consumption at national level (relative use by AWaRe classification),numeric,EUR,Europe,Country,POL,Poland,Year,2023,true,AWARE Antibiotics group,Not classified (%) / not recommended (%),GLASSAMCAWARE_ANTIBIOTICSGROUP_GLASSAMC_AWARE_O,,,,,,,,,,0.16,,,,,,0.2,,,EN,2025-09-24T04:00:00.000Z
GLASSAMC_AWARE,Pattern of antibiotic consumption at national level (relative use by AWaRe classification),numeric,EUR,Europe,Country,ROU,Romania,Year,2023,true,AWARE Antibiotics group,Reserve (%),GLASSAMCAWARE_ANTIBIOTICSGROUP_GLASSAMC_AWARE_R,,,,,,,,,,0.22,,,,,,0.2,,,EN,2025-09-24T04:00:00.000Z
GLASSAMC_AWARE,Pattern of antibiotic consumption at national level (relative use by AWaRe classification),numeric,AFR,Africa,Country,ZAF,South Africa,Year,2023,true,AWARE Antibiotics group,Reserve (%),GLASSAMCAWARE_ANTIBIOTICSGROUP_GLASSAMC_AWARE_R,,,,,,,,,,0.16,,,,,,0.2,,Only use in the public sector reported,EN,2025-09-24T04:00:00.000Z
GLASSAMC_AWARE,Pattern of antibiotic consumption at national level (relative use by AWaRe classification),numeric,AMR,Americas,Country,COL,Colombia,Year,2023,true,AWARE Antibiotics group,Reserve (%),GLASSAMCAWARE_ANTIBIOTICSGROUP_GLASSAMC_AWARE_R,,,,,,,,,,0.3,,,,,,0.3,,,EN,2025-09-24T04:00:00.000Z
GLASSAMC_AWARE,Pattern of antibiotic consumption at national level (relative use by AWaRe classification),numeric,EUR,Europe,Country,HRV,Croatia,Year,2023,true,AWARE Antibiotics group,Reserve (%),GLASSAMCAWARE_ANTIBIOTICSGROUP_GLASSAMC_AWARE_R,,,,,,,,,,0.33,,,,,,0.3,,,EN,2025-09-24T04:00:00.000Z
GLASSAMC_AWARE,Pattern of antibiotic consumption at national level (relative use by AWaRe classification),numeric,EUR,Europe,Country,CZE,Czechia,Year,2023,true,AWARE Antibiotics group,Reserve (%),GLASSAMCAWARE_ANTIBIOTICSGROUP_GLASSAMC_AWARE_R,,,,,,,,,,0.27,,,,,,0.3,,,EN,2025-09-24T04:00:00.000Z
GLASSAMC_AWARE,Pattern of antibiotic consumption at national level (relative use by AWaRe classification),numeric,EUR,Europe,Country,GEO,Georgia,Year,2023,true,AWARE Antibiotics group,Reserve (%),GLASSAMCAWARE_ANTIBIOTICSGROUP_GLASSAMC_AWARE_R,,,,,,,,,,0.33,,,,,,0.3,,,EN,2025-09-24T04:00:00.000Z
GLASSAMC_AWARE,Pattern of antibiotic consumption at national level (relative use by AWaRe classification),numeric,EUR,Europe,Country,MLT,Malta,Year,2023,true,AWARE Antibiotics group,Reserve (%),GLASSAMCAWARE_ANTIBIOTICSGROUP_GLASSAMC_AWARE_R,,,,,,,,,,0.29,,,,,,0.3,,,EN,2025-09-24T04:00:00.000Z
GLASSAMC_AWARE,Pattern of antibiotic consumption at national level (relative use by AWaRe classification),numeric,EMR,Eastern Mediterranean,Country,PSE,"occupied Palestinian territory, including east Jerusalem",Year,2023,true,AWARE Antibiotics group,Not classified (%) / not recommended (%),GLASSAMCAWARE_ANTIBIOTICSGROUP_GLASSAMC_AWARE_O,,,,,,,,,,0.33,,,,,,0.3,,For antibiotics: only J01 and P01AB reported,EN,2025-09-24T04:00:00.000Z
GLASSAMC_AWARE,Pattern of antibiotic consumption at national level (relative use by AWaRe classification),numeric,EUR,Europe,Country,PRT,Portugal,Year,2023,true,AWARE Antibiotics group,Reserve (%),GLASSAMCAWARE_ANTIBIOTICSGROUP_GLASSAMC_AWARE_R,,,,,,,,,,0.34,,,,,,0.3,,,EN,2025-09-24T04:00:00.000Z
GLASSAMC_AWARE,Pattern of antibiotic consumption at national level (relative use by AWaRe classification),numeric,EUR,Europe,Country,SVN,Slovenia,Year,2023,true,AWARE Antibiotics group,Reserve (%),GLASSAMCAWARE_ANTIBIOTICSGROUP_GLASSAMC_AWARE_R,,,,,,,,,,0.25,,,,,,0.3,,,EN,2025-09-24T04:00:00.000Z
GLASSAMC_AWARE,Pattern of antibiotic consumption at national level (relative use by AWaRe classification),numeric,EUR,Europe,Country,CHE,Switzerland,Year,2023,true,AWARE Antibiotics group,Reserve (%),GLASSAMCAWARE_ANTIBIOTICSGROUP_GLASSAMC_AWARE_R,,,,,,,,,,0.33,,,,,,0.3,,,EN,2025-09-24T04:00:00.000Z
GLASSAMC_AWARE,Pattern of antibiotic consumption at national level (relative use by AWaRe classification),numeric,EUR,Europe,Country,BLR,Belarus,Year,2023,true,AWARE Antibiotics group,Reserve (%),GLASSAMCAWARE_ANTIBIOTICSGROUP_GLASSAMC_AWARE_R,,,,,,,,,,0.35,,,,,,0.4,,,EN,2025-09-24T04:00:00.000Z
GLASSAMC_AWARE,Pattern of antibiotic consumption at national level (relative use by AWaRe classification),numeric,EUR,Europe,Country,DEU,Germany,Year,2023,true,AWARE Antibiotics group,Not classified (%) / not recommended (%),GLASSAMCAWARE_ANTIBIOTICSGROUP_GLASSAMC_AWARE_O,,,,,,,,,,0.45,,,,,,0.4,,,EN,2025-09-24T04:00:00.000Z
GLASSAMC_AWARE,Pattern of antibiotic consumption at national level (relative use by AWaRe classification),numeric,WPR,Western Pacific,Country,SGP,Singapore,Year,2023,true,AWARE Antibiotics group,Reserve (%),GLASSAMCAWARE_ANTIBIOTICSGROUP_GLASSAMC_AWARE_R,,,,,,,,,,0.35,,,,,,0.4,,Incomplete data - the current source of data is limited as the antimicrobial sales data excludes data on generic drug use,EN,2025-09-24T04:00:00.000Z
GLASSAMC_AWARE,Pattern of antibiotic consumption at national level (relative use by AWaRe classification),numeric,EUR,Europe,Country,UKR,Ukraine,Year,2023,true,AWARE Antibiotics group,Reserve (%),GLASSAMCAWARE_ANTIBIOTICSGROUP_GLASSAMC_AWARE_R,,,,,,,,,,0.36,,,,,,0.4,,,EN,2025-09-24T04:00:00.000Z
GLASSAMC_AWARE,Pattern of antibiotic consumption at national level (relative use by AWaRe classification),numeric,EUR,Europe,Country,GBR,United Kingdom of Great Britain and Northern Ireland,Year,2023,true,AWARE Antibiotics group,Reserve (%),GLASSAMCAWARE_ANTIBIOTICSGROUP_GLASSAMC_AWARE_R,,,,,,,,,,0.4,,,,,,0.4,,Only use in the public sector reported,EN,2025-09-24T04:00:00.000Z
GLASSAMC_AWARE,Pattern of antibiotic consumption at national level (relative use by AWaRe classification),numeric,AFR,Africa,Country,BFA,Burkina Faso,Year,2023,true,AWARE Antibiotics group,Not classified (%) / not recommended (%),GLASSAMCAWARE_ANTIBIOTICSGROUP_GLASSAMC_AWARE_O,,,,,,,,,,0.54,,,,,,0.5,,For antibiotics: only J01 and P01AB reported,EN,2025-09-24T04:00:00.000Z
GLASSAMC_AWARE,Pattern of antibiotic consumption at national level (relative use by AWaRe classification),numeric,EMR,Eastern Mediterranean,Country,EGY,Egypt,Year,2023,true,AWARE Antibiotics group,Not classified (%) / not recommended (%),GLASSAMCAWARE_ANTIBIOTICSGROUP_GLASSAMC_AWARE_O,,,,,,,,,,0.48,,,,,,0.5,,,EN,2025-09-24T04:00:00.000Z
GLASSAMC_AWARE,Pattern of antibiotic consumption at national level (relative use by AWaRe classification),numeric,EUR,Europe,Country,FRA,France,Year,2023,true,AWARE Antibiotics group,Reserve (%),GLASSAMCAWARE_ANTIBIOTICSGROUP_GLASSAMC_AWARE_R,,,,,,,,,,0.45,,,,,,0.5,,For antibiotics: only J01 and P01AB reported,EN,2025-09-24T04:00:00.000Z
GLASSAMC_AWARE,Pattern of antibiotic consumption at national level (relative use by AWaRe classification),numeric,EUR,Europe,Country,DEU,Germany,Year,2023,true,AWARE Antibiotics group,Reserve (%),GLASSAMCAWARE_ANTIBIOTICSGROUP_GLASSAMC_AWARE_R,,,,,,,,,,0.52,,,,,,0.5,,,EN,2025-09-24T04:00:00.000Z
GLASSAMC_AWARE,Pattern of antibiotic consumption at national level (relative use by AWaRe classification),numeric,EUR,Europe,Country,IRL,Ireland,Year,2023,true,AWARE Antibiotics group,Reserve (%),GLASSAMCAWARE_ANTIBIOTICSGROUP_GLASSAMC_AWARE_R,,,,,,,,,,0.47,,,,,,0.5,,,EN,2025-09-24T04:00:00.000Z
GLASSAMC_AWARE,Pattern of antibiotic consumption at national level (relative use by AWaRe classification),numeric,SEAR,South-East Asia,Country,MDV,Maldives,Year,2023,true,AWARE Antibiotics group,Not classified (%) / not recommended (%),GLASSAMCAWARE_ANTIBIOTICSGROUP_GLASSAMC_AWARE_O,,,,,,,,,,0.49,,,,,,0.5,,,EN,2025-09-24T04:00:00.000Z
GLASSAMC_AWARE,Pattern of antibiotic consumption at national level (relative use by AWaRe classification),numeric,EUR,Europe,Country,ESP,Spain,Year,2023,true,AWARE Antibiotics group,Not classified (%) / not recommended (%),GLASSAMCAWARE_ANTIBIOTICSGROUP_GLASSAMC_AWARE_O,,,,,,,,,,0.47,,,,,,0.5,,,EN,2025-09-24T04:00:00.000Z
GLASSAMC_AWARE,Pattern of antibiotic consumption at national level (relative use by AWaRe classification),numeric,EUR,Europe,Country,BLR,Belarus,Year,2023,true,AWARE Antibiotics group,Not classified (%) / not recommended (%),GLASSAMCAWARE_ANTIBIOTICSGROUP_GLASSAMC_AWARE_O,,,,,,,,,,0.59,,,,,,0.6,,,EN,2025-09-24T04:00:00.000Z
GLASSAMC_AWARE,Pattern of antibiotic consumption at national level (relative use by AWaRe classification),numeric,EUR,Europe,Country,ITA,Italy,Year,2023,true,AWARE Antibiotics group,Reserve (%),GLASSAMCAWARE_ANTIBIOTICSGROUP_GLASSAMC_AWARE_R,,,,,,,,,,0.59,,,,,,0.6,,,EN,2025-09-24T04:00:00.000Z
GLASSAMC_AWARE,Pattern of antibiotic consumption at national level (relative use by AWaRe classification),numeric,EMR,Eastern Mediterranean,Country,SAU,Saudi Arabia,Year,2023,true,AWARE Antibiotics group,Reserve (%),GLASSAMCAWARE_ANTIBIOTICSGROUP_GLASSAMC_AWARE_R,,,,,,,,,,0.59,,,,,,0.6,,Only use in the public sector reported,EN,2025-09-24T04:00:00.000Z
GLASSAMC_AWARE,Pattern of antibiotic consumption at national level (relative use by AWaRe classification),numeric,AFR,Africa,Country,BEN,Benin,Year,2023,true,AWARE Antibiotics group,Not classified (%) / not recommended (%),GLASSAMCAWARE_ANTIBIOTICSGROUP_GLASSAMC_AWARE_O,,,,,,,,,,0.76,,,,,,0.8,,,EN,2025-09-24T04:00:00.000Z
GLASSAMC_AWARE,Pattern of antibiotic consumption at national level (relative use by AWaRe classification),numeric,EUR,Europe,Country,ESP,Spain,Year,2023,true,AWARE Antibiotics group,Reserve (%),GLASSAMCAWARE_ANTIBIOTICSGROUP_GLASSAMC_AWARE_R,,,,,,,,,,0.84,,,,,,0.8,,,EN,2025-09-24T04:00:00.000Z
GLASSAMC_AWARE,Pattern of antibiotic consumption at national level (relative use by AWaRe classification),numeric,AFR,Africa,Country,ZMB,Zambia,Year,2023,true,AWARE Antibiotics group,Not classified (%) / not recommended (%),GLASSAMCAWARE_ANTIBIOTICSGROUP_GLASSAMC_AWARE_O,,,,,,,,,,0.82,,,,,,0.8,,,EN,2025-09-24T04:00:00.000Z
GLASSAMC_AWARE,Pattern of antibiotic consumption at national level (relative use by AWaRe classification),numeric,EUR,Europe,Country,AUT,Austria,Year,2023,true,AWARE Antibiotics group,Reserve (%),GLASSAMCAWARE_ANTIBIOTICSGROUP_GLASSAMC_AWARE_R,,,,,,,,,,1.03,,,,,,1,,,EN,2025-09-24T04:00:00.000Z
GLASSAMC_AWARE,Pattern of antibiotic consumption at national level (relative use by AWaRe classification),numeric,AFR,Africa,Country,CIV,Cote d'Ivoire,Year,2023,true,AWARE Antibiotics group,Not classified (%) / not recommended (%),GLASSAMCAWARE_ANTIBIOTICSGROUP_GLASSAMC_AWARE_O,,,,,,,,,,1.02,,,,,,1,,For antibiotics: only J01 and P01AB reported,EN,2025-09-24T04:00:00.000Z
GLASSAMC_AWARE,Pattern of antibiotic consumption at national level (relative use by AWaRe classification),numeric,AFR,Africa,Country,SEN,Senegal,Year,2023,true,AWARE Antibiotics group,Not classified (%) / not recommended (%),GLASSAMCAWARE_ANTIBIOTICSGROUP_GLASSAMC_AWARE_O,,,,,,,,,,0.96,,,,,,1,,For antibiotics: only J01 reported,EN,2025-09-24T04:00:00.000Z
GLASSAMC_AWARE,Pattern of antibiotic consumption at national level (relative use by AWaRe classification),numeric,EUR,Europe,Country,RUS,Russian Federation,Year,2023,true,AWARE Antibiotics group,Reserve (%),GLASSAMCAWARE_ANTIBIOTICSGROUP_GLASSAMC_AWARE_R,,,,,,,,,,1.08,,,,,,1.1,,,EN,2025-09-24T04:00:00.000Z
GLASSAMC_AWARE,Pattern of antibiotic consumption at national level (relative use by AWaRe classification),numeric,EMR,Eastern Mediterranean,Country,EGY,Egypt,Year,2023,true,AWARE Antibiotics group,Reserve (%),GLASSAMCAWARE_ANTIBIOTICSGROUP_GLASSAMC_AWARE_R,,,,,,,,,,1.16,,,,,,1.2,,,EN,2025-09-24T04:00:00.000Z
GLASSAMC_AWARE,Pattern of antibiotic consumption at national level (relative use by AWaRe classification),numeric,EUR,Europe,Country,FRA,France,Year,2023,true,AWARE Antibiotics group,Not classified (%) / not recommended (%),GLASSAMCAWARE_ANTIBIOTICSGROUP_GLASSAMC_AWARE_O,,,,,,,,,,1.36,,,,,,1.4,,For antibiotics: only J01 and P01AB reported,EN,2025-09-24T04:00:00.000Z
GLASSAMC_AWARE,Pattern of antibiotic consumption at national level (relative use by AWaRe classification),numeric,EMR,Eastern Mediterranean,Country,JOR,Jordan,Year,2023,true,AWARE Antibiotics group,Not classified (%) / not recommended (%),GLASSAMCAWARE_ANTIBIOTICSGROUP_GLASSAMC_AWARE_O,,,,,,,,,,1.72,,,,,,1.7,,,EN,2025-09-24T04:00:00.000Z
GLASSAMC_AWARE,Pattern of antibiotic consumption at national level (relative use by AWaRe classification),numeric,AFR,Africa,Country,GAB,Gabon,Year,2023,true,AWARE Antibiotics group,Not classified (%) / not recommended (%),GLASSAMCAWARE_ANTIBIOTICSGROUP_GLASSAMC_AWARE_O,,,,,,,,,,1.76,,,,,,1.8,,,EN,2025-09-24T04:00:00.000Z
GLASSAMC_AWARE,Pattern of antibiotic consumption at national level (relative use by AWaRe classification),numeric,EUR,Europe,Country,TJK,Tajikistan,Year,2023,true,AWARE Antibiotics group,Not classified (%) / not recommended (%),GLASSAMCAWARE_ANTIBIOTICSGROUP_GLASSAMC_AWARE_O,,,,,,,,,,1.88,,,,,,1.9,,,EN,2025-09-24T04:00:00.000Z
GLASSAMC_AWARE,Pattern of antibiotic consumption at national level (relative use by AWaRe classification),numeric,SEAR,South-East Asia,Country,NPL,Nepal,Year,2023,true,AWARE Antibiotics group,Not classified (%) / not recommended (%),GLASSAMCAWARE_ANTIBIOTICSGROUP_GLASSAMC_AWARE_O,,,,,,,,,,10.46,,,,,,10.5,,,EN,2025-09-24T04:00:00.000Z
GLASSAMC_AWARE,Pattern of antibiotic consumption at national level (relative use by AWaRe classification),numeric,SEAR,South-East Asia,Country,BGD,Bangladesh,Year,2023,true,AWARE Antibiotics group,Not classified (%) / not recommended (%),GLASSAMCAWARE_ANTIBIOTICSGROUP_GLASSAMC_AWARE_O,,,,,,,,,,10.66,,,,,,10.7,,,EN,2025-09-24T04:00:00.000Z
GLASSAMC_AWARE,Pattern of antibiotic consumption at national level (relative use by AWaRe classification),numeric,SEAR,South-East Asia,Country,BTN,Bhutan,Year,2023,true,AWARE Antibiotics group,Watch (%),GLASSAMCAWARE_ANTIBIOTICSGROUP_GLASSAMC_AWARE_W,,,,,,,,,,11.54,,,,,,11.5,,For antibiotics: only J01 reported,EN,2025-09-24T04:00:00.000Z
GLASSAMC_AWARE,Pattern of antibiotic consumption at national level (relative use by AWaRe classification),numeric,EUR,Europe,Country,ISL,Iceland,Year,2023,true,AWARE Antibiotics group,Watch (%),GLASSAMCAWARE_ANTIBIOTICSGROUP_GLASSAMC_AWARE_W,,,,,,,,,,13.49,,,,,,13.5,,,EN,2025-09-24T04:00:00.000Z
GLASSAMC_AWARE,Pattern of antibiotic consumption at national level (relative use by AWaRe classification),numeric,EUR,Europe,Country,DNK,Denmark,Year,2023,true,AWARE Antibiotics group,Watch (%),GLASSAMCAWARE_ANTIBIOTICSGROUP_GLASSAMC_AWARE_W,,,,,,,,,,16.84,,,,,,16.8,,,EN,2025-09-24T04:00:00.000Z
GLASSAMC_AWARE,Pattern of antibiotic consumption at national level (relative use by AWaRe classification),numeric,WPR,Western Pacific,Country,LAO,Lao People's Democratic Republic,Year,2023,true,AWARE Antibiotics group,Watch (%),GLASSAMCAWARE_ANTIBIOTICSGROUP_GLASSAMC_AWARE_W,,,,,,,,,,16.88,,,,,,16.9,,,EN,2025-09-24T04:00:00.000Z
GLASSAMC_AWARE,Pattern of antibiotic consumption at national level (relative use by AWaRe classification),numeric,EUR,Europe,Country,NOR,Norway,Year,2023,true,AWARE Antibiotics group,Watch (%),GLASSAMCAWARE_ANTIBIOTICSGROUP_GLASSAMC_AWARE_W,,,,,,,,,,18.66,,,,,,18.7,,,EN,2025-09-24T04:00:00.000Z
GLASSAMC_AWARE,Pattern of antibiotic consumption at national level (relative use by AWaRe classification),numeric,AFR,Africa,Country,ZAF,South Africa,Year,2023,true,AWARE Antibiotics group,Watch (%),GLASSAMCAWARE_ANTIBIOTICSGROUP_GLASSAMC_AWARE_W,,,,,,,,,,19.65,,,,,,19.6,,Only use in the public sector reported,EN,2025-09-24T04:00:00.000Z
GLASSAMC_AWARE,Pattern of antibiotic consumption at national level (relative use by AWaRe classification),numeric,EUR,Europe,Country,GEO,Georgia,Year,2023,true,AWARE Antibiotics group,Not classified (%) / not recommended (%),GLASSAMCAWARE_ANTIBIOTICSGROUP_GLASSAMC_AWARE_O,,,,,,,,,,2.28,,,,,,2.3,,,EN,2025-09-24T04:00:00.000Z
GLASSAMC_AWARE,Pattern of antibiotic consumption at national level (relative use by AWaRe classification),numeric,EUR,Europe,Country,RUS,Russian Federation,Year,2023,true,AWARE Antibiotics group,Not classified (%) / not recommended (%),GLASSAMCAWARE_ANTIBIOTICSGROUP_GLASSAMC_AWARE_O,,,,,,,,,,2.4,,,,,,2.4,,,EN,2025-09-24T04:00:00.000Z
GLASSAMC_AWARE,Pattern of antibiotic consumption at national level (relative use by AWaRe classification),numeric,GLOBAL,Global,Country,HKG,"China, Hong Kong Special Administrative Region",Year,2023,true,AWARE Antibiotics group,Not classified (%) / not recommended (%),GLASSAMCAWARE_ANTIBIOTICSGROUP_GLASSAMC_AWARE_O,,,,,,,,,,2.69,,,,,,2.7,,,EN,2025-09-24T04:00:00.000Z
GLASSAMC_AWARE,Pattern of antibiotic consumption at national level (relative use by AWaRe classification),numeric,AFR,Africa,Country,ZMB,Zambia,Year,2023,true,AWARE Antibiotics group,Watch (%),GLASSAMCAWARE_ANTIBIOTICSGROUP_GLASSAMC_AWARE_W,,,,,,,,,,20.51,,,,,,20.5,,,EN,2025-09-24T04:00:00.000Z
GLASSAMC_AWARE,Pattern of antibiotic consumption at national level (relative use by AWaRe classification),numeric,EUR,Europe,Country,FIN,Finland,Year,2023,true,AWARE Antibiotics group,Watch (%),GLASSAMCAWARE_ANTIBIOTICSGROUP_GLASSAMC_AWARE_W,,,,,,,,,,20.71,,,,,,20.7,,,EN,2025-09-24T04:00:00.000Z
GLASSAMC_AWARE,Pattern of antibiotic consumption at national level (relative use by AWaRe classification),numeric,WPR,Western Pacific,Country,PNG,Papua New Guinea,Year,2023,true,AWARE Antibiotics group,Watch (%),GLASSAMCAWARE_ANTIBIOTICSGROUP_GLASSAMC_AWARE_W,,,,,,,,,,20.84,,,,,,20.8,,Only use in the public sector reported,EN,2025-09-24T04:00:00.000Z
GLASSAMC_AWARE,Pattern of antibiotic consumption at national level (relative use by AWaRe classification),numeric,EMR,Eastern Mediterranean,Country,TUN,Tunisia,Year,2023,true,AWARE Antibiotics group,Watch (%),GLASSAMCAWARE_ANTIBIOTICSGROUP_GLASSAMC_AWARE_W,,,,,,,,,,21.01,,,,,,21,,For antibiotics: only J01 and P01AB reported,EN,2025-09-24T04:00:00.000Z
GLASSAMC_AWARE,Pattern of antibiotic consumption at national level (relative use by AWaRe classification),numeric,AFR,Africa,Country,BFA,Burkina Faso,Year,2023,true,AWARE Antibiotics group,Watch (%),GLASSAMCAWARE_ANTIBIOTICSGROUP_GLASSAMC_AWARE_W,,,,,,,,,,22.33,,,,,,22.3,,For antibiotics: only J01 and P01AB reported,EN,2025-09-24T04:00:00.000Z
GLASSAMC_AWARE,Pattern of antibiotic consumption at national level (relative use by AWaRe classification),numeric,AFR,Africa,Country,CIV,Cote d'Ivoire,Year,2023,true,AWARE Antibiotics group,Watch (%),GLASSAMCAWARE_ANTIBIOTICSGROUP_GLASSAMC_AWARE_W,,,,,,,,,,24.1,,,,,,24.1,,For antibiotics: only J01 and P01AB reported,EN,2025-09-24T04:00:00.000Z
GLASSAMC_AWARE,Pattern of antibiotic consumption at national level (relative use by AWaRe classification),numeric,EUR,Europe,Country,IRL,Ireland,Year,2023,true,AWARE Antibiotics group,Watch (%),GLASSAMCAWARE_ANTIBIOTICSGROUP_GLASSAMC_AWARE_W,,,,,,,,,,24.13,,,,,,24.1,,,EN,2025-09-24T04:00:00.000Z
GLASSAMC_AWARE,Pattern of antibiotic consumption at national level (relative use by AWaRe classification),numeric,AFR,Africa,Country,SEN,Senegal,Year,2023,true,AWARE Antibiotics group,Watch (%),GLASSAMCAWARE_ANTIBIOTICSGROUP_GLASSAMC_AWARE_W,,,,,,,,,,24.23,,,,,,24.2,,For antibiotics: only J01 reported,EN,2025-09-24T04:00:00.000Z
GLASSAMC_AWARE,Pattern of antibiotic consumption at national level (relative use by AWaRe classification),numeric,EUR,Europe,Country,FRA,France,Year,2023,true,AWARE Antibiotics group,Watch (%),GLASSAMCAWARE_ANTIBIOTICSGROUP_GLASSAMC_AWARE_W,,,,,,,,,,25.01,,,,,,25,,For antibiotics: only J01 and P01AB reported,EN,2025-09-24T04:00:00.000Z
GLASSAMC_AWARE,Pattern of antibiotic consumption at national level (relative use by AWaRe classification),numeric,AFR,Africa,Country,TZA,United Republic of Tanzania,Year,2023,true,AWARE Antibiotics group,Watch (%),GLASSAMCAWARE_ANTIBIOTICSGROUP_GLASSAMC_AWARE_W,,,,,,,,,,25.53,,,,,,25.5,,,EN,2025-09-24T04:00:00.000Z
GLASSAMC_AWARE,Pattern of antibiotic consumption at national level (relative use by AWaRe classification),numeric,SEAR,South-East Asia,Country,NPL,Nepal,Year,2023,true,AWARE Antibiotics group,Access (%),GLASSAMCAWARE_ANTIBIOTICSGROUP_GLASSAMC_AWARE_A,,,,,,,,,,26.24,,,,,,26.2,,,EN,2025-09-24T04:00:00.000Z
GLASSAMC_AWARE,Pattern of antibiotic consumption at national level (relative use by AWaRe classification),numeric,EUR,Europe,Country,SVN,Slovenia,Year,2023,true,AWARE Antibiotics group,Watch (%),GLASSAMCAWARE_ANTIBIOTICSGROUP_GLASSAMC_AWARE_W,,,,,,,,,,26.17,,,,,,26.2,,,EN,2025-09-24T04:00:00.000Z
GLASSAMC_AWARE,Pattern of antibiotic consumption at national level (relative use by AWaRe classification),numeric,AMR,Americas,Country,CAN,Canada,Year,2023,true,AWARE Antibiotics group,Watch (%),GLASSAMCAWARE_ANTIBIOTICSGROUP_GLASSAMC_AWARE_W,,,,,,,,,,26.61,,,,,,26.6,,,EN,2025-09-24T04:00:00.000Z
GLASSAMC_AWARE,Pattern of antibiotic consumption at national level (relative use by AWaRe classification),numeric,EUR,Europe,Country,GBR,United Kingdom of Great Britain and Northern Ireland,Year,2023,true,AWARE Antibiotics group,Watch (%),GLASSAMCAWARE_ANTIBIOTICSGROUP_GLASSAMC_AWARE_W,,,,,,,,,,27.24,,,,,,27.2,,Only use in the public sector reported,EN,2025-09-24T04:00:00.000Z
GLASSAMC_AWARE,Pattern of antibiotic consumption at national level (relative use by AWaRe classification),numeric,AMR,Americas,Country,COL,Colombia,Year,2023,true,AWARE Antibiotics group,Watch (%),GLASSAMCAWARE_ANTIBIOTICSGROUP_GLASSAMC_AWARE_W,,,,,,,,,,27.79,,,,,,27.8,,,EN,2025-09-24T04:00:00.000Z
GLASSAMC_AWARE,Pattern of antibiotic consumption at national level (relative use by AWaRe classification),numeric,EUR,Europe,Country,LVA,Latvia,Year,2023,true,AWARE Antibiotics group,Watch (%),GLASSAMCAWARE_ANTIBIOTICSGROUP_GLASSAMC_AWARE_W,,,,,,,,,,27.78,,,,,,27.8,,,EN,2025-09-24T04:00:00.000Z
GLASSAMC_AWARE,Pattern of antibiotic consumption at national level (relative use by AWaRe classification),numeric,WPR,Western Pacific,Country,IDN,Indonesia,Year,2023,true,AWARE Antibiotics group,Watch (%),GLASSAMCAWARE_ANTIBIOTICSGROUP_GLASSAMC_AWARE_W,,,,,,,,,,28.8,,,,,,28.8,,,EN,2025-09-24T04:00:00.000Z
GLASSAMC_AWARE,Pattern of antibiotic consumption at national level (relative use by AWaRe classification),numeric,AFR,Africa,Country,GAB,Gabon,Year,2023,true,AWARE Antibiotics group,Watch (%),GLASSAMCAWARE_ANTIBIOTICSGROUP_GLASSAMC_AWARE_W,,,,,,,,,,29.37,,,,,,29.4,,,EN,2025-09-24T04:00:00.000Z
GLASSAMC_AWARE,Pattern of antibiotic consumption at national level (relative use by AWaRe classification),numeric,AMR,Americas,Country,HND,Honduras,Year,2023,true,AWARE Antibiotics group,Watch (%),GLASSAMCAWARE_ANTIBIOTICSGROUP_GLASSAMC_AWARE_W,,,,,,,,,,29.61,,,,,,29.6,,Only use in the public sector reported,EN,2025-09-24T04:00:00.000Z
GLASSAMC_AWARE,Pattern of antibiotic consumption at national level (relative use by AWaRe classification),numeric,EUR,Europe,Country,UKR,Ukraine,Year,2023,true,AWARE Antibiotics group,Not classified (%) / not recommended (%),GLASSAMCAWARE_ANTIBIOTICSGROUP_GLASSAMC_AWARE_O,,,,,,,,,,3.57,,,,,,3.6,,,EN,2025-09-24T04:00:00.000Z
GLASSAMC_AWARE,Pattern of antibiotic consumption at national level (relative use by AWaRe classification),numeric,WPR,Western Pacific,Country,BRN,Brunei Darussalam,Year,2023,true,AWARE Antibiotics group,Watch (%),GLASSAMCAWARE_ANTIBIOTICSGROUP_GLASSAMC_AWARE_W,,,,,,,,,,30,,,,,,30,,,EN,2025-09-24T04:00:00.000Z
GLASSAMC_AWARE,Pattern of antibiotic consumption at national level (relative use by AWaRe classification),numeric,EUR,Europe,Country,BEL,Belgium,Year,2023,true,AWARE Antibiotics group,Watch (%),GLASSAMCAWARE_ANTIBIOTICSGROUP_GLASSAMC_AWARE_W,,,,,,,,,,30.84,,,,,,30.8,,,EN,2025-09-24T04:00:00.000Z
GLASSAMC_AWARE,Pattern of antibiotic consumption at national level (relative use by AWaRe classification),numeric,AFR,Africa,Country,BEN,Benin,Year,2023,true,AWARE Antibiotics group,Watch (%),GLASSAMCAWARE_ANTIBIOTICSGROUP_GLASSAMC_AWARE_W,,,,,,,,,,31.05,,,,,,31,,,EN,2025-09-24T04:00:00.000Z
GLASSAMC_AWARE,Pattern of antibiotic consumption at national level (relative use by AWaRe classification),numeric,EUR,Europe,Country,BLR,Belarus,Year,2023,true,AWARE Antibiotics group,Watch (%),GLASSAMCAWARE_ANTIBIOTICSGROUP_GLASSAMC_AWARE_W,,,,,,,,,,31.8,,,,,,31.8,,,EN,2025-09-24T04:00:00.000Z
GLASSAMC_AWARE,Pattern of antibiotic consumption at national level (relative use by AWaRe classification),numeric,EUR,Europe,Country,CHE,Switzerland,Year,2023,true,AWARE Antibiotics group,Watch (%),GLASSAMCAWARE_ANTIBIOTICSGROUP_GLASSAMC_AWARE_W,,,,,,,,,,31.92,,,,,,31.9,,,EN,2025-09-24T04:00:00.000Z
GLASSAMC_AWARE,Pattern of antibiotic consumption at national level (relative use by AWaRe classification),numeric,EMR,Eastern Mediterranean,Country,QAT,Qatar,Year,2023,true,AWARE Antibiotics group,Watch (%),GLASSAMCAWARE_ANTIBIOTICSGROUP_GLASSAMC_AWARE_W,,,,,,,,,,31.99,,,,,,32,,Data incomplete since not collected from all sources of data,EN,2025-09-24T04:00:00.000Z
GLASSAMC_AWARE,Pattern of antibiotic consumption at national level (relative use by AWaRe classification),numeric,EUR,Europe,Country,LTU,Lithuania,Year,2023,true,AWARE Antibiotics group,Watch (%),GLASSAMCAWARE_ANTIBIOTICSGROUP_GLASSAMC_AWARE_W,,,,,,,,,,32.85,,,,,,32.8,,,EN,2025-09-24T04:00:00.000Z
GLASSAMC_AWARE,Pattern of antibiotic consumption at national level (relative use by AWaRe classification),numeric,SEAR,South-East Asia,Country,BGD,Bangladesh,Year,2023,true,AWARE Antibiotics group,Access (%),GLASSAMCAWARE_ANTIBIOTICSGROUP_GLASSAMC_AWARE_A,,,,,,,,,,32.85,,,,,,32.9,,,EN,2025-09-24T04:00:00.000Z
GLASSAMC_AWARE,Pattern of antibiotic consumption at national level (relative use by AWaRe classification),numeric,EUR,Europe,Country,EST,Estonia,Year,2023,true,AWARE Antibiotics group,Watch (%),GLASSAMCAWARE_ANTIBIOTICSGROUP_GLASSAMC_AWARE_W,,,,,,,,,,35.38,,,,,,35.4,,,EN,2025-09-24T04:00:00.000Z
GLASSAMC_AWARE,Pattern of antibiotic consumption at national level (relative use by AWaRe classification),numeric,EUR,Europe,Country,AUT,Austria,Year,2023,true,AWARE Antibiotics group,Watch (%),GLASSAMCAWARE_ANTIBIOTICSGROUP_GLASSAMC_AWARE_W,,,,,,,,,,35.99,,,,,,36,,,EN,2025-09-24T04:00:00.000Z
GLASSAMC_AWARE,Pattern of antibiotic consumption at national level (relative use by AWaRe classification),numeric,WPR,Western Pacific,Country,SGP,Singapore,Year,2023,true,AWARE Antibiotics group,Watch (%),GLASSAMCAWARE_ANTIBIOTICSGROUP_GLASSAMC_AWARE_W,,,,,,,,,,36.02,,,,,,36,,Incomplete data - the current source of data is limited as the antimicrobial sales data excludes data on generic drug use,EN,2025-09-24T04:00:00.000Z
GLASSAMC_AWARE,Pattern of antibiotic consumption at national level (relative use by AWaRe classification),numeric,GLOBAL,Global,Country,HKG,"China, Hong Kong Special Administrative Region",Year,2023,true,AWARE Antibiotics group,Watch (%),GLASSAMCAWARE_ANTIBIOTICSGROUP_GLASSAMC_AWARE_W,,,,,,,,,,36.14,,,,,,36.1,,,EN,2025-09-24T04:00:00.000Z
GLASSAMC_AWARE,Pattern of antibiotic consumption at national level (relative use by AWaRe classification),numeric,EMR,Eastern Mediterranean,Country,OMN,Oman,Year,2023,true,AWARE Antibiotics group,Watch (%),GLASSAMCAWARE_ANTIBIOTICSGROUP_GLASSAMC_AWARE_W,,,,,,,,,,36.37,,,,,,36.4,,Only use in the public sector reported,EN,2025-09-24T04:00:00.000Z
GLASSAMC_AWARE,Pattern of antibiotic consumption at national level (relative use by AWaRe classification),numeric,EUR,Europe,Country,PRT,Portugal,Year,2023,true,AWARE Antibiotics group,Watch (%),GLASSAMCAWARE_ANTIBIOTICSGROUP_GLASSAMC_AWARE_W,,,,,,,,,,36.54,,,,,,36.5,,,EN,2025-09-24T04:00:00.000Z
GLASSAMC_AWARE,Pattern of antibiotic consumption at national level (relative use by AWaRe classification),numeric,EUR,Europe,Country,ESP,Spain,Year,2023,true,AWARE Antibiotics group,Watch (%),GLASSAMCAWARE_ANTIBIOTICSGROUP_GLASSAMC_AWARE_W,,,,,,,,,,36.66,,,,,,36.7,,,EN,2025-09-24T04:00:00.000Z
GLASSAMC_AWARE,Pattern of antibiotic consumption at national level (relative use by AWaRe classification),numeric,AFR,Africa,Country,UGA,Uganda,Year,2023,true,AWARE Antibiotics group,Watch (%),GLASSAMCAWARE_ANTIBIOTICSGROUP_GLASSAMC_AWARE_W,,,,,,,,,,36.77,,,,,,36.8,,,EN,2025-09-24T04:00:00.000Z
GLASSAMC_AWARE,Pattern of antibiotic consumption at national level (relative use by AWaRe classification),numeric,EMR,Eastern Mediterranean,Country,SAU,Saudi Arabia,Year,2023,true,AWARE Antibiotics group,Watch (%),GLASSAMCAWARE_ANTIBIOTICSGROUP_GLASSAMC_AWARE_W,,,,,,,,,,37.03,,,,,,37,,Only use in the public sector reported,EN,2025-09-24T04:00:00.000Z
GLASSAMC_AWARE,Pattern of antibiotic consumption at national level (relative use by AWaRe classification),numeric,EUR,Europe,Country,ARM,Armenia,Year,2023,true,AWARE Antibiotics group,Watch (%),GLASSAMCAWARE_ANTIBIOTICSGROUP_GLASSAMC_AWARE_W,,,,,,,,,,37.2,,,,,,37.2,,,EN,2025-09-24T04:00:00.000Z
GLASSAMC_AWARE,Pattern of antibiotic consumption at national level (relative use by AWaRe classification),numeric,EUR,Europe,Country,DEU,Germany,Year,2023,true,AWARE Antibiotics group,Watch (%),GLASSAMCAWARE_ANTIBIOTICSGROUP_GLASSAMC_AWARE_W,,,,,,,,,,38.07,,,,,,38.1,,,EN,2025-09-24T04:00:00.000Z
GLASSAMC_AWARE,Pattern of antibiotic consumption at national level (relative use by AWaRe classification),numeric,EUR,Europe,Country,CZE,Czechia,Year,2023,true,AWARE Antibiotics group,Watch (%),GLASSAMCAWARE_ANTIBIOTICSGROUP_GLASSAMC_AWARE_W,,,,,,,,,,38.21,,,,,,38.2,,,EN,2025-09-24T04:00:00.000Z
GLASSAMC_AWARE,Pattern of antibiotic consumption at national level (relative use by AWaRe classification),numeric,SEAR,South-East Asia,Country,MDV,Maldives,Year,2023,true,AWARE Antibiotics group,Access (%),GLASSAMCAWARE_ANTIBIOTICSGROUP_GLASSAMC_AWARE_A,,,,,,,,,,38.56,,,,,,38.6,,,EN,2025-09-24T04:00:00.000Z
GLASSAMC_AWARE,Pattern of antibiotic consumption at national level (relative use by AWaRe classification),numeric,EUR,Europe,Country,HRV,Croatia,Year,2023,true,AWARE Antibiotics group,Watch (%),GLASSAMCAWARE_ANTIBIOTICSGROUP_GLASSAMC_AWARE_W,,,,,,,,,,38.68,,,,,,38.7,,,EN,2025-09-24T04:00:00.000Z
GLASSAMC_AWARE,Pattern of antibiotic consumption at national level (relative use by AWaRe classification),numeric,WPR,Western Pacific,Country,KOR,Republic of Korea,Year,2023,true,AWARE Antibiotics group,Access (%),GLASSAMCAWARE_ANTIBIOTICSGROUP_GLASSAMC_AWARE_A,,,,,,,,,,38.77,,,,,,38.8,,,EN,2025-09-24T04:00:00.000Z
GLASSAMC_AWARE,Pattern of antibiotic consumption at national level (relative use by AWaRe classification),numeric,EUR,Europe,Country,POL,Poland,Year,2023,true,AWARE Antibiotics group,Watch (%),GLASSAMCAWARE_ANTIBIOTICSGROUP_GLASSAMC_AWARE_W,,,,,,,,,,39.19,,,,,,39.2,,,EN,2025-09-24T04:00:00.000Z
GLASSAMC_AWARE,Pattern of antibiotic consumption at national level (relative use by AWaRe classification),numeric,EMR,Eastern Mediterranean,Country,EGY,Egypt,Year,2023,true,AWARE Antibiotics group,Watch (%),GLASSAMCAWARE_ANTIBIOTICSGROUP_GLASSAMC_AWARE_W,,,,,,,,,,39.36,,,,,,39.4,,,EN,2025-09-24T04:00:00.000Z
GLASSAMC_AWARE,Pattern of antibiotic consumption at national level (relative use by AWaRe classification),numeric,AFR,Africa,Country,TZA,United Republic of Tanzania,Year,2023,true,AWARE Antibiotics group,Not classified (%) / not recommended (%),GLASSAMCAWARE_ANTIBIOTICSGROUP_GLASSAMC_AWARE_O,,,,,,,,,,4.72,,,,,,4.7,,,EN,2025-09-24T04:00:00.000Z
GLASSAMC_AWARE,Pattern of antibiotic consumption at national level (relative use by AWaRe classification),numeric,AFR,Africa,Country,ETH,Ethiopia,Year,2023,true,AWARE Antibiotics group,Watch (%),GLASSAMCAWARE_ANTIBIOTICSGROUP_GLASSAMC_AWARE_W,,,,,,,,,,42.33,,,,,,42.3,,For antibiotics: only J01 and P01AB reported,EN,2025-09-24T04:00:00.000Z
GLASSAMC_AWARE,Pattern of antibiotic consumption at national level (relative use by AWaRe classification),numeric,EUR,Europe,Country,MLT,Malta,Year,2023,true,AWARE Antibiotics group,Watch (%),GLASSAMCAWARE_ANTIBIOTICSGROUP_GLASSAMC_AWARE_W,,,,,,,,,,43.5,,,,,,43.5,,,EN,2025-09-24T04:00:00.000Z
GLASSAMC_AWARE,Pattern of antibiotic consumption at national level (relative use by AWaRe classification),numeric,EMR,Eastern Mediterranean,Country,IRN,Iran (Islamic Republic of),Year,2023,true,AWARE Antibiotics group,Access (%),GLASSAMCAWARE_ANTIBIOTICSGROUP_GLASSAMC_AWARE_A,,,,,,,,,,43.75,,,,,,43.8,,,EN,2025-09-24T04:00:00.000Z
GLASSAMC_AWARE,Pattern of antibiotic consumption at national level (relative use by AWaRe classification),numeric,EUR,Europe,Country,UKR,Ukraine,Year,2023,true,AWARE Antibiotics group,Access (%),GLASSAMCAWARE_ANTIBIOTICSGROUP_GLASSAMC_AWARE_A,,,,,,,,,,43.92,,,,,,43.9,,,EN,2025-09-24T04:00:00.000Z
GLASSAMC_AWARE,Pattern of antibiotic consumption at national level (relative use by AWaRe classification),numeric,EUR,Europe,Country,TJK,Tajikistan,Year,2023,true,AWARE Antibiotics group,Watch (%),GLASSAMCAWARE_ANTIBIOTICSGROUP_GLASSAMC_AWARE_W,,,,,,,,,,44.3,,,,,,44.3,,,EN,2025-09-24T04:00:00.000Z
GLASSAMC_AWARE,Pattern of antibiotic consumption at national level (relative use by AWaRe classification),numeric,EUR,Europe,Country,RUS,Russian Federation,Year,2023,true,AWARE Antibiotics group,Access (%),GLASSAMCAWARE_ANTIBIOTICSGROUP_GLASSAMC_AWARE_A,,,,,,,,,,45.45,,,,,,45.5,,,EN,2025-09-24T04:00:00.000Z
GLASSAMC_AWARE,Pattern of antibiotic consumption at national level (relative use by AWaRe classification),numeric,EUR,Europe,Country,MNE,Montenegro,Year,2023,true,AWARE Antibiotics group,Watch (%),GLASSAMCAWARE_ANTIBIOTICSGROUP_GLASSAMC_AWARE_W,,,,,,,,,,45.78,,,,,,45.8,,,EN,2025-09-24T04:00:00.000Z
GLASSAMC_AWARE,Pattern of antibiotic consumption at national level (relative use by AWaRe classification),numeric,WPR,Western Pacific,Country,MYS,Malaysia,Year,2023,true,AWARE Antibiotics group,Access (%),GLASSAMCAWARE_ANTIBIOTICSGROUP_GLASSAMC_AWARE_A,,,,,,,,,,46.58,,,,,,46.6,,For antibiotics: only J01 and P01AB reported,EN,2025-09-24T04:00:00.000Z
GLASSAMC_AWARE,Pattern of antibiotic consumption at national level (relative use by AWaRe classification),numeric,EMR,Eastern Mediterranean,Country,KWT,Kuwait,Year,2023,true,AWARE Antibiotics group,Access (%),GLASSAMCAWARE_ANTIBIOTICSGROUP_GLASSAMC_AWARE_A,,,,,,,,,,46.72,,,,,,46.7,,,EN,2025-09-24T04:00:00.000Z
GLASSAMC_AWARE,Pattern of antibiotic consumption at national level (relative use by AWaRe classification),numeric,EMR,Eastern Mediterranean,Country,JOR,Jordan,Year,2023,true,AWARE Antibiotics group,Watch (%),GLASSAMCAWARE_ANTIBIOTICSGROUP_GLASSAMC_AWARE_W,,,,,,,,,,46.85,,,,,,46.8,,,EN,2025-09-24T04:00:00.000Z
GLASSAMC_AWARE,Pattern of antibiotic consumption at national level (relative use by AWaRe classification),numeric,EMR,Eastern Mediterranean,Country,PSE,"occupied Palestinian territory, including east Jerusalem",Year,2023,true,AWARE Antibiotics group,Access (%),GLASSAMCAWARE_ANTIBIOTICSGROUP_GLASSAMC_AWARE_A,,,,,,,,,,47.38,,,,,,47.4,,For antibiotics: only J01 and P01AB reported,EN,2025-09-24T04:00:00.000Z
GLASSAMC_AWARE,Pattern of antibiotic consumption at national level (relative use by AWaRe classification),numeric,EUR,Europe,Country,ROU,Romania,Year,2023,true,AWARE Antibiotics group,Watch (%),GLASSAMCAWARE_ANTIBIOTICSGROUP_GLASSAMC_AWARE_W,,,,,,,,,,48.22,,,,,,48.2,,,EN,2025-09-24T04:00:00.000Z
GLASSAMC_AWARE,Pattern of antibiotic consumption at national level (relative use by AWaRe classification),numeric,EUR,Europe,Country,GEO,Georgia,Year,2023,true,AWARE Antibiotics group,Access (%),GLASSAMCAWARE_ANTIBIOTICSGROUP_GLASSAMC_AWARE_A,,,,,,,,,,48.35,,,,,,48.4,,,EN,2025-09-24T04:00:00.000Z
GLASSAMC_AWARE,Pattern of antibiotic consumption at national level (relative use by AWaRe classification),numeric,EUR,Europe,Country,ITA,Italy,Year,2023,true,AWARE Antibiotics group,Watch (%),GLASSAMCAWARE_ANTIBIOTICSGROUP_GLASSAMC_AWARE_W,,,,,,,,,,48.46,,,,,,48.5,,,EN,2025-09-24T04:00:00.000Z
GLASSAMC_AWARE,Pattern of antibiotic consumption at national level (relative use by AWaRe classification),numeric,EUR,Europe,Country,GEO,Georgia,Year,2023,true,AWARE Antibiotics group,Watch (%),GLASSAMCAWARE_ANTIBIOTICSGROUP_GLASSAMC_AWARE_W,,,,,,,,,,49.03,,,,,,49,,,EN,2025-09-24T04:00:00.000Z
GLASSAMC_AWARE,Pattern of antibiotic consumption at national level (relative use by AWaRe classification),numeric,EUR,Europe,Country,HUN,Hungary,Year,2023,true,AWARE Antibiotics group,Watch (%),GLASSAMCAWARE_ANTIBIOTICSGROUP_GLASSAMC_AWARE_W,,,,,,,,,,49.35,,,,,,49.4,,,EN,2025-09-24T04:00:00.000Z
GLASSAMC_AWARE,Pattern of antibiotic consumption at national level (relative use by AWaRe classification),numeric,EUR,Europe,Country,HUN,Hungary,Year,2023,true,AWARE Antibiotics group,Access (%),GLASSAMCAWARE_ANTIBIOTICSGROUP_GLASSAMC_AWARE_A,,,,,,,,,,50.54,,,,,,50.5,,,EN,2025-09-24T04:00:00.000Z
GLASSAMC_AWARE,Pattern of antibiotic consumption at national level (relative use by AWaRe classification),numeric,EUR,Europe,Country,ITA,Italy,Year,2023,true,AWARE Antibiotics group,Access (%),GLASSAMCAWARE_ANTIBIOTICSGROUP_GLASSAMC_AWARE_A,,,,,,,,,,50.95,,,,,,51,,,EN,2025-09-24T04:00:00.000Z
GLASSAMC_AWARE,Pattern of antibiotic consumption at national level (relative use by AWaRe classification),numeric,EUR,Europe,Country,RUS,Russian Federation,Year,2023,true,AWARE Antibiotics group,Watch (%),GLASSAMCAWARE_ANTIBIOTICSGROUP_GLASSAMC_AWARE_W,,,,,,,,,,51.06,,,,,,51.1,,,EN,2025-09-24T04:00:00.000Z
GLASSAMC_AWARE,Pattern of antibiotic consumption at national level (relative use by AWaRe classification),numeric,EMR,Eastern Mediterranean,Country,JOR,Jordan,Year,2023,true,AWARE Antibiotics group,Access (%),GLASSAMCAWARE_ANTIBIOTICSGROUP_GLASSAMC_AWARE_A,,,,,,,,,,51.39,,,,,,51.4,,,EN,2025-09-24T04:00:00.000Z
GLASSAMC_AWARE,Pattern of antibiotic consumption at national level (relative use by AWaRe classification),numeric,EUR,Europe,Country,ROU,Romania,Year,2023,true,AWARE Antibiotics group,Access (%),GLASSAMCAWARE_ANTIBIOTICSGROUP_GLASSAMC_AWARE_A,,,,,,,,,,51.49,,,,,,51.5,,,EN,2025-09-24T04:00:00.000Z
GLASSAMC_AWARE,Pattern of antibiotic consumption at national level (relative use by AWaRe classification),numeric,EUR,Europe,Country,UKR,Ukraine,Year,2023,true,AWARE Antibiotics group,Watch (%),GLASSAMCAWARE_ANTIBIOTICSGROUP_GLASSAMC_AWARE_W,,,,,,,,,,52.16,,,,,,52.2,,,EN,2025-09-24T04:00:00.000Z
GLASSAMC_AWARE,Pattern of antibiotic consumption at national level (relative use by AWaRe classification),numeric,EMR,Eastern Mediterranean,Country,PSE,"occupied Palestinian territory, including east Jerusalem",Year,2023,true,AWARE Antibiotics group,Watch (%),GLASSAMCAWARE_ANTIBIOTICSGROUP_GLASSAMC_AWARE_W,,,,,,,,,,52.3,,,,,,52.3,,For antibiotics: only J01 and P01AB reported,EN,2025-09-24T04:00:00.000Z
GLASSAMC_AWARE,Pattern of antibiotic consumption at national level (relative use by AWaRe classification),numeric,EMR,Eastern Mediterranean,Country,KWT,Kuwait,Year,2023,true,AWARE Antibiotics group,Watch (%),GLASSAMCAWARE_ANTIBIOTICSGROUP_GLASSAMC_AWARE_W,,,,,,,,,,53.17,,,,,,53.2,,,EN,2025-09-24T04:00:00.000Z
GLASSAMC_AWARE,Pattern of antibiotic consumption at national level (relative use by AWaRe classification),numeric,WPR,Western Pacific,Country,MYS,Malaysia,Year,2023,true,AWARE Antibiotics group,Watch (%),GLASSAMCAWARE_ANTIBIOTICSGROUP_GLASSAMC_AWARE_W,,,,,,,,,,53.21,,,,,,53.2,,For antibiotics: only J01 and P01AB reported,EN,2025-09-24T04:00:00.000Z
GLASSAMC_AWARE,Pattern of antibiotic consumption at national level (relative use by AWaRe classification),numeric,EUR,Europe,Country,TJK,Tajikistan,Year,2023,true,AWARE Antibiotics group,Access (%),GLASSAMCAWARE_ANTIBIOTICSGROUP_GLASSAMC_AWARE_A,,,,,,,,,,53.78,,,,,,53.8,,,EN,2025-09-24T04:00:00.000Z
GLASSAMC_AWARE,Pattern of antibiotic consumption at national level (relative use by AWaRe classification),numeric,EUR,Europe,Country,MNE,Montenegro,Year,2023,true,AWARE Antibiotics group,Access (%),GLASSAMCAWARE_ANTIBIOTICSGROUP_GLASSAMC_AWARE_A,,,,,,,,,,53.94,,,,,,53.9,,,EN,2025-09-24T04:00:00.000Z
GLASSAMC_AWARE,Pattern of antibiotic consumption at national level (relative use by AWaRe classification),numeric,EUR,Europe,Country,MLT,Malta,Year,2023,true,AWARE Antibiotics group,Access (%),GLASSAMCAWARE_ANTIBIOTICSGROUP_GLASSAMC_AWARE_A,,,,,,,,,,56.09,,,,,,56.1,,,EN,2025-09-24T04:00:00.000Z
GLASSAMC_AWARE,Pattern of antibiotic consumption at national level (relative use by AWaRe classification),numeric,EMR,Eastern Mediterranean,Country,IRN,Iran (Islamic Republic of),Year,2023,true,AWARE Antibiotics group,Watch (%),GLASSAMCAWARE_ANTIBIOTICSGROUP_GLASSAMC_AWARE_W,,,,,,,,,,56.16,,,,,,56.2,,,EN,2025-09-24T04:00:00.000Z
GLASSAMC_AWARE,Pattern of antibiotic consumption at national level (relative use by AWaRe classification),numeric,SEAR,South-East Asia,Country,BGD,Bangladesh,Year,2023,true,AWARE Antibiotics group,Watch (%),GLASSAMCAWARE_ANTIBIOTICSGROUP_GLASSAMC_AWARE_W,,,,,,,,,,56.27,,,,,,56.3,,,EN,2025-09-24T04:00:00.000Z
GLASSAMC_AWARE,Pattern of antibiotic consumption at national level (relative use by AWaRe classification),numeric,AFR,Africa,Country,UGA,Uganda,Year,2023,true,AWARE Antibiotics group,Access (%),GLASSAMCAWARE_ANTIBIOTICSGROUP_GLASSAMC_AWARE_A,,,,,,,,,,56.56,,,,,,56.6,,,EN,2025-09-24T04:00:00.000Z
GLASSAMC_AWARE,Pattern of antibiotic consumption at national level (relative use by AWaRe classification),numeric,AFR,Africa,Country,ETH,Ethiopia,Year,2023,true,AWARE Antibiotics group,Access (%),GLASSAMCAWARE_ANTIBIOTICSGROUP_GLASSAMC_AWARE_A,,,,,,,,,,57.66,,,,,,57.7,,For antibiotics: only J01 and P01AB reported,EN,2025-09-24T04:00:00.000Z
GLASSAMC_AWARE,Pattern of antibiotic consumption at national level (relative use by AWaRe classification),numeric,EMR,Eastern Mediterranean,Country,EGY,Egypt,Year,2023,true,AWARE Antibiotics group,Access (%),GLASSAMCAWARE_ANTIBIOTICSGROUP_GLASSAMC_AWARE_A,,,,,,,,,,59,,,,,,59,,,EN,2025-09-24T04:00:00.000Z
GLASSAMC_AWARE,Pattern of antibiotic consumption at national level (relative use by AWaRe classification),numeric,EMR,Eastern Mediterranean,Country,QAT,Qatar,Year,2023,true,AWARE Antibiotics group,Access (%),GLASSAMCAWARE_ANTIBIOTICSGROUP_GLASSAMC_AWARE_A,,,,,,,,,,59.05,,,,,,59,,Data incomplete since not collected from all sources of data,EN,2025-09-24T04:00:00.000Z
GLASSAMC_AWARE,Pattern of antibiotic consumption at national level (relative use by AWaRe classification),numeric,EMR,Eastern Mediterranean,Country,TUN,Tunisia,Year,2023,true,AWARE Antibiotics group,Not classified (%) / not recommended (%),GLASSAMCAWARE_ANTIBIOTICSGROUP_GLASSAMC_AWARE_O,,,,,,,,,,6.42,,,,,,6.4,,For antibiotics: only J01 and P01AB reported,EN,2025-09-24T04:00:00.000Z
GLASSAMC_AWARE,Pattern of antibiotic consumption at national level (relative use by AWaRe classification),numeric,AFR,Africa,Country,UGA,Uganda,Year,2023,true,AWARE Antibiotics group,Not classified (%) / not recommended (%),GLASSAMCAWARE_ANTIBIOTICSGROUP_GLASSAMC_AWARE_O,,,,,,,,,,6.62,,,,,,6.6,,,EN,2025-09-24T04:00:00.000Z
GLASSAMC_AWARE,Pattern of antibiotic consumption at national level (relative use by AWaRe classification),numeric,EUR,Europe,Country,POL,Poland,Year,2023,true,AWARE Antibiotics group,Access (%),GLASSAMCAWARE_ANTIBIOTICSGROUP_GLASSAMC_AWARE_A,,,,,,,,,,60.52,,,,,,60.5,,,EN,2025-09-24T04:00:00.000Z
GLASSAMC_AWARE,Pattern of antibiotic consumption at national level (relative use by AWaRe classification),numeric,SEAR,South-East Asia,Country,MDV,Maldives,Year,2023,true,AWARE Antibiotics group,Watch (%),GLASSAMCAWARE_ANTIBIOTICSGROUP_GLASSAMC_AWARE_W,,,,,,,,,,60.93,,,,,,60.9,,,EN,2025-09-24T04:00:00.000Z
GLASSAMC_AWARE,Pattern of antibiotic consumption at national level (relative use by AWaRe classification),numeric,GLOBAL,Global,Country,HKG,"China, Hong Kong Special Administrative Region",Year,2023,true,AWARE Antibiotics group,Access (%),GLASSAMCAWARE_ANTIBIOTICSGROUP_GLASSAMC_AWARE_A,,,,,,,,,,60.99,,,,,,61,,,EN,2025-09-24T04:00:00.000Z
GLASSAMC_AWARE,Pattern of antibiotic consumption at national level (relative use by AWaRe classification),numeric,EUR,Europe,Country,HRV,Croatia,Year,2023,true,AWARE Antibiotics group,Access (%),GLASSAMCAWARE_ANTIBIOTICSGROUP_GLASSAMC_AWARE_A,,,,,,,,,,60.98,,,,,,61,,,EN,2025-09-24T04:00:00.000Z
GLASSAMC_AWARE,Pattern of antibiotic consumption at national level (relative use by AWaRe classification),numeric,EUR,Europe,Country,DEU,Germany,Year,2023,true,AWARE Antibiotics group,Access (%),GLASSAMCAWARE_ANTIBIOTICSGROUP_GLASSAMC_AWARE_A,,,,,,,,,,60.96,,,,,,61,,,EN,2025-09-24T04:00:00.000Z
GLASSAMC_AWARE,Pattern of antibiotic consumption at national level (relative use by AWaRe classification),numeric,WPR,Western Pacific,Country,KOR,Republic of Korea,Year,2023,true,AWARE Antibiotics group,Watch (%),GLASSAMCAWARE_ANTIBIOTICSGROUP_GLASSAMC_AWARE_W,,,,,,,,,,61.14,,,,,,61.1,,,EN,2025-09-24T04:00:00.000Z
GLASSAMC_AWARE,Pattern of antibiotic consumption at national level (relative use by AWaRe classification),numeric,EUR,Europe,Country,CZE,Czechia,Year,2023,true,AWARE Antibiotics group,Access (%),GLASSAMCAWARE_ANTIBIOTICSGROUP_GLASSAMC_AWARE_A,,,,,,,,,,61.49,,,,,,61.5,,,EN,2025-09-24T04:00:00.000Z
GLASSAMC_AWARE,Pattern of antibiotic consumption at national level (relative use by AWaRe classification),numeric,EUR,Europe,Country,ESP,Spain,Year,2023,true,AWARE Antibiotics group,Access (%),GLASSAMCAWARE_ANTIBIOTICSGROUP_GLASSAMC_AWARE_A,,,,,,,,,,62.03,,,,,,62,,,EN,2025-09-24T04:00:00.000Z
GLASSAMC_AWARE,Pattern of antibiotic consumption at national level (relative use by AWaRe classification),numeric,EMR,Eastern Mediterranean,Country,SAU,Saudi Arabia,Year,2023,true,AWARE Antibiotics group,Access (%),GLASSAMCAWARE_ANTIBIOTICSGROUP_GLASSAMC_AWARE_A,,,,,,,,,,62.39,,,,,,62.4,,Only use in the public sector reported,EN,2025-09-24T04:00:00.000Z
GLASSAMC_AWARE,Pattern of antibiotic consumption at national level (relative use by AWaRe classification),numeric,EUR,Europe,Country,ARM,Armenia,Year,2023,true,AWARE Antibiotics group,Access (%),GLASSAMCAWARE_ANTIBIOTICSGROUP_GLASSAMC_AWARE_A,,,,,,,,,,62.65,,,,,,62.7,,,EN,2025-09-24T04:00:00.000Z
GLASSAMC_AWARE,Pattern of antibiotic consumption at national level (relative use by AWaRe classification),numeric,EUR,Europe,Country,AUT,Austria,Year,2023,true,AWARE Antibiotics group,Access (%),GLASSAMCAWARE_ANTIBIOTICSGROUP_GLASSAMC_AWARE_A,,,,,,,,,,62.99,,,,,,63,,,EN,2025-09-24T04:00:00.000Z
GLASSAMC_AWARE,Pattern of antibiotic consumption at national level (relative use by AWaRe classification),numeric,SEAR,South-East Asia,Country,NPL,Nepal,Year,2023,true,AWARE Antibiotics group,Watch (%),GLASSAMCAWARE_ANTIBIOTICSGROUP_GLASSAMC_AWARE_W,,,,,,,,,,63.13,,,,,,63.1,,,EN,2025-09-24T04:00:00.000Z
GLASSAMC_AWARE,Pattern of antibiotic consumption at national level (relative use by AWaRe classification),numeric,EUR,Europe,Country,PRT,Portugal,Year,2023,true,AWARE Antibiotics group,Access (%),GLASSAMCAWARE_ANTIBIOTICSGROUP_GLASSAMC_AWARE_A,,,,,,,,,,63.11,,,,,,63.1,,,EN,2025-09-24T04:00:00.000Z
GLASSAMC_AWARE,Pattern of antibiotic consumption at national level (relative use by AWaRe classification),numeric,EMR,Eastern Mediterranean,Country,OMN,Oman,Year,2023,true,AWARE Antibiotics group,Access (%),GLASSAMCAWARE_ANTIBIOTICSGROUP_GLASSAMC_AWARE_A,,,,,,,,,,63.43,,,,,,63.4,,Only use in the public sector reported,EN,2025-09-24T04:00:00.000Z
GLASSAMC_AWARE,Pattern of antibiotic consumption at national level (relative use by AWaRe classification),numeric,WPR,Western Pacific,Country,SGP,Singapore,Year,2023,true,AWARE Antibiotics group,Access (%),GLASSAMCAWARE_ANTIBIOTICSGROUP_GLASSAMC_AWARE_A,,,,,,,,,,63.62,,,,,,63.6,,Incomplete data - the current source of data is limited as the antimicrobial sales data excludes data on generic drug use,EN,2025-09-24T04:00:00.000Z
GLASSAMC_AWARE,Pattern of antibiotic consumption at national level (relative use by AWaRe classification),numeric,EUR,Europe,Country,EST,Estonia,Year,2023,true,AWARE Antibiotics group,Access (%),GLASSAMCAWARE_ANTIBIOTICSGROUP_GLASSAMC_AWARE_A,,,,,,,,,,64.44,,,,,,64.4,,,EN,2025-09-24T04:00:00.000Z
GLASSAMC_AWARE,Pattern of antibiotic consumption at national level (relative use by AWaRe classification),numeric,EUR,Europe,Country,LTU,Lithuania,Year,2023,true,AWARE Antibiotics group,Access (%),GLASSAMCAWARE_ANTIBIOTICSGROUP_GLASSAMC_AWARE_A,,,,,,,,,,66.98,,,,,,67,,,EN,2025-09-24T04:00:00.000Z
GLASSAMC_AWARE,Pattern of antibiotic consumption at national level (relative use by AWaRe classification),numeric,EUR,Europe,Country,BLR,Belarus,Year,2023,true,AWARE Antibiotics group,Access (%),GLASSAMCAWARE_ANTIBIOTICSGROUP_GLASSAMC_AWARE_A,,,,,,,,,,67.26,,,,,,67.3,,,EN,2025-09-24T04:00:00.000Z
GLASSAMC_AWARE,Pattern of antibiotic consumption at national level (relative use by AWaRe classification),numeric,EUR,Europe,Country,CHE,Switzerland,Year,2023,true,AWARE Antibiotics group,Access (%),GLASSAMCAWARE_ANTIBIOTICSGROUP_GLASSAMC_AWARE_A,,,,,,,,,,67.75,,,,,,67.7,,,EN,2025-09-24T04:00:00.000Z
GLASSAMC_AWARE,Pattern of antibiotic consumption at national level (relative use by AWaRe classification),numeric,AFR,Africa,Country,BEN,Benin,Year,2023,true,AWARE Antibiotics group,Access (%),GLASSAMCAWARE_ANTIBIOTICSGROUP_GLASSAMC_AWARE_A,,,,,,,,,,68.19,,,,,,68.2,,,EN,2025-09-24T04:00:00.000Z
GLASSAMC_AWARE,Pattern of antibiotic consumption at national level (relative use by AWaRe classification),numeric,AFR,Africa,Country,GAB,Gabon,Year,2023,true,AWARE Antibiotics group,Access (%),GLASSAMCAWARE_ANTIBIOTICSGROUP_GLASSAMC_AWARE_A,,,,,,,,,,68.69,,,,,,68.7,,,EN,2025-09-24T04:00:00.000Z
GLASSAMC_AWARE,Pattern of antibiotic consumption at national level (relative use by AWaRe classification),numeric,EUR,Europe,Country,BEL,Belgium,Year,2023,true,AWARE Antibiotics group,Access (%),GLASSAMCAWARE_ANTIBIOTICSGROUP_GLASSAMC_AWARE_A,,,,,,,,,,69.04,,,,,,69,,,EN,2025-09-24T04:00:00.000Z
GLASSAMC_AWARE,Pattern of antibiotic consumption at national level (relative use by AWaRe classification),numeric,AFR,Africa,Country,TZA,United Republic of Tanzania,Year,2023,true,AWARE Antibiotics group,Access (%),GLASSAMCAWARE_ANTIBIOTICSGROUP_GLASSAMC_AWARE_A,,,,,,,,,,69.72,,,,,,69.7,,,EN,2025-09-24T04:00:00.000Z
GLASSAMC_AWARE,Pattern of antibiotic consumption at national level (relative use by AWaRe classification),numeric,WPR,Western Pacific,Country,BRN,Brunei Darussalam,Year,2023,true,AWARE Antibiotics group,Access (%),GLASSAMCAWARE_ANTIBIOTICSGROUP_GLASSAMC_AWARE_A,,,,,,,,,,69.8,,,,,,69.8,,,EN,2025-09-24T04:00:00.000Z
GLASSAMC_AWARE,Pattern of antibiotic consumption at national level (relative use by AWaRe classification),numeric,AMR,Americas,Country,HND,Honduras,Year,2023,true,AWARE Antibiotics group,Access (%),GLASSAMCAWARE_ANTIBIOTICSGROUP_GLASSAMC_AWARE_A,,,,,,,,,,70.35,,,,,,70.4,,Only use in the public sector reported,EN,2025-09-24T04:00:00.000Z
GLASSAMC_AWARE,Pattern of antibiotic consumption at national level (relative use by AWaRe classification),numeric,WPR,Western Pacific,Country,IDN,Indonesia,Year,2023,true,AWARE Antibiotics group,Access (%),GLASSAMCAWARE_ANTIBIOTICSGROUP_GLASSAMC_AWARE_A,,,,,,,,,,71.16,,,,,,71.2,,,EN,2025-09-24T04:00:00.000Z
GLASSAMC_AWARE,Pattern of antibiotic consumption at national level (relative use by AWaRe classification),numeric,AMR,Americas,Country,COL,Colombia,Year,2023,true,AWARE Antibiotics group,Access (%),GLASSAMCAWARE_ANTIBIOTICSGROUP_GLASSAMC_AWARE_A,,,,,,,,,,71.91,,,,,,71.9,,,EN,2025-09-24T04:00:00.000Z
GLASSAMC_AWARE,Pattern of antibiotic consumption at national level (relative use by AWaRe classification),numeric,EUR,Europe,Country,LVA,Latvia,Year,2023,true,AWARE Antibiotics group,Access (%),GLASSAMCAWARE_ANTIBIOTICSGROUP_GLASSAMC_AWARE_A,,,,,,,,,,71.99,,,,,,72,,,EN,2025-09-24T04:00:00.000Z
GLASSAMC_AWARE,Pattern of antibiotic consumption at national level (relative use by AWaRe classification),numeric,EUR,Europe,Country,GBR,United Kingdom of Great Britain and Northern Ireland,Year,2023,true,AWARE Antibiotics group,Access (%),GLASSAMCAWARE_ANTIBIOTICSGROUP_GLASSAMC_AWARE_A,,,,,,,,,,72.36,,,,,,72.4,,Only use in the public sector reported,EN,2025-09-24T04:00:00.000Z
GLASSAMC_AWARE,Pattern of antibiotic consumption at national level (relative use by AWaRe classification),numeric,EMR,Eastern Mediterranean,Country,TUN,Tunisia,Year,2023,true,AWARE Antibiotics group,Access (%),GLASSAMCAWARE_ANTIBIOTICSGROUP_GLASSAMC_AWARE_A,,,,,,,,,,72.53,,,,,,72.5,,For antibiotics: only J01 and P01AB reported,EN,2025-09-24T04:00:00.000Z
GLASSAMC_AWARE,Pattern of antibiotic consumption at national level (relative use by AWaRe classification),numeric,AMR,Americas,Country,CAN,Canada,Year,2023,true,AWARE Antibiotics group,Access (%),GLASSAMCAWARE_ANTIBIOTICSGROUP_GLASSAMC_AWARE_A,,,,,,,,,,73.17,,,,,,73.2,,,EN,2025-09-24T04:00:00.000Z
GLASSAMC_AWARE,Pattern of antibiotic consumption at national level (relative use by AWaRe classification),numeric,EUR,Europe,Country,FRA,France,Year,2023,true,AWARE Antibiotics group,Access (%),GLASSAMCAWARE_ANTIBIOTICSGROUP_GLASSAMC_AWARE_A,,,,,,,,,,73.18,,,,,,73.2,,For antibiotics: only J01 and P01AB reported,EN,2025-09-24T04:00:00.000Z
GLASSAMC_AWARE,Pattern of antibiotic consumption at national level (relative use by AWaRe classification),numeric,EUR,Europe,Country,SVN,Slovenia,Year,2023,true,AWARE Antibiotics group,Access (%),GLASSAMCAWARE_ANTIBIOTICSGROUP_GLASSAMC_AWARE_A,,,,,,,,,,73.58,,,,,,73.6,,,EN,2025-09-24T04:00:00.000Z
GLASSAMC_AWARE,Pattern of antibiotic consumption at national level (relative use by AWaRe classification),numeric,AFR,Africa,Country,SEN,Senegal,Year,2023,true,AWARE Antibiotics group,Access (%),GLASSAMCAWARE_ANTIBIOTICSGROUP_GLASSAMC_AWARE_A,,,,,,,,,,74.81,,,,,,74.8,,For antibiotics: only J01 reported,EN,2025-09-24T04:00:00.000Z
GLASSAMC_AWARE,Pattern of antibiotic consumption at national level (relative use by AWaRe classification),numeric,AFR,Africa,Country,CIV,Cote d'Ivoire,Year,2023,true,AWARE Antibiotics group,Access (%),GLASSAMCAWARE_ANTIBIOTICSGROUP_GLASSAMC_AWARE_A,,,,,,,,,,74.88,,,,,,74.9,,For antibiotics: only J01 and P01AB reported,EN,2025-09-24T04:00:00.000Z
GLASSAMC_AWARE,Pattern of antibiotic consumption at national level (relative use by AWaRe classification),numeric,EUR,Europe,Country,IRL,Ireland,Year,2023,true,AWARE Antibiotics group,Access (%),GLASSAMCAWARE_ANTIBIOTICSGROUP_GLASSAMC_AWARE_A,,,,,,,,,,75.4,,,,,,75.4,,,EN,2025-09-24T04:00:00.000Z
GLASSAMC_AWARE,Pattern of antibiotic consumption at national level (relative use by AWaRe classification),numeric,AFR,Africa,Country,BFA,Burkina Faso,Year,2023,true,AWARE Antibiotics group,Access (%),GLASSAMCAWARE_ANTIBIOTICSGROUP_GLASSAMC_AWARE_A,,,,,,,,,,77.14,,,,,,77.1,,For antibiotics: only J01 and P01AB reported,EN,2025-09-24T04:00:00.000Z
GLASSAMC_AWARE,Pattern of antibiotic consumption at national level (relative use by AWaRe classification),numeric,AFR,Africa,Country,ZMB,Zambia,Year,2023,true,AWARE Antibiotics group,Access (%),GLASSAMCAWARE_ANTIBIOTICSGROUP_GLASSAMC_AWARE_A,,,,,,,,,,78.64,,,,,,78.6,,,EN,2025-09-24T04:00:00.000Z
GLASSAMC_AWARE,Pattern of antibiotic consumption at national level (relative use by AWaRe classification),numeric,EUR,Europe,Country,FIN,Finland,Year,2023,true,AWARE Antibiotics group,Access (%),GLASSAMCAWARE_ANTIBIOTICSGROUP_GLASSAMC_AWARE_A,,,,,,,,,,79.13,,,,,,79.1,,,EN,2025-09-24T04:00:00.000Z
GLASSAMC_AWARE,Pattern of antibiotic consumption at national level (relative use by AWaRe classification),numeric,WPR,Western Pacific,Country,PNG,Papua New Guinea,Year,2023,true,AWARE Antibiotics group,Access (%),GLASSAMCAWARE_ANTIBIOTICSGROUP_GLASSAMC_AWARE_A,,,,,,,,,,79.16,,,,,,79.2,,Only use in the public sector reported,EN,2025-09-24T04:00:00.000Z
GLASSAMC_AWARE,Pattern of antibiotic consumption at national level (relative use by AWaRe classification),numeric,AFR,Africa,Country,ZAF,South Africa,Year,2023,true,AWARE Antibiotics group,Access (%),GLASSAMCAWARE_ANTIBIOTICSGROUP_GLASSAMC_AWARE_A,,,,,,,,,,80.19,,,,,,80.2,,Only use in the public sector reported,EN,2025-09-24T04:00:00.000Z
GLASSAMC_AWARE,Pattern of antibiotic consumption at national level (relative use by AWaRe classification),numeric,EUR,Europe,Country,NOR,Norway,Year,2023,true,AWARE Antibiotics group,Access (%),GLASSAMCAWARE_ANTIBIOTICSGROUP_GLASSAMC_AWARE_A,,,,,,,,,,81.13,,,,,,81.1,,,EN,2025-09-24T04:00:00.000Z
GLASSAMC_AWARE,Pattern of antibiotic consumption at national level (relative use by AWaRe classification),numeric,EUR,Europe,Country,DNK,Denmark,Year,2023,true,AWARE Antibiotics group,Access (%),GLASSAMCAWARE_ANTIBIOTICSGROUP_GLASSAMC_AWARE_A,,,,,,,,,,82.94,,,,,,82.9,,,EN,2025-09-24T04:00:00.000Z
GLASSAMC_AWARE,Pattern of antibiotic consumption at national level (relative use by AWaRe classification),numeric,WPR,Western Pacific,Country,LAO,Lao People's Democratic Republic,Year,2023,true,AWARE Antibiotics group,Access (%),GLASSAMCAWARE_ANTIBIOTICSGROUP_GLASSAMC_AWARE_A,,,,,,,,,,83.12,,,,,,83.1,,,EN,2025-09-24T04:00:00.000Z
GLASSAMC_AWARE,Pattern of antibiotic consumption at national level (relative use by AWaRe classification),numeric,EUR,Europe,Country,ISL,Iceland,Year,2023,true,AWARE Antibiotics group,Access (%),GLASSAMCAWARE_ANTIBIOTICSGROUP_GLASSAMC_AWARE_A,,,,,,,,,,86.32,,,,,,86.3,,,EN,2025-09-24T04:00:00.000Z
GLASSAMC_AWARE,Pattern of antibiotic consumption at national level (relative use by AWaRe classification),numeric,SEAR,South-East Asia,Country,BTN,Bhutan,Year,2023,true,AWARE Antibiotics group,Access (%),GLASSAMCAWARE_ANTIBIOTICSGROUP_GLASSAMC_AWARE_A,,,,,,,,,,88.45,,,,,,88.5,,For antibiotics: only J01 reported,EN,2025-09-24T04:00:00.000Z
GLASSAMC_AWARE,Pattern of antibiotic consumption at national level (relative use by AWaRe classification),numeric,EMR,Eastern Mediterranean,Country,QAT,Qatar,Year,2023,true,AWARE Antibiotics group,Reserve (%),GLASSAMCAWARE_ANTIBIOTICSGROUP_GLASSAMC_AWARE_R,,,,,,,,,,8.96,,,,,,9,,Data incomplete since not collected from all sources of data,EN,2025-09-24T04:00:00.000Z
GLASSAMC_AWARE,Pattern of antibiotic consumption at national level (relative use by AWaRe classification),numeric,EUR,Europe,Country,ARM,Armenia,Year,2022,false,AWARE Antibiotics group,Not classified (%) / not recommended (%),GLASSAMCAWARE_ANTIBIOTICSGROUP_GLASSAMC_AWARE_O,,,,,,,,,,0.016,,,,,,0,,,EN,2025-09-24T04:00:00.000Z
GLASSAMC_AWARE,Pattern of antibiotic consumption at national level (relative use by AWaRe classification),numeric,EUR,Europe,Country,AUT,Austria,Year,2022,false,AWARE Antibiotics group,Not classified (%) / not recommended (%),GLASSAMCAWARE_ANTIBIOTICSGROUP_GLASSAMC_AWARE_O,,,,,,,,,,0,,,,,,0,,,EN,2025-09-24T04:00:00.000Z
GLASSAMC_AWARE,Pattern of antibiotic consumption at national level (relative use by AWaRe classification),numeric,SEAR,South-East Asia,Country,BGD,Bangladesh,Year,2022,false,AWARE Antibiotics group,Not classified (%) / not recommended (%),GLASSAMCAWARE_ANTIBIOTICSGROUP_GLASSAMC_AWARE_O,,,,,,,,,,0.008,,,,,,0,,,EN,2024-09-18T04:00:00.000Z
GLASSAMC_AWARE,Pattern of antibiotic consumption at national level (relative use by AWaRe classification),numeric,EUR,Europe,Country,BEL,Belgium,Year,2022,false,AWARE Antibiotics group,Not classified (%) / not recommended (%),GLASSAMCAWARE_ANTIBIOTICSGROUP_GLASSAMC_AWARE_O,,,,,,,,,,0,,,,,,0,,,EN,2025-09-24T04:00:00.000Z
GLASSAMC_AWARE,Pattern of antibiotic consumption at national level (relative use by AWaRe classification),numeric,AFR,Africa,Country,BEN,Benin,Year,2022,false,AWARE Antibiotics group,Reserve (%),GLASSAMCAWARE_ANTIBIOTICSGROUP_GLASSAMC_AWARE_R,,,,,,,,,,0,,,,,,0,,,EN,2024-09-18T04:00:00.000Z
GLASSAMC_AWARE,Pattern of antibiotic consumption at national level (relative use by AWaRe classification),numeric,SEAR,South-East Asia,Country,BTN,Bhutan,Year,2022,false,AWARE Antibiotics group,Not classified (%) / not recommended (%),GLASSAMCAWARE_ANTIBIOTICSGROUP_GLASSAMC_AWARE_O,,,,,,,,,,0,,,,,,0,,For antibiotics: only J01 reported,EN,2025-09-24T04:00:00.000Z
GLASSAMC_AWARE,Pattern of antibiotic consumption at national level (relative use by AWaRe classification),numeric,SEAR,South-East Asia,Country,BTN,Bhutan,Year,2022,false,AWARE Antibiotics group,Reserve (%),GLASSAMCAWARE_ANTIBIOTICSGROUP_GLASSAMC_AWARE_R,,,,,,,,,,0.01,,,,,,0,,For antibiotics: only J01 reported,EN,2025-09-24T04:00:00.000Z
GLASSAMC_AWARE,Pattern of antibiotic consumption at national level (relative use by AWaRe classification),numeric,AFR,Africa,Country,BFA,Burkina Faso,Year,2022,false,AWARE Antibiotics group,Reserve (%),GLASSAMCAWARE_ANTIBIOTICSGROUP_GLASSAMC_AWARE_R,,,,,,,,,,0,,,,,,0,,For antibiotics: only J01 and P01AB reported,EN,2025-09-24T04:00:00.000Z
GLASSAMC_AWARE,Pattern of antibiotic consumption at national level (relative use by AWaRe classification),numeric,AFR,Africa,Country,CIV,Cote d'Ivoire,Year,2022,false,AWARE Antibiotics group,Reserve (%),GLASSAMCAWARE_ANTIBIOTICSGROUP_GLASSAMC_AWARE_R,,,,,,,,,,0,,,,,,0,,For antibiotics: only J01 and P01AB reported,EN,2025-09-24T04:00:00.000Z
GLASSAMC_AWARE,Pattern of antibiotic consumption at national level (relative use by AWaRe classification),numeric,AMR,Americas,Country,CAN,Canada,Year,2022,false,AWARE Antibiotics group,Not classified (%) / not recommended (%),GLASSAMCAWARE_ANTIBIOTICSGROUP_GLASSAMC_AWARE_O,,,,,,,,,,0,,,,,,0,,,EN,2025-09-24T04:00:00.000Z
GLASSAMC_AWARE,Pattern of antibiotic consumption at national level (relative use by AWaRe classification),numeric,AMR,Americas,Country,COL,Colombia,Year,2022,false,AWARE Antibiotics group,Not classified (%) / not recommended (%),GLASSAMCAWARE_ANTIBIOTICSGROUP_GLASSAMC_AWARE_O,,,,,,,,,,0,,,,,,0,,,EN,2024-09-18T04:00:00.000Z
GLASSAMC_AWARE,Pattern of antibiotic consumption at national level (relative use by AWaRe classification),numeric,EUR,Europe,Country,HRV,Croatia,Year,2022,false,AWARE Antibiotics group,Not classified (%) / not recommended (%),GLASSAMCAWARE_ANTIBIOTICSGROUP_GLASSAMC_AWARE_O,,,,,,,,,,0.0001,,,,,,0,,,EN,2025-09-24T04:00:00.000Z
GLASSAMC_AWARE,Pattern of antibiotic consumption at national level (relative use by AWaRe classification),numeric,EUR,Europe,Country,CYP,Cyprus,Year,2022,true,AWARE Antibiotics group,Not classified (%) / not recommended (%),GLASSAMCAWARE_ANTIBIOTICSGROUP_GLASSAMC_AWARE_O,,,,,,,,,,0.008,,,,,,0,,,EN,2024-09-18T04:00:00.000Z
GLASSAMC_AWARE,Pattern of antibiotic consumption at national level (relative use by AWaRe classification),numeric,EUR,Europe,Country,CZE,Czechia,Year,2022,false,AWARE Antibiotics group,Not classified (%) / not recommended (%),GLASSAMCAWARE_ANTIBIOTICSGROUP_GLASSAMC_AWARE_O,,,,,,,,,,0.0007,,,,,,0,,,EN,2025-09-24T04:00:00.000Z
GLASSAMC_AWARE,Pattern of antibiotic consumption at national level (relative use by AWaRe classification),numeric,EUR,Europe,Country,DNK,Denmark,Year,2022,false,AWARE Antibiotics group,Not classified (%) / not recommended (%),GLASSAMCAWARE_ANTIBIOTICSGROUP_GLASSAMC_AWARE_O,,,,,,,,,,0,,,,,,0,,,EN,2024-09-18T04:00:00.000Z
GLASSAMC_AWARE,Pattern of antibiotic consumption at national level (relative use by AWaRe classification),numeric,EUR,Europe,Country,EST,Estonia,Year,2022,false,AWARE Antibiotics group,Not classified (%) / not recommended (%),GLASSAMCAWARE_ANTIBIOTICSGROUP_GLASSAMC_AWARE_O,,,,,,,,,,0.0001,,,,,,0,,,EN,2024-09-18T04:00:00.000Z
GLASSAMC_AWARE,Pattern of antibiotic consumption at national level (relative use by AWaRe classification),numeric,AFR,Africa,Country,ETH,Ethiopia,Year,2022,false,AWARE Antibiotics group,Not classified (%) / not recommended (%),GLASSAMCAWARE_ANTIBIOTICSGROUP_GLASSAMC_AWARE_O,,,,,,,,,,0,,,,,,0,,For antibiotics: only J01 and P01AB reported,EN,2025-09-24T04:00:00.000Z
GLASSAMC_AWARE,Pattern of antibiotic consumption at national level (relative use by AWaRe classification),numeric,AFR,Africa,Country,ETH,Ethiopia,Year,2022,false,AWARE Antibiotics group,Reserve (%),GLASSAMCAWARE_ANTIBIOTICSGROUP_GLASSAMC_AWARE_R,,,,,,,,,,0,,,,,,0,,For antibiotics: only J01 and P01AB reported,EN,2025-09-24T04:00:00.000Z
GLASSAMC_AWARE,Pattern of antibiotic consumption at national level (relative use by AWaRe classification),numeric,EUR,Europe,Country,FIN,Finland,Year,2022,false,AWARE Antibiotics group,Not classified (%) / not recommended (%),GLASSAMCAWARE_ANTIBIOTICSGROUP_GLASSAMC_AWARE_O,,,,,,,,,,0,,,,,,0,,,EN,2024-09-18T04:00:00.000Z
GLASSAMC_AWARE,Pattern of antibiotic consumption at national level (relative use by AWaRe classification),numeric,AMR,Americas,Country,HND,Honduras,Year,2022,false,AWARE Antibiotics group,Not classified (%) / not recommended (%),GLASSAMCAWARE_ANTIBIOTICSGROUP_GLASSAMC_AWARE_O,,,,,,,,,,0,,,,,,0,,Only use in the public sector reported,EN,2025-09-24T04:00:00.000Z
GLASSAMC_AWARE,Pattern of antibiotic consumption at national level (relative use by AWaRe classification),numeric,AMR,Americas,Country,HND,Honduras,Year,2022,false,AWARE Antibiotics group,Reserve (%),GLASSAMCAWARE_ANTIBIOTICSGROUP_GLASSAMC_AWARE_R,,,,,,,,,,0.027,,,,,,0,,Only use in the public sector reported,EN,2025-09-24T04:00:00.000Z
GLASSAMC_AWARE,Pattern of antibiotic consumption at national level (relative use by AWaRe classification),numeric,EUR,Europe,Country,HUN,Hungary,Year,2022,false,AWARE Antibiotics group,Not classified (%) / not recommended (%),GLASSAMCAWARE_ANTIBIOTICSGROUP_GLASSAMC_AWARE_O,,,,,,,,,,0,,,,,,0,,,EN,2024-09-18T04:00:00.000Z
GLASSAMC_AWARE,Pattern of antibiotic consumption at national level (relative use by AWaRe classification),numeric,EUR,Europe,Country,ISL,Iceland,Year,2022,false,AWARE Antibiotics group,Not classified (%) / not recommended (%),GLASSAMCAWARE_ANTIBIOTICSGROUP_GLASSAMC_AWARE_O,,,,,,,,,,0,,,,,,0,,,EN,2024-09-18T04:00:00.000Z
GLASSAMC_AWARE,Pattern of antibiotic consumption at national level (relative use by AWaRe classification),numeric,EMR,Eastern Mediterranean,Country,IRN,Iran (Islamic Republic of),Year,2022,false,AWARE Antibiotics group,Not classified (%) / not recommended (%),GLASSAMCAWARE_ANTIBIOTICSGROUP_GLASSAMC_AWARE_O,,,,,,,,,,0,,,,,,0,,,EN,2025-09-24T04:00:00.000Z
GLASSAMC_AWARE,Pattern of antibiotic consumption at national level (relative use by AWaRe classification),numeric,EUR,Europe,Country,IRL,Ireland,Year,2022,false,AWARE Antibiotics group,Not classified (%) / not recommended (%),GLASSAMCAWARE_ANTIBIOTICSGROUP_GLASSAMC_AWARE_O,,,,,,,,,,0,,,,,,0,,,EN,2024-09-18T04:00:00.000Z
GLASSAMC_AWARE,Pattern of antibiotic consumption at national level (relative use by AWaRe classification),numeric,EUR,Europe,Country,ITA,Italy,Year,2022,false,AWARE Antibiotics group,Not classified (%) / not recommended (%),GLASSAMCAWARE_ANTIBIOTICSGROUP_GLASSAMC_AWARE_O,,,,,,,,,,0,,,,,,0,,,EN,2025-09-24T04:00:00.000Z
GLASSAMC_AWARE,Pattern of antibiotic consumption at national level (relative use by AWaRe classification),numeric,EMR,Eastern Mediterranean,Country,JOR,Jordan,Year,2022,false,AWARE Antibiotics group,Reserve (%),GLASSAMCAWARE_ANTIBIOTICSGROUP_GLASSAMC_AWARE_R,,,,,,,,,,0.036,,,,,,0,,,EN,2024-09-18T04:00:00.000Z
GLASSAMC_AWARE,Pattern of antibiotic consumption at national level (relative use by AWaRe classification),numeric,EMR,Eastern Mediterranean,Country,KWT,Kuwait,Year,2022,false,AWARE Antibiotics group,Not classified (%) / not recommended (%),GLASSAMCAWARE_ANTIBIOTICSGROUP_GLASSAMC_AWARE_O,,,,,,,,,,0,,,,,,0,,Only use in the public sector reported,EN,2025-09-24T04:00:00.000Z
GLASSAMC_AWARE,Pattern of antibiotic consumption at national level (relative use by AWaRe classification),numeric,WPR,Western Pacific,Country,LAO,Lao People's Democratic Republic,Year,2022,false,AWARE Antibiotics group,Not classified (%) / not recommended (%),GLASSAMCAWARE_ANTIBIOTICSGROUP_GLASSAMC_AWARE_O,,,,,,,,,,0.019,,,,,,0,,,EN,2024-09-18T04:00:00.000Z
GLASSAMC_AWARE,Pattern of antibiotic consumption at national level (relative use by AWaRe classification),numeric,WPR,Western Pacific,Country,LAO,Lao People's Democratic Republic,Year,2022,false,AWARE Antibiotics group,Reserve (%),GLASSAMCAWARE_ANTIBIOTICSGROUP_GLASSAMC_AWARE_R,,,,,,,,,,0,,,,,,0,,,EN,2024-09-18T04:00:00.000Z
GLASSAMC_AWARE,Pattern of antibiotic consumption at national level (relative use by AWaRe classification),numeric,EUR,Europe,Country,LVA,Latvia,Year,2022,false,AWARE Antibiotics group,Not classified (%) / not recommended (%),GLASSAMCAWARE_ANTIBIOTICSGROUP_GLASSAMC_AWARE_O,,,,,,,,,,0.001,,,,,,0,,,EN,2025-09-24T04:00:00.000Z
GLASSAMC_AWARE,Pattern of antibiotic consumption at national level (relative use by AWaRe classification),numeric,EUR,Europe,Country,LTU,Lithuania,Year,2022,false,AWARE Antibiotics group,Not classified (%) / not recommended (%),GLASSAMCAWARE_ANTIBIOTICSGROUP_GLASSAMC_AWARE_O,,,,,,,,,,0,,,,,,0,,,EN,2024-09-18T04:00:00.000Z
GLASSAMC_AWARE,Pattern of antibiotic consumption at national level (relative use by AWaRe classification),numeric,WPR,Western Pacific,Country,MYS,Malaysia,Year,2022,false,AWARE Antibiotics group,Not classified (%) / not recommended (%),GLASSAMCAWARE_ANTIBIOTICSGROUP_GLASSAMC_AWARE_O,,,,,,,,,,0.031,,,,,,0,,For antibiotics: only J01 and P01AB reported,EN,2025-09-24T04:00:00.000Z
GLASSAMC_AWARE,Pattern of antibiotic consumption at national level (relative use by AWaRe classification),numeric,SEAR,South-East Asia,Country,MDV,Maldives,Year,2022,false,AWARE Antibiotics group,Reserve (%),GLASSAMCAWARE_ANTIBIOTICSGROUP_GLASSAMC_AWARE_R,,,,,,,,,,0.008,,,,,,0,,,EN,2025-09-24T04:00:00.000Z
GLASSAMC_AWARE,Pattern of antibiotic consumption at national level (relative use by AWaRe classification),numeric,AFR,Africa,Country,MLI,Mali,Year,2022,true,AWARE Antibiotics group,Reserve (%),GLASSAMCAWARE_ANTIBIOTICSGROUP_GLASSAMC_AWARE_R,,,,,,,,,,0,,,,,,0,,For antibiotics: only J01 and P01AB reported,EN,2025-09-24T04:00:00.000Z
GLASSAMC_AWARE,Pattern of antibiotic consumption at national level (relative use by AWaRe classification),numeric,EUR,Europe,Country,MNE,Montenegro,Year,2022,false,AWARE Antibiotics group,Reserve (%),GLASSAMCAWARE_ANTIBIOTICSGROUP_GLASSAMC_AWARE_R,,,,,,,,,,0.028,,,,,,0,,,EN,2024-09-18T04:00:00.000Z
GLASSAMC_AWARE,Pattern of antibiotic consumption at national level (relative use by AWaRe classification),numeric,EUR,Europe,Country,NOR,Norway,Year,2022,false,AWARE Antibiotics group,Not classified (%) / not recommended (%),GLASSAMCAWARE_ANTIBIOTICSGROUP_GLASSAMC_AWARE_O,,,,,,,,,,0,,,,,,0,,,EN,2024-09-18T04:00:00.000Z
GLASSAMC_AWARE,Pattern of antibiotic consumption at national level (relative use by AWaRe classification),numeric,EMR,Eastern Mediterranean,Country,PSE,"occupied Palestinian territory, including east Jerusalem",Year,2022,false,AWARE Antibiotics group,Reserve (%),GLASSAMCAWARE_ANTIBIOTICSGROUP_GLASSAMC_AWARE_R,,,,,,,,,,0,,,,,,0,,For antibiotics: only J01 and P01AB reported,EN,2025-09-24T04:00:00.000Z
GLASSAMC_AWARE,Pattern of antibiotic consumption at national level (relative use by AWaRe classification),numeric,EMR,Eastern Mediterranean,Country,OMN,Oman,Year,2022,false,AWARE Antibiotics group,Not classified (%) / not recommended (%),GLASSAMCAWARE_ANTIBIOTICSGROUP_GLASSAMC_AWARE_O,,,,,,,,,,0,,,,,,0,,Only use in the public sector reported,EN,2025-09-24T04:00:00.000Z
GLASSAMC_AWARE,Pattern of antibiotic consumption at national level (relative use by AWaRe classification),numeric,WPR,Western Pacific,Country,PNG,Papua New Guinea,Year,2022,false,AWARE Antibiotics group,Not classified (%) / not recommended (%),GLASSAMCAWARE_ANTIBIOTICSGROUP_GLASSAMC_AWARE_O,,,,,,,,,,0,,,,,,0,,Only use in the public sector reported,EN,2025-09-24T04:00:00.000Z
GLASSAMC_AWARE,Pattern of antibiotic consumption at national level (relative use by AWaRe classification),numeric,WPR,Western Pacific,Country,PNG,Papua New Guinea,Year,2022,false,AWARE Antibiotics group,Reserve (%),GLASSAMCAWARE_ANTIBIOTICSGROUP_GLASSAMC_AWARE_R,,,,,,,,,,0,,,,,,0,,Only use in the public sector reported,EN,2025-09-24T04:00:00.000Z
GLASSAMC_AWARE,Pattern of antibiotic consumption at national level (relative use by AWaRe classification),numeric,AMR,Americas,Country,PER,Peru,Year,2022,true,AWARE Antibiotics group,Not classified (%) / not recommended (%),GLASSAMCAWARE_ANTIBIOTICSGROUP_GLASSAMC_AWARE_O,,,,,,,,,,0,,,,,,0,,,EN,2024-09-18T04:00:00.000Z
GLASSAMC_AWARE,Pattern of antibiotic consumption at national level (relative use by AWaRe classification),numeric,EUR,Europe,Country,PRT,Portugal,Year,2022,false,AWARE Antibiotics group,Not classified (%) / not recommended (%),GLASSAMCAWARE_ANTIBIOTICSGROUP_GLASSAMC_AWARE_O,,,,,,,,,,0.01,,,,,,0,,,EN,2025-09-24T04:00:00.000Z
GLASSAMC_AWARE,Pattern of antibiotic consumption at national level (relative use by AWaRe classification),numeric,EMR,Eastern Mediterranean,Country,QAT,Qatar,Year,2022,false,AWARE Antibiotics group,Not classified (%) / not recommended (%),GLASSAMCAWARE_ANTIBIOTICSGROUP_GLASSAMC_AWARE_O,,,,,,,,,,0,,,,,,0,,Data incomplete since not collected from all sources of data,EN,2025-09-24T04:00:00.000Z
GLASSAMC_AWARE,Pattern of antibiotic consumption at national level (relative use by AWaRe classification),numeric,WPR,Western Pacific,Country,KOR,Republic of Korea,Year,2022,false,AWARE Antibiotics group,Not classified (%) / not recommended (%),GLASSAMCAWARE_ANTIBIOTICSGROUP_GLASSAMC_AWARE_O,,,,,,,,,,0.027,,,,,,0,,,EN,2025-09-24T04:00:00.000Z
GLASSAMC_AWARE,Pattern of antibiotic consumption at national level (relative use by AWaRe classification),numeric,AFR,Africa,Country,RWA,Rwanda,Year,2022,true,AWARE Antibiotics group,Not classified (%) / not recommended (%),GLASSAMCAWARE_ANTIBIOTICSGROUP_GLASSAMC_AWARE_O,,,,,,,,,,0,,,,,,0,,Only use in the public sector reported,EN,2025-09-24T04:00:00.000Z
GLASSAMC_AWARE,Pattern of antibiotic consumption at national level (relative use by AWaRe classification),numeric,AFR,Africa,Country,RWA,Rwanda,Year,2022,true,AWARE Antibiotics group,Reserve (%),GLASSAMCAWARE_ANTIBIOTICSGROUP_GLASSAMC_AWARE_R,,,,,,,,,,0,,,,,,0,,Only use in the public sector reported,EN,2025-09-24T04:00:00.000Z
GLASSAMC_AWARE,Pattern of antibiotic consumption at national level (relative use by AWaRe classification),numeric,EMR,Eastern Mediterranean,Country,SAU,Saudi Arabia,Year,2022,false,AWARE Antibiotics group,Not classified (%) / not recommended (%),GLASSAMCAWARE_ANTIBIOTICSGROUP_GLASSAMC_AWARE_O,,,,,,,,,,0,,,,,,0,,,EN,2024-09-18T04:00:00.000Z
GLASSAMC_AWARE,Pattern of antibiotic consumption at national level (relative use by AWaRe classification),numeric,AFR,Africa,Country,SEN,Senegal,Year,2022,false,AWARE Antibiotics group,Reserve (%),GLASSAMCAWARE_ANTIBIOTICSGROUP_GLASSAMC_AWARE_R,,,,,,,,,,0,,,,,,0,,For antibiotics: only J01 reported,EN,2025-09-24T04:00:00.000Z
GLASSAMC_AWARE,Pattern of antibiotic consumption at national level (relative use by AWaRe classification),numeric,EUR,Europe,Country,SVN,Slovenia,Year,2022,false,AWARE Antibiotics group,Not classified (%) / not recommended (%),GLASSAMCAWARE_ANTIBIOTICSGROUP_GLASSAMC_AWARE_O,,,,,,,,,,0,,,,,,0,,,EN,2025-09-24T04:00:00.000Z
GLASSAMC_AWARE,Pattern of antibiotic consumption at national level (relative use by AWaRe classification),numeric,AFR,Africa,Country,ZAF,South Africa,Year,2022,false,AWARE Antibiotics group,Not classified (%) / not recommended (%),GLASSAMCAWARE_ANTIBIOTICSGROUP_GLASSAMC_AWARE_O,,,,,,,,,,0,,,,,,0,,Only use in the public sector reported,EN,2025-09-24T04:00:00.000Z
GLASSAMC_AWARE,Pattern of antibiotic consumption at national level (relative use by AWaRe classification),numeric,EUR,Europe,Country,CHE,Switzerland,Year,2022,false,AWARE Antibiotics group,Not classified (%) / not recommended (%),GLASSAMCAWARE_ANTIBIOTICSGROUP_GLASSAMC_AWARE_O,,,,,,,,,,0,,,,,,0,,,EN,2025-09-24T04:00:00.000Z
GLASSAMC_AWARE,Pattern of antibiotic consumption at national level (relative use by AWaRe classification),numeric,EMR,Eastern Mediterranean,Country,TUN,Tunisia,Year,2022,false,AWARE Antibiotics group,Reserve (%),GLASSAMCAWARE_ANTIBIOTICSGROUP_GLASSAMC_AWARE_R,,,,,,,,,,0.045,,,,,,0,,For antibiotics: only J01 and P01AB reported,EN,2025-09-24T04:00:00.000Z
GLASSAMC_AWARE,Pattern of antibiotic consumption at national level (relative use by AWaRe classification),numeric,EUR,Europe,Country,GBR,United Kingdom of Great Britain and Northern Ireland,Year,2022,false,AWARE Antibiotics group,Not classified (%) / not recommended (%),GLASSAMCAWARE_ANTIBIOTICSGROUP_GLASSAMC_AWARE_O,,,,,,,,,,0.002,,,,,,0,,Only use in the public sector reported,EN,2025-09-24T04:00:00.000Z
GLASSAMC_AWARE,Pattern of antibiotic consumption at national level (relative use by AWaRe classification),numeric,AFR,Africa,Country,TZA,United Republic of Tanzania,Year,2022,false,AWARE Antibiotics group,Reserve (%),GLASSAMCAWARE_ANTIBIOTICSGROUP_GLASSAMC_AWARE_R,,,,,,,,,,0,,,,,,0,,,EN,2024-09-18T04:00:00.000Z
GLASSAMC_AWARE,Pattern of antibiotic consumption at national level (relative use by AWaRe classification),numeric,EUR,Europe,Country,ARM,Armenia,Year,2022,false,AWARE Antibiotics group,Reserve (%),GLASSAMCAWARE_ANTIBIOTICSGROUP_GLASSAMC_AWARE_R,,,,,,,,,,0.051,,,,,,0.1,,,EN,2025-09-24T04:00:00.000Z
GLASSAMC_AWARE,Pattern of antibiotic consumption at national level (relative use by AWaRe classification),numeric,EUR,Europe,Country,BEL,Belgium,Year,2022,false,AWARE Antibiotics group,Reserve (%),GLASSAMCAWARE_ANTIBIOTICSGROUP_GLASSAMC_AWARE_R,,,,,,,,,,0.12,,,,,,0.1,,,EN,2025-09-24T04:00:00.000Z
GLASSAMC_AWARE,Pattern of antibiotic consumption at national level (relative use by AWaRe classification),numeric,EUR,Europe,Country,FIN,Finland,Year,2022,false,AWARE Antibiotics group,Reserve (%),GLASSAMCAWARE_ANTIBIOTICSGROUP_GLASSAMC_AWARE_R,,,,,,,,,,0.14,,,,,,0.1,,,EN,2024-09-18T04:00:00.000Z
GLASSAMC_AWARE,Pattern of antibiotic consumption at national level (relative use by AWaRe classification),numeric,EUR,Europe,Country,HUN,Hungary,Year,2022,false,AWARE Antibiotics group,Reserve (%),GLASSAMCAWARE_ANTIBIOTICSGROUP_GLASSAMC_AWARE_R,,,,,,,,,,0.1,,,,,,0.1,,,EN,2024-09-18T04:00:00.000Z
GLASSAMC_AWARE,Pattern of antibiotic consumption at national level (relative use by AWaRe classification),numeric,EUR,Europe,Country,ISL,Iceland,Year,2022,false,AWARE Antibiotics group,Reserve (%),GLASSAMCAWARE_ANTIBIOTICSGROUP_GLASSAMC_AWARE_R,,,,,,,,,,0.064,,,,,,0.1,,,EN,2024-09-18T04:00:00.000Z
GLASSAMC_AWARE,Pattern of antibiotic consumption at national level (relative use by AWaRe classification),numeric,EMR,Eastern Mediterranean,Country,IRN,Iran (Islamic Republic of),Year,2022,false,AWARE Antibiotics group,Reserve (%),GLASSAMCAWARE_ANTIBIOTICSGROUP_GLASSAMC_AWARE_R,,,,,,,,,,0.062,,,,,,0.1,,,EN,2024-09-18T04:00:00.000Z
GLASSAMC_AWARE,Pattern of antibiotic consumption at national level (relative use by AWaRe classification),numeric,EMR,Eastern Mediterranean,Country,KWT,Kuwait,Year,2022,false,AWARE Antibiotics group,Reserve (%),GLASSAMCAWARE_ANTIBIOTICSGROUP_GLASSAMC_AWARE_R,,,,,,,,,,0.089,,,,,,0.1,,Only use in the public sector reported,EN,2025-09-24T04:00:00.000Z
GLASSAMC_AWARE,Pattern of antibiotic consumption at national level (relative use by AWaRe classification),numeric,EUR,Europe,Country,LVA,Latvia,Year,2022,false,AWARE Antibiotics group,Reserve (%),GLASSAMCAWARE_ANTIBIOTICSGROUP_GLASSAMC_AWARE_R,,,,,,,,,,0.12,,,,,,0.1,,,EN,2025-09-24T04:00:00.000Z
GLASSAMC_AWARE,Pattern of antibiotic consumption at national level (relative use by AWaRe classification),numeric,EUR,Europe,Country,LTU,Lithuania,Year,2022,false,AWARE Antibiotics group,Reserve (%),GLASSAMCAWARE_ANTIBIOTICSGROUP_GLASSAMC_AWARE_R,,,,,,,,,,0.13,,,,,,0.1,,,EN,2024-09-18T04:00:00.000Z
GLASSAMC_AWARE,Pattern of antibiotic consumption at national level (relative use by AWaRe classification),numeric,WPR,Western Pacific,Country,MYS,Malaysia,Year,2022,false,AWARE Antibiotics group,Reserve (%),GLASSAMCAWARE_ANTIBIOTICSGROUP_GLASSAMC_AWARE_R,,,,,,,,,,0.065,,,,,,0.1,,For antibiotics: only J01 and P01AB reported,EN,2025-09-24T04:00:00.000Z
GLASSAMC_AWARE,Pattern of antibiotic consumption at national level (relative use by AWaRe classification),numeric,EMR,Eastern Mediterranean,Country,OMN,Oman,Year,2022,false,AWARE Antibiotics group,Reserve (%),GLASSAMCAWARE_ANTIBIOTICSGROUP_GLASSAMC_AWARE_R,,,,,,,,,,0.11,,,,,,0.1,,Only use in the public sector reported,EN,2025-09-24T04:00:00.000Z
GLASSAMC_AWARE,Pattern of antibiotic consumption at national level (relative use by AWaRe classification),numeric,EUR,Europe,Country,POL,Poland,Year,2022,false,AWARE Antibiotics group,Reserve (%),GLASSAMCAWARE_ANTIBIOTICSGROUP_GLASSAMC_AWARE_R,,,,,,,,,,0.12,,,,,,0.1,,,EN,2024-09-18T04:00:00.000Z
GLASSAMC_AWARE,Pattern of antibiotic consumption at national level (relative use by AWaRe classification),numeric,WPR,Western Pacific,Country,KOR,Republic of Korea,Year,2022,false,AWARE Antibiotics group,Reserve (%),GLASSAMCAWARE_ANTIBIOTICSGROUP_GLASSAMC_AWARE_R,,,,,,,,,,0.086,,,,,,0.1,,,EN,2025-09-24T04:00:00.000Z
GLASSAMC_AWARE,Pattern of antibiotic consumption at national level (relative use by AWaRe classification),numeric,EUR,Europe,Country,ROU,Romania,Year,2022,false,AWARE Antibiotics group,Not classified (%) / not recommended (%),GLASSAMCAWARE_ANTIBIOTICSGROUP_GLASSAMC_AWARE_O,,,,,,,,,,0.067,,,,,,0.1,,,EN,2024-09-18T04:00:00.000Z
GLASSAMC_AWARE,Pattern of antibiotic consumption at national level (relative use by AWaRe classification),numeric,AFR,Africa,Country,ZAF,South Africa,Year,2022,false,AWARE Antibiotics group,Reserve (%),GLASSAMCAWARE_ANTIBIOTICSGROUP_GLASSAMC_AWARE_R,,,,,,,,,,0.14,,,,,,0.1,,Only use in the public sector reported,EN,2025-09-24T04:00:00.000Z
GLASSAMC_AWARE,Pattern of antibiotic consumption at national level (relative use by AWaRe classification),numeric,EUR,Europe,Country,TJK,Tajikistan,Year,2022,false,AWARE Antibiotics group,Reserve (%),GLASSAMCAWARE_ANTIBIOTICSGROUP_GLASSAMC_AWARE_R,,,,,,,,,,0.1,,,,,,0.1,,,EN,2024-09-18T04:00:00.000Z
GLASSAMC_AWARE,Pattern of antibiotic consumption at national level (relative use by AWaRe classification),numeric,AFR,Africa,Country,UGA,Uganda,Year,2022,false,AWARE Antibiotics group,Reserve (%),GLASSAMCAWARE_ANTIBIOTICSGROUP_GLASSAMC_AWARE_R,,,,,,,,,,0.051,,,,,,0.1,,,EN,2024-09-18T04:00:00.000Z
GLASSAMC_AWARE,Pattern of antibiotic consumption at national level (relative use by AWaRe classification),numeric,SEAR,South-East Asia,Country,BGD,Bangladesh,Year,2022,false,AWARE Antibiotics group,Reserve (%),GLASSAMCAWARE_ANTIBIOTICSGROUP_GLASSAMC_AWARE_R,,,,,,,,,,0.21,,,,,,0.2,,,EN,2024-09-18T04:00:00.000Z
GLASSAMC_AWARE,Pattern of antibiotic consumption at national level (relative use by AWaRe classification),numeric,AMR,Americas,Country,CAN,Canada,Year,2022,false,AWARE Antibiotics group,Reserve (%),GLASSAMCAWARE_ANTIBIOTICSGROUP_GLASSAMC_AWARE_R,,,,,,,,,,0.21,,,,,,0.2,,,EN,2024-09-18T04:00:00.000Z
GLASSAMC_AWARE,Pattern of antibiotic consumption at national level (relative use by AWaRe classification),numeric,GLOBAL,Global,Country,HKG,"China, Hong Kong Special Administrative Region",Year,2022,false,AWARE Antibiotics group,Reserve (%),GLASSAMCAWARE_ANTIBIOTICSGROUP_GLASSAMC_AWARE_R,,,,,,,,,,0.18,,,,,,0.2,,,EN,2024-09-18T04:00:00.000Z
GLASSAMC_AWARE,Pattern of antibiotic consumption at national level (relative use by AWaRe classification),numeric,AMR,Americas,Country,COL,Colombia,Year,2022,false,AWARE Antibiotics group,Reserve (%),GLASSAMCAWARE_ANTIBIOTICSGROUP_GLASSAMC_AWARE_R,,,,,,,,,,0.22,,,,,,0.2,,,EN,2025-09-24T04:00:00.000Z
GLASSAMC_AWARE,Pattern of antibiotic consumption at national level (relative use by AWaRe classification),numeric,EUR,Europe,Country,EST,Estonia,Year,2022,false,AWARE Antibiotics group,Reserve (%),GLASSAMCAWARE_ANTIBIOTICSGROUP_GLASSAMC_AWARE_R,,,,,,,,,,0.2,,,,,,0.2,,,EN,2024-09-18T04:00:00.000Z
GLASSAMC_AWARE,Pattern of antibiotic consumption at national level (relative use by AWaRe classification),numeric,EUR,Europe,Country,GEO,Georgia,Year,2022,false,AWARE Antibiotics group,Reserve (%),GLASSAMCAWARE_ANTIBIOTICSGROUP_GLASSAMC_AWARE_R,,,,,,,,,,0.19,,,,,,0.2,,,EN,2024-09-18T04:00:00.000Z
GLASSAMC_AWARE,Pattern of antibiotic consumption at national level (relative use by AWaRe classification),numeric,EUR,Europe,Country,DEU,Germany,Year,2022,false,AWARE Antibiotics group,Reserve (%),GLASSAMCAWARE_ANTIBIOTICSGROUP_GLASSAMC_AWARE_R,,,,,,,,,,0.16,,,,,,0.2,,Only use in the community reported,EN,2025-09-24T04:00:00.000Z
GLASSAMC_AWARE,Pattern of antibiotic consumption at national level (relative use by AWaRe classification),numeric,EUR,Europe,Country,MNE,Montenegro,Year,2022,false,AWARE Antibiotics group,Not classified (%) / not recommended (%),GLASSAMCAWARE_ANTIBIOTICSGROUP_GLASSAMC_AWARE_O,,,,,,,,,,0.19,,,,,,0.2,,,EN,2025-09-24T04:00:00.000Z
GLASSAMC_AWARE,Pattern of antibiotic consumption at national level (relative use by AWaRe classification),numeric,EUR,Europe,Country,NOR,Norway,Year,2022,false,AWARE Antibiotics group,Reserve (%),GLASSAMCAWARE_ANTIBIOTICSGROUP_GLASSAMC_AWARE_R,,,,,,,,,,0.2,,,,,,0.2,,,EN,2024-09-18T04:00:00.000Z
GLASSAMC_AWARE,Pattern of antibiotic consumption at national level (relative use by AWaRe classification),numeric,AMR,Americas,Country,PER,Peru,Year,2022,true,AWARE Antibiotics group,Reserve (%),GLASSAMCAWARE_ANTIBIOTICSGROUP_GLASSAMC_AWARE_R,,,,,,,,,,0.2,,,,,,0.2,,,EN,2024-09-18T04:00:00.000Z
GLASSAMC_AWARE,Pattern of antibiotic consumption at national level (relative use by AWaRe classification),numeric,EUR,Europe,Country,ROU,Romania,Year,2022,false,AWARE Antibiotics group,Reserve (%),GLASSAMCAWARE_ANTIBIOTICSGROUP_GLASSAMC_AWARE_R,,,,,,,,,,0.2,,,,,,0.2,,,EN,2024-09-18T04:00:00.000Z
GLASSAMC_AWARE,Pattern of antibiotic consumption at national level (relative use by AWaRe classification),numeric,EUR,Europe,Country,CYP,Cyprus,Year,2022,true,AWARE Antibiotics group,Reserve (%),GLASSAMCAWARE_ANTIBIOTICSGROUP_GLASSAMC_AWARE_R,,,,,,,,,,0.32,,,,,,0.3,,,EN,2024-09-18T04:00:00.000Z
GLASSAMC_AWARE,Pattern of antibiotic consumption at national level (relative use by AWaRe classification),numeric,EUR,Europe,Country,CZE,Czechia,Year,2022,false,AWARE Antibiotics group,Reserve (%),GLASSAMCAWARE_ANTIBIOTICSGROUP_GLASSAMC_AWARE_R,,,,,,,,,,0.26,,,,,,0.3,,,EN,2024-09-18T04:00:00.000Z
GLASSAMC_AWARE,Pattern of antibiotic consumption at national level (relative use by AWaRe classification),numeric,EUR,Europe,Country,DNK,Denmark,Year,2022,false,AWARE Antibiotics group,Reserve (%),GLASSAMCAWARE_ANTIBIOTICSGROUP_GLASSAMC_AWARE_R,,,,,,,,,,0.25,,,,,,0.3,,,EN,2024-09-18T04:00:00.000Z
GLASSAMC_AWARE,Pattern of antibiotic consumption at national level (relative use by AWaRe classification),numeric,EUR,Europe,Country,MLT,Malta,Year,2022,false,AWARE Antibiotics group,Reserve (%),GLASSAMCAWARE_ANTIBIOTICSGROUP_GLASSAMC_AWARE_R,,,,,,,,,,0.26,,,,,,0.3,,,EN,2024-09-18T04:00:00.000Z
GLASSAMC_AWARE,Pattern of antibiotic consumption at national level (relative use by AWaRe classification),numeric,EUR,Europe,Country,PRT,Portugal,Year,2022,false,AWARE Antibiotics group,Reserve (%),GLASSAMCAWARE_ANTIBIOTICSGROUP_GLASSAMC_AWARE_R,,,,,,,,,,0.34,,,,,,0.3,,,EN,2024-09-18T04:00:00.000Z
GLASSAMC_AWARE,Pattern of antibiotic consumption at national level (relative use by AWaRe classification),numeric,EUR,Europe,Country,SVN,Slovenia,Year,2022,false,AWARE Antibiotics group,Reserve (%),GLASSAMCAWARE_ANTIBIOTICSGROUP_GLASSAMC_AWARE_R,,,,,,,,,,0.29,,,,,,0.3,,,EN,2024-09-18T04:00:00.000Z
GLASSAMC_AWARE,Pattern of antibiotic consumption at national level (relative use by AWaRe classification),numeric,EUR,Europe,Country,HRV,Croatia,Year,2022,false,AWARE Antibiotics group,Reserve (%),GLASSAMCAWARE_ANTIBIOTICSGROUP_GLASSAMC_AWARE_R,,,,,,,,,,0.36,,,,,,0.4,,,EN,2025-09-24T04:00:00.000Z
GLASSAMC_AWARE,Pattern of antibiotic consumption at national level (relative use by AWaRe classification),numeric,EUR,Europe,Country,FRA,France,Year,2022,false,AWARE Antibiotics group,Reserve (%),GLASSAMCAWARE_ANTIBIOTICSGROUP_GLASSAMC_AWARE_R,,,,,,,,,,0.36,,,,,,0.4,,For antibiotics: only J01 and P01AB reported,EN,2025-09-24T04:00:00.000Z
GLASSAMC_AWARE,Pattern of antibiotic consumption at national level (relative use by AWaRe classification),numeric,EUR,Europe,Country,IRL,Ireland,Year,2022,false,AWARE Antibiotics group,Reserve (%),GLASSAMCAWARE_ANTIBIOTICSGROUP_GLASSAMC_AWARE_R,,,,,,,,,,0.42,,,,,,0.4,,,EN,2024-09-18T04:00:00.000Z
GLASSAMC_AWARE,Pattern of antibiotic consumption at national level (relative use by AWaRe classification),numeric,SEAR,South-East Asia,Country,NPL,Nepal,Year,2022,false,AWARE Antibiotics group,Reserve (%),GLASSAMCAWARE_ANTIBIOTICSGROUP_GLASSAMC_AWARE_R,,,,,,,,,,0.35,,,,,,0.4,,,EN,2024-09-18T04:00:00.000Z
GLASSAMC_AWARE,Pattern of antibiotic consumption at national level (relative use by AWaRe classification),numeric,EMR,Eastern Mediterranean,Country,PSE,"occupied Palestinian territory, including east Jerusalem",Year,2022,false,AWARE Antibiotics group,Not classified (%) / not recommended (%),GLASSAMCAWARE_ANTIBIOTICSGROUP_GLASSAMC_AWARE_O,,,,,,,,,,0.42,,,,,,0.4,,For antibiotics: only J01 and P01AB reported,EN,2025-09-24T04:00:00.000Z
GLASSAMC_AWARE,Pattern of antibiotic consumption at national level (relative use by AWaRe classification),numeric,EUR,Europe,Country,RUS,Russian Federation,Year,2022,false,AWARE Antibiotics group,Reserve (%),GLASSAMCAWARE_ANTIBIOTICSGROUP_GLASSAMC_AWARE_R,,,,,,,,,,0.4,,,,,,0.4,,,EN,2024-09-18T04:00:00.000Z
GLASSAMC_AWARE,Pattern of antibiotic consumption at national level (relative use by AWaRe classification),numeric,EUR,Europe,Country,CHE,Switzerland,Year,2022,false,AWARE Antibiotics group,Reserve (%),GLASSAMCAWARE_ANTIBIOTICSGROUP_GLASSAMC_AWARE_R,,,,,,,,,,0.37,,,,,,0.4,,,EN,2024-09-18T04:00:00.000Z
GLASSAMC_AWARE,Pattern of antibiotic consumption at national level (relative use by AWaRe classification),numeric,EUR,Europe,Country,GBR,United Kingdom of Great Britain and Northern Ireland,Year,2022,false,AWARE Antibiotics group,Reserve (%),GLASSAMCAWARE_ANTIBIOTICSGROUP_GLASSAMC_AWARE_R,,,,,,,,,,0.41,,,,,,0.4,,Only use in the public sector reported,EN,2025-09-24T04:00:00.000Z
GLASSAMC_AWARE,Pattern of antibiotic consumption at national level (relative use by AWaRe classification),numeric,EUR,Europe,Country,BLR,Belarus,Year,2022,false,AWARE Antibiotics group,Reserve (%),GLASSAMCAWARE_ANTIBIOTICSGROUP_GLASSAMC_AWARE_R,,,,,,,,,,0.49,,,,,,0.5,,,EN,2024-09-18T04:00:00.000Z
GLASSAMC_AWARE,Pattern of antibiotic consumption at national level (relative use by AWaRe classification),numeric,AFR,Africa,Country,BFA,Burkina Faso,Year,2022,false,AWARE Antibiotics group,Not classified (%) / not recommended (%),GLASSAMCAWARE_ANTIBIOTICSGROUP_GLASSAMC_AWARE_O,,,,,,,,,,0.47,,,,,,0.5,,For antibiotics: only J01 and P01AB reported,EN,2025-09-24T04:00:00.000Z
GLASSAMC_AWARE,Pattern of antibiotic consumption at national level (relative use by AWaRe classification),numeric,EUR,Europe,Country,DEU,Germany,Year,2022,false,AWARE Antibiotics group,Not classified (%) / not recommended (%),GLASSAMCAWARE_ANTIBIOTICSGROUP_GLASSAMC_AWARE_O,,,,,,,,,,0.51,,,,,,0.5,,Only use in the community reported,EN,2025-09-24T04:00:00.000Z
GLASSAMC_AWARE,Pattern of antibiotic consumption at national level (relative use by AWaRe classification),numeric,EMR,Eastern Mediterranean,Country,QAT,Qatar,Year,2022,false,AWARE Antibiotics group,Reserve (%),GLASSAMCAWARE_ANTIBIOTICSGROUP_GLASSAMC_AWARE_R,,,,,,,,,,0.47,,,,,,0.5,,Data incomplete since not collected from all sources of data,EN,2025-09-24T04:00:00.000Z
GLASSAMC_AWARE,Pattern of antibiotic consumption at national level (relative use by AWaRe classification),numeric,EMR,Eastern Mediterranean,Country,SAU,Saudi Arabia,Year,2022,false,AWARE Antibiotics group,Reserve (%),GLASSAMCAWARE_ANTIBIOTICSGROUP_GLASSAMC_AWARE_R,,,,,,,,,,0.45,,,,,,0.5,,,EN,2024-09-18T04:00:00.000Z
GLASSAMC_AWARE,Pattern of antibiotic consumption at national level (relative use by AWaRe classification),numeric,AFR,Africa,Country,CIV,Cote d'Ivoire,Year,2022,false,AWARE Antibiotics group,Not classified (%) / not recommended (%),GLASSAMCAWARE_ANTIBIOTICSGROUP_GLASSAMC_AWARE_O,,,,,,,,,,0.58,,,,,,0.6,,For antibiotics: only J01 and P01AB reported,EN,2025-09-24T04:00:00.000Z
GLASSAMC_AWARE,Pattern of antibiotic consumption at national level (relative use by AWaRe classification),numeric,EMR,Eastern Mediterranean,Country,EGY,Egypt,Year,2022,false,AWARE Antibiotics group,Not classified (%) / not recommended (%),GLASSAMCAWARE_ANTIBIOTICSGROUP_GLASSAMC_AWARE_O,,,,,,,,,,0.56,,,,,,0.6,,,EN,2025-09-24T04:00:00.000Z
GLASSAMC_AWARE,Pattern of antibiotic consumption at national level (relative use by AWaRe classification),numeric,EUR,Europe,Country,ITA,Italy,Year,2022,false,AWARE Antibiotics group,Reserve (%),GLASSAMCAWARE_ANTIBIOTICSGROUP_GLASSAMC_AWARE_R,,,,,,,,,,0.59,,,,,,0.6,,,EN,2024-09-18T04:00:00.000Z
GLASSAMC_AWARE,Pattern of antibiotic consumption at national level (relative use by AWaRe classification),numeric,SEAR,South-East Asia,Country,MDV,Maldives,Year,2022,false,AWARE Antibiotics group,Not classified (%) / not recommended (%),GLASSAMCAWARE_ANTIBIOTICSGROUP_GLASSAMC_AWARE_O,,,,,,,,,,0.57,,,,,,0.6,,,EN,2025-09-24T04:00:00.000Z
GLASSAMC_AWARE,Pattern of antibiotic consumption at national level (relative use by AWaRe classification),numeric,EUR,Europe,Country,ESP,Spain,Year,2022,false,AWARE Antibiotics group,Not classified (%) / not recommended (%),GLASSAMCAWARE_ANTIBIOTICSGROUP_GLASSAMC_AWARE_O,,,,,,,,,,0.55,,,,,,0.6,,,EN,2025-09-24T04:00:00.000Z
GLASSAMC_AWARE,Pattern of antibiotic consumption at national level (relative use by AWaRe classification),numeric,EUR,Europe,Country,MLT,Malta,Year,2022,false,AWARE Antibiotics group,Not classified (%) / not recommended (%),GLASSAMCAWARE_ANTIBIOTICSGROUP_GLASSAMC_AWARE_O,,,,,,,,,,0.71,,,,,,0.7,,,EN,2024-09-18T04:00:00.000Z
GLASSAMC_AWARE,Pattern of antibiotic consumption at national level (relative use by AWaRe classification),numeric,EUR,Europe,Country,BLR,Belarus,Year,2022,false,AWARE Antibiotics group,Not classified (%) / not recommended (%),GLASSAMCAWARE_ANTIBIOTICSGROUP_GLASSAMC_AWARE_O,,,,,,,,,,0.8,,,,,,0.8,,,EN,2024-09-18T04:00:00.000Z
GLASSAMC_AWARE,Pattern of antibiotic consumption at national level (relative use by AWaRe classification),numeric,AFR,Africa,Country,SEN,Senegal,Year,2022,false,AWARE Antibiotics group,Not classified (%) / not recommended (%),GLASSAMCAWARE_ANTIBIOTICSGROUP_GLASSAMC_AWARE_O,,,,,,,,,,0.84,,,,,,0.8,,For antibiotics: only J01 reported,EN,2025-09-24T04:00:00.000Z
GLASSAMC_AWARE,Pattern of antibiotic consumption at national level (relative use by AWaRe classification),numeric,EUR,Europe,Country,ESP,Spain,Year,2022,false,AWARE Antibiotics group,Reserve (%),GLASSAMCAWARE_ANTIBIOTICSGROUP_GLASSAMC_AWARE_R,,,,,,,,,,0.78,,,,,,0.8,,,EN,2024-09-18T04:00:00.000Z
GLASSAMC_AWARE,Pattern of antibiotic consumption at national level (relative use by AWaRe classification),numeric,AFR,Africa,Country,BEN,Benin,Year,2022,false,AWARE Antibiotics group,Not classified (%) / not recommended (%),GLASSAMCAWARE_ANTIBIOTICSGROUP_GLASSAMC_AWARE_O,,,,,,,,,,0.87,,,,,,0.9,,,EN,2024-09-18T04:00:00.000Z
GLASSAMC_AWARE,Pattern of antibiotic consumption at national level (relative use by AWaRe classification),numeric,EUR,Europe,Country,AUT,Austria,Year,2022,false,AWARE Antibiotics group,Reserve (%),GLASSAMCAWARE_ANTIBIOTICSGROUP_GLASSAMC_AWARE_R,,,,,,,,,,1.09,,,,,,1.1,,,EN,2024-09-18T04:00:00.000Z
GLASSAMC_AWARE,Pattern of antibiotic consumption at national level (relative use by AWaRe classification),numeric,EMR,Eastern Mediterranean,Country,EGY,Egypt,Year,2022,false,AWARE Antibiotics group,Reserve (%),GLASSAMCAWARE_ANTIBIOTICSGROUP_GLASSAMC_AWARE_R,,,,,,,,,,1.16,,,,,,1.2,,,EN,2025-09-24T04:00:00.000Z
GLASSAMC_AWARE,Pattern of antibiotic consumption at national level (relative use by AWaRe classification),numeric,EUR,Europe,Country,GEO,Georgia,Year,2022,false,AWARE Antibiotics group,Not classified (%) / not recommended (%),GLASSAMCAWARE_ANTIBIOTICSGROUP_GLASSAMC_AWARE_O,,,,,,,,,,1.62,,,,,,1.6,,,EN,2024-09-18T04:00:00.000Z
GLASSAMC_AWARE,Pattern of antibiotic consumption at national level (relative use by AWaRe classification),numeric,EMR,Eastern Mediterranean,Country,JOR,Jordan,Year,2022,false,AWARE Antibiotics group,Not classified (%) / not recommended (%),GLASSAMCAWARE_ANTIBIOTICSGROUP_GLASSAMC_AWARE_O,,,,,,,,,,1.72,,,,,,1.7,,,EN,2024-09-18T04:00:00.000Z
GLASSAMC_AWARE,Pattern of antibiotic consumption at national level (relative use by AWaRe classification),numeric,EUR,Europe,Country,UKR,Ukraine,Year,2022,false,AWARE Antibiotics group,Reserve (%),GLASSAMCAWARE_ANTIBIOTICSGROUP_GLASSAMC_AWARE_R,,,,,,,,,,1.73,,,,,,1.7,,,EN,2024-09-18T04:00:00.000Z
GLASSAMC_AWARE,Pattern of antibiotic consumption at national level (relative use by AWaRe classification),numeric,EUR,Europe,Country,FRA,France,Year,2022,false,AWARE Antibiotics group,Not classified (%) / not recommended (%),GLASSAMCAWARE_ANTIBIOTICSGROUP_GLASSAMC_AWARE_O,,,,,,,,,,1.77,,,,,,1.8,,For antibiotics: only J01 and P01AB reported,EN,2025-09-24T04:00:00.000Z
GLASSAMC_AWARE,Pattern of antibiotic consumption at national level (relative use by AWaRe classification),numeric,SEAR,South-East Asia,Country,BTN,Bhutan,Year,2022,false,AWARE Antibiotics group,Watch (%),GLASSAMCAWARE_ANTIBIOTICSGROUP_GLASSAMC_AWARE_W,,,,,,,,,,10.21,,,,,,10.2,,For antibiotics: only J01 reported,EN,2025-09-24T04:00:00.000Z
GLASSAMC_AWARE,Pattern of antibiotic consumption at national level (relative use by AWaRe classification),numeric,EUR,Europe,Country,ISL,Iceland,Year,2022,false,AWARE Antibiotics group,Watch (%),GLASSAMCAWARE_ANTIBIOTICSGROUP_GLASSAMC_AWARE_W,,,,,,,,,,12.82,,,,,,12.8,,,EN,2024-09-18T04:00:00.000Z
GLASSAMC_AWARE,Pattern of antibiotic consumption at national level (relative use by AWaRe classification),numeric,AFR,Africa,Country,TZA,United Republic of Tanzania,Year,2022,false,AWARE Antibiotics group,Not classified (%) / not recommended (%),GLASSAMCAWARE_ANTIBIOTICSGROUP_GLASSAMC_AWARE_O,,,,,,,,,,14.27,,,,,,14.3,,,EN,2025-09-24T04:00:00.000Z
GLASSAMC_AWARE,Pattern of antibiotic consumption at national level (relative use by AWaRe classification),numeric,AFR,Africa,Country,RWA,Rwanda,Year,2022,true,AWARE Antibiotics group,Watch (%),GLASSAMCAWARE_ANTIBIOTICSGROUP_GLASSAMC_AWARE_W,,,,,,,,,,15.29,,,,,,15.3,,Only use in the public sector reported,EN,2025-09-24T04:00:00.000Z
GLASSAMC_AWARE,Pattern of antibiotic consumption at national level (relative use by AWaRe classification),numeric,SEAR,South-East Asia,Country,NPL,Nepal,Year,2022,false,AWARE Antibiotics group,Not classified (%) / not recommended (%),GLASSAMCAWARE_ANTIBIOTICSGROUP_GLASSAMC_AWARE_O,,,,,,,,,,16.58,,,,,,16.6,,,EN,2025-09-24T04:00:00.000Z
GLASSAMC_AWARE,Pattern of antibiotic consumption at national level (relative use by AWaRe classification),numeric,EUR,Europe,Country,DNK,Denmark,Year,2022,false,AWARE Antibiotics group,Watch (%),GLASSAMCAWARE_ANTIBIOTICSGROUP_GLASSAMC_AWARE_W,,,,,,,,,,17,,,,,,17,,,EN,2025-09-24T04:00:00.000Z
GLASSAMC_AWARE,Pattern of antibiotic consumption at national level (relative use by AWaRe classification),numeric,WPR,Western Pacific,Country,PNG,Papua New Guinea,Year,2022,false,AWARE Antibiotics group,Watch (%),GLASSAMCAWARE_ANTIBIOTICSGROUP_GLASSAMC_AWARE_W,,,,,,,,,,17.07,,,,,,17.1,,Only use in the public sector reported,EN,2025-09-24T04:00:00.000Z
GLASSAMC_AWARE,Pattern of antibiotic consumption at national level (relative use by AWaRe classification),numeric,AFR,Africa,Country,CIV,Cote d'Ivoire,Year,2022,false,AWARE Antibiotics group,Watch (%),GLASSAMCAWARE_ANTIBIOTICSGROUP_GLASSAMC_AWARE_W,,,,,,,,,,17.37,,,,,,17.4,,For antibiotics: only J01 and P01AB reported,EN,2025-09-24T04:00:00.000Z
GLASSAMC_AWARE,Pattern of antibiotic consumption at national level (relative use by AWaRe classification),numeric,SEAR,South-East Asia,Country,NPL,Nepal,Year,2022,false,AWARE Antibiotics group,Access (%),GLASSAMCAWARE_ANTIBIOTICSGROUP_GLASSAMC_AWARE_A,,,,,,,,,,18.23,,,,,,18.2,,,EN,2024-09-18T04:00:00.000Z
GLASSAMC_AWARE,Pattern of antibiotic consumption at national level (relative use by AWaRe classification),numeric,EUR,Europe,Country,NOR,Norway,Year,2022,false,AWARE Antibiotics group,Watch (%),GLASSAMCAWARE_ANTIBIOTICSGROUP_GLASSAMC_AWARE_W,,,,,,,,,,18.15,,,,,,18.2,,,EN,2024-09-18T04:00:00.000Z
GLASSAMC_AWARE,Pattern of antibiotic consumption at national level (relative use by AWaRe classification),numeric,EMR,Eastern Mediterranean,Country,OMN,Oman,Year,2022,false,AWARE Antibiotics group,Watch (%),GLASSAMCAWARE_ANTIBIOTICSGROUP_GLASSAMC_AWARE_W,,,,,,,,,,18.22,,,,,,18.2,,Only use in the public sector reported,EN,2025-09-24T04:00:00.000Z
GLASSAMC_AWARE,Pattern of antibiotic consumption at national level (relative use by AWaRe classification),numeric,AFR,Africa,Country,ZAF,South Africa,Year,2022,false,AWARE Antibiotics group,Watch (%),GLASSAMCAWARE_ANTIBIOTICSGROUP_GLASSAMC_AWARE_W,,,,,,,,,,18.97,,,,,,19,,Only use in the public sector reported,EN,2025-09-24T04:00:00.000Z
GLASSAMC_AWARE,Pattern of antibiotic consumption at national level (relative use by AWaRe classification),numeric,AFR,Africa,Country,BEN,Benin,Year,2022,false,AWARE Antibiotics group,Watch (%),GLASSAMCAWARE_ANTIBIOTICSGROUP_GLASSAMC_AWARE_W,,,,,,,,,,19.41,,,,,,19.4,,,EN,2024-09-18T04:00:00.000Z
GLASSAMC_AWARE,Pattern of antibiotic consumption at national level (relative use by AWaRe classification),numeric,EMR,Eastern Mediterranean,Country,TUN,Tunisia,Year,2022,false,AWARE Antibiotics group,Not classified (%) / not recommended (%),GLASSAMCAWARE_ANTIBIOTICSGROUP_GLASSAMC_AWARE_O,,,,,,,,,,2.1,,,,,,2.1,,For antibiotics: only J01 and P01AB reported,EN,2025-09-24T04:00:00.000Z
GLASSAMC_AWARE,Pattern of antibiotic consumption at national level (relative use by AWaRe classification),numeric,EUR,Europe,Country,RUS,Russian Federation,Year,2022,false,AWARE Antibiotics group,Not classified (%) / not recommended (%),GLASSAMCAWARE_ANTIBIOTICSGROUP_GLASSAMC_AWARE_O,,,,,,,,,,2.19,,,,,,2.2,,,EN,2024-09-18T04:00:00.000Z
GLASSAMC_AWARE,Pattern of antibiotic consumption at national level (relative use by AWaRe classification),numeric,AFR,Africa,Country,MLI,Mali,Year,2022,true,AWARE Antibiotics group,Not classified (%) / not recommended (%),GLASSAMCAWARE_ANTIBIOTICSGROUP_GLASSAMC_AWARE_O,,,,,,,,,,2.4,,,,,,2.4,,For antibiotics: only J01 and P01AB reported,EN,2025-09-24T04:00:00.000Z
GLASSAMC_AWARE,Pattern of antibiotic consumption at national level (relative use by AWaRe classification),numeric,AFR,Africa,Country,SEN,Senegal,Year,2022,false,AWARE Antibiotics group,Watch (%),GLASSAMCAWARE_ANTIBIOTICSGROUP_GLASSAMC_AWARE_W,,,,,,,,,,21.84,,,,,,21.8,,For antibiotics: only J01 reported,EN,2025-09-24T04:00:00.000Z
GLASSAMC_AWARE,Pattern of antibiotic consumption at national level (relative use by AWaRe classification),numeric,EUR,Europe,Country,FIN,Finland,Year,2022,false,AWARE Antibiotics group,Watch (%),GLASSAMCAWARE_ANTIBIOTICSGROUP_GLASSAMC_AWARE_W,,,,,,,,,,22.16,,,,,,22.2,,,EN,2024-09-18T04:00:00.000Z
GLASSAMC_AWARE,Pattern of antibiotic consumption at national level (relative use by AWaRe classification),numeric,AMR,Americas,Country,HND,Honduras,Year,2022,false,AWARE Antibiotics group,Watch (%),GLASSAMCAWARE_ANTIBIOTICSGROUP_GLASSAMC_AWARE_W,,,,,,,,,,23.59,,,,,,23.6,,Only use in the public sector reported,EN,2025-09-24T04:00:00.000Z
GLASSAMC_AWARE,Pattern of antibiotic consumption at national level (relative use by AWaRe classification),numeric,AFR,Africa,Country,BFA,Burkina Faso,Year,2022,false,AWARE Antibiotics group,Watch (%),GLASSAMCAWARE_ANTIBIOTICSGROUP_GLASSAMC_AWARE_W,,,,,,,,,,24.13,,,,,,24.1,,For antibiotics: only J01 and P01AB reported,EN,2025-09-24T04:00:00.000Z
GLASSAMC_AWARE,Pattern of antibiotic consumption at national level (relative use by AWaRe classification),numeric,EUR,Europe,Country,IRL,Ireland,Year,2022,false,AWARE Antibiotics group,Watch (%),GLASSAMCAWARE_ANTIBIOTICSGROUP_GLASSAMC_AWARE_W,,,,,,,,,,25.56,,,,,,25.6,,,EN,2024-09-18T04:00:00.000Z
GLASSAMC_AWARE,Pattern of antibiotic consumption at national level (relative use by AWaRe classification),numeric,EUR,Europe,Country,FRA,France,Year,2022,false,AWARE Antibiotics group,Watch (%),GLASSAMCAWARE_ANTIBIOTICSGROUP_GLASSAMC_AWARE_W,,,,,,,,,,26.11,,,,,,26.1,,For antibiotics: only J01 and P01AB reported,EN,2025-09-24T04:00:00.000Z
GLASSAMC_AWARE,Pattern of antibiotic consumption at national level (relative use by AWaRe classification),numeric,AMR,Americas,Country,CAN,Canada,Year,2022,false,AWARE Antibiotics group,Watch (%),GLASSAMCAWARE_ANTIBIOTICSGROUP_GLASSAMC_AWARE_W,,,,,,,,,,26.58,,,,,,26.6,,,EN,2025-09-24T04:00:00.000Z
GLASSAMC_AWARE,Pattern of antibiotic consumption at national level (relative use by AWaRe classification),numeric,WPR,Western Pacific,Country,MYS,Malaysia,Year,2022,false,AWARE Antibiotics group,Watch (%),GLASSAMCAWARE_ANTIBIOTICSGROUP_GLASSAMC_AWARE_W,,,,,,,,,,27.07,,,,,,27.1,,For antibiotics: only J01 and P01AB reported,EN,2025-09-24T04:00:00.000Z
GLASSAMC_AWARE,Pattern of antibiotic consumption at national level (relative use by AWaRe classification),numeric,EUR,Europe,Country,SVN,Slovenia,Year,2022,false,AWARE Antibiotics group,Watch (%),GLASSAMCAWARE_ANTIBIOTICSGROUP_GLASSAMC_AWARE_W,,,,,,,,,,27.22,,,,,,27.2,,,EN,2025-09-24T04:00:00.000Z
GLASSAMC_AWARE,Pattern of antibiotic consumption at national level (relative use by AWaRe classification),numeric,AFR,Africa,Country,ETH,Ethiopia,Year,2022,false,AWARE Antibiotics group,Watch (%),GLASSAMCAWARE_ANTIBIOTICSGROUP_GLASSAMC_AWARE_W,,,,,,,,,,27.66,,,,,,27.7,,For antibiotics: only J01 and P01AB reported,EN,2025-09-24T04:00:00.000Z
GLASSAMC_AWARE,Pattern of antibiotic consumption at national level (relative use by AWaRe classification),numeric,SEAR,South-East Asia,Country,MDV,Maldives,Year,2022,false,AWARE Antibiotics group,Access (%),GLASSAMCAWARE_ANTIBIOTICSGROUP_GLASSAMC_AWARE_A,,,,,,,,,,28.07,,,,,,28.1,,,EN,2025-09-24T04:00:00.000Z
GLASSAMC_AWARE,Pattern of antibiotic consumption at national level (relative use by AWaRe classification),numeric,EUR,Europe,Country,GBR,United Kingdom of Great Britain and Northern Ireland,Year,2022,false,AWARE Antibiotics group,Watch (%),GLASSAMCAWARE_ANTIBIOTICSGROUP_GLASSAMC_AWARE_W,,,,,,,,,,28.24,,,,,,28.2,,Only use in the public sector reported,EN,2025-09-24T04:00:00.000Z
GLASSAMC_AWARE,Pattern of antibiotic consumption at national level (relative use by AWaRe classification),numeric,EUR,Europe,Country,LVA,Latvia,Year,2022,false,AWARE Antibiotics group,Watch (%),GLASSAMCAWARE_ANTIBIOTICSGROUP_GLASSAMC_AWARE_W,,,,,,,,,,28.53,,,,,,28.5,,,EN,2025-09-24T04:00:00.000Z
GLASSAMC_AWARE,Pattern of antibiotic consumption at national level (relative use by AWaRe classification),numeric,EUR,Europe,Country,LTU,Lithuania,Year,2022,false,AWARE Antibiotics group,Watch (%),GLASSAMCAWARE_ANTIBIOTICSGROUP_GLASSAMC_AWARE_W,,,,,,,,,,28.79,,,,,,28.8,,,EN,2024-09-18T04:00:00.000Z
GLASSAMC_AWARE,Pattern of antibiotic consumption at national level (relative use by AWaRe classification),numeric,SEAR,South-East Asia,Country,BGD,Bangladesh,Year,2022,false,AWARE Antibiotics group,Access (%),GLASSAMCAWARE_ANTIBIOTICSGROUP_GLASSAMC_AWARE_A,,,,,,,,,,29.44,,,,,,29.4,,,EN,2024-09-18T04:00:00.000Z
GLASSAMC_AWARE,Pattern of antibiotic consumption at national level (relative use by AWaRe classification),numeric,GLOBAL,Global,Country,HKG,"China, Hong Kong Special Administrative Region",Year,2022,false,AWARE Antibiotics group,Not classified (%) / not recommended (%),GLASSAMCAWARE_ANTIBIOTICSGROUP_GLASSAMC_AWARE_O,,,,,,,,,,3.36,,,,,,3.4,,,EN,2025-09-24T04:00:00.000Z
GLASSAMC_AWARE,Pattern of antibiotic consumption at national level (relative use by AWaRe classification),numeric,EUR,Europe,Country,UKR,Ukraine,Year,2022,false,AWARE Antibiotics group,Not classified (%) / not recommended (%),GLASSAMCAWARE_ANTIBIOTICSGROUP_GLASSAMC_AWARE_O,,,,,,,,,,3.46,,,,,,3.5,,,EN,2024-09-18T04:00:00.000Z
GLASSAMC_AWARE,Pattern of antibiotic consumption at national level (relative use by AWaRe classification),numeric,EUR,Europe,Country,POL,Poland,Year,2022,false,AWARE Antibiotics group,Not classified (%) / not recommended (%),GLASSAMCAWARE_ANTIBIOTICSGROUP_GLASSAMC_AWARE_O,,,,,,,,,,3.76,,,,,,3.8,,,EN,2024-09-18T04:00:00.000Z
GLASSAMC_AWARE,Pattern of antibiotic consumption at national level (relative use by AWaRe classification),numeric,EUR,Europe,Country,BLR,Belarus,Year,2022,false,AWARE Antibiotics group,Watch (%),GLASSAMCAWARE_ANTIBIOTICSGROUP_GLASSAMC_AWARE_W,,,,,,,,,,30.29,,,,,,30.3,,,EN,2024-09-18T04:00:00.000Z
GLASSAMC_AWARE,Pattern of antibiotic consumption at national level (relative use by AWaRe classification),numeric,EUR,Europe,Country,BEL,Belgium,Year,2022,false,AWARE Antibiotics group,Watch (%),GLASSAMCAWARE_ANTIBIOTICSGROUP_GLASSAMC_AWARE_W,,,,,,,,,,30.29,,,,,,30.3,,,EN,2025-09-24T04:00:00.000Z
GLASSAMC_AWARE,Pattern of antibiotic consumption at national level (relative use by AWaRe classification),numeric,EMR,Eastern Mediterranean,Country,PSE,"occupied Palestinian territory, including east Jerusalem",Year,2022,false,AWARE Antibiotics group,Access (%),GLASSAMCAWARE_ANTIBIOTICSGROUP_GLASSAMC_AWARE_A,,,,,,,,,,30.54,,,,,,30.5,,For antibiotics: only J01 and P01AB reported,EN,2025-09-24T04:00:00.000Z
GLASSAMC_AWARE,Pattern of antibiotic consumption at national level (relative use by AWaRe classification),numeric,EMR,Eastern Mediterranean,Country,TUN,Tunisia,Year,2022,false,AWARE Antibiotics group,Watch (%),GLASSAMCAWARE_ANTIBIOTICSGROUP_GLASSAMC_AWARE_W,,,,,,,,,,31.22,,,,,,31.2,,For antibiotics: only J01 and P01AB reported,EN,2025-09-24T04:00:00.000Z
GLASSAMC_AWARE,Pattern of antibiotic consumption at national level (relative use by AWaRe classification),numeric,AMR,Americas,Country,COL,Colombia,Year,2022,false,AWARE Antibiotics group,Watch (%),GLASSAMCAWARE_ANTIBIOTICSGROUP_GLASSAMC_AWARE_W,,,,,,,,,,32.65,,,,,,32.6,,,EN,2025-09-24T04:00:00.000Z
GLASSAMC_AWARE,Pattern of antibiotic consumption at national level (relative use by AWaRe classification),numeric,EUR,Europe,Country,CHE,Switzerland,Year,2022,false,AWARE Antibiotics group,Watch (%),GLASSAMCAWARE_ANTIBIOTICSGROUP_GLASSAMC_AWARE_W,,,,,,,,,,32.84,,,,,,32.8,,,EN,2025-09-24T04:00:00.000Z
GLASSAMC_AWARE,Pattern of antibiotic consumption at national level (relative use by AWaRe classification),numeric,GLOBAL,Global,Country,HKG,"China, Hong Kong Special Administrative Region",Year,2022,false,AWARE Antibiotics group,Watch (%),GLASSAMCAWARE_ANTIBIOTICSGROUP_GLASSAMC_AWARE_W,,,,,,,,,,33.57,,,,,,33.6,,,EN,2025-09-24T04:00:00.000Z
GLASSAMC_AWARE,Pattern of antibiotic consumption at national level (relative use by AWaRe classification),numeric,EUR,Europe,Country,DEU,Germany,Year,2022,false,AWARE Antibiotics group,Watch (%),GLASSAMCAWARE_ANTIBIOTICSGROUP_GLASSAMC_AWARE_W,,,,,,,,,,34.71,,,,,,34.7,,Only use in the community reported,EN,2025-09-24T04:00:00.000Z
GLASSAMC_AWARE,Pattern of antibiotic consumption at national level (relative use by AWaRe classification),numeric,EMR,Eastern Mediterranean,Country,QAT,Qatar,Year,2022,false,AWARE Antibiotics group,Watch (%),GLASSAMCAWARE_ANTIBIOTICSGROUP_GLASSAMC_AWARE_W,,,,,,,,,,35.55,,,,,,35.5,,Data incomplete since not collected from all sources of data,EN,2025-09-24T04:00:00.000Z
GLASSAMC_AWARE,Pattern of antibiotic consumption at national level (relative use by AWaRe classification),numeric,EUR,Europe,Country,EST,Estonia,Year,2022,false,AWARE Antibiotics group,Watch (%),GLASSAMCAWARE_ANTIBIOTICSGROUP_GLASSAMC_AWARE_W,,,,,,,,,,35.73,,,,,,35.7,,,EN,2024-09-18T04:00:00.000Z
GLASSAMC_AWARE,Pattern of antibiotic consumption at national level (relative use by AWaRe classification),numeric,AFR,Africa,Country,UGA,Uganda,Year,2022,false,AWARE Antibiotics group,Watch (%),GLASSAMCAWARE_ANTIBIOTICSGROUP_GLASSAMC_AWARE_W,,,,,,,,,,36.13,,,,,,36.1,,,EN,2025-09-24T04:00:00.000Z
GLASSAMC_AWARE,Pattern of antibiotic consumption at national level (relative use by AWaRe classification),numeric,AMR,Americas,Country,PER,Peru,Year,2022,true,AWARE Antibiotics group,Watch (%),GLASSAMCAWARE_ANTIBIOTICSGROUP_GLASSAMC_AWARE_W,,,,,,,,,,36.49,,,,,,36.5,,,EN,2024-09-18T04:00:00.000Z
GLASSAMC_AWARE,Pattern of antibiotic consumption at national level (relative use by AWaRe classification),numeric,WPR,Western Pacific,Country,LAO,Lao People's Democratic Republic,Year,2022,false,AWARE Antibiotics group,Watch (%),GLASSAMCAWARE_ANTIBIOTICSGROUP_GLASSAMC_AWARE_W,,,,,,,,,,37.07,,,,,,37.1,,,EN,2024-09-18T04:00:00.000Z
GLASSAMC_AWARE,Pattern of antibiotic consumption at national level (relative use by AWaRe classification),numeric,EUR,Europe,Country,ESP,Spain,Year,2022,false,AWARE Antibiotics group,Watch (%),GLASSAMCAWARE_ANTIBIOTICSGROUP_GLASSAMC_AWARE_W,,,,,,,,,,37.29,,,,,,37.3,,,EN,2025-09-24T04:00:00.000Z
GLASSAMC_AWARE,Pattern of antibiotic consumption at national level (relative use by AWaRe classification),numeric,EUR,Europe,Country,AUT,Austria,Year,2022,false,AWARE Antibiotics group,Watch (%),GLASSAMCAWARE_ANTIBIOTICSGROUP_GLASSAMC_AWARE_W,,,,,,,,,,37.92,,,,,,37.9,,,EN,2025-09-24T04:00:00.000Z
GLASSAMC_AWARE,Pattern of antibiotic consumption at national level (relative use by AWaRe classification),numeric,EUR,Europe,Country,PRT,Portugal,Year,2022,false,AWARE Antibiotics group,Watch (%),GLASSAMCAWARE_ANTIBIOTICSGROUP_GLASSAMC_AWARE_W,,,,,,,,,,38.04,,,,,,38,,,EN,2025-09-24T04:00:00.000Z
GLASSAMC_AWARE,Pattern of antibiotic consumption at national level (relative use by AWaRe classification),numeric,WPR,Western Pacific,Country,KOR,Republic of Korea,Year,2022,false,AWARE Antibiotics group,Access (%),GLASSAMCAWARE_ANTIBIOTICSGROUP_GLASSAMC_AWARE_A,,,,,,,,,,38.21,,,,,,38.2,,,EN,2025-09-24T04:00:00.000Z
GLASSAMC_AWARE,Pattern of antibiotic consumption at national level (relative use by AWaRe classification),numeric,EMR,Eastern Mediterranean,Country,SAU,Saudi Arabia,Year,2022,false,AWARE Antibiotics group,Watch (%),GLASSAMCAWARE_ANTIBIOTICSGROUP_GLASSAMC_AWARE_W,,,,,,,,,,39.1,,,,,,39.1,,,EN,2024-09-18T04:00:00.000Z
GLASSAMC_AWARE,Pattern of antibiotic consumption at national level (relative use by AWaRe classification),numeric,EUR,Europe,Country,HRV,Croatia,Year,2022,false,AWARE Antibiotics group,Watch (%),GLASSAMCAWARE_ANTIBIOTICSGROUP_GLASSAMC_AWARE_W,,,,,,,,,,39.26,,,,,,39.3,,,EN,2025-09-24T04:00:00.000Z
GLASSAMC_AWARE,Pattern of antibiotic consumption at national level (relative use by AWaRe classification),numeric,EUR,Europe,Country,POL,Poland,Year,2022,false,AWARE Antibiotics group,Watch (%),GLASSAMCAWARE_ANTIBIOTICSGROUP_GLASSAMC_AWARE_W,,,,,,,,,,39.34,,,,,,39.3,,,EN,2024-09-18T04:00:00.000Z
GLASSAMC_AWARE,Pattern of antibiotic consumption at national level (relative use by AWaRe classification),numeric,EUR,Europe,Country,CZE,Czechia,Year,2022,false,AWARE Antibiotics group,Watch (%),GLASSAMCAWARE_ANTIBIOTICSGROUP_GLASSAMC_AWARE_W,,,,,,,,,,39.68,,,,,,39.7,,,EN,2024-09-18T04:00:00.000Z
GLASSAMC_AWARE,Pattern of antibiotic consumption at national level (relative use by AWaRe classification),numeric,EUR,Europe,Country,UKR,Ukraine,Year,2022,false,AWARE Antibiotics group,Access (%),GLASSAMCAWARE_ANTIBIOTICSGROUP_GLASSAMC_AWARE_A,,,,,,,,,,39.7,,,,,,39.7,,,EN,2024-09-18T04:00:00.000Z
GLASSAMC_AWARE,Pattern of antibiotic consumption at national level (relative use by AWaRe classification),numeric,AFR,Africa,Country,TZA,United Republic of Tanzania,Year,2022,false,AWARE Antibiotics group,Watch (%),GLASSAMCAWARE_ANTIBIOTICSGROUP_GLASSAMC_AWARE_W,,,,,,,,,,40.18,,,,,,40.2,,,EN,2025-09-24T04:00:00.000Z
GLASSAMC_AWARE,Pattern of antibiotic consumption at national level (relative use by AWaRe classification),numeric,EMR,Eastern Mediterranean,Country,EGY,Egypt,Year,2022,false,AWARE Antibiotics group,Watch (%),GLASSAMCAWARE_ANTIBIOTICSGROUP_GLASSAMC_AWARE_W,,,,,,,,,,40.4,,,,,,40.4,,,EN,2025-09-24T04:00:00.000Z
GLASSAMC_AWARE,Pattern of antibiotic consumption at national level (relative use by AWaRe classification),numeric,EUR,Europe,Country,GEO,Georgia,Year,2022,false,AWARE Antibiotics group,Access (%),GLASSAMCAWARE_ANTIBIOTICSGROUP_GLASSAMC_AWARE_A,,,,,,,,,,42.38,,,,,,42.4,,,EN,2024-09-18T04:00:00.000Z
GLASSAMC_AWARE,Pattern of antibiotic consumption at national level (relative use by AWaRe classification),numeric,EUR,Europe,Country,TJK,Tajikistan,Year,2022,false,AWARE Antibiotics group,Watch (%),GLASSAMCAWARE_ANTIBIOTICSGROUP_GLASSAMC_AWARE_W,,,,,,,,,,43.55,,,,,,43.6,,,EN,2025-09-24T04:00:00.000Z
GLASSAMC_AWARE,Pattern of antibiotic consumption at national level (relative use by AWaRe classification),numeric,EUR,Europe,Country,MLT,Malta,Year,2022,false,AWARE Antibiotics group,Watch (%),GLASSAMCAWARE_ANTIBIOTICSGROUP_GLASSAMC_AWARE_W,,,,,,,,,,43.92,,,,,,43.9,,,EN,2024-09-18T04:00:00.000Z
GLASSAMC_AWARE,Pattern of antibiotic consumption at national level (relative use by AWaRe classification),numeric,EUR,Europe,Country,CYP,Cyprus,Year,2022,true,AWARE Antibiotics group,Watch (%),GLASSAMCAWARE_ANTIBIOTICSGROUP_GLASSAMC_AWARE_W,,,,,,,,,,44.24,,,,,,44.2,,,EN,2024-09-18T04:00:00.000Z
GLASSAMC_AWARE,Pattern of antibiotic consumption at national level (relative use by AWaRe classification),numeric,EMR,Eastern Mediterranean,Country,KWT,Kuwait,Year,2022,false,AWARE Antibiotics group,Watch (%),GLASSAMCAWARE_ANTIBIOTICSGROUP_GLASSAMC_AWARE_W,,,,,,,,,,44.77,,,,,,44.8,,Only use in the public sector reported,EN,2025-09-24T04:00:00.000Z
GLASSAMC_AWARE,Pattern of antibiotic consumption at national level (relative use by AWaRe classification),numeric,EUR,Europe,Country,RUS,Russian Federation,Year,2022,false,AWARE Antibiotics group,Access (%),GLASSAMCAWARE_ANTIBIOTICSGROUP_GLASSAMC_AWARE_A,,,,,,,,,,45.35,,,,,,45.3,,,EN,2024-09-18T04:00:00.000Z
GLASSAMC_AWARE,Pattern of antibiotic consumption at national level (relative use by AWaRe classification),numeric,AFR,Africa,Country,MLI,Mali,Year,2022,true,AWARE Antibiotics group,Access (%),GLASSAMCAWARE_ANTIBIOTICSGROUP_GLASSAMC_AWARE_A,,,,,,,,,,45.51,,,,,,45.5,,For antibiotics: only J01 and P01AB reported,EN,2025-09-24T04:00:00.000Z
GLASSAMC_AWARE,Pattern of antibiotic consumption at national level (relative use by AWaRe classification),numeric,AFR,Africa,Country,TZA,United Republic of Tanzania,Year,2022,false,AWARE Antibiotics group,Access (%),GLASSAMCAWARE_ANTIBIOTICSGROUP_GLASSAMC_AWARE_A,,,,,,,,,,45.55,,,,,,45.6,,,EN,2025-09-24T04:00:00.000Z
GLASSAMC_AWARE,Pattern of antibiotic consumption at national level (relative use by AWaRe classification),numeric,EMR,Eastern Mediterranean,Country,JOR,Jordan,Year,2022,false,AWARE Antibiotics group,Watch (%),GLASSAMCAWARE_ANTIBIOTICSGROUP_GLASSAMC_AWARE_W,,,,,,,,,,46.03,,,,,,46,,,EN,2024-09-18T04:00:00.000Z
GLASSAMC_AWARE,Pattern of antibiotic consumption at national level (relative use by AWaRe classification),numeric,EMR,Eastern Mediterranean,Country,IRN,Iran (Islamic Republic of),Year,2022,false,AWARE Antibiotics group,Access (%),GLASSAMCAWARE_ANTIBIOTICSGROUP_GLASSAMC_AWARE_A,,,,,,,,,,46.76,,,,,,46.8,,,EN,2024-09-18T04:00:00.000Z
GLASSAMC_AWARE,Pattern of antibiotic consumption at national level (relative use by AWaRe classification),numeric,EUR,Europe,Country,ITA,Italy,Year,2022,false,AWARE Antibiotics group,Access (%),GLASSAMCAWARE_ANTIBIOTICSGROUP_GLASSAMC_AWARE_A,,,,,,,,,,47.18,,,,,,47.2,,,EN,2024-09-18T04:00:00.000Z
GLASSAMC_AWARE,Pattern of antibiotic consumption at national level (relative use by AWaRe classification),numeric,EUR,Europe,Country,TJK,Tajikistan,Year,2022,false,AWARE Antibiotics group,Access (%),GLASSAMCAWARE_ANTIBIOTICSGROUP_GLASSAMC_AWARE_A,,,,,,,,,,48.13,,,,,,48.1,,,EN,2024-09-18T04:00:00.000Z
GLASSAMC_AWARE,Pattern of antibiotic consumption at national level (relative use by AWaRe classification),numeric,EUR,Europe,Country,ARM,Armenia,Year,2022,false,AWARE Antibiotics group,Watch (%),GLASSAMCAWARE_ANTIBIOTICSGROUP_GLASSAMC_AWARE_W,,,,,,,,,,48.77,,,,,,48.8,,,EN,2025-09-24T04:00:00.000Z
GLASSAMC_AWARE,Pattern of antibiotic consumption at national level (relative use by AWaRe classification),numeric,EUR,Europe,Country,MNE,Montenegro,Year,2022,false,AWARE Antibiotics group,Watch (%),GLASSAMCAWARE_ANTIBIOTICSGROUP_GLASSAMC_AWARE_W,,,,,,,,,,48.99,,,,,,49,,,EN,2024-09-18T04:00:00.000Z
GLASSAMC_AWARE,Pattern of antibiotic consumption at national level (relative use by AWaRe classification),numeric,EUR,Europe,Country,HUN,Hungary,Year,2022,false,AWARE Antibiotics group,Access (%),GLASSAMCAWARE_ANTIBIOTICSGROUP_GLASSAMC_AWARE_A,,,,,,,,,,49.24,,,,,,49.2,,,EN,2024-09-18T04:00:00.000Z
GLASSAMC_AWARE,Pattern of antibiotic consumption at national level (relative use by AWaRe classification),numeric,EUR,Europe,Country,ROU,Romania,Year,2022,false,AWARE Antibiotics group,Watch (%),GLASSAMCAWARE_ANTIBIOTICSGROUP_GLASSAMC_AWARE_W,,,,,,,,,,49.21,,,,,,49.2,,,EN,2024-09-18T04:00:00.000Z
GLASSAMC_AWARE,Pattern of antibiotic consumption at national level (relative use by AWaRe classification),numeric,EUR,Europe,Country,ROU,Romania,Year,2022,false,AWARE Antibiotics group,Access (%),GLASSAMCAWARE_ANTIBIOTICSGROUP_GLASSAMC_AWARE_A,,,,,,,,,,50.52,,,,,,50.5,,,EN,2024-09-18T04:00:00.000Z
GLASSAMC_AWARE,Pattern of antibiotic consumption at national level (relative use by AWaRe classification),numeric,EUR,Europe,Country,HUN,Hungary,Year,2022,false,AWARE Antibiotics group,Watch (%),GLASSAMCAWARE_ANTIBIOTICSGROUP_GLASSAMC_AWARE_W,,,,,,,,,,50.66,,,,,,50.7,,,EN,2024-09-18T04:00:00.000Z
GLASSAMC_AWARE,Pattern of antibiotic consumption at national level (relative use by AWaRe classification),numeric,EUR,Europe,Country,MNE,Montenegro,Year,2022,false,AWARE Antibiotics group,Access (%),GLASSAMCAWARE_ANTIBIOTICSGROUP_GLASSAMC_AWARE_A,,,,,,,,,,50.8,,,,,,50.8,,,EN,2025-09-24T04:00:00.000Z
GLASSAMC_AWARE,Pattern of antibiotic consumption at national level (relative use by AWaRe classification),numeric,EUR,Europe,Country,ARM,Armenia,Year,2022,false,AWARE Antibiotics group,Access (%),GLASSAMCAWARE_ANTIBIOTICSGROUP_GLASSAMC_AWARE_A,,,,,,,,,,51.16,,,,,,51.2,,,EN,2025-09-24T04:00:00.000Z
GLASSAMC_AWARE,Pattern of antibiotic consumption at national level (relative use by AWaRe classification),numeric,AFR,Africa,Country,MLI,Mali,Year,2022,true,AWARE Antibiotics group,Watch (%),GLASSAMCAWARE_ANTIBIOTICSGROUP_GLASSAMC_AWARE_W,,,,,,,,,,52.09,,,,,,52.1,,For antibiotics: only J01 and P01AB reported,EN,2025-09-24T04:00:00.000Z
GLASSAMC_AWARE,Pattern of antibiotic consumption at national level (relative use by AWaRe classification),numeric,EUR,Europe,Country,RUS,Russian Federation,Year,2022,false,AWARE Antibiotics group,Watch (%),GLASSAMCAWARE_ANTIBIOTICSGROUP_GLASSAMC_AWARE_W,,,,,,,,,,52.07,,,,,,52.1,,,EN,2024-09-18T04:00:00.000Z
GLASSAMC_AWARE,Pattern of antibiotic consumption at national level (relative use by AWaRe classification),numeric,EUR,Europe,Country,ITA,Italy,Year,2022,false,AWARE Antibiotics group,Watch (%),GLASSAMCAWARE_ANTIBIOTICSGROUP_GLASSAMC_AWARE_W,,,,,,,,,,52.23,,,,,,52.2,,,EN,2025-09-24T04:00:00.000Z
GLASSAMC_AWARE,Pattern of antibiotic consumption at national level (relative use by AWaRe classification),numeric,EMR,Eastern Mediterranean,Country,JOR,Jordan,Year,2022,false,AWARE Antibiotics group,Access (%),GLASSAMCAWARE_ANTIBIOTICSGROUP_GLASSAMC_AWARE_A,,,,,,,,,,52.21,,,,,,52.2,,,EN,2024-09-18T04:00:00.000Z
GLASSAMC_AWARE,Pattern of antibiotic consumption at national level (relative use by AWaRe classification),numeric,EMR,Eastern Mediterranean,Country,IRN,Iran (Islamic Republic of),Year,2022,false,AWARE Antibiotics group,Watch (%),GLASSAMCAWARE_ANTIBIOTICSGROUP_GLASSAMC_AWARE_W,,,,,,,,,,53.18,,,,,,53.2,,,EN,2025-09-24T04:00:00.000Z
GLASSAMC_AWARE,Pattern of antibiotic consumption at national level (relative use by AWaRe classification),numeric,EMR,Eastern Mediterranean,Country,KWT,Kuwait,Year,2022,false,AWARE Antibiotics group,Access (%),GLASSAMCAWARE_ANTIBIOTICSGROUP_GLASSAMC_AWARE_A,,,,,,,,,,55.14,,,,,,55.1,,Only use in the public sector reported,EN,2025-09-24T04:00:00.000Z
GLASSAMC_AWARE,Pattern of antibiotic consumption at national level (relative use by AWaRe classification),numeric,EUR,Europe,Country,MLT,Malta,Year,2022,false,AWARE Antibiotics group,Access (%),GLASSAMCAWARE_ANTIBIOTICSGROUP_GLASSAMC_AWARE_A,,,,,,,,,,55.11,,,,,,55.1,,,EN,2024-09-18T04:00:00.000Z
GLASSAMC_AWARE,Pattern of antibiotic consumption at national level (relative use by AWaRe classification),numeric,EUR,Europe,Country,UKR,Ukraine,Year,2022,false,AWARE Antibiotics group,Watch (%),GLASSAMCAWARE_ANTIBIOTICSGROUP_GLASSAMC_AWARE_W,,,,,,,,,,55.11,,,,,,55.1,,,EN,2024-09-18T04:00:00.000Z
GLASSAMC_AWARE,Pattern of antibiotic consumption at national level (relative use by AWaRe classification),numeric,EUR,Europe,Country,CYP,Cyprus,Year,2022,true,AWARE Antibiotics group,Access (%),GLASSAMCAWARE_ANTIBIOTICSGROUP_GLASSAMC_AWARE_A,,,,,,,,,,55.43,,,,,,55.4,,,EN,2024-09-18T04:00:00.000Z
GLASSAMC_AWARE,Pattern of antibiotic consumption at national level (relative use by AWaRe classification),numeric,AFR,Africa,Country,UGA,Uganda,Year,2022,false,AWARE Antibiotics group,Access (%),GLASSAMCAWARE_ANTIBIOTICSGROUP_GLASSAMC_AWARE_A,,,,,,,,,,55.54,,,,,,55.5,,,EN,2024-09-18T04:00:00.000Z
GLASSAMC_AWARE,Pattern of antibiotic consumption at national level (relative use by AWaRe classification),numeric,EUR,Europe,Country,GEO,Georgia,Year,2022,false,AWARE Antibiotics group,Watch (%),GLASSAMCAWARE_ANTIBIOTICSGROUP_GLASSAMC_AWARE_W,,,,,,,,,,55.8,,,,,,55.8,,,EN,2024-09-18T04:00:00.000Z
GLASSAMC_AWARE,Pattern of antibiotic consumption at national level (relative use by AWaRe classification),numeric,EUR,Europe,Country,POL,Poland,Year,2022,false,AWARE Antibiotics group,Access (%),GLASSAMCAWARE_ANTIBIOTICSGROUP_GLASSAMC_AWARE_A,,,,,,,,,,56.78,,,,,,56.8,,,EN,2024-09-18T04:00:00.000Z
GLASSAMC_AWARE,Pattern of antibiotic consumption at national level (relative use by AWaRe classification),numeric,EMR,Eastern Mediterranean,Country,EGY,Egypt,Year,2022,false,AWARE Antibiotics group,Access (%),GLASSAMCAWARE_ANTIBIOTICSGROUP_GLASSAMC_AWARE_A,,,,,,,,,,57.88,,,,,,57.9,,,EN,2025-09-24T04:00:00.000Z
GLASSAMC_AWARE,Pattern of antibiotic consumption at national level (relative use by AWaRe classification),numeric,EUR,Europe,Country,CZE,Czechia,Year,2022,false,AWARE Antibiotics group,Access (%),GLASSAMCAWARE_ANTIBIOTICSGROUP_GLASSAMC_AWARE_A,,,,,,,,,,60.06,,,,,,60.1,,,EN,2025-09-24T04:00:00.000Z
GLASSAMC_AWARE,Pattern of antibiotic consumption at national level (relative use by AWaRe classification),numeric,EUR,Europe,Country,HRV,Croatia,Year,2022,false,AWARE Antibiotics group,Access (%),GLASSAMCAWARE_ANTIBIOTICSGROUP_GLASSAMC_AWARE_A,,,,,,,,,,60.38,,,,,,60.4,,,EN,2025-09-24T04:00:00.000Z
GLASSAMC_AWARE,Pattern of antibiotic consumption at national level (relative use by AWaRe classification),numeric,EMR,Eastern Mediterranean,Country,SAU,Saudi Arabia,Year,2022,false,AWARE Antibiotics group,Access (%),GLASSAMCAWARE_ANTIBIOTICSGROUP_GLASSAMC_AWARE_A,,,,,,,,,,60.45,,,,,,60.4,,,EN,2024-09-18T04:00:00.000Z
GLASSAMC_AWARE,Pattern of antibiotic consumption at national level (relative use by AWaRe classification),numeric,EUR,Europe,Country,AUT,Austria,Year,2022,false,AWARE Antibiotics group,Access (%),GLASSAMCAWARE_ANTIBIOTICSGROUP_GLASSAMC_AWARE_A,,,,,,,,,,60.98,,,,,,61,,,EN,2025-09-24T04:00:00.000Z
GLASSAMC_AWARE,Pattern of antibiotic consumption at national level (relative use by AWaRe classification),numeric,EUR,Europe,Country,ESP,Spain,Year,2022,false,AWARE Antibiotics group,Access (%),GLASSAMCAWARE_ANTIBIOTICSGROUP_GLASSAMC_AWARE_A,,,,,,,,,,61.38,,,,,,61.4,,,EN,2025-09-24T04:00:00.000Z
GLASSAMC_AWARE,Pattern of antibiotic consumption at national level (relative use by AWaRe classification),numeric,EUR,Europe,Country,PRT,Portugal,Year,2022,false,AWARE Antibiotics group,Access (%),GLASSAMCAWARE_ANTIBIOTICSGROUP_GLASSAMC_AWARE_A,,,,,,,,,,61.62,,,,,,61.6,,,EN,2024-09-18T04:00:00.000Z
GLASSAMC_AWARE,Pattern of antibiotic consumption at national level (relative use by AWaRe classification),numeric,WPR,Western Pacific,Country,KOR,Republic of Korea,Year,2022,false,AWARE Antibiotics group,Watch (%),GLASSAMCAWARE_ANTIBIOTICSGROUP_GLASSAMC_AWARE_W,,,,,,,,,,61.68,,,,,,61.7,,,EN,2025-09-24T04:00:00.000Z
GLASSAMC_AWARE,Pattern of antibiotic consumption at national level (relative use by AWaRe classification),numeric,GLOBAL,Global,Country,HKG,"China, Hong Kong Special Administrative Region",Year,2022,false,AWARE Antibiotics group,Access (%),GLASSAMCAWARE_ANTIBIOTICSGROUP_GLASSAMC_AWARE_A,,,,,,,,,,62.89,,,,,,62.9,,,EN,2024-09-18T04:00:00.000Z
GLASSAMC_AWARE,Pattern of antibiotic consumption at national level (relative use by AWaRe classification),numeric,WPR,Western Pacific,Country,LAO,Lao People's Democratic Republic,Year,2022,false,AWARE Antibiotics group,Access (%),GLASSAMCAWARE_ANTIBIOTICSGROUP_GLASSAMC_AWARE_A,,,,,,,,,,62.91,,,,,,62.9,,,EN,2024-09-18T04:00:00.000Z
GLASSAMC_AWARE,Pattern of antibiotic consumption at national level (relative use by AWaRe classification),numeric,AMR,Americas,Country,PER,Peru,Year,2022,true,AWARE Antibiotics group,Access (%),GLASSAMCAWARE_ANTIBIOTICSGROUP_GLASSAMC_AWARE_A,,,,,,,,,,63.31,,,,,,63.3,,,EN,2024-09-18T04:00:00.000Z
GLASSAMC_AWARE,Pattern of antibiotic consumption at national level (relative use by AWaRe classification),numeric,EMR,Eastern Mediterranean,Country,QAT,Qatar,Year,2022,false,AWARE Antibiotics group,Access (%),GLASSAMCAWARE_ANTIBIOTICSGROUP_GLASSAMC_AWARE_A,,,,,,,,,,63.98,,,,,,64,,Data incomplete since not collected from all sources of data,EN,2025-09-24T04:00:00.000Z
GLASSAMC_AWARE,Pattern of antibiotic consumption at national level (relative use by AWaRe classification),numeric,EUR,Europe,Country,EST,Estonia,Year,2022,false,AWARE Antibiotics group,Access (%),GLASSAMCAWARE_ANTIBIOTICSGROUP_GLASSAMC_AWARE_A,,,,,,,,,,64.06,,,,,,64.1,,,EN,2024-09-18T04:00:00.000Z
GLASSAMC_AWARE,Pattern of antibiotic consumption at national level (relative use by AWaRe classification),numeric,EUR,Europe,Country,DEU,Germany,Year,2022,false,AWARE Antibiotics group,Access (%),GLASSAMCAWARE_ANTIBIOTICSGROUP_GLASSAMC_AWARE_A,,,,,,,,,,64.62,,,,,,64.6,,Only use in the community reported,EN,2025-09-24T04:00:00.000Z
GLASSAMC_AWARE,Pattern of antibiotic consumption at national level (relative use by AWaRe classification),numeric,SEAR,South-East Asia,Country,NPL,Nepal,Year,2022,false,AWARE Antibiotics group,Watch (%),GLASSAMCAWARE_ANTIBIOTICSGROUP_GLASSAMC_AWARE_W,,,,,,,,,,64.84,,,,,,64.8,,,EN,2025-09-24T04:00:00.000Z
GLASSAMC_AWARE,Pattern of antibiotic consumption at national level (relative use by AWaRe classification),numeric,EMR,Eastern Mediterranean,Country,TUN,Tunisia,Year,2022,false,AWARE Antibiotics group,Access (%),GLASSAMCAWARE_ANTIBIOTICSGROUP_GLASSAMC_AWARE_A,,,,,,,,,,66.64,,,,,,66.6,,For antibiotics: only J01 and P01AB reported,EN,2025-09-24T04:00:00.000Z
GLASSAMC_AWARE,Pattern of antibiotic consumption at national level (relative use by AWaRe classification),numeric,EUR,Europe,Country,CHE,Switzerland,Year,2022,false,AWARE Antibiotics group,Access (%),GLASSAMCAWARE_ANTIBIOTICSGROUP_GLASSAMC_AWARE_A,,,,,,,,,,66.78,,,,,,66.8,,,EN,2025-09-24T04:00:00.000Z
GLASSAMC_AWARE,Pattern of antibiotic consumption at national level (relative use by AWaRe classification),numeric,AMR,Americas,Country,COL,Colombia,Year,2022,false,AWARE Antibiotics group,Access (%),GLASSAMCAWARE_ANTIBIOTICSGROUP_GLASSAMC_AWARE_A,,,,,,,,,,67.13,,,,,,67.1,,,EN,2025-09-24T04:00:00.000Z
GLASSAMC_AWARE,Pattern of antibiotic consumption at national level (relative use by AWaRe classification),numeric,EUR,Europe,Country,BLR,Belarus,Year,2022,false,AWARE Antibiotics group,Access (%),GLASSAMCAWARE_ANTIBIOTICSGROUP_GLASSAMC_AWARE_A,,,,,,,,,,68.42,,,,,,68.4,,,EN,2024-09-18T04:00:00.000Z
GLASSAMC_AWARE,Pattern of antibiotic consumption at national level (relative use by AWaRe classification),numeric,EMR,Eastern Mediterranean,Country,PSE,"occupied Palestinian territory, including east Jerusalem",Year,2022,false,AWARE Antibiotics group,Watch (%),GLASSAMCAWARE_ANTIBIOTICSGROUP_GLASSAMC_AWARE_W,,,,,,,,,,69.03,,,,,,69,,For antibiotics: only J01 and P01AB reported,EN,2025-09-24T04:00:00.000Z
GLASSAMC_AWARE,Pattern of antibiotic consumption at national level (relative use by AWaRe classification),numeric,EUR,Europe,Country,BEL,Belgium,Year,2022,false,AWARE Antibiotics group,Access (%),GLASSAMCAWARE_ANTIBIOTICSGROUP_GLASSAMC_AWARE_A,,,,,,,,,,69.59,,,,,,69.6,,,EN,2025-09-24T04:00:00.000Z
GLASSAMC_AWARE,Pattern of antibiotic consumption at national level (relative use by AWaRe classification),numeric,SEAR,South-East Asia,Country,BGD,Bangladesh,Year,2022,false,AWARE Antibiotics group,Watch (%),GLASSAMCAWARE_ANTIBIOTICSGROUP_GLASSAMC_AWARE_W,,,,,,,,,,70.34,,,,,,70.3,,,EN,2024-09-18T04:00:00.000Z
GLASSAMC_AWARE,Pattern of antibiotic consumption at national level (relative use by AWaRe classification),numeric,EUR,Europe,Country,LTU,Lithuania,Year,2022,false,AWARE Antibiotics group,Access (%),GLASSAMCAWARE_ANTIBIOTICSGROUP_GLASSAMC_AWARE_A,,,,,,,,,,71.09,,,,,,71.1,,,EN,2024-09-18T04:00:00.000Z
GLASSAMC_AWARE,Pattern of antibiotic consumption at national level (relative use by AWaRe classification),numeric,EUR,Europe,Country,LVA,Latvia,Year,2022,false,AWARE Antibiotics group,Access (%),GLASSAMCAWARE_ANTIBIOTICSGROUP_GLASSAMC_AWARE_A,,,,,,,,,,71.35,,,,,,71.3,,,EN,2025-09-24T04:00:00.000Z
GLASSAMC_AWARE,Pattern of antibiotic consumption at national level (relative use by AWaRe classification),numeric,SEAR,South-East Asia,Country,MDV,Maldives,Year,2022,false,AWARE Antibiotics group,Watch (%),GLASSAMCAWARE_ANTIBIOTICSGROUP_GLASSAMC_AWARE_W,,,,,,,,,,71.35,,,,,,71.3,,,EN,2025-09-24T04:00:00.000Z
GLASSAMC_AWARE,Pattern of antibiotic consumption at national level (relative use by AWaRe classification),numeric,EUR,Europe,Country,GBR,United Kingdom of Great Britain and Northern Ireland,Year,2022,false,AWARE Antibiotics group,Access (%),GLASSAMCAWARE_ANTIBIOTICSGROUP_GLASSAMC_AWARE_A,,,,,,,,,,71.34,,,,,,71.3,,Only use in the public sector reported,EN,2025-09-24T04:00:00.000Z
GLASSAMC_AWARE,Pattern of antibiotic consumption at national level (relative use by AWaRe classification),numeric,EUR,Europe,Country,FRA,France,Year,2022,false,AWARE Antibiotics group,Access (%),GLASSAMCAWARE_ANTIBIOTICSGROUP_GLASSAMC_AWARE_A,,,,,,,,,,71.75,,,,,,71.8,,For antibiotics: only J01 and P01AB reported,EN,2025-09-24T04:00:00.000Z
GLASSAMC_AWARE,Pattern of antibiotic consumption at national level (relative use by AWaRe classification),numeric,AFR,Africa,Country,ETH,Ethiopia,Year,2022,false,AWARE Antibiotics group,Access (%),GLASSAMCAWARE_ANTIBIOTICSGROUP_GLASSAMC_AWARE_A,,,,,,,,,,72.34,,,,,,72.3,,For antibiotics: only J01 and P01AB reported,EN,2025-09-24T04:00:00.000Z
GLASSAMC_AWARE,Pattern of antibiotic consumption at national level (relative use by AWaRe classification),numeric,EUR,Europe,Country,SVN,Slovenia,Year,2022,false,AWARE Antibiotics group,Access (%),GLASSAMCAWARE_ANTIBIOTICSGROUP_GLASSAMC_AWARE_A,,,,,,,,,,72.49,,,,,,72.5,,,EN,2025-09-24T04:00:00.000Z
GLASSAMC_AWARE,Pattern of antibiotic consumption at national level (relative use by AWaRe classification),numeric,WPR,Western Pacific,Country,MYS,Malaysia,Year,2022,false,AWARE Antibiotics group,Access (%),GLASSAMCAWARE_ANTIBIOTICSGROUP_GLASSAMC_AWARE_A,,,,,,,,,,72.84,,,,,,72.8,,For antibiotics: only J01 and P01AB reported,EN,2025-09-24T04:00:00.000Z
GLASSAMC_AWARE,Pattern of antibiotic consumption at national level (relative use by AWaRe classification),numeric,AMR,Americas,Country,CAN,Canada,Year,2022,false,AWARE Antibiotics group,Access (%),GLASSAMCAWARE_ANTIBIOTICSGROUP_GLASSAMC_AWARE_A,,,,,,,,,,73.21,,,,,,73.2,,,EN,2024-09-18T04:00:00.000Z
GLASSAMC_AWARE,Pattern of antibiotic consumption at national level (relative use by AWaRe classification),numeric,EUR,Europe,Country,IRL,Ireland,Year,2022,false,AWARE Antibiotics group,Access (%),GLASSAMCAWARE_ANTIBIOTICSGROUP_GLASSAMC_AWARE_A,,,,,,,,,,74.02,,,,,,74,,,EN,2024-09-18T04:00:00.000Z
GLASSAMC_AWARE,Pattern of antibiotic consumption at national level (relative use by AWaRe classification),numeric,AFR,Africa,Country,BFA,Burkina Faso,Year,2022,false,AWARE Antibiotics group,Access (%),GLASSAMCAWARE_ANTIBIOTICSGROUP_GLASSAMC_AWARE_A,,,,,,,,,,75.4,,,,,,75.4,,For antibiotics: only J01 and P01AB reported,EN,2025-09-24T04:00:00.000Z
GLASSAMC_AWARE,Pattern of antibiotic consumption at national level (relative use by AWaRe classification),numeric,AMR,Americas,Country,HND,Honduras,Year,2022,false,AWARE Antibiotics group,Access (%),GLASSAMCAWARE_ANTIBIOTICSGROUP_GLASSAMC_AWARE_A,,,,,,,,,,76.38,,,,,,76.4,,Only use in the public sector reported,EN,2025-09-24T04:00:00.000Z
GLASSAMC_AWARE,Pattern of antibiotic consumption at national level (relative use by AWaRe classification),numeric,AFR,Africa,Country,SEN,Senegal,Year,2022,false,AWARE Antibiotics group,Access (%),GLASSAMCAWARE_ANTIBIOTICSGROUP_GLASSAMC_AWARE_A,,,,,,,,,,77.31,,,,,,77.3,,For antibiotics: only J01 reported,EN,2025-09-24T04:00:00.000Z
GLASSAMC_AWARE,Pattern of antibiotic consumption at national level (relative use by AWaRe classification),numeric,EUR,Europe,Country,FIN,Finland,Year,2022,false,AWARE Antibiotics group,Access (%),GLASSAMCAWARE_ANTIBIOTICSGROUP_GLASSAMC_AWARE_A,,,,,,,,,,77.7,,,,,,77.7,,,EN,2024-09-18T04:00:00.000Z
GLASSAMC_AWARE,Pattern of antibiotic consumption at national level (relative use by AWaRe classification),numeric,AFR,Africa,Country,BEN,Benin,Year,2022,false,AWARE Antibiotics group,Access (%),GLASSAMCAWARE_ANTIBIOTICSGROUP_GLASSAMC_AWARE_A,,,,,,,,,,79.72,,,,,,79.7,,,EN,2024-09-18T04:00:00.000Z
GLASSAMC_AWARE,Pattern of antibiotic consumption at national level (relative use by AWaRe classification),numeric,EUR,Europe,Country,TJK,Tajikistan,Year,2022,false,AWARE Antibiotics group,Not classified (%) / not recommended (%),GLASSAMCAWARE_ANTIBIOTICSGROUP_GLASSAMC_AWARE_O,,,,,,,,,,8.22,,,,,,8.2,,,EN,2025-09-24T04:00:00.000Z
GLASSAMC_AWARE,Pattern of antibiotic consumption at national level (relative use by AWaRe classification),numeric,AFR,Africa,Country,UGA,Uganda,Year,2022,false,AWARE Antibiotics group,Not classified (%) / not recommended (%),GLASSAMCAWARE_ANTIBIOTICSGROUP_GLASSAMC_AWARE_O,,,,,,,,,,8.28,,,,,,8.3,,,EN,2025-09-24T04:00:00.000Z
GLASSAMC_AWARE,Pattern of antibiotic consumption at national level (relative use by AWaRe classification),numeric,AFR,Africa,Country,ZAF,South Africa,Year,2022,false,AWARE Antibiotics group,Access (%),GLASSAMCAWARE_ANTIBIOTICSGROUP_GLASSAMC_AWARE_A,,,,,,,,,,80.9,,,,,,80.9,,Only use in the public sector reported,EN,2025-09-24T04:00:00.000Z
GLASSAMC_AWARE,Pattern of antibiotic consumption at national level (relative use by AWaRe classification),numeric,EUR,Europe,Country,NOR,Norway,Year,2022,false,AWARE Antibiotics group,Access (%),GLASSAMCAWARE_ANTIBIOTICSGROUP_GLASSAMC_AWARE_A,,,,,,,,,,81.65,,,,,,81.7,,,EN,2024-09-18T04:00:00.000Z
GLASSAMC_AWARE,Pattern of antibiotic consumption at national level (relative use by AWaRe classification),numeric,EMR,Eastern Mediterranean,Country,OMN,Oman,Year,2022,false,AWARE Antibiotics group,Access (%),GLASSAMCAWARE_ANTIBIOTICSGROUP_GLASSAMC_AWARE_A,,,,,,,,,,81.66,,,,,,81.7,,Only use in the public sector reported,EN,2025-09-24T04:00:00.000Z
GLASSAMC_AWARE,Pattern of antibiotic consumption at national level (relative use by AWaRe classification),numeric,AFR,Africa,Country,CIV,Cote d'Ivoire,Year,2022,false,AWARE Antibiotics group,Access (%),GLASSAMCAWARE_ANTIBIOTICSGROUP_GLASSAMC_AWARE_A,,,,,,,,,,82.05,,,,,,82.1,,For antibiotics: only J01 and P01AB reported,EN,2025-09-24T04:00:00.000Z
GLASSAMC_AWARE,Pattern of antibiotic consumption at national level (relative use by AWaRe classification),numeric,EUR,Europe,Country,DNK,Denmark,Year,2022,false,AWARE Antibiotics group,Access (%),GLASSAMCAWARE_ANTIBIOTICSGROUP_GLASSAMC_AWARE_A,,,,,,,,,,82.75,,,,,,82.8,,,EN,2024-09-18T04:00:00.000Z
GLASSAMC_AWARE,Pattern of antibiotic consumption at national level (relative use by AWaRe classification),numeric,WPR,Western Pacific,Country,PNG,Papua New Guinea,Year,2022,false,AWARE Antibiotics group,Access (%),GLASSAMCAWARE_ANTIBIOTICSGROUP_GLASSAMC_AWARE_A,,,,,,,,,,82.93,,,,,,82.9,,Only use in the public sector reported,EN,2025-09-24T04:00:00.000Z
GLASSAMC_AWARE,Pattern of antibiotic consumption at national level (relative use by AWaRe classification),numeric,AFR,Africa,Country,RWA,Rwanda,Year,2022,true,AWARE Antibiotics group,Access (%),GLASSAMCAWARE_ANTIBIOTICSGROUP_GLASSAMC_AWARE_A,,,,,,,,,,84.71,,,,,,84.7,,Only use in the public sector reported,EN,2025-09-24T04:00:00.000Z
GLASSAMC_AWARE,Pattern of antibiotic consumption at national level (relative use by AWaRe classification),numeric,EUR,Europe,Country,ISL,Iceland,Year,2022,false,AWARE Antibiotics group,Access (%),GLASSAMCAWARE_ANTIBIOTICSGROUP_GLASSAMC_AWARE_A,,,,,,,,,,87.11,,,,,,87.1,,,EN,2024-09-18T04:00:00.000Z
GLASSAMC_AWARE,Pattern of antibiotic consumption at national level (relative use by AWaRe classification),numeric,SEAR,South-East Asia,Country,BTN,Bhutan,Year,2022,false,AWARE Antibiotics group,Access (%),GLASSAMCAWARE_ANTIBIOTICSGROUP_GLASSAMC_AWARE_A,,,,,,,,,,89.78,,,,,,89.8,,For antibiotics: only J01 reported,EN,2025-09-24T04:00:00.000Z
GLASSAMC_AWARE,Pattern of antibiotic consumption at national level (relative use by AWaRe classification),numeric,EUR,Europe,Country,ARM,Armenia,Year,2021,false,AWARE Antibiotics group,Not classified (%) / not recommended (%),GLASSAMCAWARE_ANTIBIOTICSGROUP_GLASSAMC_AWARE_O,,,,,,,,,,0.016,,,,,,0,,,EN,2025-09-24T04:00:00.000Z
GLASSAMC_AWARE,Pattern of antibiotic consumption at national level (relative use by AWaRe classification),numeric,EUR,Europe,Country,AUT,Austria,Year,2021,false,AWARE Antibiotics group,Not classified (%) / not recommended (%),GLASSAMCAWARE_ANTIBIOTICSGROUP_GLASSAMC_AWARE_O,,,,,,,,,,0,,,,,,0,,,EN,2025-09-24T04:00:00.000Z
GLASSAMC_AWARE,Pattern of antibiotic consumption at national level (relative use by AWaRe classification),numeric,SEAR,South-East Asia,Country,BGD,Bangladesh,Year,2021,false,AWARE Antibiotics group,Not classified (%) / not recommended (%),GLASSAMCAWARE_ANTIBIOTICSGROUP_GLASSAMC_AWARE_O,,,,,,,,,,0.017,,,,,,0,,,EN,2025-09-24T04:00:00.000Z
GLASSAMC_AWARE,Pattern of antibiotic consumption at national level (relative use by AWaRe classification),numeric,EUR,Europe,Country,BEL,Belgium,Year,2021,false,AWARE Antibiotics group,Not classified (%) / not recommended (%),GLASSAMCAWARE_ANTIBIOTICSGROUP_GLASSAMC_AWARE_O,,,,,,,,,,0,,,,,,0,,,EN,2025-09-24T04:00:00.000Z
GLASSAMC_AWARE,Pattern of antibiotic consumption at national level (relative use by AWaRe classification),numeric,AFR,Africa,Country,BEN,Benin,Year,2021,false,AWARE Antibiotics group,Reserve (%),GLASSAMCAWARE_ANTIBIOTICSGROUP_GLASSAMC_AWARE_R,,,,,,,,,,0,,,,,,0,,,EN,2024-09-18T04:00:00.000Z
GLASSAMC_AWARE,Pattern of antibiotic consumption at national level (relative use by AWaRe classification),numeric,SEAR,South-East Asia,Country,BTN,Bhutan,Year,2021,false,AWARE Antibiotics group,Not classified (%) / not recommended (%),GLASSAMCAWARE_ANTIBIOTICSGROUP_GLASSAMC_AWARE_O,,,,,,,,,,0,,,,,,0,,For antibiotics: only J01 reported,EN,2025-09-24T04:00:00.000Z
GLASSAMC_AWARE,Pattern of antibiotic consumption at national level (relative use by AWaRe classification),numeric,SEAR,South-East Asia,Country,BTN,Bhutan,Year,2021,false,AWARE Antibiotics group,Reserve (%),GLASSAMCAWARE_ANTIBIOTICSGROUP_GLASSAMC_AWARE_R,,,,,,,,,,0.002,,,,,,0,,For antibiotics: only J01 reported,EN,2025-09-24T04:00:00.000Z
GLASSAMC_AWARE,Pattern of antibiotic consumption at national level (relative use by AWaRe classification),numeric,AFR,Africa,Country,BFA,Burkina Faso,Year,2021,false,AWARE Antibiotics group,Reserve (%),GLASSAMCAWARE_ANTIBIOTICSGROUP_GLASSAMC_AWARE_R,,,,,,,,,,0,,,,,,0,,For antibiotics: only J01 and P01AB reported,EN,2025-09-24T04:00:00.000Z
GLASSAMC_AWARE,Pattern of antibiotic consumption at national level (relative use by AWaRe classification),numeric,AFR,Africa,Country,CIV,Cote d'Ivoire,Year,2021,false,AWARE Antibiotics group,Reserve (%),GLASSAMCAWARE_ANTIBIOTICSGROUP_GLASSAMC_AWARE_R,,,,,,,,,,0,,,,,,0,,For antibiotics: only J01 and P01AB reported,EN,2025-09-24T04:00:00.000Z
GLASSAMC_AWARE,Pattern of antibiotic consumption at national level (relative use by AWaRe classification),numeric,AMR,Americas,Country,COL,Colombia,Year,2021,false,AWARE Antibiotics group,Not classified (%) / not recommended (%),GLASSAMCAWARE_ANTIBIOTICSGROUP_GLASSAMC_AWARE_O,,,,,,,,,,0,,,,,,0,,,EN,2024-09-18T04:00:00.000Z
GLASSAMC_AWARE,Pattern of antibiotic consumption at national level (relative use by AWaRe classification),numeric,EUR,Europe,Country,HRV,Croatia,Year,2021,false,AWARE Antibiotics group,Not classified (%) / not recommended (%),GLASSAMCAWARE_ANTIBIOTICSGROUP_GLASSAMC_AWARE_O,,,,,,,,,,0.0001,,,,,,0,,,EN,2025-09-24T04:00:00.000Z
GLASSAMC_AWARE,Pattern of antibiotic consumption at national level (relative use by AWaRe classification),numeric,EUR,Europe,Country,CYP,Cyprus,Year,2021,false,AWARE Antibiotics group,Not classified (%) / not recommended (%),GLASSAMCAWARE_ANTIBIOTICSGROUP_GLASSAMC_AWARE_O,,,,,,,,,,0.014,,,,,,0,,,EN,2025-09-24T04:00:00.000Z
GLASSAMC_AWARE,Pattern of antibiotic consumption at national level (relative use by AWaRe classification),numeric,EUR,Europe,Country,DNK,Denmark,Year,2021,false,AWARE Antibiotics group,Not classified (%) / not recommended (%),GLASSAMCAWARE_ANTIBIOTICSGROUP_GLASSAMC_AWARE_O,,,,,,,,,,0,,,,,,0,,,EN,2024-09-18T04:00:00.000Z
GLASSAMC_AWARE,Pattern of antibiotic consumption at national level (relative use by AWaRe classification),numeric,EUR,Europe,Country,EST,Estonia,Year,2021,false,AWARE Antibiotics group,Not classified (%) / not recommended (%),GLASSAMCAWARE_ANTIBIOTICSGROUP_GLASSAMC_AWARE_O,,,,,,,,,,0.0001,,,,,,0,,,EN,2024-09-18T04:00:00.000Z
GLASSAMC_AWARE,Pattern of antibiotic consumption at national level (relative use by AWaRe classification),numeric,AFR,Africa,Country,ETH,Ethiopia,Year,2021,false,AWARE Antibiotics group,Not classified (%) / not recommended (%),GLASSAMCAWARE_ANTIBIOTICSGROUP_GLASSAMC_AWARE_O,,,,,,,,,,0,,,,,,0,,For antibiotics: only J01 and P01AB reported,EN,2025-09-24T04:00:00.000Z
GLASSAMC_AWARE,Pattern of antibiotic consumption at national level (relative use by AWaRe classification),numeric,AFR,Africa,Country,ETH,Ethiopia,Year,2021,false,AWARE Antibiotics group,Reserve (%),GLASSAMCAWARE_ANTIBIOTICSGROUP_GLASSAMC_AWARE_R,,,,,,,,,,0,,,,,,0,,For antibiotics: only J01 and P01AB reported,EN,2025-09-24T04:00:00.000Z
GLASSAMC_AWARE,Pattern of antibiotic consumption at national level (relative use by AWaRe classification),numeric,EUR,Europe,Country,FIN,Finland,Year,2021,false,AWARE Antibiotics group,Not classified (%) / not recommended (%),GLASSAMCAWARE_ANTIBIOTICSGROUP_GLASSAMC_AWARE_O,,,,,,,,,,0,,,,,,0,,,EN,2024-09-18T04:00:00.000Z
GLASSAMC_AWARE,Pattern of antibiotic consumption at national level (relative use by AWaRe classification),numeric,AMR,Americas,Country,HND,Honduras,Year,2021,false,AWARE Antibiotics group,Not classified (%) / not recommended (%),GLASSAMCAWARE_ANTIBIOTICSGROUP_GLASSAMC_AWARE_O,,,,,,,,,,0,,,,,,0,,Only use in the public sector reported,EN,2025-09-24T04:00:00.000Z
GLASSAMC_AWARE,Pattern of antibiotic consumption at national level (relative use by AWaRe classification),numeric,AMR,Americas,Country,HND,Honduras,Year,2021,false,AWARE Antibiotics group,Reserve (%),GLASSAMCAWARE_ANTIBIOTICSGROUP_GLASSAMC_AWARE_R,,,,,,,,,,0.018,,,,,,0,,Only use in the public sector reported,EN,2025-09-24T04:00:00.000Z
GLASSAMC_AWARE,Pattern of antibiotic consumption at national level (relative use by AWaRe classification),numeric,EUR,Europe,Country,HUN,Hungary,Year,2021,false,AWARE Antibiotics group,Not classified (%) / not recommended (%),GLASSAMCAWARE_ANTIBIOTICSGROUP_GLASSAMC_AWARE_O,,,,,,,,,,0,,,,,,0,,,EN,2024-09-18T04:00:00.000Z
GLASSAMC_AWARE,Pattern of antibiotic consumption at national level (relative use by AWaRe classification),numeric,EUR,Europe,Country,ISL,Iceland,Year,2021,false,AWARE Antibiotics group,Not classified (%) / not recommended (%),GLASSAMCAWARE_ANTIBIOTICSGROUP_GLASSAMC_AWARE_O,,,,,,,,,,0,,,,,,0,,,EN,2024-09-18T04:00:00.000Z
GLASSAMC_AWARE,Pattern of antibiotic consumption at national level (relative use by AWaRe classification),numeric,EMR,Eastern Mediterranean,Country,IRN,Iran (Islamic Republic of),Year,2021,false,AWARE Antibiotics group,Not classified (%) / not recommended (%),GLASSAMCAWARE_ANTIBIOTICSGROUP_GLASSAMC_AWARE_O,,,,,,,,,,0,,,,,,0,,,EN,2025-09-24T04:00:00.000Z
GLASSAMC_AWARE,Pattern of antibiotic consumption at national level (relative use by AWaRe classification),numeric,EUR,Europe,Country,IRL,Ireland,Year,2021,false,AWARE Antibiotics group,Not classified (%) / not recommended (%),GLASSAMCAWARE_ANTIBIOTICSGROUP_GLASSAMC_AWARE_O,,,,,,,,,,0,,,,,,0,,,EN,2024-09-18T04:00:00.000Z
GLASSAMC_AWARE,Pattern of antibiotic consumption at national level (relative use by AWaRe classification),numeric,EUR,Europe,Country,ITA,Italy,Year,2021,false,AWARE Antibiotics group,Not classified (%) / not recommended (%),GLASSAMCAWARE_ANTIBIOTICSGROUP_GLASSAMC_AWARE_O,,,,,,,,,,0,,,,,,0,,,EN,2025-09-24T04:00:00.000Z
GLASSAMC_AWARE,Pattern of antibiotic consumption at national level (relative use by AWaRe classification),numeric,EMR,Eastern Mediterranean,Country,JOR,Jordan,Year,2021,false,AWARE Antibiotics group,Reserve (%),GLASSAMCAWARE_ANTIBIOTICSGROUP_GLASSAMC_AWARE_R,,,,,,,,,,0.041,,,,,,0,,,EN,2024-09-18T04:00:00.000Z
GLASSAMC_AWARE,Pattern of antibiotic consumption at national level (relative use by AWaRe classification),numeric,AFR,Africa,Country,KEN,Kenya,Year,2021,true,AWARE Antibiotics group,Reserve (%),GLASSAMCAWARE_ANTIBIOTICSGROUP_GLASSAMC_AWARE_R,,,,,,,,,,0.033,,,,,,0,,Data incomplete since not collected from all sources of data,EN,2024-09-18T04:00:00.000Z
GLASSAMC_AWARE,Pattern of antibiotic consumption at national level (relative use by AWaRe classification),numeric,WPR,Western Pacific,Country,LAO,Lao People's Democratic Republic,Year,2021,false,AWARE Antibiotics group,Not classified (%) / not recommended (%),GLASSAMCAWARE_ANTIBIOTICSGROUP_GLASSAMC_AWARE_O,,,,,,,,,,0,,,,,,0,,For antibiotics: only J01 and P01AB reported,EN,2025-09-24T04:00:00.000Z
GLASSAMC_AWARE,Pattern of antibiotic consumption at national level (relative use by AWaRe classification),numeric,WPR,Western Pacific,Country,LAO,Lao People's Democratic Republic,Year,2021,false,AWARE Antibiotics group,Reserve (%),GLASSAMCAWARE_ANTIBIOTICSGROUP_GLASSAMC_AWARE_R,,,,,,,,,,0,,,,,,0,,For antibiotics: only J01 and P01AB reported,EN,2025-09-24T04:00:00.000Z
GLASSAMC_AWARE,Pattern of antibiotic consumption at national level (relative use by AWaRe classification),numeric,EUR,Europe,Country,LVA,Latvia,Year,2021,false,AWARE Antibiotics group,Not classified (%) / not recommended (%),GLASSAMCAWARE_ANTIBIOTICSGROUP_GLASSAMC_AWARE_O,,,,,,,,,,0.011,,,,,,0,,,EN,2025-09-24T04:00:00.000Z
GLASSAMC_AWARE,Pattern of antibiotic consumption at national level (relative use by AWaRe classification),numeric,EUR,Europe,Country,LTU,Lithuania,Year,2021,false,AWARE Antibiotics group,Not classified (%) / not recommended (%),GLASSAMCAWARE_ANTIBIOTICSGROUP_GLASSAMC_AWARE_O,,,,,,,,,,0,,,,,,0,,,EN,2024-09-18T04:00:00.000Z
GLASSAMC_AWARE,Pattern of antibiotic consumption at national level (relative use by AWaRe classification),numeric,SEAR,South-East Asia,Country,MDV,Maldives,Year,2021,false,AWARE Antibiotics group,Reserve (%),GLASSAMCAWARE_ANTIBIOTICSGROUP_GLASSAMC_AWARE_R,,,,,,,,,,0.01,,,,,,0,,,EN,2025-09-24T04:00:00.000Z
GLASSAMC_AWARE,Pattern of antibiotic consumption at national level (relative use by AWaRe classification),numeric,AFR,Africa,Country,MLI,Mali,Year,2021,false,AWARE Antibiotics group,Reserve (%),GLASSAMCAWARE_ANTIBIOTICSGROUP_GLASSAMC_AWARE_R,,,,,,,,,,0,,,,,,0,,For antibiotics: only J01 and P01AB reported,EN,2025-09-24T04:00:00.000Z
GLASSAMC_AWARE,Pattern of antibiotic consumption at national level (relative use by AWaRe classification),numeric,EUR,Europe,Country,MNE,Montenegro,Year,2021,false,AWARE Antibiotics group,Reserve (%),GLASSAMCAWARE_ANTIBIOTICSGROUP_GLASSAMC_AWARE_R,,,,,,,,,,0.024,,,,,,0,,,EN,2024-09-18T04:00:00.000Z
GLASSAMC_AWARE,Pattern of antibiotic consumption at national level (relative use by AWaRe classification),numeric,EUR,Europe,Country,NOR,Norway,Year,2021,false,AWARE Antibiotics group,Not classified (%) / not recommended (%),GLASSAMCAWARE_ANTIBIOTICSGROUP_GLASSAMC_AWARE_O,,,,,,,,,,0,,,,,,0,,,EN,2024-09-18T04:00:00.000Z
GLASSAMC_AWARE,Pattern of antibiotic consumption at national level (relative use by AWaRe classification),numeric,EMR,Eastern Mediterranean,Country,OMN,Oman,Year,2021,false,AWARE Antibiotics group,Not classified (%) / not recommended (%),GLASSAMCAWARE_ANTIBIOTICSGROUP_GLASSAMC_AWARE_O,,,,,,,,,,0,,,,,,0,,,EN,2024-09-18T04:00:00.000Z
GLASSAMC_AWARE,Pattern of antibiotic consumption at national level (relative use by AWaRe classification),numeric,AMR,Americas,Country,PER,Peru,Year,2021,false,AWARE Antibiotics group,Not classified (%) / not recommended (%),GLASSAMCAWARE_ANTIBIOTICSGROUP_GLASSAMC_AWARE_O,,,,,,,,,,0,,,,,,0,,,EN,2025-09-24T04:00:00.000Z
GLASSAMC_AWARE,Pattern of antibiotic consumption at national level (relative use by AWaRe classification),numeric,EUR,Europe,Country,POL,Poland,Year,2021,false,AWARE Antibiotics group,Not classified (%) / not recommended (%),GLASSAMCAWARE_ANTIBIOTICSGROUP_GLASSAMC_AWARE_O,,,,,,,,,,0.022,,,,,,0,,,EN,2024-09-18T04:00:00.000Z
GLASSAMC_AWARE,Pattern of antibiotic consumption at national level (relative use by AWaRe classification),numeric,EUR,Europe,Country,PRT,Portugal,Year,2021,false,AWARE Antibiotics group,Not classified (%) / not recommended (%),GLASSAMCAWARE_ANTIBIOTICSGROUP_GLASSAMC_AWARE_O,,,,,,,,,,0.008,,,,,,0,,,EN,2025-09-24T04:00:00.000Z
GLASSAMC_AWARE,Pattern of antibiotic consumption at national level (relative use by AWaRe classification),numeric,EMR,Eastern Mediterranean,Country,QAT,Qatar,Year,2021,false,AWARE Antibiotics group,Not classified (%) / not recommended (%),GLASSAMCAWARE_ANTIBIOTICSGROUP_GLASSAMC_AWARE_O,,,,,,,,,,0,,,,,,0,,Incomplete data - collected from a limited proportion of data providers from the public sector,EN,2025-09-24T04:00:00.000Z
GLASSAMC_AWARE,Pattern of antibiotic consumption at national level (relative use by AWaRe classification),numeric,WPR,Western Pacific,Country,KOR,Republic of Korea,Year,2021,false,AWARE Antibiotics group,Not classified (%) / not recommended (%),GLASSAMCAWARE_ANTIBIOTICSGROUP_GLASSAMC_AWARE_O,,,,,,,,,,0.036,,,,,,0,,,EN,2024-09-18T04:00:00.000Z
GLASSAMC_AWARE,Pattern of antibiotic consumption at national level (relative use by AWaRe classification),numeric,AFR,Africa,Country,SEN,Senegal,Year,2021,false,AWARE Antibiotics group,Reserve (%),GLASSAMCAWARE_ANTIBIOTICSGROUP_GLASSAMC_AWARE_R,,,,,,,,,,0,,,,,,0,,For antibiotics: only J01 reported,EN,2025-09-24T04:00:00.000Z
GLASSAMC_AWARE,Pattern of antibiotic consumption at national level (relative use by AWaRe classification),numeric,EUR,Europe,Country,SVN,Slovenia,Year,2021,false,AWARE Antibiotics group,Not classified (%) / not recommended (%),GLASSAMCAWARE_ANTIBIOTICSGROUP_GLASSAMC_AWARE_O,,,,,,,,,,0,,,,,,0,,,EN,2025-09-24T04:00:00.000Z
GLASSAMC_AWARE,Pattern of antibiotic consumption at national level (relative use by AWaRe classification),numeric,AFR,Africa,Country,ZAF,South Africa,Year,2021,false,AWARE Antibiotics group,Not classified (%) / not recommended (%),GLASSAMCAWARE_ANTIBIOTICSGROUP_GLASSAMC_AWARE_O,,,,,,,,,,0,,,,,,0,,Only use in the public sector reported,EN,2025-09-24T04:00:00.000Z
GLASSAMC_AWARE,Pattern of antibiotic consumption at national level (relative use by AWaRe classification),numeric,EMR,Eastern Mediterranean,Country,SDN,Sudan,Year,2021,true,AWARE Antibiotics group,Not classified (%) / not recommended (%),GLASSAMCAWARE_ANTIBIOTICSGROUP_GLASSAMC_AWARE_O,,,,,,,,,,0,,,,,,0,,For antibiotics: only J01 reported,EN,2025-09-24T04:00:00.000Z
GLASSAMC_AWARE,Pattern of antibiotic consumption at national level (relative use by AWaRe classification),numeric,EMR,Eastern Mediterranean,Country,SDN,Sudan,Year,2021,true,AWARE Antibiotics group,Reserve (%),GLASSAMCAWARE_ANTIBIOTICSGROUP_GLASSAMC_AWARE_R,,,,,,,,,,0,,,,,,0,,For antibiotics: only J01 reported,EN,2025-09-24T04:00:00.000Z
GLASSAMC_AWARE,Pattern of antibiotic consumption at national level (relative use by AWaRe classification),numeric,EUR,Europe,Country,SWE,Sweden,Year,2021,true,AWARE Antibiotics group,Not classified (%) / not recommended (%),GLASSAMCAWARE_ANTIBIOTICSGROUP_GLASSAMC_AWARE_O,,,,,,,,,,0,,,,,,0,,,EN,2024-09-18T04:00:00.000Z
GLASSAMC_AWARE,Pattern of antibiotic consumption at national level (relative use by AWaRe classification),numeric,EUR,Europe,Country,CHE,Switzerland,Year,2021,false,AWARE Antibiotics group,Not classified (%) / not recommended (%),GLASSAMCAWARE_ANTIBIOTICSGROUP_GLASSAMC_AWARE_O,,,,,,,,,,0,,,,,,0,,,EN,2025-09-24T04:00:00.000Z
GLASSAMC_AWARE,Pattern of antibiotic consumption at national level (relative use by AWaRe classification),numeric,EMR,Eastern Mediterranean,Country,TUN,Tunisia,Year,2021,false,AWARE Antibiotics group,Reserve (%),GLASSAMCAWARE_ANTIBIOTICSGROUP_GLASSAMC_AWARE_R,,,,,,,,,,0.046,,,,,,0,,For antibiotics: only J01 and P01AB reported,EN,2025-09-24T04:00:00.000Z
GLASSAMC_AWARE,Pattern of antibiotic consumption at national level (relative use by AWaRe classification),numeric,AFR,Africa,Country,UGA,Uganda,Year,2021,false,AWARE Antibiotics group,Reserve (%),GLASSAMCAWARE_ANTIBIOTICSGROUP_GLASSAMC_AWARE_R,,,,,,,,,,0.026,,,,,,0,,,EN,2024-09-18T04:00:00.000Z
GLASSAMC_AWARE,Pattern of antibiotic consumption at national level (relative use by AWaRe classification),numeric,EUR,Europe,Country,GBR,United Kingdom of Great Britain and Northern Ireland,Year,2021,false,AWARE Antibiotics group,Not classified (%) / not recommended (%),GLASSAMCAWARE_ANTIBIOTICSGROUP_GLASSAMC_AWARE_O,,,,,,,,,,0.006,,,,,,0,,Only use in the public sector reported,EN,2025-09-24T04:00:00.000Z
GLASSAMC_AWARE,Pattern of antibiotic consumption at national level (relative use by AWaRe classification),numeric,AFR,Africa,Country,TZA,United Republic of Tanzania,Year,2021,false,AWARE Antibiotics group,Reserve (%),GLASSAMCAWARE_ANTIBIOTICSGROUP_GLASSAMC_AWARE_R,,,,,,,,,,0,,,,,,0,,,EN,2024-09-18T04:00:00.000Z
GLASSAMC_AWARE,Pattern of antibiotic consumption at national level (relative use by AWaRe classification),numeric,EUR,Europe,Country,ARM,Armenia,Year,2021,false,AWARE Antibiotics group,Reserve (%),GLASSAMCAWARE_ANTIBIOTICSGROUP_GLASSAMC_AWARE_R,,,,,,,,,,0.15,,,,,,0.1,,,EN,2025-09-24T04:00:00.000Z
GLASSAMC_AWARE,Pattern of antibiotic consumption at national level (relative use by AWaRe classification),numeric,EUR,Europe,Country,BEL,Belgium,Year,2021,false,AWARE Antibiotics group,Reserve (%),GLASSAMCAWARE_ANTIBIOTICSGROUP_GLASSAMC_AWARE_R,,,,,,,,,,0.14,,,,,,0.1,,,EN,2025-09-24T04:00:00.000Z
GLASSAMC_AWARE,Pattern of antibiotic consumption at national level (relative use by AWaRe classification),numeric,EUR,Europe,Country,GEO,Georgia,Year,2021,false,AWARE Antibiotics group,Reserve (%),GLASSAMCAWARE_ANTIBIOTICSGROUP_GLASSAMC_AWARE_R,,,,,,,,,,0.084,,,,,,0.1,,,EN,2024-09-18T04:00:00.000Z
GLASSAMC_AWARE,Pattern of antibiotic consumption at national level (relative use by AWaRe classification),numeric,EUR,Europe,Country,HUN,Hungary,Year,2021,false,AWARE Antibiotics group,Reserve (%),GLASSAMCAWARE_ANTIBIOTICSGROUP_GLASSAMC_AWARE_R,,,,,,,,,,0.13,,,,,,0.1,,,EN,2024-09-18T04:00:00.000Z
GLASSAMC_AWARE,Pattern of antibiotic consumption at national level (relative use by AWaRe classification),numeric,EUR,Europe,Country,ISL,Iceland,Year,2021,false,AWARE Antibiotics group,Reserve (%),GLASSAMCAWARE_ANTIBIOTICSGROUP_GLASSAMC_AWARE_R,,,,,,,,,,0.076,,,,,,0.1,,,EN,2024-09-18T04:00:00.000Z
GLASSAMC_AWARE,Pattern of antibiotic consumption at national level (relative use by AWaRe classification),numeric,EMR,Eastern Mediterranean,Country,IRN,Iran (Islamic Republic of),Year,2021,false,AWARE Antibiotics group,Reserve (%),GLASSAMCAWARE_ANTIBIOTICSGROUP_GLASSAMC_AWARE_R,,,,,,,,,,0.051,,,,,,0.1,,,EN,2024-09-18T04:00:00.000Z
GLASSAMC_AWARE,Pattern of antibiotic consumption at national level (relative use by AWaRe classification),numeric,EUR,Europe,Country,MNE,Montenegro,Year,2021,false,AWARE Antibiotics group,Not classified (%) / not recommended (%),GLASSAMCAWARE_ANTIBIOTICSGROUP_GLASSAMC_AWARE_O,,,,,,,,,,0.12,,,,,,0.1,,,EN,2025-09-24T04:00:00.000Z
GLASSAMC_AWARE,Pattern of antibiotic consumption at national level (relative use by AWaRe classification),numeric,SEAR,South-East Asia,Country,NPL,Nepal,Year,2021,false,AWARE Antibiotics group,Reserve (%),GLASSAMCAWARE_ANTIBIOTICSGROUP_GLASSAMC_AWARE_R,,,,,,,,,,0.076,,,,,,0.1,,,EN,2024-09-18T04:00:00.000Z
GLASSAMC_AWARE,Pattern of antibiotic consumption at national level (relative use by AWaRe classification),numeric,EUR,Europe,Country,POL,Poland,Year,2021,false,AWARE Antibiotics group,Reserve (%),GLASSAMCAWARE_ANTIBIOTICSGROUP_GLASSAMC_AWARE_R,,,,,,,,,,0.12,,,,,,0.1,,,EN,2024-09-18T04:00:00.000Z
GLASSAMC_AWARE,Pattern of antibiotic consumption at national level (relative use by AWaRe classification),numeric,WPR,Western Pacific,Country,KOR,Republic of Korea,Year,2021,false,AWARE Antibiotics group,Reserve (%),GLASSAMCAWARE_ANTIBIOTICSGROUP_GLASSAMC_AWARE_R,,,,,,,,,,0.11,,,,,,0.1,,,EN,2024-09-18T04:00:00.000Z
GLASSAMC_AWARE,Pattern of antibiotic consumption at national level (relative use by AWaRe classification),numeric,EUR,Europe,Country,ROU,Romania,Year,2021,false,AWARE Antibiotics group,Not classified (%) / not recommended (%),GLASSAMCAWARE_ANTIBIOTICSGROUP_GLASSAMC_AWARE_O,,,,,,,,,,0.07,,,,,,0.1,,,EN,2024-09-18T04:00:00.000Z
GLASSAMC_AWARE,Pattern of antibiotic consumption at national level (relative use by AWaRe classification),numeric,SEAR,South-East Asia,Country,BGD,Bangladesh,Year,2021,false,AWARE Antibiotics group,Reserve (%),GLASSAMCAWARE_ANTIBIOTICSGROUP_GLASSAMC_AWARE_R,,,,,,,,,,0.16,,,,,,0.2,,,EN,2024-09-18T04:00:00.000Z
GLASSAMC_AWARE,Pattern of antibiotic consumption at national level (relative use by AWaRe classification),numeric,GLOBAL,Global,Country,HKG,"China, Hong Kong Special Administrative Region",Year,2021,false,AWARE Antibiotics group,Reserve (%),GLASSAMCAWARE_ANTIBIOTICSGROUP_GLASSAMC_AWARE_R,,,,,,,,,,0.19,,,,,,0.2,,,EN,2024-09-18T04:00:00.000Z
GLASSAMC_AWARE,Pattern of antibiotic consumption at national level (relative use by AWaRe classification),numeric,AMR,Americas,Country,COL,Colombia,Year,2021,false,AWARE Antibiotics group,Reserve (%),GLASSAMCAWARE_ANTIBIOTICSGROUP_GLASSAMC_AWARE_R,,,,,,,,,,0.15,,,,,,0.2,,,EN,2024-09-18T04:00:00.000Z
GLASSAMC_AWARE,Pattern of antibiotic consumption at national level (relative use by AWaRe classification),numeric,EUR,Europe,Country,EST,Estonia,Year,2021,false,AWARE Antibiotics group,Reserve (%),GLASSAMCAWARE_ANTIBIOTICSGROUP_GLASSAMC_AWARE_R,,,,,,,,,,0.22,,,,,,0.2,,,EN,2024-09-18T04:00:00.000Z
GLASSAMC_AWARE,Pattern of antibiotic consumption at national level (relative use by AWaRe classification),numeric,EUR,Europe,Country,FIN,Finland,Year,2021,false,AWARE Antibiotics group,Reserve (%),GLASSAMCAWARE_ANTIBIOTICSGROUP_GLASSAMC_AWARE_R,,,,,,,,,,0.16,,,,,,0.2,,,EN,2024-09-18T04:00:00.000Z
GLASSAMC_AWARE,Pattern of antibiotic consumption at national level (relative use by AWaRe classification),numeric,EUR,Europe,Country,DEU,Germany,Year,2021,false,AWARE Antibiotics group,Reserve (%),GLASSAMCAWARE_ANTIBIOTICSGROUP_GLASSAMC_AWARE_R,,,,,,,,,,0.2,,,,,,0.2,,Only use in the community reported,EN,2025-09-24T04:00:00.000Z
GLASSAMC_AWARE,Pattern of antibiotic consumption at national level (relative use by AWaRe classification),numeric,EUR,Europe,Country,LVA,Latvia,Year,2021,false,AWARE Antibiotics group,Reserve (%),GLASSAMCAWARE_ANTIBIOTICSGROUP_GLASSAMC_AWARE_R,,,,,,,,,,0.16,,,,,,0.2,,,EN,2024-09-18T04:00:00.000Z
GLASSAMC_AWARE,Pattern of antibiotic consumption at national level (relative use by AWaRe classification),numeric,EUR,Europe,Country,LTU,Lithuania,Year,2021,false,AWARE Antibiotics group,Reserve (%),GLASSAMCAWARE_ANTIBIOTICSGROUP_GLASSAMC_AWARE_R,,,,,,,,,,0.16,,,,,,0.2,,,EN,2024-09-18T04:00:00.000Z
GLASSAMC_AWARE,Pattern of antibiotic consumption at national level (relative use by AWaRe classification),numeric,EUR,Europe,Country,NOR,Norway,Year,2021,false,AWARE Antibiotics group,Reserve (%),GLASSAMCAWARE_ANTIBIOTICSGROUP_GLASSAMC_AWARE_R,,,,,,,,,,0.2,,,,,,0.2,,,EN,2024-09-18T04:00:00.000Z
GLASSAMC_AWARE,Pattern of antibiotic consumption at national level (relative use by AWaRe classification),numeric,AMR,Americas,Country,PER,Peru,Year,2021,false,AWARE Antibiotics group,Reserve (%),GLASSAMCAWARE_ANTIBIOTICSGROUP_GLASSAMC_AWARE_R,,,,,,,,,,0.18,,,,,,0.2,,,EN,2025-09-24T04:00:00.000Z
GLASSAMC_AWARE,Pattern of antibiotic consumption at national level (relative use by AWaRe classification),numeric,EUR,Europe,Country,ROU,Romania,Year,2021,false,AWARE Antibiotics group,Reserve (%),GLASSAMCAWARE_ANTIBIOTICSGROUP_GLASSAMC_AWARE_R,,,,,,,,,,0.21,,,,,,0.2,,,EN,2024-09-18T04:00:00.000Z
GLASSAMC_AWARE,Pattern of antibiotic consumption at national level (relative use by AWaRe classification),numeric,AFR,Africa,Country,ZAF,South Africa,Year,2021,false,AWARE Antibiotics group,Reserve (%),GLASSAMCAWARE_ANTIBIOTICSGROUP_GLASSAMC_AWARE_R,,,,,,,,,,0.16,,,,,,0.2,,Only use in the public sector reported,EN,2025-09-24T04:00:00.000Z
GLASSAMC_AWARE,Pattern of antibiotic consumption at national level (relative use by AWaRe classification),numeric,EUR,Europe,Country,BLR,Belarus,Year,2021,false,AWARE Antibiotics group,Not classified (%) / not recommended (%),GLASSAMCAWARE_ANTIBIOTICSGROUP_GLASSAMC_AWARE_O,,,,,,,,,,0.34,,,,,,0.3,,,EN,2024-09-18T04:00:00.000Z
GLASSAMC_AWARE,Pattern of antibiotic consumption at national level (relative use by AWaRe classification),numeric,EUR,Europe,Country,DNK,Denmark,Year,2021,false,AWARE Antibiotics group,Reserve (%),GLASSAMCAWARE_ANTIBIOTICSGROUP_GLASSAMC_AWARE_R,,,,,,,,,,0.28,,,,,,0.3,,,EN,2024-09-18T04:00:00.000Z
GLASSAMC_AWARE,Pattern of antibiotic consumption at national level (relative use by AWaRe classification),numeric,EUR,Europe,Country,RUS,Russian Federation,Year,2021,false,AWARE Antibiotics group,Reserve (%),GLASSAMCAWARE_ANTIBIOTICSGROUP_GLASSAMC_AWARE_R,,,,,,,,,,0.3,,,,,,0.3,,,EN,2024-09-18T04:00:00.000Z
GLASSAMC_AWARE,Pattern of antibiotic consumption at national level (relative use by AWaRe classification),numeric,EUR,Europe,Country,SWE,Sweden,Year,2021,true,AWARE Antibiotics group,Reserve (%),GLASSAMCAWARE_ANTIBIOTICSGROUP_GLASSAMC_AWARE_R,,,,,,,,,,0.29,,,,,,0.3,,,EN,2024-09-18T04:00:00.000Z
GLASSAMC_AWARE,Pattern of antibiotic consumption at national level (relative use by AWaRe classification),numeric,EUR,Europe,Country,HRV,Croatia,Year,2021,false,AWARE Antibiotics group,Reserve (%),GLASSAMCAWARE_ANTIBIOTICSGROUP_GLASSAMC_AWARE_R,,,,,,,,,,0.36,,,,,,0.4,,,EN,2024-09-18T04:00:00.000Z
GLASSAMC_AWARE,Pattern of antibiotic consumption at national level (relative use by AWaRe classification),numeric,EUR,Europe,Country,CYP,Cyprus,Year,2021,false,AWARE Antibiotics group,Reserve (%),GLASSAMCAWARE_ANTIBIOTICSGROUP_GLASSAMC_AWARE_R,,,,,,,,,,0.35,,,,,,0.4,,,EN,2024-09-18T04:00:00.000Z
GLASSAMC_AWARE,Pattern of antibiotic consumption at national level (relative use by AWaRe classification),numeric,EUR,Europe,Country,CZE,Czechia,Year,2021,false,AWARE Antibiotics group,Reserve (%),GLASSAMCAWARE_ANTIBIOTICSGROUP_GLASSAMC_AWARE_R,,,,,,,,,,0.43,,,,,,0.4,,,EN,2024-09-18T04:00:00.000Z
GLASSAMC_AWARE,Pattern of antibiotic consumption at national level (relative use by AWaRe classification),numeric,EUR,Europe,Country,FRA,France,Year,2021,false,AWARE Antibiotics group,Reserve (%),GLASSAMCAWARE_ANTIBIOTICSGROUP_GLASSAMC_AWARE_R,,,,,,,,,,0.39,,,,,,0.4,,For antibiotics: only J01 and P01AB reported,EN,2025-09-24T04:00:00.000Z
GLASSAMC_AWARE,Pattern of antibiotic consumption at national level (relative use by AWaRe classification),numeric,AFR,Africa,Country,GAB,Gabon,Year,2021,false,AWARE Antibiotics group,Not classified (%) / not recommended (%),GLASSAMCAWARE_ANTIBIOTICSGROUP_GLASSAMC_AWARE_O,,,,,,,,,,0.43,,,,,,0.4,,,EN,2024-09-18T04:00:00.000Z
GLASSAMC_AWARE,Pattern of antibiotic consumption at national level (relative use by AWaRe classification),numeric,EUR,Europe,Country,DEU,Germany,Year,2021,false,AWARE Antibiotics group,Not classified (%) / not recommended (%),GLASSAMCAWARE_ANTIBIOTICSGROUP_GLASSAMC_AWARE_O,,,,,,,,,,0.4,,,,,,0.4,,Only use in the community reported,EN,2025-09-24T04:00:00.000Z
GLASSAMC_AWARE,Pattern of antibiotic consumption at national level (relative use by AWaRe classification),numeric,EUR,Europe,Country,MLT,Malta,Year,2021,false,AWARE Antibiotics group,Reserve (%),GLASSAMCAWARE_ANTIBIOTICSGROUP_GLASSAMC_AWARE_R,,,,,,,,,,0.44,,,,,,0.4,,,EN,2024-09-18T04:00:00.000Z
GLASSAMC_AWARE,Pattern of antibiotic consumption at national level (relative use by AWaRe classification),numeric,EUR,Europe,Country,PRT,Portugal,Year,2021,false,AWARE Antibiotics group,Reserve (%),GLASSAMCAWARE_ANTIBIOTICSGROUP_GLASSAMC_AWARE_R,,,,,,,,,,0.38,,,,,,0.4,,,EN,2024-09-18T04:00:00.000Z
GLASSAMC_AWARE,Pattern of antibiotic consumption at national level (relative use by AWaRe classification),numeric,EUR,Europe,Country,SVN,Slovenia,Year,2021,false,AWARE Antibiotics group,Reserve (%),GLASSAMCAWARE_ANTIBIOTICSGROUP_GLASSAMC_AWARE_R,,,,,,,,,,0.38,,,,,,0.4,,,EN,2024-09-18T04:00:00.000Z
GLASSAMC_AWARE,Pattern of antibiotic consumption at national level (relative use by AWaRe classification),numeric,EUR,Europe,Country,CHE,Switzerland,Year,2021,false,AWARE Antibiotics group,Reserve (%),GLASSAMCAWARE_ANTIBIOTICSGROUP_GLASSAMC_AWARE_R,,,,,,,,,,0.42,,,,,,0.4,,,EN,2024-09-18T04:00:00.000Z
GLASSAMC_AWARE,Pattern of antibiotic consumption at national level (relative use by AWaRe classification),numeric,EUR,Europe,Country,GBR,United Kingdom of Great Britain and Northern Ireland,Year,2021,false,AWARE Antibiotics group,Reserve (%),GLASSAMCAWARE_ANTIBIOTICSGROUP_GLASSAMC_AWARE_R,,,,,,,,,,0.45,,,,,,0.4,,Only use in the public sector reported,EN,2025-09-24T04:00:00.000Z
GLASSAMC_AWARE,Pattern of antibiotic consumption at national level (relative use by AWaRe classification),numeric,EUR,Europe,Country,BLR,Belarus,Year,2021,false,AWARE Antibiotics group,Reserve (%),GLASSAMCAWARE_ANTIBIOTICSGROUP_GLASSAMC_AWARE_R,,,,,,,,,,0.46,,,,,,0.5,,,EN,2024-09-18T04:00:00.000Z
GLASSAMC_AWARE,Pattern of antibiotic consumption at national level (relative use by AWaRe classification),numeric,AFR,Africa,Country,BFA,Burkina Faso,Year,2021,false,AWARE Antibiotics group,Not classified (%) / not recommended (%),GLASSAMCAWARE_ANTIBIOTICSGROUP_GLASSAMC_AWARE_O,,,,,,,,,,0.53,,,,,,0.5,,For antibiotics: only J01 and P01AB reported,EN,2025-09-24T04:00:00.000Z
GLASSAMC_AWARE,Pattern of antibiotic consumption at national level (relative use by AWaRe classification),numeric,EUR,Europe,Country,CZE,Czechia,Year,2021,false,AWARE Antibiotics group,Not classified (%) / not recommended (%),GLASSAMCAWARE_ANTIBIOTICSGROUP_GLASSAMC_AWARE_O,,,,,,,,,,0.52,,,,,,0.5,,,EN,2024-09-18T04:00:00.000Z
GLASSAMC_AWARE,Pattern of antibiotic consumption at national level (relative use by AWaRe classification),numeric,AFR,Africa,Country,GAB,Gabon,Year,2021,false,AWARE Antibiotics group,Reserve (%),GLASSAMCAWARE_ANTIBIOTICSGROUP_GLASSAMC_AWARE_R,,,,,,,,,,0.48,,,,,,0.5,,,EN,2024-09-18T04:00:00.000Z
GLASSAMC_AWARE,Pattern of antibiotic consumption at national level (relative use by AWaRe classification),numeric,EUR,Europe,Country,IRL,Ireland,Year,2021,false,AWARE Antibiotics group,Reserve (%),GLASSAMCAWARE_ANTIBIOTICSGROUP_GLASSAMC_AWARE_R,,,,,,,,,,0.52,,,,,,0.5,,,EN,2024-09-18T04:00:00.000Z
GLASSAMC_AWARE,Pattern of antibiotic consumption at national level (relative use by AWaRe classification),numeric,EUR,Europe,Country,ITA,Italy,Year,2021,false,AWARE Antibiotics group,Reserve (%),GLASSAMCAWARE_ANTIBIOTICSGROUP_GLASSAMC_AWARE_R,,,,,,,,,,0.48,,,,,,0.5,,,EN,2024-09-18T04:00:00.000Z
GLASSAMC_AWARE,Pattern of antibiotic consumption at national level (relative use by AWaRe classification),numeric,AFR,Africa,Country,MLI,Mali,Year,2021,false,AWARE Antibiotics group,Not classified (%) / not recommended (%),GLASSAMCAWARE_ANTIBIOTICSGROUP_GLASSAMC_AWARE_O,,,,,,,,,,0.45,,,,,,0.5,,For antibiotics: only J01 and P01AB reported,EN,2025-09-24T04:00:00.000Z
GLASSAMC_AWARE,Pattern of antibiotic consumption at national level (relative use by AWaRe classification),numeric,EMR,Eastern Mediterranean,Country,QAT,Qatar,Year,2021,false,AWARE Antibiotics group,Reserve (%),GLASSAMCAWARE_ANTIBIOTICSGROUP_GLASSAMC_AWARE_R,,,,,,,,,,0.48,,,,,,0.5,,Incomplete data - collected from a limited proportion of data providers from the public sector,EN,2025-09-24T04:00:00.000Z
GLASSAMC_AWARE,Pattern of antibiotic consumption at national level (relative use by AWaRe classification),numeric,EMR,Eastern Mediterranean,Country,OMN,Oman,Year,2021,false,AWARE Antibiotics group,Reserve (%),GLASSAMCAWARE_ANTIBIOTICSGROUP_GLASSAMC_AWARE_R,,,,,,,,,,0.62,,,,,,0.6,,,EN,2024-09-18T04:00:00.000Z
GLASSAMC_AWARE,Pattern of antibiotic consumption at national level (relative use by AWaRe classification),numeric,AFR,Africa,Country,CIV,Cote d'Ivoire,Year,2021,false,AWARE Antibiotics group,Not classified (%) / not recommended (%),GLASSAMCAWARE_ANTIBIOTICSGROUP_GLASSAMC_AWARE_O,,,,,,,,,,0.67,,,,,,0.7,,For antibiotics: only J01 and P01AB reported,EN,2025-09-24T04:00:00.000Z
GLASSAMC_AWARE,Pattern of antibiotic consumption at national level (relative use by AWaRe classification),numeric,EMR,Eastern Mediterranean,Country,EGY,Egypt,Year,2021,false,AWARE Antibiotics group,Not classified (%) / not recommended (%),GLASSAMCAWARE_ANTIBIOTICSGROUP_GLASSAMC_AWARE_O,,,,,,,,,,0.68,,,,,,0.7,,,EN,2025-09-24T04:00:00.000Z
GLASSAMC_AWARE,Pattern of antibiotic consumption at national level (relative use by AWaRe classification),numeric,AFR,Africa,Country,SEN,Senegal,Year,2021,false,AWARE Antibiotics group,Not classified (%) / not recommended (%),GLASSAMCAWARE_ANTIBIOTICSGROUP_GLASSAMC_AWARE_O,,,,,,,,,,0.73,,,,,,0.7,,For antibiotics: only J01 reported,EN,2025-09-24T04:00:00.000Z
GLASSAMC_AWARE,Pattern of antibiotic consumption at national level (relative use by AWaRe classification),numeric,EUR,Europe,Country,ESP,Spain,Year,2021,false,AWARE Antibiotics group,Not classified (%) / not recommended (%),GLASSAMCAWARE_ANTIBIOTICSGROUP_GLASSAMC_AWARE_O,,,,,,,,,,0.73,,,,,,0.7,,,EN,2025-09-24T04:00:00.000Z
GLASSAMC_AWARE,Pattern of antibiotic consumption at national level (relative use by AWaRe classification),numeric,AFR,Africa,Country,UGA,Uganda,Year,2021,false,AWARE Antibiotics group,Not classified (%) / not recommended (%),GLASSAMCAWARE_ANTIBIOTICSGROUP_GLASSAMC_AWARE_O,,,,,,,,,,0.7,,,,,,0.7,,,EN,2025-09-24T04:00:00.000Z
GLASSAMC_AWARE,Pattern of antibiotic consumption at national level (relative use by AWaRe classification),numeric,SEAR,South-East Asia,Country,MDV,Maldives,Year,2021,false,AWARE Antibiotics group,Not classified (%) / not recommended (%),GLASSAMCAWARE_ANTIBIOTICSGROUP_GLASSAMC_AWARE_O,,,,,,,,,,0.75,,,,,,0.8,,,EN,2025-09-24T04:00:00.000Z
GLASSAMC_AWARE,Pattern of antibiotic consumption at national level (relative use by AWaRe classification),numeric,EUR,Europe,Country,ESP,Spain,Year,2021,false,AWARE Antibiotics group,Reserve (%),GLASSAMCAWARE_ANTIBIOTICSGROUP_GLASSAMC_AWARE_R,,,,,,,,,,0.84,,,,,,0.8,,,EN,2024-09-18T04:00:00.000Z
GLASSAMC_AWARE,Pattern of antibiotic consumption at national level (relative use by AWaRe classification),numeric,EUR,Europe,Country,MLT,Malta,Year,2021,false,AWARE Antibiotics group,Not classified (%) / not recommended (%),GLASSAMCAWARE_ANTIBIOTICSGROUP_GLASSAMC_AWARE_O,,,,,,,,,,1.12,,,,,,1.1,,,EN,2024-09-18T04:00:00.000Z
GLASSAMC_AWARE,Pattern of antibiotic consumption at national level (relative use by AWaRe classification),numeric,EMR,Eastern Mediterranean,Country,EGY,Egypt,Year,2021,false,AWARE Antibiotics group,Reserve (%),GLASSAMCAWARE_ANTIBIOTICSGROUP_GLASSAMC_AWARE_R,,,,,,,,,,1.25,,,,,,1.2,,,EN,2025-09-24T04:00:00.000Z
GLASSAMC_AWARE,Pattern of antibiotic consumption at national level (relative use by AWaRe classification),numeric,EUR,Europe,Country,TJK,Tajikistan,Year,2021,false,AWARE Antibiotics group,Reserve (%),GLASSAMCAWARE_ANTIBIOTICSGROUP_GLASSAMC_AWARE_R,,,,,,,,,,1.16,,,,,,1.2,,,EN,2024-09-18T04:00:00.000Z
GLASSAMC_AWARE,Pattern of antibiotic consumption at national level (relative use by AWaRe classification),numeric,EUR,Europe,Country,AUT,Austria,Year,2021,false,AWARE Antibiotics group,Reserve (%),GLASSAMCAWARE_ANTIBIOTICSGROUP_GLASSAMC_AWARE_R,,,,,,,,,,1.31,,,,,,1.3,,,EN,2024-09-18T04:00:00.000Z
GLASSAMC_AWARE,Pattern of antibiotic consumption at national level (relative use by AWaRe classification),numeric,EUR,Europe,Country,GEO,Georgia,Year,2021,false,AWARE Antibiotics group,Not classified (%) / not recommended (%),GLASSAMCAWARE_ANTIBIOTICSGROUP_GLASSAMC_AWARE_O,,,,,,,,,,1.61,,,,,,1.6,,,EN,2024-09-18T04:00:00.000Z
GLASSAMC_AWARE,Pattern of antibiotic consumption at national level (relative use by AWaRe classification),numeric,EUR,Europe,Country,UKR,Ukraine,Year,2021,false,AWARE Antibiotics group,Reserve (%),GLASSAMCAWARE_ANTIBIOTICSGROUP_GLASSAMC_AWARE_R,,,,,,,,,,1.88,,,,,,1.9,,,EN,2025-09-24T04:00:00.000Z
GLASSAMC_AWARE,Pattern of antibiotic consumption at national level (relative use by AWaRe classification),numeric,EUR,Europe,Country,ISL,Iceland,Year,2021,false,AWARE Antibiotics group,Watch (%),GLASSAMCAWARE_ANTIBIOTICSGROUP_GLASSAMC_AWARE_W,,,,,,,,,,12.87,,,,,,12.9,,,EN,2024-09-18T04:00:00.000Z
GLASSAMC_AWARE,Pattern of antibiotic consumption at national level (relative use by AWaRe classification),numeric,SEAR,South-East Asia,Country,BTN,Bhutan,Year,2021,false,AWARE Antibiotics group,Watch (%),GLASSAMCAWARE_ANTIBIOTICSGROUP_GLASSAMC_AWARE_W,,,,,,,,,,13.2,,,,,,13.2,,For antibiotics: only J01 reported,EN,2025-09-24T04:00:00.000Z
GLASSAMC_AWARE,Pattern of antibiotic consumption at national level (relative use by AWaRe classification),numeric,SEAR,South-East Asia,Country,NPL,Nepal,Year,2021,false,AWARE Antibiotics group,Not classified (%) / not recommended (%),GLASSAMCAWARE_ANTIBIOTICSGROUP_GLASSAMC_AWARE_O,,,,,,,,,,15.33,,,,,,15.3,,,EN,2025-09-24T04:00:00.000Z
GLASSAMC_AWARE,Pattern of antibiotic consumption at national level (relative use by AWaRe classification),numeric,AFR,Africa,Country,MLI,Mali,Year,2021,false,AWARE Antibiotics group,Watch (%),GLASSAMCAWARE_ANTIBIOTICSGROUP_GLASSAMC_AWARE_W,,,,,,,,,,17.25,,,,,,17.2,,For antibiotics: only J01 and P01AB reported,EN,2025-09-24T04:00:00.000Z
GLASSAMC_AWARE,Pattern of antibiotic consumption at national level (relative use by AWaRe classification),numeric,EUR,Europe,Country,DNK,Denmark,Year,2021,false,AWARE Antibiotics group,Watch (%),GLASSAMCAWARE_ANTIBIOTICSGROUP_GLASSAMC_AWARE_W,,,,,,,,,,17.77,,,,,,17.8,,,EN,2025-09-24T04:00:00.000Z
GLASSAMC_AWARE,Pattern of antibiotic consumption at national level (relative use by AWaRe classification),numeric,AFR,Africa,Country,CIV,Cote d'Ivoire,Year,2021,false,AWARE Antibiotics group,Watch (%),GLASSAMCAWARE_ANTIBIOTICSGROUP_GLASSAMC_AWARE_W,,,,,,,,,,18.62,,,,,,18.6,,For antibiotics: only J01 and P01AB reported,EN,2025-09-24T04:00:00.000Z
GLASSAMC_AWARE,Pattern of antibiotic consumption at national level (relative use by AWaRe classification),numeric,AFR,Africa,Country,ZAF,South Africa,Year,2021,false,AWARE Antibiotics group,Watch (%),GLASSAMCAWARE_ANTIBIOTICSGROUP_GLASSAMC_AWARE_W,,,,,,,,,,19.93,,,,,,19.9,,Only use in the public sector reported,EN,2025-09-24T04:00:00.000Z
GLASSAMC_AWARE,Pattern of antibiotic consumption at national level (relative use by AWaRe classification),numeric,EUR,Europe,Country,RUS,Russian Federation,Year,2021,false,AWARE Antibiotics group,Not classified (%) / not recommended (%),GLASSAMCAWARE_ANTIBIOTICSGROUP_GLASSAMC_AWARE_O,,,,,,,,,,2.04,,,,,,2,,,EN,2024-09-18T04:00:00.000Z
GLASSAMC_AWARE,Pattern of antibiotic consumption at national level (relative use by AWaRe classification),numeric,EUR,Europe,Country,FRA,France,Year,2021,false,AWARE Antibiotics group,Not classified (%) / not recommended (%),GLASSAMCAWARE_ANTIBIOTICSGROUP_GLASSAMC_AWARE_O,,,,,,,,,,2.44,,,,,,2.4,,For antibiotics: only J01 and P01AB reported,EN,2025-09-24T04:00:00.000Z
GLASSAMC_AWARE,Pattern of antibiotic consumption at national level (relative use by AWaRe classification),numeric,EUR,Europe,Country,TJK,Tajikistan,Year,2021,false,AWARE Antibiotics group,Not classified (%) / not recommended (%),GLASSAMCAWARE_ANTIBIOTICSGROUP_GLASSAMC_AWARE_O,,,,,,,,,,2.41,,,,,,2.4,,,EN,2025-09-24T04:00:00.000Z
GLASSAMC_AWARE,Pattern of antibiotic consumption at national level (relative use by AWaRe classification),numeric,EMR,Eastern Mediterranean,Country,JOR,Jordan,Year,2021,false,AWARE Antibiotics group,Not classified (%) / not recommended (%),GLASSAMCAWARE_ANTIBIOTICSGROUP_GLASSAMC_AWARE_O,,,,,,,,,,2.5,,,,,,2.5,,,EN,2024-09-18T04:00:00.000Z
GLASSAMC_AWARE,Pattern of antibiotic consumption at national level (relative use by AWaRe classification),numeric,EUR,Europe,Country,UKR,Ukraine,Year,2021,false,AWARE Antibiotics group,Not classified (%) / not recommended (%),GLASSAMCAWARE_ANTIBIOTICSGROUP_GLASSAMC_AWARE_O,,,,,,,,,,2.84,,,,,,2.8,,,EN,2025-09-24T04:00:00.000Z
GLASSAMC_AWARE,Pattern of antibiotic consumption at national level (relative use by AWaRe classification),numeric,EUR,Europe,Country,NOR,Norway,Year,2021,false,AWARE Antibiotics group,Watch (%),GLASSAMCAWARE_ANTIBIOTICSGROUP_GLASSAMC_AWARE_W,,,,,,,,,,20.25,,,,,,20.3,,,EN,2024-09-18T04:00:00.000Z
GLASSAMC_AWARE,Pattern of antibiotic consumption at national level (relative use by AWaRe classification),numeric,AFR,Africa,Country,TZA,United Republic of Tanzania,Year,2021,false,AWARE Antibiotics group,Not classified (%) / not recommended (%),GLASSAMCAWARE_ANTIBIOTICSGROUP_GLASSAMC_AWARE_O,,,,,,,,,,21.57,,,,,,21.6,,,EN,2024-09-18T04:00:00.000Z
GLASSAMC_AWARE,Pattern of antibiotic consumption at national level (relative use by AWaRe classification),numeric,WPR,Western Pacific,Country,LAO,Lao People's Democratic Republic,Year,2021,false,AWARE Antibiotics group,Watch (%),GLASSAMCAWARE_ANTIBIOTICSGROUP_GLASSAMC_AWARE_W,,,,,,,,,,22.11,,,,,,22.1,,For antibiotics: only J01 and P01AB reported,EN,2025-09-24T04:00:00.000Z
GLASSAMC_AWARE,Pattern of antibiotic consumption at national level (relative use by AWaRe classification),numeric,EUR,Europe,Country,FIN,Finland,Year,2021,false,AWARE Antibiotics group,Watch (%),GLASSAMCAWARE_ANTIBIOTICSGROUP_GLASSAMC_AWARE_W,,,,,,,,,,23.38,,,,,,23.4,,,EN,2024-09-18T04:00:00.000Z
GLASSAMC_AWARE,Pattern of antibiotic consumption at national level (relative use by AWaRe classification),numeric,EMR,Eastern Mediterranean,Country,OMN,Oman,Year,2021,false,AWARE Antibiotics group,Watch (%),GLASSAMCAWARE_ANTIBIOTICSGROUP_GLASSAMC_AWARE_W,,,,,,,,,,23.85,,,,,,23.8,,,EN,2024-09-18T04:00:00.000Z
GLASSAMC_AWARE,Pattern of antibiotic consumption at national level (relative use by AWaRe classification),numeric,EUR,Europe,Country,FRA,France,Year,2021,false,AWARE Antibiotics group,Watch (%),GLASSAMCAWARE_ANTIBIOTICSGROUP_GLASSAMC_AWARE_W,,,,,,,,,,24.39,,,,,,24.4,,For antibiotics: only J01 and P01AB reported,EN,2025-09-24T04:00:00.000Z
GLASSAMC_AWARE,Pattern of antibiotic consumption at national level (relative use by AWaRe classification),numeric,AFR,Africa,Country,SEN,Senegal,Year,2021,false,AWARE Antibiotics group,Watch (%),GLASSAMCAWARE_ANTIBIOTICSGROUP_GLASSAMC_AWARE_W,,,,,,,,,,24.55,,,,,,24.5,,For antibiotics: only J01 reported,EN,2025-09-24T04:00:00.000Z
GLASSAMC_AWARE,Pattern of antibiotic consumption at national level (relative use by AWaRe classification),numeric,AFR,Africa,Country,BEN,Benin,Year,2021,false,AWARE Antibiotics group,Watch (%),GLASSAMCAWARE_ANTIBIOTICSGROUP_GLASSAMC_AWARE_W,,,,,,,,,,24.87,,,,,,24.9,,,EN,2024-09-18T04:00:00.000Z
GLASSAMC_AWARE,Pattern of antibiotic consumption at national level (relative use by AWaRe classification),numeric,AFR,Africa,Country,GAB,Gabon,Year,2021,false,AWARE Antibiotics group,Watch (%),GLASSAMCAWARE_ANTIBIOTICSGROUP_GLASSAMC_AWARE_W,,,,,,,,,,25.05,,,,,,25,,,EN,2024-09-18T04:00:00.000Z
GLASSAMC_AWARE,Pattern of antibiotic consumption at national level (relative use by AWaRe classification),numeric,EUR,Europe,Country,IRL,Ireland,Year,2021,false,AWARE Antibiotics group,Watch (%),GLASSAMCAWARE_ANTIBIOTICSGROUP_GLASSAMC_AWARE_W,,,,,,,,,,25.73,,,,,,25.7,,,EN,2024-09-18T04:00:00.000Z
GLASSAMC_AWARE,Pattern of antibiotic consumption at national level (relative use by AWaRe classification),numeric,EUR,Europe,Country,SWE,Sweden,Year,2021,true,AWARE Antibiotics group,Watch (%),GLASSAMCAWARE_ANTIBIOTICSGROUP_GLASSAMC_AWARE_W,,,,,,,,,,25.95,,,,,,25.9,,,EN,2024-09-18T04:00:00.000Z
GLASSAMC_AWARE,Pattern of antibiotic consumption at national level (relative use by AWaRe classification),numeric,AFR,Africa,Country,BFA,Burkina Faso,Year,2021,false,AWARE Antibiotics group,Watch (%),GLASSAMCAWARE_ANTIBIOTICSGROUP_GLASSAMC_AWARE_W,,,,,,,,,,26.42,,,,,,26.4,,For antibiotics: only J01 and P01AB reported,EN,2025-09-24T04:00:00.000Z
GLASSAMC_AWARE,Pattern of antibiotic consumption at national level (relative use by AWaRe classification),numeric,SEAR,South-East Asia,Country,BGD,Bangladesh,Year,2021,false,AWARE Antibiotics group,Access (%),GLASSAMCAWARE_ANTIBIOTICSGROUP_GLASSAMC_AWARE_A,,,,,,,,,,26.83,,,,,,26.8,,,EN,2024-09-18T04:00:00.000Z
GLASSAMC_AWARE,Pattern of antibiotic consumption at national level (relative use by AWaRe classification),numeric,EUR,Europe,Country,LVA,Latvia,Year,2021,false,AWARE Antibiotics group,Watch (%),GLASSAMCAWARE_ANTIBIOTICSGROUP_GLASSAMC_AWARE_W,,,,,,,,,,28.21,,,,,,28.2,,,EN,2025-09-24T04:00:00.000Z
GLASSAMC_AWARE,Pattern of antibiotic consumption at national level (relative use by AWaRe classification),numeric,EMR,Eastern Mediterranean,Country,QAT,Qatar,Year,2021,false,AWARE Antibiotics group,Watch (%),GLASSAMCAWARE_ANTIBIOTICSGROUP_GLASSAMC_AWARE_W,,,,,,,,,,29.23,,,,,,29.2,,Incomplete data - collected from a limited proportion of data providers from the public sector,EN,2025-09-24T04:00:00.000Z
GLASSAMC_AWARE,Pattern of antibiotic consumption at national level (relative use by AWaRe classification),numeric,SEAR,South-East Asia,Country,NPL,Nepal,Year,2021,false,AWARE Antibiotics group,Access (%),GLASSAMCAWARE_ANTIBIOTICSGROUP_GLASSAMC_AWARE_A,,,,,,,,,,29.63,,,,,,29.6,,,EN,2024-09-18T04:00:00.000Z
GLASSAMC_AWARE,Pattern of antibiotic consumption at national level (relative use by AWaRe classification),numeric,EUR,Europe,Country,SVN,Slovenia,Year,2021,false,AWARE Antibiotics group,Watch (%),GLASSAMCAWARE_ANTIBIOTICSGROUP_GLASSAMC_AWARE_W,,,,,,,,,,29.71,,,,,,29.7,,,EN,2024-09-18T04:00:00.000Z
GLASSAMC_AWARE,Pattern of antibiotic consumption at national level (relative use by AWaRe classification),numeric,GLOBAL,Global,Country,HKG,"China, Hong Kong Special Administrative Region",Year,2021,false,AWARE Antibiotics group,Not classified (%) / not recommended (%),GLASSAMCAWARE_ANTIBIOTICSGROUP_GLASSAMC_AWARE_O,,,,,,,,,,3.03,,,,,,3,,,EN,2025-09-24T04:00:00.000Z
GLASSAMC_AWARE,Pattern of antibiotic consumption at national level (relative use by AWaRe classification),numeric,AFR,Africa,Country,BEN,Benin,Year,2021,false,AWARE Antibiotics group,Not classified (%) / not recommended (%),GLASSAMCAWARE_ANTIBIOTICSGROUP_GLASSAMC_AWARE_O,,,,,,,,,,3.38,,,,,,3.4,,,EN,2024-09-18T04:00:00.000Z
GLASSAMC_AWARE,Pattern of antibiotic consumption at national level (relative use by AWaRe classification),numeric,EMR,Eastern Mediterranean,Country,TUN,Tunisia,Year,2021,false,AWARE Antibiotics group,Not classified (%) / not recommended (%),GLASSAMCAWARE_ANTIBIOTICSGROUP_GLASSAMC_AWARE_O,,,,,,,,,,3.88,,,,,,3.9,,For antibiotics: only J01 and P01AB reported,EN,2025-09-24T04:00:00.000Z
GLASSAMC_AWARE,Pattern of antibiotic consumption at national level (relative use by AWaRe classification),numeric,EUR,Europe,Country,GBR,United Kingdom of Great Britain and Northern Ireland,Year,2021,false,AWARE Antibiotics group,Watch (%),GLASSAMCAWARE_ANTIBIOTICSGROUP_GLASSAMC_AWARE_W,,,,,,,,,,30.21,,,,,,30.2,,Only use in the public sector reported,EN,2025-09-24T04:00:00.000Z
GLASSAMC_AWARE,Pattern of antibiotic consumption at national level (relative use by AWaRe classification),numeric,EUR,Europe,Country,LTU,Lithuania,Year,2021,false,AWARE Antibiotics group,Watch (%),GLASSAMCAWARE_ANTIBIOTICSGROUP_GLASSAMC_AWARE_W,,,,,,,,,,30.4,,,,,,30.4,,,EN,2024-09-18T04:00:00.000Z
GLASSAMC_AWARE,Pattern of antibiotic consumption at national level (relative use by AWaRe classification),numeric,AFR,Africa,Country,TZA,United Republic of Tanzania,Year,2021,false,AWARE Antibiotics group,Watch (%),GLASSAMCAWARE_ANTIBIOTICSGROUP_GLASSAMC_AWARE_W,,,,,,,,,,30.84,,,,,,30.8,,,EN,2024-09-18T04:00:00.000Z
GLASSAMC_AWARE,Pattern of antibiotic consumption at national level (relative use by AWaRe classification),numeric,EUR,Europe,Country,BEL,Belgium,Year,2021,false,AWARE Antibiotics group,Watch (%),GLASSAMCAWARE_ANTIBIOTICSGROUP_GLASSAMC_AWARE_W,,,,,,,,,,31.3,,,,,,31.3,,,EN,2025-09-24T04:00:00.000Z
GLASSAMC_AWARE,Pattern of antibiotic consumption at national level (relative use by AWaRe classification),numeric,GLOBAL,Global,Country,HKG,"China, Hong Kong Special Administrative Region",Year,2021,false,AWARE Antibiotics group,Watch (%),GLASSAMCAWARE_ANTIBIOTICSGROUP_GLASSAMC_AWARE_W,,,,,,,,,,31.79,,,,,,31.8,,,EN,2025-09-24T04:00:00.000Z
GLASSAMC_AWARE,Pattern of antibiotic consumption at national level (relative use by AWaRe classification),numeric,EMR,Eastern Mediterranean,Country,TUN,Tunisia,Year,2021,false,AWARE Antibiotics group,Watch (%),GLASSAMCAWARE_ANTIBIOTICSGROUP_GLASSAMC_AWARE_W,,,,,,,,,,32.3,,,,,,32.3,,For antibiotics: only J01 and P01AB reported,EN,2025-09-24T04:00:00.000Z
GLASSAMC_AWARE,Pattern of antibiotic consumption at national level (relative use by AWaRe classification),numeric,AFR,Africa,Country,ETH,Ethiopia,Year,2021,false,AWARE Antibiotics group,Watch (%),GLASSAMCAWARE_ANTIBIOTICSGROUP_GLASSAMC_AWARE_W,,,,,,,,,,32.43,,,,,,32.4,,For antibiotics: only J01 and P01AB reported,EN,2025-09-24T04:00:00.000Z
GLASSAMC_AWARE,Pattern of antibiotic consumption at national level (relative use by AWaRe classification),numeric,EUR,Europe,Country,DEU,Germany,Year,2021,false,AWARE Antibiotics group,Watch (%),GLASSAMCAWARE_ANTIBIOTICSGROUP_GLASSAMC_AWARE_W,,,,,,,,,,33.18,,,,,,33.2,,Only use in the community reported,EN,2025-09-24T04:00:00.000Z
GLASSAMC_AWARE,Pattern of antibiotic consumption at national level (relative use by AWaRe classification),numeric,EUR,Europe,Country,BLR,Belarus,Year,2021,false,AWARE Antibiotics group,Watch (%),GLASSAMCAWARE_ANTIBIOTICSGROUP_GLASSAMC_AWARE_W,,,,,,,,,,33.29,,,,,,33.3,,,EN,2024-09-18T04:00:00.000Z
GLASSAMC_AWARE,Pattern of antibiotic consumption at national level (relative use by AWaRe classification),numeric,AMR,Americas,Country,COL,Colombia,Year,2021,false,AWARE Antibiotics group,Watch (%),GLASSAMCAWARE_ANTIBIOTICSGROUP_GLASSAMC_AWARE_W,,,,,,,,,,33.54,,,,,,33.5,,,EN,2024-09-18T04:00:00.000Z
GLASSAMC_AWARE,Pattern of antibiotic consumption at national level (relative use by AWaRe classification),numeric,EUR,Europe,Country,CHE,Switzerland,Year,2021,false,AWARE Antibiotics group,Watch (%),GLASSAMCAWARE_ANTIBIOTICSGROUP_GLASSAMC_AWARE_W,,,,,,,,,,34.15,,,,,,34.1,,,EN,2025-09-24T04:00:00.000Z
GLASSAMC_AWARE,Pattern of antibiotic consumption at national level (relative use by AWaRe classification),numeric,AFR,Africa,Country,UGA,Uganda,Year,2021,false,AWARE Antibiotics group,Watch (%),GLASSAMCAWARE_ANTIBIOTICSGROUP_GLASSAMC_AWARE_W,,,,,,,,,,34.5,,,,,,34.5,,,EN,2025-09-24T04:00:00.000Z
GLASSAMC_AWARE,Pattern of antibiotic consumption at national level (relative use by AWaRe classification),numeric,EUR,Europe,Country,UKR,Ukraine,Year,2021,false,AWARE Antibiotics group,Access (%),GLASSAMCAWARE_ANTIBIOTICSGROUP_GLASSAMC_AWARE_A,,,,,,,,,,35.23,,,,,,35.2,,,EN,2025-09-24T04:00:00.000Z
GLASSAMC_AWARE,Pattern of antibiotic consumption at national level (relative use by AWaRe classification),numeric,EMR,Eastern Mediterranean,Country,SDN,Sudan,Year,2021,true,AWARE Antibiotics group,Access (%),GLASSAMCAWARE_ANTIBIOTICSGROUP_GLASSAMC_AWARE_A,,,,,,,,,,35.64,,,,,,35.6,,For antibiotics: only J01 reported,EN,2025-09-24T04:00:00.000Z
GLASSAMC_AWARE,Pattern of antibiotic consumption at national level (relative use by AWaRe classification),numeric,EUR,Europe,Country,ESP,Spain,Year,2021,false,AWARE Antibiotics group,Watch (%),GLASSAMCAWARE_ANTIBIOTICSGROUP_GLASSAMC_AWARE_W,,,,,,,,,,35.88,,,,,,35.9,,,EN,2025-09-24T04:00:00.000Z
GLASSAMC_AWARE,Pattern of antibiotic consumption at national level (relative use by AWaRe classification),numeric,EUR,Europe,Country,EST,Estonia,Year,2021,false,AWARE Antibiotics group,Watch (%),GLASSAMCAWARE_ANTIBIOTICSGROUP_GLASSAMC_AWARE_W,,,,,,,,,,35.99,,,,,,36,,,EN,2024-09-18T04:00:00.000Z
GLASSAMC_AWARE,Pattern of antibiotic consumption at national level (relative use by AWaRe classification),numeric,AMR,Americas,Country,HND,Honduras,Year,2021,false,AWARE Antibiotics group,Watch (%),GLASSAMCAWARE_ANTIBIOTICSGROUP_GLASSAMC_AWARE_W,,,,,,,,,,36.04,,,,,,36,,Only use in the public sector reported,EN,2025-09-24T04:00:00.000Z
GLASSAMC_AWARE,Pattern of antibiotic consumption at national level (relative use by AWaRe classification),numeric,EUR,Europe,Country,GEO,Georgia,Year,2021,false,AWARE Antibiotics group,Access (%),GLASSAMCAWARE_ANTIBIOTICSGROUP_GLASSAMC_AWARE_A,,,,,,,,,,36.3,,,,,,36.3,,,EN,2024-09-18T04:00:00.000Z
GLASSAMC_AWARE,Pattern of antibiotic consumption at national level (relative use by AWaRe classification),numeric,SEAR,South-East Asia,Country,MDV,Maldives,Year,2021,false,AWARE Antibiotics group,Access (%),GLASSAMCAWARE_ANTIBIOTICSGROUP_GLASSAMC_AWARE_A,,,,,,,,,,36.29,,,,,,36.3,,,EN,2025-09-24T04:00:00.000Z
GLASSAMC_AWARE,Pattern of antibiotic consumption at national level (relative use by AWaRe classification),numeric,EUR,Europe,Country,PRT,Portugal,Year,2021,false,AWARE Antibiotics group,Watch (%),GLASSAMCAWARE_ANTIBIOTICSGROUP_GLASSAMC_AWARE_W,,,,,,,,,,37.23,,,,,,37.2,,,EN,2025-09-24T04:00:00.000Z
GLASSAMC_AWARE,Pattern of antibiotic consumption at national level (relative use by AWaRe classification),numeric,EUR,Europe,Country,CZE,Czechia,Year,2021,false,AWARE Antibiotics group,Watch (%),GLASSAMCAWARE_ANTIBIOTICSGROUP_GLASSAMC_AWARE_W,,,,,,,,,,37.43,,,,,,37.4,,,EN,2024-09-18T04:00:00.000Z
GLASSAMC_AWARE,Pattern of antibiotic consumption at national level (relative use by AWaRe classification),numeric,EUR,Europe,Country,AUT,Austria,Year,2021,false,AWARE Antibiotics group,Watch (%),GLASSAMCAWARE_ANTIBIOTICSGROUP_GLASSAMC_AWARE_W,,,,,,,,,,37.72,,,,,,37.7,,,EN,2025-09-24T04:00:00.000Z
GLASSAMC_AWARE,Pattern of antibiotic consumption at national level (relative use by AWaRe classification),numeric,AMR,Americas,Country,PER,Peru,Year,2021,false,AWARE Antibiotics group,Watch (%),GLASSAMCAWARE_ANTIBIOTICSGROUP_GLASSAMC_AWARE_W,,,,,,,,,,38.77,,,,,,38.8,,,EN,2025-09-24T04:00:00.000Z
GLASSAMC_AWARE,Pattern of antibiotic consumption at national level (relative use by AWaRe classification),numeric,EUR,Europe,Country,POL,Poland,Year,2021,false,AWARE Antibiotics group,Watch (%),GLASSAMCAWARE_ANTIBIOTICSGROUP_GLASSAMC_AWARE_W,,,,,,,,,,38.84,,,,,,38.8,,,EN,2025-09-24T04:00:00.000Z
GLASSAMC_AWARE,Pattern of antibiotic consumption at national level (relative use by AWaRe classification),numeric,WPR,Western Pacific,Country,KOR,Republic of Korea,Year,2021,false,AWARE Antibiotics group,Access (%),GLASSAMCAWARE_ANTIBIOTICSGROUP_GLASSAMC_AWARE_A,,,,,,,,,,38.75,,,,,,38.8,,,EN,2024-09-18T04:00:00.000Z
GLASSAMC_AWARE,Pattern of antibiotic consumption at national level (relative use by AWaRe classification),numeric,AFR,Africa,Country,KEN,Kenya,Year,2021,true,AWARE Antibiotics group,Watch (%),GLASSAMCAWARE_ANTIBIOTICSGROUP_GLASSAMC_AWARE_W,,,,,,,,,,39.03,,,,,,39,,Data incomplete since not collected from all sources of data,EN,2025-09-24T04:00:00.000Z
GLASSAMC_AWARE,Pattern of antibiotic consumption at national level (relative use by AWaRe classification),numeric,EUR,Europe,Country,HRV,Croatia,Year,2021,false,AWARE Antibiotics group,Watch (%),GLASSAMCAWARE_ANTIBIOTICSGROUP_GLASSAMC_AWARE_W,,,,,,,,,,39.1,,,,,,39.1,,,EN,2025-09-24T04:00:00.000Z
GLASSAMC_AWARE,Pattern of antibiotic consumption at national level (relative use by AWaRe classification),numeric,AFR,Africa,Country,KEN,Kenya,Year,2021,true,AWARE Antibiotics group,Not classified (%) / not recommended (%),GLASSAMCAWARE_ANTIBIOTICSGROUP_GLASSAMC_AWARE_O,,,,,,,,,,4.39,,,,,,4.4,,Data incomplete since not collected from all sources of data,EN,2025-09-24T04:00:00.000Z
GLASSAMC_AWARE,Pattern of antibiotic consumption at national level (relative use by AWaRe classification),numeric,EUR,Europe,Country,MLT,Malta,Year,2021,false,AWARE Antibiotics group,Watch (%),GLASSAMCAWARE_ANTIBIOTICSGROUP_GLASSAMC_AWARE_W,,,,,,,,,,40.36,,,,,,40.4,,,EN,2024-09-18T04:00:00.000Z
GLASSAMC_AWARE,Pattern of antibiotic consumption at national level (relative use by AWaRe classification),numeric,EMR,Eastern Mediterranean,Country,JOR,Jordan,Year,2021,false,AWARE Antibiotics group,Watch (%),GLASSAMCAWARE_ANTIBIOTICSGROUP_GLASSAMC_AWARE_W,,,,,,,,,,42.67,,,,,,42.7,,,EN,2024-09-18T04:00:00.000Z
GLASSAMC_AWARE,Pattern of antibiotic consumption at national level (relative use by AWaRe classification),numeric,EUR,Europe,Country,RUS,Russian Federation,Year,2021,false,AWARE Antibiotics group,Access (%),GLASSAMCAWARE_ANTIBIOTICSGROUP_GLASSAMC_AWARE_A,,,,,,,,,,43.04,,,,,,43,,,EN,2024-09-18T04:00:00.000Z
GLASSAMC_AWARE,Pattern of antibiotic consumption at national level (relative use by AWaRe classification),numeric,EMR,Eastern Mediterranean,Country,EGY,Egypt,Year,2021,false,AWARE Antibiotics group,Watch (%),GLASSAMCAWARE_ANTIBIOTICSGROUP_GLASSAMC_AWARE_W,,,,,,,,,,44.21,,,,,,44.2,,,EN,2025-09-24T04:00:00.000Z
GLASSAMC_AWARE,Pattern of antibiotic consumption at national level (relative use by AWaRe classification),numeric,EUR,Europe,Country,MNE,Montenegro,Year,2021,false,AWARE Antibiotics group,Access (%),GLASSAMCAWARE_ANTIBIOTICSGROUP_GLASSAMC_AWARE_A,,,,,,,,,,45.93,,,,,,45.9,,,EN,2025-09-24T04:00:00.000Z
GLASSAMC_AWARE,Pattern of antibiotic consumption at national level (relative use by AWaRe classification),numeric,EUR,Europe,Country,TJK,Tajikistan,Year,2021,false,AWARE Antibiotics group,Watch (%),GLASSAMCAWARE_ANTIBIOTICSGROUP_GLASSAMC_AWARE_W,,,,,,,,,,47.51,,,,,,47.5,,,EN,2025-09-24T04:00:00.000Z
GLASSAMC_AWARE,Pattern of antibiotic consumption at national level (relative use by AWaRe classification),numeric,AFR,Africa,Country,TZA,United Republic of Tanzania,Year,2021,false,AWARE Antibiotics group,Access (%),GLASSAMCAWARE_ANTIBIOTICSGROUP_GLASSAMC_AWARE_A,,,,,,,,,,47.59,,,,,,47.6,,,EN,2024-09-18T04:00:00.000Z
GLASSAMC_AWARE,Pattern of antibiotic consumption at national level (relative use by AWaRe classification),numeric,EUR,Europe,Country,ITA,Italy,Year,2021,false,AWARE Antibiotics group,Access (%),GLASSAMCAWARE_ANTIBIOTICSGROUP_GLASSAMC_AWARE_A,,,,,,,,,,47.78,,,,,,47.8,,,EN,2024-09-18T04:00:00.000Z
GLASSAMC_AWARE,Pattern of antibiotic consumption at national level (relative use by AWaRe classification),numeric,EUR,Europe,Country,CYP,Cyprus,Year,2021,false,AWARE Antibiotics group,Access (%),GLASSAMCAWARE_ANTIBIOTICSGROUP_GLASSAMC_AWARE_A,,,,,,,,,,48.48,,,,,,48.5,,,EN,2024-09-18T04:00:00.000Z
GLASSAMC_AWARE,Pattern of antibiotic consumption at national level (relative use by AWaRe classification),numeric,EUR,Europe,Country,TJK,Tajikistan,Year,2021,false,AWARE Antibiotics group,Access (%),GLASSAMCAWARE_ANTIBIOTICSGROUP_GLASSAMC_AWARE_A,,,,,,,,,,48.92,,,,,,48.9,,,EN,2024-09-18T04:00:00.000Z
GLASSAMC_AWARE,Pattern of antibiotic consumption at national level (relative use by AWaRe classification),numeric,EUR,Europe,Country,ROU,Romania,Year,2021,false,AWARE Antibiotics group,Access (%),GLASSAMCAWARE_ANTIBIOTICSGROUP_GLASSAMC_AWARE_A,,,,,,,,,,49.16,,,,,,49.2,,,EN,2024-09-18T04:00:00.000Z
GLASSAMC_AWARE,Pattern of antibiotic consumption at national level (relative use by AWaRe classification),numeric,EMR,Eastern Mediterranean,Country,IRN,Iran (Islamic Republic of),Year,2021,false,AWARE Antibiotics group,Access (%),GLASSAMCAWARE_ANTIBIOTICSGROUP_GLASSAMC_AWARE_A,,,,,,,,,,49.29,,,,,,49.3,,,EN,2024-09-18T04:00:00.000Z
GLASSAMC_AWARE,Pattern of antibiotic consumption at national level (relative use by AWaRe classification),numeric,EUR,Europe,Country,HUN,Hungary,Year,2021,false,AWARE Antibiotics group,Access (%),GLASSAMCAWARE_ANTIBIOTICSGROUP_GLASSAMC_AWARE_A,,,,,,,,,,49.41,,,,,,49.4,,,EN,2024-09-18T04:00:00.000Z
GLASSAMC_AWARE,Pattern of antibiotic consumption at national level (relative use by AWaRe classification),numeric,EUR,Europe,Country,ARM,Armenia,Year,2021,false,AWARE Antibiotics group,Access (%),GLASSAMCAWARE_ANTIBIOTICSGROUP_GLASSAMC_AWARE_A,,,,,,,,,,49.85,,,,,,49.9,,,EN,2025-09-24T04:00:00.000Z
GLASSAMC_AWARE,Pattern of antibiotic consumption at national level (relative use by AWaRe classification),numeric,EUR,Europe,Country,ARM,Armenia,Year,2021,false,AWARE Antibiotics group,Watch (%),GLASSAMCAWARE_ANTIBIOTICSGROUP_GLASSAMC_AWARE_W,,,,,,,,,,49.98,,,,,,50,,,EN,2025-09-24T04:00:00.000Z
GLASSAMC_AWARE,Pattern of antibiotic consumption at national level (relative use by AWaRe classification),numeric,EUR,Europe,Country,HUN,Hungary,Year,2021,false,AWARE Antibiotics group,Watch (%),GLASSAMCAWARE_ANTIBIOTICSGROUP_GLASSAMC_AWARE_W,,,,,,,,,,50.46,,,,,,50.5,,,EN,2024-09-18T04:00:00.000Z
GLASSAMC_AWARE,Pattern of antibiotic consumption at national level (relative use by AWaRe classification),numeric,EUR,Europe,Country,ROU,Romania,Year,2021,false,AWARE Antibiotics group,Watch (%),GLASSAMCAWARE_ANTIBIOTICSGROUP_GLASSAMC_AWARE_W,,,,,,,,,,50.57,,,,,,50.6,,,EN,2024-09-18T04:00:00.000Z
GLASSAMC_AWARE,Pattern of antibiotic consumption at national level (relative use by AWaRe classification),numeric,EMR,Eastern Mediterranean,Country,IRN,Iran (Islamic Republic of),Year,2021,false,AWARE Antibiotics group,Watch (%),GLASSAMCAWARE_ANTIBIOTICSGROUP_GLASSAMC_AWARE_W,,,,,,,,,,50.66,,,,,,50.7,,,EN,2025-09-24T04:00:00.000Z
GLASSAMC_AWARE,Pattern of antibiotic consumption at national level (relative use by AWaRe classification),numeric,EUR,Europe,Country,CYP,Cyprus,Year,2021,false,AWARE Antibiotics group,Watch (%),GLASSAMCAWARE_ANTIBIOTICSGROUP_GLASSAMC_AWARE_W,,,,,,,,,,51.16,,,,,,51.2,,,EN,2025-09-24T04:00:00.000Z
GLASSAMC_AWARE,Pattern of antibiotic consumption at national level (relative use by AWaRe classification),numeric,EUR,Europe,Country,ITA,Italy,Year,2021,false,AWARE Antibiotics group,Watch (%),GLASSAMCAWARE_ANTIBIOTICSGROUP_GLASSAMC_AWARE_W,,,,,,,,,,51.74,,,,,,51.7,,,EN,2025-09-24T04:00:00.000Z
GLASSAMC_AWARE,Pattern of antibiotic consumption at national level (relative use by AWaRe classification),numeric,EMR,Eastern Mediterranean,Country,EGY,Egypt,Year,2021,false,AWARE Antibiotics group,Access (%),GLASSAMCAWARE_ANTIBIOTICSGROUP_GLASSAMC_AWARE_A,,,,,,,,,,53.86,,,,,,53.9,,,EN,2025-09-24T04:00:00.000Z
GLASSAMC_AWARE,Pattern of antibiotic consumption at national level (relative use by AWaRe classification),numeric,EUR,Europe,Country,MNE,Montenegro,Year,2021,false,AWARE Antibiotics group,Watch (%),GLASSAMCAWARE_ANTIBIOTICSGROUP_GLASSAMC_AWARE_W,,,,,,,,,,53.93,,,,,,53.9,,,EN,2024-09-18T04:00:00.000Z
GLASSAMC_AWARE,Pattern of antibiotic consumption at national level (relative use by AWaRe classification),numeric,EUR,Europe,Country,RUS,Russian Federation,Year,2021,false,AWARE Antibiotics group,Watch (%),GLASSAMCAWARE_ANTIBIOTICSGROUP_GLASSAMC_AWARE_W,,,,,,,,,,54.61,,,,,,54.6,,,EN,2024-09-18T04:00:00.000Z
GLASSAMC_AWARE,Pattern of antibiotic consumption at national level (relative use by AWaRe classification),numeric,EMR,Eastern Mediterranean,Country,JOR,Jordan,Year,2021,false,AWARE Antibiotics group,Access (%),GLASSAMCAWARE_ANTIBIOTICSGROUP_GLASSAMC_AWARE_A,,,,,,,,,,54.8,,,,,,54.8,,,EN,2024-09-18T04:00:00.000Z
GLASSAMC_AWARE,Pattern of antibiotic consumption at national level (relative use by AWaRe classification),numeric,SEAR,South-East Asia,Country,NPL,Nepal,Year,2021,false,AWARE Antibiotics group,Watch (%),GLASSAMCAWARE_ANTIBIOTICSGROUP_GLASSAMC_AWARE_W,,,,,,,,,,54.96,,,,,,55,,,EN,2025-09-24T04:00:00.000Z
GLASSAMC_AWARE,Pattern of antibiotic consumption at national level (relative use by AWaRe classification),numeric,AFR,Africa,Country,KEN,Kenya,Year,2021,true,AWARE Antibiotics group,Access (%),GLASSAMCAWARE_ANTIBIOTICSGROUP_GLASSAMC_AWARE_A,,,,,,,,,,56.55,,,,,,56.6,,Data incomplete since not collected from all sources of data,EN,2024-09-18T04:00:00.000Z
GLASSAMC_AWARE,Pattern of antibiotic consumption at national level (relative use by AWaRe classification),numeric,EUR,Europe,Country,MLT,Malta,Year,2021,false,AWARE Antibiotics group,Access (%),GLASSAMCAWARE_ANTIBIOTICSGROUP_GLASSAMC_AWARE_A,,,,,,,,,,58.09,,,,,,58.1,,,EN,2024-09-18T04:00:00.000Z
GLASSAMC_AWARE,Pattern of antibiotic consumption at national level (relative use by AWaRe classification),numeric,EUR,Europe,Country,UKR,Ukraine,Year,2021,false,AWARE Antibiotics group,Watch (%),GLASSAMCAWARE_ANTIBIOTICSGROUP_GLASSAMC_AWARE_W,,,,,,,,,,60.05,,,,,,60.1,,,EN,2025-09-24T04:00:00.000Z
GLASSAMC_AWARE,Pattern of antibiotic consumption at national level (relative use by AWaRe classification),numeric,EUR,Europe,Country,HRV,Croatia,Year,2021,false,AWARE Antibiotics group,Access (%),GLASSAMCAWARE_ANTIBIOTICSGROUP_GLASSAMC_AWARE_A,,,,,,,,,,60.54,,,,,,60.5,,,EN,2025-09-24T04:00:00.000Z
GLASSAMC_AWARE,Pattern of antibiotic consumption at national level (relative use by AWaRe classification),numeric,EUR,Europe,Country,AUT,Austria,Year,2021,false,AWARE Antibiotics group,Access (%),GLASSAMCAWARE_ANTIBIOTICSGROUP_GLASSAMC_AWARE_A,,,,,,,,,,60.97,,,,,,61,,,EN,2025-09-24T04:00:00.000Z
GLASSAMC_AWARE,Pattern of antibiotic consumption at national level (relative use by AWaRe classification),numeric,AMR,Americas,Country,PER,Peru,Year,2021,false,AWARE Antibiotics group,Access (%),GLASSAMCAWARE_ANTIBIOTICSGROUP_GLASSAMC_AWARE_A,,,,,,,,,,61.05,,,,,,61,,,EN,2025-09-24T04:00:00.000Z
GLASSAMC_AWARE,Pattern of antibiotic consumption at national level (relative use by AWaRe classification),numeric,EUR,Europe,Country,POL,Poland,Year,2021,false,AWARE Antibiotics group,Access (%),GLASSAMCAWARE_ANTIBIOTICSGROUP_GLASSAMC_AWARE_A,,,,,,,,,,61.01,,,,,,61,,,EN,2024-09-18T04:00:00.000Z
GLASSAMC_AWARE,Pattern of antibiotic consumption at national level (relative use by AWaRe classification),numeric,WPR,Western Pacific,Country,KOR,Republic of Korea,Year,2021,false,AWARE Antibiotics group,Watch (%),GLASSAMCAWARE_ANTIBIOTICSGROUP_GLASSAMC_AWARE_W,,,,,,,,,,61.11,,,,,,61.1,,,EN,2024-09-18T04:00:00.000Z
GLASSAMC_AWARE,Pattern of antibiotic consumption at national level (relative use by AWaRe classification),numeric,EUR,Europe,Country,CZE,Czechia,Year,2021,false,AWARE Antibiotics group,Access (%),GLASSAMCAWARE_ANTIBIOTICSGROUP_GLASSAMC_AWARE_A,,,,,,,,,,61.61,,,,,,61.6,,,EN,2024-09-18T04:00:00.000Z
GLASSAMC_AWARE,Pattern of antibiotic consumption at national level (relative use by AWaRe classification),numeric,EUR,Europe,Country,GEO,Georgia,Year,2021,false,AWARE Antibiotics group,Watch (%),GLASSAMCAWARE_ANTIBIOTICSGROUP_GLASSAMC_AWARE_W,,,,,,,,,,62,,,,,,62,,,EN,2024-09-18T04:00:00.000Z
GLASSAMC_AWARE,Pattern of antibiotic consumption at national level (relative use by AWaRe classification),numeric,EUR,Europe,Country,PRT,Portugal,Year,2021,false,AWARE Antibiotics group,Access (%),GLASSAMCAWARE_ANTIBIOTICSGROUP_GLASSAMC_AWARE_A,,,,,,,,,,62.38,,,,,,62.4,,,EN,2024-09-18T04:00:00.000Z
GLASSAMC_AWARE,Pattern of antibiotic consumption at national level (relative use by AWaRe classification),numeric,EUR,Europe,Country,ESP,Spain,Year,2021,false,AWARE Antibiotics group,Access (%),GLASSAMCAWARE_ANTIBIOTICSGROUP_GLASSAMC_AWARE_A,,,,,,,,,,62.55,,,,,,62.5,,,EN,2025-09-24T04:00:00.000Z
GLASSAMC_AWARE,Pattern of antibiotic consumption at national level (relative use by AWaRe classification),numeric,SEAR,South-East Asia,Country,MDV,Maldives,Year,2021,false,AWARE Antibiotics group,Watch (%),GLASSAMCAWARE_ANTIBIOTICSGROUP_GLASSAMC_AWARE_W,,,,,,,,,,62.95,,,,,,62.9,,,EN,2025-09-24T04:00:00.000Z
GLASSAMC_AWARE,Pattern of antibiotic consumption at national level (relative use by AWaRe classification),numeric,EUR,Europe,Country,EST,Estonia,Year,2021,false,AWARE Antibiotics group,Access (%),GLASSAMCAWARE_ANTIBIOTICSGROUP_GLASSAMC_AWARE_A,,,,,,,,,,63.8,,,,,,63.8,,,EN,2024-09-18T04:00:00.000Z
GLASSAMC_AWARE,Pattern of antibiotic consumption at national level (relative use by AWaRe classification),numeric,EMR,Eastern Mediterranean,Country,TUN,Tunisia,Year,2021,false,AWARE Antibiotics group,Access (%),GLASSAMCAWARE_ANTIBIOTICSGROUP_GLASSAMC_AWARE_A,,,,,,,,,,63.77,,,,,,63.8,,For antibiotics: only J01 and P01AB reported,EN,2025-09-24T04:00:00.000Z
GLASSAMC_AWARE,Pattern of antibiotic consumption at national level (relative use by AWaRe classification),numeric,AMR,Americas,Country,HND,Honduras,Year,2021,false,AWARE Antibiotics group,Access (%),GLASSAMCAWARE_ANTIBIOTICSGROUP_GLASSAMC_AWARE_A,,,,,,,,,,63.94,,,,,,63.9,,Only use in the public sector reported,EN,2025-09-24T04:00:00.000Z
GLASSAMC_AWARE,Pattern of antibiotic consumption at national level (relative use by AWaRe classification),numeric,EMR,Eastern Mediterranean,Country,SDN,Sudan,Year,2021,true,AWARE Antibiotics group,Watch (%),GLASSAMCAWARE_ANTIBIOTICSGROUP_GLASSAMC_AWARE_W,,,,,,,,,,64.36,,,,,,64.4,,For antibiotics: only J01 reported,EN,2025-09-24T04:00:00.000Z
GLASSAMC_AWARE,Pattern of antibiotic consumption at national level (relative use by AWaRe classification),numeric,AFR,Africa,Country,UGA,Uganda,Year,2021,false,AWARE Antibiotics group,Access (%),GLASSAMCAWARE_ANTIBIOTICSGROUP_GLASSAMC_AWARE_A,,,,,,,,,,64.77,,,,,,64.8,,,EN,2024-09-18T04:00:00.000Z
GLASSAMC_AWARE,Pattern of antibiotic consumption at national level (relative use by AWaRe classification),numeric,GLOBAL,Global,Country,HKG,"China, Hong Kong Special Administrative Region",Year,2021,false,AWARE Antibiotics group,Access (%),GLASSAMCAWARE_ANTIBIOTICSGROUP_GLASSAMC_AWARE_A,,,,,,,,,,64.99,,,,,,65,,,EN,2024-09-18T04:00:00.000Z
GLASSAMC_AWARE,Pattern of antibiotic consumption at national level (relative use by AWaRe classification),numeric,EUR,Europe,Country,CHE,Switzerland,Year,2021,false,AWARE Antibiotics group,Access (%),GLASSAMCAWARE_ANTIBIOTICSGROUP_GLASSAMC_AWARE_A,,,,,,,,,,65.43,,,,,,65.4,,,EN,2024-09-18T04:00:00.000Z
GLASSAMC_AWARE,Pattern of antibiotic consumption at national level (relative use by AWaRe classification),numeric,EUR,Europe,Country,BLR,Belarus,Year,2021,false,AWARE Antibiotics group,Access (%),GLASSAMCAWARE_ANTIBIOTICSGROUP_GLASSAMC_AWARE_A,,,,,,,,,,65.91,,,,,,65.9,,,EN,2024-09-18T04:00:00.000Z
GLASSAMC_AWARE,Pattern of antibiotic consumption at national level (relative use by AWaRe classification),numeric,EUR,Europe,Country,DEU,Germany,Year,2021,false,AWARE Antibiotics group,Access (%),GLASSAMCAWARE_ANTIBIOTICSGROUP_GLASSAMC_AWARE_A,,,,,,,,,,66.22,,,,,,66.2,,Only use in the community reported,EN,2025-09-24T04:00:00.000Z
GLASSAMC_AWARE,Pattern of antibiotic consumption at national level (relative use by AWaRe classification),numeric,AMR,Americas,Country,COL,Colombia,Year,2021,false,AWARE Antibiotics group,Access (%),GLASSAMCAWARE_ANTIBIOTICSGROUP_GLASSAMC_AWARE_A,,,,,,,,,,66.31,,,,,,66.3,,,EN,2024-09-18T04:00:00.000Z
GLASSAMC_AWARE,Pattern of antibiotic consumption at national level (relative use by AWaRe classification),numeric,AFR,Africa,Country,ETH,Ethiopia,Year,2021,false,AWARE Antibiotics group,Access (%),GLASSAMCAWARE_ANTIBIOTICSGROUP_GLASSAMC_AWARE_A,,,,,,,,,,67.57,,,,,,67.6,,For antibiotics: only J01 and P01AB reported,EN,2025-09-24T04:00:00.000Z
GLASSAMC_AWARE,Pattern of antibiotic consumption at national level (relative use by AWaRe classification),numeric,EUR,Europe,Country,BEL,Belgium,Year,2021,false,AWARE Antibiotics group,Access (%),GLASSAMCAWARE_ANTIBIOTICSGROUP_GLASSAMC_AWARE_A,,,,,,,,,,68.55,,,,,,68.6,,,EN,2025-09-24T04:00:00.000Z
GLASSAMC_AWARE,Pattern of antibiotic consumption at national level (relative use by AWaRe classification),numeric,EUR,Europe,Country,GBR,United Kingdom of Great Britain and Northern Ireland,Year,2021,false,AWARE Antibiotics group,Access (%),GLASSAMCAWARE_ANTIBIOTICSGROUP_GLASSAMC_AWARE_A,,,,,,,,,,69.34,,,,,,69.3,,Only use in the public sector reported,EN,2025-09-24T04:00:00.000Z
GLASSAMC_AWARE,Pattern of antibiotic consumption at national level (relative use by AWaRe classification),numeric,EUR,Europe,Country,LTU,Lithuania,Year,2021,false,AWARE Antibiotics group,Access (%),GLASSAMCAWARE_ANTIBIOTICSGROUP_GLASSAMC_AWARE_A,,,,,,,,,,69.44,,,,,,69.4,,,EN,2024-09-18T04:00:00.000Z
GLASSAMC_AWARE,Pattern of antibiotic consumption at national level (relative use by AWaRe classification),numeric,EUR,Europe,Country,SVN,Slovenia,Year,2021,false,AWARE Antibiotics group,Access (%),GLASSAMCAWARE_ANTIBIOTICSGROUP_GLASSAMC_AWARE_A,,,,,,,,,,69.91,,,,,,69.9,,,EN,2025-09-24T04:00:00.000Z
GLASSAMC_AWARE,Pattern of antibiotic consumption at national level (relative use by AWaRe classification),numeric,EMR,Eastern Mediterranean,Country,QAT,Qatar,Year,2021,false,AWARE Antibiotics group,Access (%),GLASSAMCAWARE_ANTIBIOTICSGROUP_GLASSAMC_AWARE_A,,,,,,,,,,70.29,,,,,,70.3,,Incomplete data - collected from a limited proportion of data providers from the public sector,EN,2025-09-24T04:00:00.000Z
GLASSAMC_AWARE,Pattern of antibiotic consumption at national level (relative use by AWaRe classification),numeric,EUR,Europe,Country,LVA,Latvia,Year,2021,false,AWARE Antibiotics group,Access (%),GLASSAMCAWARE_ANTIBIOTICSGROUP_GLASSAMC_AWARE_A,,,,,,,,,,71.62,,,,,,71.6,,,EN,2024-09-18T04:00:00.000Z
GLASSAMC_AWARE,Pattern of antibiotic consumption at national level (relative use by AWaRe classification),numeric,AFR,Africa,Country,BEN,Benin,Year,2021,false,AWARE Antibiotics group,Access (%),GLASSAMCAWARE_ANTIBIOTICSGROUP_GLASSAMC_AWARE_A,,,,,,,,,,71.76,,,,,,71.8,,,EN,2024-09-18T04:00:00.000Z
GLASSAMC_AWARE,Pattern of antibiotic consumption at national level (relative use by AWaRe classification),numeric,EUR,Europe,Country,FRA,France,Year,2021,false,AWARE Antibiotics group,Access (%),GLASSAMCAWARE_ANTIBIOTICSGROUP_GLASSAMC_AWARE_A,,,,,,,,,,72.78,,,,,,72.8,,For antibiotics: only J01 and P01AB reported,EN,2025-09-24T04:00:00.000Z
GLASSAMC_AWARE,Pattern of antibiotic consumption at national level (relative use by AWaRe classification),numeric,SEAR,South-East Asia,Country,BGD,Bangladesh,Year,2021,false,AWARE Antibiotics group,Watch (%),GLASSAMCAWARE_ANTIBIOTICSGROUP_GLASSAMC_AWARE_W,,,,,,,,,,72.99,,,,,,73,,,EN,2025-09-24T04:00:00.000Z
GLASSAMC_AWARE,Pattern of antibiotic consumption at national level (relative use by AWaRe classification),numeric,AFR,Africa,Country,BFA,Burkina Faso,Year,2021,false,AWARE Antibiotics group,Access (%),GLASSAMCAWARE_ANTIBIOTICSGROUP_GLASSAMC_AWARE_A,,,,,,,,,,73.05,,,,,,73.1,,For antibiotics: only J01 and P01AB reported,EN,2025-09-24T04:00:00.000Z
GLASSAMC_AWARE,Pattern of antibiotic consumption at national level (relative use by AWaRe classification),numeric,EUR,Europe,Country,IRL,Ireland,Year,2021,false,AWARE Antibiotics group,Access (%),GLASSAMCAWARE_ANTIBIOTICSGROUP_GLASSAMC_AWARE_A,,,,,,,,,,73.75,,,,,,73.7,,,EN,2024-09-18T04:00:00.000Z
GLASSAMC_AWARE,Pattern of antibiotic consumption at national level (relative use by AWaRe classification),numeric,EUR,Europe,Country,SWE,Sweden,Year,2021,true,AWARE Antibiotics group,Access (%),GLASSAMCAWARE_ANTIBIOTICSGROUP_GLASSAMC_AWARE_A,,,,,,,,,,73.77,,,,,,73.8,,,EN,2024-09-18T04:00:00.000Z
GLASSAMC_AWARE,Pattern of antibiotic consumption at national level (relative use by AWaRe classification),numeric,AFR,Africa,Country,GAB,Gabon,Year,2021,false,AWARE Antibiotics group,Access (%),GLASSAMCAWARE_ANTIBIOTICSGROUP_GLASSAMC_AWARE_A,,,,,,,,,,74.04,,,,,,74,,,EN,2024-09-18T04:00:00.000Z
GLASSAMC_AWARE,Pattern of antibiotic consumption at national level (relative use by AWaRe classification),numeric,AFR,Africa,Country,SEN,Senegal,Year,2021,false,AWARE Antibiotics group,Access (%),GLASSAMCAWARE_ANTIBIOTICSGROUP_GLASSAMC_AWARE_A,,,,,,,,,,74.72,,,,,,74.7,,For antibiotics: only J01 reported,EN,2025-09-24T04:00:00.000Z
GLASSAMC_AWARE,Pattern of antibiotic consumption at national level (relative use by AWaRe classification),numeric,EMR,Eastern Mediterranean,Country,OMN,Oman,Year,2021,false,AWARE Antibiotics group,Access (%),GLASSAMCAWARE_ANTIBIOTICSGROUP_GLASSAMC_AWARE_A,,,,,,,,,,75.53,,,,,,75.5,,,EN,2024-09-18T04:00:00.000Z
GLASSAMC_AWARE,Pattern of antibiotic consumption at national level (relative use by AWaRe classification),numeric,EUR,Europe,Country,FIN,Finland,Year,2021,false,AWARE Antibiotics group,Access (%),GLASSAMCAWARE_ANTIBIOTICSGROUP_GLASSAMC_AWARE_A,,,,,,,,,,76.46,,,,,,76.5,,,EN,2024-09-18T04:00:00.000Z
GLASSAMC_AWARE,Pattern of antibiotic consumption at national level (relative use by AWaRe classification),numeric,WPR,Western Pacific,Country,LAO,Lao People's Democratic Republic,Year,2021,false,AWARE Antibiotics group,Access (%),GLASSAMCAWARE_ANTIBIOTICSGROUP_GLASSAMC_AWARE_A,,,,,,,,,,77.89,,,,,,77.9,,For antibiotics: only J01 and P01AB reported,EN,2025-09-24T04:00:00.000Z
GLASSAMC_AWARE,Pattern of antibiotic consumption at national level (relative use by AWaRe classification),numeric,EUR,Europe,Country,NOR,Norway,Year,2021,false,AWARE Antibiotics group,Access (%),GLASSAMCAWARE_ANTIBIOTICSGROUP_GLASSAMC_AWARE_A,,,,,,,,,,79.55,,,,,,79.5,,,EN,2024-09-18T04:00:00.000Z
GLASSAMC_AWARE,Pattern of antibiotic consumption at national level (relative use by AWaRe classification),numeric,AFR,Africa,Country,ZAF,South Africa,Year,2021,false,AWARE Antibiotics group,Access (%),GLASSAMCAWARE_ANTIBIOTICSGROUP_GLASSAMC_AWARE_A,,,,,,,,,,79.91,,,,,,79.9,,Only use in the public sector reported,EN,2025-09-24T04:00:00.000Z
GLASSAMC_AWARE,Pattern of antibiotic consumption at national level (relative use by AWaRe classification),numeric,AFR,Africa,Country,CIV,Cote d'Ivoire,Year,2021,false,AWARE Antibiotics group,Access (%),GLASSAMCAWARE_ANTIBIOTICSGROUP_GLASSAMC_AWARE_A,,,,,,,,,,80.7,,,,,,80.7,,For antibiotics: only J01 and P01AB reported,EN,2025-09-24T04:00:00.000Z
GLASSAMC_AWARE,Pattern of antibiotic consumption at national level (relative use by AWaRe classification),numeric,EUR,Europe,Country,DNK,Denmark,Year,2021,false,AWARE Antibiotics group,Access (%),GLASSAMCAWARE_ANTIBIOTICSGROUP_GLASSAMC_AWARE_A,,,,,,,,,,81.95,,,,,,81.9,,,EN,2025-09-24T04:00:00.000Z
GLASSAMC_AWARE,Pattern of antibiotic consumption at national level (relative use by AWaRe classification),numeric,AFR,Africa,Country,MLI,Mali,Year,2021,false,AWARE Antibiotics group,Access (%),GLASSAMCAWARE_ANTIBIOTICSGROUP_GLASSAMC_AWARE_A,,,,,,,,,,82.3,,,,,,82.3,,For antibiotics: only J01 and P01AB reported,EN,2025-09-24T04:00:00.000Z
GLASSAMC_AWARE,Pattern of antibiotic consumption at national level (relative use by AWaRe classification),numeric,SEAR,South-East Asia,Country,BTN,Bhutan,Year,2021,false,AWARE Antibiotics group,Access (%),GLASSAMCAWARE_ANTIBIOTICSGROUP_GLASSAMC_AWARE_A,,,,,,,,,,86.8,,,,,,86.8,,For antibiotics: only J01 reported,EN,2025-09-24T04:00:00.000Z
GLASSAMC_AWARE,Pattern of antibiotic consumption at national level (relative use by AWaRe classification),numeric,EUR,Europe,Country,ISL,Iceland,Year,2021,false,AWARE Antibiotics group,Access (%),GLASSAMCAWARE_ANTIBIOTICSGROUP_GLASSAMC_AWARE_A,,,,,,,,,,87.06,,,,,,87.1,,,EN,2024-09-18T04:00:00.000Z
GLASSAMC_AWARE,Pattern of antibiotic consumption at national level (relative use by AWaRe classification),numeric,EUR,Europe,Country,AUT,Austria,Year,2020,false,AWARE Antibiotics group,Not classified (%) / not recommended (%),GLASSAMCAWARE_ANTIBIOTICSGROUP_GLASSAMC_AWARE_O,,,,,,,,,,0,,,,,,0,,,EN,2025-09-24T04:00:00.000Z
GLASSAMC_AWARE,Pattern of antibiotic consumption at national level (relative use by AWaRe classification),numeric,SEAR,South-East Asia,Country,BGD,Bangladesh,Year,2020,false,AWARE Antibiotics group,Not classified (%) / not recommended (%),GLASSAMCAWARE_ANTIBIOTICSGROUP_GLASSAMC_AWARE_O,,,,,,,,,,0.028,,,,,,0,,,EN,2025-09-24T04:00:00.000Z
GLASSAMC_AWARE,Pattern of antibiotic consumption at national level (relative use by AWaRe classification),numeric,EUR,Europe,Country,BEL,Belgium,Year,2020,false,AWARE Antibiotics group,Not classified (%) / not recommended (%),GLASSAMCAWARE_ANTIBIOTICSGROUP_GLASSAMC_AWARE_O,,,,,,,,,,0,,,,,,0,,,EN,2025-09-24T04:00:00.000Z
GLASSAMC_AWARE,Pattern of antibiotic consumption at national level (relative use by AWaRe classification),numeric,AFR,Africa,Country,BEN,Benin,Year,2020,false,AWARE Antibiotics group,Reserve (%),GLASSAMCAWARE_ANTIBIOTICSGROUP_GLASSAMC_AWARE_R,,,,,,,,,,0.0002,,,,,,0,,,EN,2024-09-18T04:00:00.000Z
GLASSAMC_AWARE,Pattern of antibiotic consumption at national level (relative use by AWaRe classification),numeric,SEAR,South-East Asia,Country,BTN,Bhutan,Year,2020,false,AWARE Antibiotics group,Not classified (%) / not recommended (%),GLASSAMCAWARE_ANTIBIOTICSGROUP_GLASSAMC_AWARE_O,,,,,,,,,,0,,,,,,0,,For antibiotics: only J01 and P01AB reported,EN,2025-09-24T04:00:00.000Z
GLASSAMC_AWARE,Pattern of antibiotic consumption at national level (relative use by AWaRe classification),numeric,SEAR,South-East Asia,Country,BTN,Bhutan,Year,2020,false,AWARE Antibiotics group,Reserve (%),GLASSAMCAWARE_ANTIBIOTICSGROUP_GLASSAMC_AWARE_R,,,,,,,,,,0.005,,,,,,0,,For antibiotics: only J01 and P01AB reported,EN,2025-09-24T04:00:00.000Z
GLASSAMC_AWARE,Pattern of antibiotic consumption at national level (relative use by AWaRe classification),numeric,AFR,Africa,Country,BFA,Burkina Faso,Year,2020,false,AWARE Antibiotics group,Reserve (%),GLASSAMCAWARE_ANTIBIOTICSGROUP_GLASSAMC_AWARE_R,,,,,,,,,,0,,,,,,0,,For antibiotics: only J01 and P01AB reported,EN,2025-09-24T04:00:00.000Z
GLASSAMC_AWARE,Pattern of antibiotic consumption at national level (relative use by AWaRe classification),numeric,AMR,Americas,Country,COL,Colombia,Year,2020,false,AWARE Antibiotics group,Not classified (%) / not recommended (%),GLASSAMCAWARE_ANTIBIOTICSGROUP_GLASSAMC_AWARE_O,,,,,,,,,,0,,,,,,0,,,EN,2024-09-18T04:00:00.000Z
GLASSAMC_AWARE,Pattern of antibiotic consumption at national level (relative use by AWaRe classification),numeric,EUR,Europe,Country,HRV,Croatia,Year,2020,false,AWARE Antibiotics group,Not classified (%) / not recommended (%),GLASSAMCAWARE_ANTIBIOTICSGROUP_GLASSAMC_AWARE_O,,,,,,,,,,0.0003,,,,,,0,,,EN,2025-09-24T04:00:00.000Z
GLASSAMC_AWARE,Pattern of antibiotic consumption at national level (relative use by AWaRe classification),numeric,EUR,Europe,Country,CYP,Cyprus,Year,2020,false,AWARE Antibiotics group,Not classified (%) / not recommended (%),GLASSAMCAWARE_ANTIBIOTICSGROUP_GLASSAMC_AWARE_O,,,,,,,,,,0.008,,,,,,0,,,EN,2025-09-24T04:00:00.000Z
GLASSAMC_AWARE,Pattern of antibiotic consumption at national level (relative use by AWaRe classification),numeric,EUR,Europe,Country,CZE,Czechia,Year,2020,false,AWARE Antibiotics group,Not classified (%) / not recommended (%),GLASSAMCAWARE_ANTIBIOTICSGROUP_GLASSAMC_AWARE_O,,,,,,,,,,0.011,,,,,,0,,,EN,2025-09-24T04:00:00.000Z
GLASSAMC_AWARE,Pattern of antibiotic consumption at national level (relative use by AWaRe classification),numeric,EUR,Europe,Country,DNK,Denmark,Year,2020,false,AWARE Antibiotics group,Not classified (%) / not recommended (%),GLASSAMCAWARE_ANTIBIOTICSGROUP_GLASSAMC_AWARE_O,,,,,,,,,,0,,,,,,0,,,EN,2024-09-18T04:00:00.000Z
GLASSAMC_AWARE,Pattern of antibiotic consumption at national level (relative use by AWaRe classification),numeric,EUR,Europe,Country,EST,Estonia,Year,2020,false,AWARE Antibiotics group,Not classified (%) / not recommended (%),GLASSAMCAWARE_ANTIBIOTICSGROUP_GLASSAMC_AWARE_O,,,,,,,,,,0.0001,,,,,,0,,,EN,2024-09-18T04:00:00.000Z
GLASSAMC_AWARE,Pattern of antibiotic consumption at national level (relative use by AWaRe classification),numeric,AFR,Africa,Country,ETH,Ethiopia,Year,2020,false,AWARE Antibiotics group,Not classified (%) / not recommended (%),GLASSAMCAWARE_ANTIBIOTICSGROUP_GLASSAMC_AWARE_O,,,,,,,,,,0.006,,,,,,0,,For antibiotics: only J01 and P01AB reported,EN,2025-09-24T04:00:00.000Z
GLASSAMC_AWARE,Pattern of antibiotic consumption at national level (relative use by AWaRe classification),numeric,AFR,Africa,Country,ETH,Ethiopia,Year,2020,false,AWARE Antibiotics group,Reserve (%),GLASSAMCAWARE_ANTIBIOTICSGROUP_GLASSAMC_AWARE_R,,,,,,,,,,0,,,,,,0,,For antibiotics: only J01 and P01AB reported,EN,2025-09-24T04:00:00.000Z
GLASSAMC_AWARE,Pattern of antibiotic consumption at national level (relative use by AWaRe classification),numeric,EUR,Europe,Country,FIN,Finland,Year,2020,false,AWARE Antibiotics group,Not classified (%) / not recommended (%),GLASSAMCAWARE_ANTIBIOTICSGROUP_GLASSAMC_AWARE_O,,,,,,,,,,0,,,,,,0,,,EN,2024-09-18T04:00:00.000Z
GLASSAMC_AWARE,Pattern of antibiotic consumption at national level (relative use by AWaRe classification),numeric,AFR,Africa,Country,GAB,Gabon,Year,2020,false,AWARE Antibiotics group,Reserve (%),GLASSAMCAWARE_ANTIBIOTICSGROUP_GLASSAMC_AWARE_R,,,,,,,,,,0,,,,,,0,,For antibiotics: only J01 and P01AB reported,EN,2025-09-24T04:00:00.000Z
GLASSAMC_AWARE,Pattern of antibiotic consumption at national level (relative use by AWaRe classification),numeric,AMR,Americas,Country,HND,Honduras,Year,2020,false,AWARE Antibiotics group,Not classified (%) / not recommended (%),GLASSAMCAWARE_ANTIBIOTICSGROUP_GLASSAMC_AWARE_O,,,,,,,,,,0,,,,,,0,,Only use in the public sector reported,EN,2025-09-24T04:00:00.000Z
GLASSAMC_AWARE,Pattern of antibiotic consumption at national level (relative use by AWaRe classification),numeric,AMR,Americas,Country,HND,Honduras,Year,2020,false,AWARE Antibiotics group,Reserve (%),GLASSAMCAWARE_ANTIBIOTICSGROUP_GLASSAMC_AWARE_R,,,,,,,,,,0.012,,,,,,0,,Only use in the public sector reported,EN,2025-09-24T04:00:00.000Z
GLASSAMC_AWARE,Pattern of antibiotic consumption at national level (relative use by AWaRe classification),numeric,EUR,Europe,Country,HUN,Hungary,Year,2020,false,AWARE Antibiotics group,Not classified (%) / not recommended (%),GLASSAMCAWARE_ANTIBIOTICSGROUP_GLASSAMC_AWARE_O,,,,,,,,,,0,,,,,,0,,,EN,2024-09-18T04:00:00.000Z
GLASSAMC_AWARE,Pattern of antibiotic consumption at national level (relative use by AWaRe classification),numeric,EUR,Europe,Country,ISL,Iceland,Year,2020,false,AWARE Antibiotics group,Not classified (%) / not recommended (%),GLASSAMCAWARE_ANTIBIOTICSGROUP_GLASSAMC_AWARE_O,,,,,,,,,,0,,,,,,0,,,EN,2025-09-24T04:00:00.000Z
GLASSAMC_AWARE,Pattern of antibiotic consumption at national level (relative use by AWaRe classification),numeric,EMR,Eastern Mediterranean,Country,IRN,Iran (Islamic Republic of),Year,2020,false,AWARE Antibiotics group,Not classified (%) / not recommended (%),GLASSAMCAWARE_ANTIBIOTICSGROUP_GLASSAMC_AWARE_O,,,,,,,,,,0,,,,,,0,,,EN,2025-09-24T04:00:00.000Z
GLASSAMC_AWARE,Pattern of antibiotic consumption at national level (relative use by AWaRe classification),numeric,EUR,Europe,Country,IRL,Ireland,Year,2020,false,AWARE Antibiotics group,Not classified (%) / not recommended (%),GLASSAMCAWARE_ANTIBIOTICSGROUP_GLASSAMC_AWARE_O,,,,,,,,,,0,,,,,,0,,,EN,2024-09-18T04:00:00.000Z
GLASSAMC_AWARE,Pattern of antibiotic consumption at national level (relative use by AWaRe classification),numeric,EUR,Europe,Country,ITA,Italy,Year,2020,false,AWARE Antibiotics group,Not classified (%) / not recommended (%),GLASSAMCAWARE_ANTIBIOTICSGROUP_GLASSAMC_AWARE_O,,,,,,,,,,0,,,,,,0,,,EN,2025-09-24T04:00:00.000Z
GLASSAMC_AWARE,Pattern of antibiotic consumption at national level (relative use by AWaRe classification),numeric,EMR,Eastern Mediterranean,Country,JOR,Jordan,Year,2020,false,AWARE Antibiotics group,Reserve (%),GLASSAMCAWARE_ANTIBIOTICSGROUP_GLASSAMC_AWARE_R,,,,,,,,,,0.03,,,,,,0,,,EN,2024-09-18T04:00:00.000Z
GLASSAMC_AWARE,Pattern of antibiotic consumption at national level (relative use by AWaRe classification),numeric,AFR,Africa,Country,KEN,Kenya,Year,2020,false,AWARE Antibiotics group,Reserve (%),GLASSAMCAWARE_ANTIBIOTICSGROUP_GLASSAMC_AWARE_R,,,,,,,,,,0.04,,,,,,0,,Data incomplete since not collected from all sources of data,EN,2024-09-18T04:00:00.000Z
GLASSAMC_AWARE,Pattern of antibiotic consumption at national level (relative use by AWaRe classification),numeric,WPR,Western Pacific,Country,LAO,Lao People's Democratic Republic,Year,2020,false,AWARE Antibiotics group,Reserve (%),GLASSAMCAWARE_ANTIBIOTICSGROUP_GLASSAMC_AWARE_R,,,,,,,,,,0,,,,,,0,,For antibiotics: only J01 and P01AB reported,EN,2025-09-24T04:00:00.000Z
GLASSAMC_AWARE,Pattern of antibiotic consumption at national level (relative use by AWaRe classification),numeric,SEAR,South-East Asia,Country,MDV,Maldives,Year,2020,false,AWARE Antibiotics group,Reserve (%),GLASSAMCAWARE_ANTIBIOTICSGROUP_GLASSAMC_AWARE_R,,,,,,,,,,0.025,,,,,,0,,,EN,2025-09-24T04:00:00.000Z
GLASSAMC_AWARE,Pattern of antibiotic consumption at national level (relative use by AWaRe classification),numeric,AFR,Africa,Country,MLI,Mali,Year,2020,false,AWARE Antibiotics group,Reserve (%),GLASSAMCAWARE_ANTIBIOTICSGROUP_GLASSAMC_AWARE_R,,,,,,,,,,0,,,,,,0,,For antibiotics: only J01 and P01AB reported,EN,2025-09-24T04:00:00.000Z
GLASSAMC_AWARE,Pattern of antibiotic consumption at national level (relative use by AWaRe classification),numeric,EUR,Europe,Country,MNE,Montenegro,Year,2020,false,AWARE Antibiotics group,Reserve (%),GLASSAMCAWARE_ANTIBIOTICSGROUP_GLASSAMC_AWARE_R,,,,,,,,,,0.021,,,,,,0,,,EN,2024-09-18T04:00:00.000Z
GLASSAMC_AWARE,Pattern of antibiotic consumption at national level (relative use by AWaRe classification),numeric,SEAR,South-East Asia,Country,NPL,Nepal,Year,2020,false,AWARE Antibiotics group,Reserve (%),GLASSAMCAWARE_ANTIBIOTICSGROUP_GLASSAMC_AWARE_R,,,,,,,,,,0.03,,,,,,0,,,EN,2024-09-18T04:00:00.000Z
GLASSAMC_AWARE,Pattern of antibiotic consumption at national level (relative use by AWaRe classification),numeric,EUR,Europe,Country,NOR,Norway,Year,2020,false,AWARE Antibiotics group,Not classified (%) / not recommended (%),GLASSAMCAWARE_ANTIBIOTICSGROUP_GLASSAMC_AWARE_O,,,,,,,,,,0,,,,,,0,,,EN,2024-09-18T04:00:00.000Z
GLASSAMC_AWARE,Pattern of antibiotic consumption at national level (relative use by AWaRe classification),numeric,AMR,Americas,Country,PER,Peru,Year,2020,false,AWARE Antibiotics group,Not classified (%) / not recommended (%),GLASSAMCAWARE_ANTIBIOTICSGROUP_GLASSAMC_AWARE_O,,,,,,,,,,0,,,,,,0,,,EN,2025-09-24T04:00:00.000Z
GLASSAMC_AWARE,Pattern of antibiotic consumption at national level (relative use by AWaRe classification),numeric,EUR,Europe,Country,PRT,Portugal,Year,2020,false,AWARE Antibiotics group,Not classified (%) / not recommended (%),GLASSAMCAWARE_ANTIBIOTICSGROUP_GLASSAMC_AWARE_O,,,,,,,,,,0.0004,,,,,,0,,,EN,2025-09-24T04:00:00.000Z
GLASSAMC_AWARE,Pattern of antibiotic consumption at national level (relative use by AWaRe classification),numeric,EUR,Europe,Country,SVN,Slovenia,Year,2020,false,AWARE Antibiotics group,Not classified (%) / not recommended (%),GLASSAMCAWARE_ANTIBIOTICSGROUP_GLASSAMC_AWARE_O,,,,,,,,,,0,,,,,,0,,,EN,2025-09-24T04:00:00.000Z
GLASSAMC_AWARE,Pattern of antibiotic consumption at national level (relative use by AWaRe classification),numeric,AFR,Africa,Country,ZAF,South Africa,Year,2020,false,AWARE Antibiotics group,Not classified (%) / not recommended (%),GLASSAMCAWARE_ANTIBIOTICSGROUP_GLASSAMC_AWARE_O,,,,,,,,,,0,,,,,,0,,Only use in the public sector reported,EN,2025-09-24T04:00:00.000Z
GLASSAMC_AWARE,Pattern of antibiotic consumption at national level (relative use by AWaRe classification),numeric,EUR,Europe,Country,SWE,Sweden,Year,2020,false,AWARE Antibiotics group,Not classified (%) / not recommended (%),GLASSAMCAWARE_ANTIBIOTICSGROUP_GLASSAMC_AWARE_O,,,,,,,,,,0,,,,,,0,,,EN,2024-09-18T04:00:00.000Z
GLASSAMC_AWARE,Pattern of antibiotic consumption at national level (relative use by AWaRe classification),numeric,EUR,Europe,Country,CHE,Switzerland,Year,2020,false,AWARE Antibiotics group,Not classified (%) / not recommended (%),GLASSAMCAWARE_ANTIBIOTICSGROUP_GLASSAMC_AWARE_O,,,,,,,,,,0,,,,,,0,,,EN,2024-09-18T04:00:00.000Z
GLASSAMC_AWARE,Pattern of antibiotic consumption at national level (relative use by AWaRe classification),numeric,EMR,Eastern Mediterranean,Country,TUN,Tunisia,Year,2020,false,AWARE Antibiotics group,Reserve (%),GLASSAMCAWARE_ANTIBIOTICSGROUP_GLASSAMC_AWARE_R,,,,,,,,,,0.033,,,,,,0,,For antibiotics: only J01 and P01AB reported,EN,2025-09-24T04:00:00.000Z
GLASSAMC_AWARE,Pattern of antibiotic consumption at national level (relative use by AWaRe classification),numeric,EUR,Europe,Country,GBR,United Kingdom of Great Britain and Northern Ireland,Year,2020,false,AWARE Antibiotics group,Not classified (%) / not recommended (%),GLASSAMCAWARE_ANTIBIOTICSGROUP_GLASSAMC_AWARE_O,,,,,,,,,,0.005,,,,,,0,,Only use in the public sector reported,EN,2025-09-24T04:00:00.000Z
GLASSAMC_AWARE,Pattern of antibiotic consumption at national level (relative use by AWaRe classification),numeric,AFR,Africa,Country,TZA,United Republic of Tanzania,Year,2020,false,AWARE Antibiotics group,Reserve (%),GLASSAMCAWARE_ANTIBIOTICSGROUP_GLASSAMC_AWARE_R,,,,,,,,,,0,,,,,,0,,,EN,2024-09-18T04:00:00.000Z
GLASSAMC_AWARE,Pattern of antibiotic consumption at national level (relative use by AWaRe classification),numeric,EUR,Europe,Country,ARM,Armenia,Year,2020,false,AWARE Antibiotics group,Reserve (%),GLASSAMCAWARE_ANTIBIOTICSGROUP_GLASSAMC_AWARE_R,,,,,,,,,,0.13,,,,,,0.1,,,EN,2025-09-24T04:00:00.000Z
GLASSAMC_AWARE,Pattern of antibiotic consumption at national level (relative use by AWaRe classification),numeric,AMR,Americas,Country,COL,Colombia,Year,2020,false,AWARE Antibiotics group,Reserve (%),GLASSAMCAWARE_ANTIBIOTICSGROUP_GLASSAMC_AWARE_R,,,,,,,,,,0.13,,,,,,0.1,,,EN,2024-09-18T04:00:00.000Z
GLASSAMC_AWARE,Pattern of antibiotic consumption at national level (relative use by AWaRe classification),numeric,EUR,Europe,Country,CYP,Cyprus,Year,2020,false,AWARE Antibiotics group,Reserve (%),GLASSAMCAWARE_ANTIBIOTICSGROUP_GLASSAMC_AWARE_R,,,,,,,,,,0.14,,,,,,0.1,,,EN,2024-09-18T04:00:00.000Z
GLASSAMC_AWARE,Pattern of antibiotic consumption at national level (relative use by AWaRe classification),numeric,EUR,Europe,Country,HUN,Hungary,Year,2020,false,AWARE Antibiotics group,Reserve (%),GLASSAMCAWARE_ANTIBIOTICSGROUP_GLASSAMC_AWARE_R,,,,,,,,,,0.11,,,,,,0.1,,,EN,2024-09-18T04:00:00.000Z
GLASSAMC_AWARE,Pattern of antibiotic consumption at national level (relative use by AWaRe classification),numeric,EUR,Europe,Country,ISL,Iceland,Year,2020,false,AWARE Antibiotics group,Reserve (%),GLASSAMCAWARE_ANTIBIOTICSGROUP_GLASSAMC_AWARE_R,,,,,,,,,,0.086,,,,,,0.1,,,EN,2024-09-18T04:00:00.000Z
GLASSAMC_AWARE,Pattern of antibiotic consumption at national level (relative use by AWaRe classification),numeric,EMR,Eastern Mediterranean,Country,IRN,Iran (Islamic Republic of),Year,2020,false,AWARE Antibiotics group,Reserve (%),GLASSAMCAWARE_ANTIBIOTICSGROUP_GLASSAMC_AWARE_R,,,,,,,,,,0.072,,,,,,0.1,,,EN,2024-09-18T04:00:00.000Z
GLASSAMC_AWARE,Pattern of antibiotic consumption at national level (relative use by AWaRe classification),numeric,WPR,Western Pacific,Country,LAO,Lao People's Democratic Republic,Year,2020,false,AWARE Antibiotics group,Not classified (%) / not recommended (%),GLASSAMCAWARE_ANTIBIOTICSGROUP_GLASSAMC_AWARE_O,,,,,,,,,,0.085,,,,,,0.1,,For antibiotics: only J01 and P01AB reported,EN,2025-09-24T04:00:00.000Z
GLASSAMC_AWARE,Pattern of antibiotic consumption at national level (relative use by AWaRe classification),numeric,EUR,Europe,Country,LVA,Latvia,Year,2020,false,AWARE Antibiotics group,Not classified (%) / not recommended (%),GLASSAMCAWARE_ANTIBIOTICSGROUP_GLASSAMC_AWARE_O,,,,,,,,,,0.15,,,,,,0.1,,,EN,2025-09-24T04:00:00.000Z
GLASSAMC_AWARE,Pattern of antibiotic consumption at national level (relative use by AWaRe classification),numeric,EUR,Europe,Country,LVA,Latvia,Year,2020,false,AWARE Antibiotics group,Reserve (%),GLASSAMCAWARE_ANTIBIOTICSGROUP_GLASSAMC_AWARE_R,,,,,,,,,,0.11,,,,,,0.1,,,EN,2024-09-18T04:00:00.000Z
GLASSAMC_AWARE,Pattern of antibiotic consumption at national level (relative use by AWaRe classification),numeric,EUR,Europe,Country,LTU,Lithuania,Year,2020,false,AWARE Antibiotics group,Not classified (%) / not recommended (%),GLASSAMCAWARE_ANTIBIOTICSGROUP_GLASSAMC_AWARE_O,,,,,,,,,,0.14,,,,,,0.1,,,EN,2024-09-18T04:00:00.000Z
GLASSAMC_AWARE,Pattern of antibiotic consumption at national level (relative use by AWaRe classification),numeric,EUR,Europe,Country,MLT,Malta,Year,2020,false,AWARE Antibiotics group,Reserve (%),GLASSAMCAWARE_ANTIBIOTICSGROUP_GLASSAMC_AWARE_R,,,,,,,,,,0.099,,,,,,0.1,,,EN,2024-09-18T04:00:00.000Z
GLASSAMC_AWARE,Pattern of antibiotic consumption at national level (relative use by AWaRe classification),numeric,AMR,Americas,Country,PER,Peru,Year,2020,false,AWARE Antibiotics group,Reserve (%),GLASSAMCAWARE_ANTIBIOTICSGROUP_GLASSAMC_AWARE_R,,,,,,,,,,0.14,,,,,,0.1,,,EN,2025-09-24T04:00:00.000Z
GLASSAMC_AWARE,Pattern of antibiotic consumption at national level (relative use by AWaRe classification),numeric,EUR,Europe,Country,POL,Poland,Year,2020,false,AWARE Antibiotics group,Not classified (%) / not recommended (%),GLASSAMCAWARE_ANTIBIOTICSGROUP_GLASSAMC_AWARE_O,,,,,,,,,,0.085,,,,,,0.1,,,EN,2024-09-18T04:00:00.000Z
GLASSAMC_AWARE,Pattern of antibiotic consumption at national level (relative use by AWaRe classification),numeric,EUR,Europe,Country,POL,Poland,Year,2020,false,AWARE Antibiotics group,Reserve (%),GLASSAMCAWARE_ANTIBIOTICSGROUP_GLASSAMC_AWARE_R,,,,,,,,,,0.11,,,,,,0.1,,,EN,2024-09-18T04:00:00.000Z
GLASSAMC_AWARE,Pattern of antibiotic consumption at national level (relative use by AWaRe classification),numeric,EUR,Europe,Country,ROU,Romania,Year,2020,false,AWARE Antibiotics group,Not classified (%) / not recommended (%),GLASSAMCAWARE_ANTIBIOTICSGROUP_GLASSAMC_AWARE_O,,,,,,,,,,0.056,,,,,,0.1,,,EN,2024-09-18T04:00:00.000Z
GLASSAMC_AWARE,Pattern of antibiotic consumption at national level (relative use by AWaRe classification),numeric,EUR,Europe,Country,TJK,Tajikistan,Year,2020,false,AWARE Antibiotics group,Reserve (%),GLASSAMCAWARE_ANTIBIOTICSGROUP_GLASSAMC_AWARE_R,,,,,,,,,,0.12,,,,,,0.1,,,EN,2024-09-18T04:00:00.000Z
GLASSAMC_AWARE,Pattern of antibiotic consumption at national level (relative use by AWaRe classification),numeric,EUR,Europe,Country,ARM,Armenia,Year,2020,false,AWARE Antibiotics group,Not classified (%) / not recommended (%),GLASSAMCAWARE_ANTIBIOTICSGROUP_GLASSAMC_AWARE_O,,,,,,,,,,0.23,,,,,,0.2,,,EN,2025-09-24T04:00:00.000Z
GLASSAMC_AWARE,Pattern of antibiotic consumption at national level (relative use by AWaRe classification),numeric,SEAR,South-East Asia,Country,BGD,Bangladesh,Year,2020,false,AWARE Antibiotics group,Reserve (%),GLASSAMCAWARE_ANTIBIOTICSGROUP_GLASSAMC_AWARE_R,,,,,,,,,,0.23,,,,,,0.2,,,EN,2024-09-18T04:00:00.000Z
GLASSAMC_AWARE,Pattern of antibiotic consumption at national level (relative use by AWaRe classification),numeric,EUR,Europe,Country,BEL,Belgium,Year,2020,false,AWARE Antibiotics group,Reserve (%),GLASSAMCAWARE_ANTIBIOTICSGROUP_GLASSAMC_AWARE_R,,,,,,,,,,0.15,,,,,,0.2,,,EN,2024-09-18T04:00:00.000Z
GLASSAMC_AWARE,Pattern of antibiotic consumption at national level (relative use by AWaRe classification),numeric,EUR,Europe,Country,HRV,Croatia,Year,2020,false,AWARE Antibiotics group,Reserve (%),GLASSAMCAWARE_ANTIBIOTICSGROUP_GLASSAMC_AWARE_R,,,,,,,,,,0.25,,,,,,0.2,,,EN,2024-09-18T04:00:00.000Z
GLASSAMC_AWARE,Pattern of antibiotic consumption at national level (relative use by AWaRe classification),numeric,EUR,Europe,Country,CZE,Czechia,Year,2020,false,AWARE Antibiotics group,Reserve (%),GLASSAMCAWARE_ANTIBIOTICSGROUP_GLASSAMC_AWARE_R,,,,,,,,,,0.23,,,,,,0.2,,,EN,2024-09-18T04:00:00.000Z
GLASSAMC_AWARE,Pattern of antibiotic consumption at national level (relative use by AWaRe classification),numeric,EUR,Europe,Country,EST,Estonia,Year,2020,false,AWARE Antibiotics group,Reserve (%),GLASSAMCAWARE_ANTIBIOTICSGROUP_GLASSAMC_AWARE_R,,,,,,,,,,0.19,,,,,,0.2,,,EN,2024-09-18T04:00:00.000Z
GLASSAMC_AWARE,Pattern of antibiotic consumption at national level (relative use by AWaRe classification),numeric,EUR,Europe,Country,FIN,Finland,Year,2020,false,AWARE Antibiotics group,Reserve (%),GLASSAMCAWARE_ANTIBIOTICSGROUP_GLASSAMC_AWARE_R,,,,,,,,,,0.16,,,,,,0.2,,,EN,2024-09-18T04:00:00.000Z
GLASSAMC_AWARE,Pattern of antibiotic consumption at national level (relative use by AWaRe classification),numeric,AFR,Africa,Country,GAB,Gabon,Year,2020,false,AWARE Antibiotics group,Not classified (%) / not recommended (%),GLASSAMCAWARE_ANTIBIOTICSGROUP_GLASSAMC_AWARE_O,,,,,,,,,,0.23,,,,,,0.2,,For antibiotics: only J01 and P01AB reported,EN,2025-09-24T04:00:00.000Z
GLASSAMC_AWARE,Pattern of antibiotic consumption at national level (relative use by AWaRe classification),numeric,EUR,Europe,Country,GEO,Georgia,Year,2020,false,AWARE Antibiotics group,Reserve (%),GLASSAMCAWARE_ANTIBIOTICSGROUP_GLASSAMC_AWARE_R,,,,,,,,,,0.22,,,,,,0.2,,For antibiotics: only J01 and P01AB reported,EN,2025-09-24T04:00:00.000Z
GLASSAMC_AWARE,Pattern of antibiotic consumption at national level (relative use by AWaRe classification),numeric,EUR,Europe,Country,DEU,Germany,Year,2020,false,AWARE Antibiotics group,Reserve (%),GLASSAMCAWARE_ANTIBIOTICSGROUP_GLASSAMC_AWARE_R,,,,,,,,,,0.2,,,,,,0.2,,Only use in the community reported,EN,2025-09-24T04:00:00.000Z
GLASSAMC_AWARE,Pattern of antibiotic consumption at national level (relative use by AWaRe classification),numeric,EUR,Europe,Country,MNE,Montenegro,Year,2020,false,AWARE Antibiotics group,Not classified (%) / not recommended (%),GLASSAMCAWARE_ANTIBIOTICSGROUP_GLASSAMC_AWARE_O,,,,,,,,,,0.19,,,,,,0.2,,,EN,2025-09-24T04:00:00.000Z
GLASSAMC_AWARE,Pattern of antibiotic consumption at national level (relative use by AWaRe classification),numeric,EUR,Europe,Country,NOR,Norway,Year,2020,false,AWARE Antibiotics group,Reserve (%),GLASSAMCAWARE_ANTIBIOTICSGROUP_GLASSAMC_AWARE_R,,,,,,,,,,0.19,,,,,,0.2,,,EN,2024-09-18T04:00:00.000Z
GLASSAMC_AWARE,Pattern of antibiotic consumption at national level (relative use by AWaRe classification),numeric,EUR,Europe,Country,ROU,Romania,Year,2020,false,AWARE Antibiotics group,Reserve (%),GLASSAMCAWARE_ANTIBIOTICSGROUP_GLASSAMC_AWARE_R,,,,,,,,,,0.16,,,,,,0.2,,,EN,2024-09-18T04:00:00.000Z
GLASSAMC_AWARE,Pattern of antibiotic consumption at national level (relative use by AWaRe classification),numeric,EUR,Europe,Country,RUS,Russian Federation,Year,2020,false,AWARE Antibiotics group,Reserve (%),GLASSAMCAWARE_ANTIBIOTICSGROUP_GLASSAMC_AWARE_R,,,,,,,,,,0.2,,,,,,0.2,,,EN,2024-09-18T04:00:00.000Z
GLASSAMC_AWARE,Pattern of antibiotic consumption at national level (relative use by AWaRe classification),numeric,AFR,Africa,Country,ZAF,South Africa,Year,2020,false,AWARE Antibiotics group,Reserve (%),GLASSAMCAWARE_ANTIBIOTICSGROUP_GLASSAMC_AWARE_R,,,,,,,,,,0.17,,,,,,0.2,,Only use in the public sector reported,EN,2025-09-24T04:00:00.000Z
GLASSAMC_AWARE,Pattern of antibiotic consumption at national level (relative use by AWaRe classification),numeric,EUR,Europe,Country,SWE,Sweden,Year,2020,false,AWARE Antibiotics group,Reserve (%),GLASSAMCAWARE_ANTIBIOTICSGROUP_GLASSAMC_AWARE_R,,,,,,,,,,0.25,,,,,,0.2,,,EN,2024-09-18T04:00:00.000Z
GLASSAMC_AWARE,Pattern of antibiotic consumption at national level (relative use by AWaRe classification),numeric,EUR,Europe,Country,DNK,Denmark,Year,2020,false,AWARE Antibiotics group,Reserve (%),GLASSAMCAWARE_ANTIBIOTICSGROUP_GLASSAMC_AWARE_R,,,,,,,,,,0.31,,,,,,0.3,,,EN,2024-09-18T04:00:00.000Z
GLASSAMC_AWARE,Pattern of antibiotic consumption at national level (relative use by AWaRe classification),numeric,EUR,Europe,Country,SVN,Slovenia,Year,2020,false,AWARE Antibiotics group,Reserve (%),GLASSAMCAWARE_ANTIBIOTICSGROUP_GLASSAMC_AWARE_R,,,,,,,,,,0.33,,,,,,0.3,,,EN,2024-09-18T04:00:00.000Z
GLASSAMC_AWARE,Pattern of antibiotic consumption at national level (relative use by AWaRe classification),numeric,EUR,Europe,Country,BLR,Belarus,Year,2020,false,AWARE Antibiotics group,Reserve (%),GLASSAMCAWARE_ANTIBIOTICSGROUP_GLASSAMC_AWARE_R,,,,,,,,,,0.38,,,,,,0.4,,,EN,2024-09-18T04:00:00.000Z
GLASSAMC_AWARE,Pattern of antibiotic consumption at national level (relative use by AWaRe classification),numeric,EUR,Europe,Country,FRA,France,Year,2020,false,AWARE Antibiotics group,Reserve (%),GLASSAMCAWARE_ANTIBIOTICSGROUP_GLASSAMC_AWARE_R,,,,,,,,,,0.39,,,,,,0.4,,For antibiotics: only J01 and P01AB reported,EN,2025-09-24T04:00:00.000Z
GLASSAMC_AWARE,Pattern of antibiotic consumption at national level (relative use by AWaRe classification),numeric,EUR,Europe,Country,ITA,Italy,Year,2020,false,AWARE Antibiotics group,Reserve (%),GLASSAMCAWARE_ANTIBIOTICSGROUP_GLASSAMC_AWARE_R,,,,,,,,,,0.44,,,,,,0.4,,,EN,2024-09-18T04:00:00.000Z
GLASSAMC_AWARE,Pattern of antibiotic consumption at national level (relative use by AWaRe classification),numeric,EUR,Europe,Country,PRT,Portugal,Year,2020,false,AWARE Antibiotics group,Reserve (%),GLASSAMCAWARE_ANTIBIOTICSGROUP_GLASSAMC_AWARE_R,,,,,,,,,,0.36,,,,,,0.4,,,EN,2024-09-18T04:00:00.000Z
GLASSAMC_AWARE,Pattern of antibiotic consumption at national level (relative use by AWaRe classification),numeric,EUR,Europe,Country,CHE,Switzerland,Year,2020,false,AWARE Antibiotics group,Reserve (%),GLASSAMCAWARE_ANTIBIOTICSGROUP_GLASSAMC_AWARE_R,,,,,,,,,,0.4,,,,,,0.4,,,EN,2024-09-18T04:00:00.000Z
GLASSAMC_AWARE,Pattern of antibiotic consumption at national level (relative use by AWaRe classification),numeric,AFR,Africa,Country,BFA,Burkina Faso,Year,2020,false,AWARE Antibiotics group,Not classified (%) / not recommended (%),GLASSAMCAWARE_ANTIBIOTICSGROUP_GLASSAMC_AWARE_O,,,,,,,,,,0.55,,,,,,0.5,,For antibiotics: only J01 and P01AB reported,EN,2025-09-24T04:00:00.000Z
GLASSAMC_AWARE,Pattern of antibiotic consumption at national level (relative use by AWaRe classification),numeric,EUR,Europe,Country,DEU,Germany,Year,2020,false,AWARE Antibiotics group,Not classified (%) / not recommended (%),GLASSAMCAWARE_ANTIBIOTICSGROUP_GLASSAMC_AWARE_O,,,,,,,,,,0.55,,,,,,0.5,,Only use in the community reported,EN,2025-09-24T04:00:00.000Z
GLASSAMC_AWARE,Pattern of antibiotic consumption at national level (relative use by AWaRe classification),numeric,EUR,Europe,Country,IRL,Ireland,Year,2020,false,AWARE Antibiotics group,Reserve (%),GLASSAMCAWARE_ANTIBIOTICSGROUP_GLASSAMC_AWARE_R,,,,,,,,,,0.52,,,,,,0.5,,,EN,2024-09-18T04:00:00.000Z
GLASSAMC_AWARE,Pattern of antibiotic consumption at national level (relative use by AWaRe classification),numeric,EUR,Europe,Country,GBR,United Kingdom of Great Britain and Northern Ireland,Year,2020,false,AWARE Antibiotics group,Reserve (%),GLASSAMCAWARE_ANTIBIOTICSGROUP_GLASSAMC_AWARE_R,,,,,,,,,,0.45,,,,,,0.5,,Only use in the public sector reported,EN,2025-09-24T04:00:00.000Z
GLASSAMC_AWARE,Pattern of antibiotic consumption at national level (relative use by AWaRe classification),numeric,EUR,Europe,Country,BLR,Belarus,Year,2020,false,AWARE Antibiotics group,Not classified (%) / not recommended (%),GLASSAMCAWARE_ANTIBIOTICSGROUP_GLASSAMC_AWARE_O,,,,,,,,,,0.61,,,,,,0.6,,,EN,2024-09-18T04:00:00.000Z
GLASSAMC_AWARE,Pattern of antibiotic consumption at national level (relative use by AWaRe classification),numeric,AFR,Africa,Country,MLI,Mali,Year,2020,false,AWARE Antibiotics group,Not classified (%) / not recommended (%),GLASSAMCAWARE_ANTIBIOTICSGROUP_GLASSAMC_AWARE_O,,,,,,,,,,0.59,,,,,,0.6,,For antibiotics: only J01 and P01AB reported,EN,2025-09-24T04:00:00.000Z
GLASSAMC_AWARE,Pattern of antibiotic consumption at national level (relative use by AWaRe classification),numeric,EUR,Europe,Country,LTU,Lithuania,Year,2020,false,AWARE Antibiotics group,Reserve (%),GLASSAMCAWARE_ANTIBIOTICSGROUP_GLASSAMC_AWARE_R,,,,,,,,,,0.71,,,,,,0.7,,,EN,2024-09-18T04:00:00.000Z
GLASSAMC_AWARE,Pattern of antibiotic consumption at national level (relative use by AWaRe classification),numeric,SEAR,South-East Asia,Country,MDV,Maldives,Year,2020,false,AWARE Antibiotics group,Not classified (%) / not recommended (%),GLASSAMCAWARE_ANTIBIOTICSGROUP_GLASSAMC_AWARE_O,,,,,,,,,,0.69,,,,,,0.7,,,EN,2025-09-24T04:00:00.000Z
GLASSAMC_AWARE,Pattern of antibiotic consumption at national level (relative use by AWaRe classification),numeric,EUR,Europe,Country,ESP,Spain,Year,2020,false,AWARE Antibiotics group,Not classified (%) / not recommended (%),GLASSAMCAWARE_ANTIBIOTICSGROUP_GLASSAMC_AWARE_O,,,,,,,,,,0.8,,,,,,0.8,,,EN,2025-09-24T04:00:00.000Z
GLASSAMC_AWARE,Pattern of antibiotic consumption at national level (relative use by AWaRe classification),numeric,EUR,Europe,Country,ESP,Spain,Year,2020,false,AWARE Antibiotics group,Reserve (%),GLASSAMCAWARE_ANTIBIOTICSGROUP_GLASSAMC_AWARE_R,,,,,,,,,,0.82,,,,,,0.8,,,EN,2024-09-18T04:00:00.000Z
GLASSAMC_AWARE,Pattern of antibiotic consumption at national level (relative use by AWaRe classification),numeric,AFR,Africa,Country,BEN,Benin,Year,2020,false,AWARE Antibiotics group,Not classified (%) / not recommended (%),GLASSAMCAWARE_ANTIBIOTICSGROUP_GLASSAMC_AWARE_O,,,,,,,,,,0.85,,,,,,0.9,,,EN,2024-09-18T04:00:00.000Z
GLASSAMC_AWARE,Pattern of antibiotic consumption at national level (relative use by AWaRe classification),numeric,EMR,Eastern Mediterranean,Country,EGY,Egypt,Year,2020,false,AWARE Antibiotics group,Not classified (%) / not recommended (%),GLASSAMCAWARE_ANTIBIOTICSGROUP_GLASSAMC_AWARE_O,,,,,,,,,,0.86,,,,,,0.9,,,EN,2025-09-24T04:00:00.000Z
GLASSAMC_AWARE,Pattern of antibiotic consumption at national level (relative use by AWaRe classification),numeric,EUR,Europe,Country,MLT,Malta,Year,2020,false,AWARE Antibiotics group,Not classified (%) / not recommended (%),GLASSAMCAWARE_ANTIBIOTICSGROUP_GLASSAMC_AWARE_O,,,,,,,,,,1.03,,,,,,1,,,EN,2025-09-24T04:00:00.000Z
GLASSAMC_AWARE,Pattern of antibiotic consumption at national level (relative use by AWaRe classification),numeric,EUR,Europe,Country,AUT,Austria,Year,2020,false,AWARE Antibiotics group,Reserve (%),GLASSAMCAWARE_ANTIBIOTICSGROUP_GLASSAMC_AWARE_R,,,,,,,,,,1.2,,,,,,1.2,,,EN,2024-09-18T04:00:00.000Z
GLASSAMC_AWARE,Pattern of antibiotic consumption at national level (relative use by AWaRe classification),numeric,EUR,Europe,Country,UKR,Ukraine,Year,2020,false,AWARE Antibiotics group,Reserve (%),GLASSAMCAWARE_ANTIBIOTICSGROUP_GLASSAMC_AWARE_R,,,,,,,,,,1.22,,,,,,1.2,,,EN,2024-09-18T04:00:00.000Z
GLASSAMC_AWARE,Pattern of antibiotic consumption at national level (relative use by AWaRe classification),numeric,EMR,Eastern Mediterranean,Country,EGY,Egypt,Year,2020,false,AWARE Antibiotics group,Reserve (%),GLASSAMCAWARE_ANTIBIOTICSGROUP_GLASSAMC_AWARE_R,,,,,,,,,,1.29,,,,,,1.3,,,EN,2025-09-24T04:00:00.000Z
GLASSAMC_AWARE,Pattern of antibiotic consumption at national level (relative use by AWaRe classification),numeric,EUR,Europe,Country,TJK,Tajikistan,Year,2020,false,AWARE Antibiotics group,Not classified (%) / not recommended (%),GLASSAMCAWARE_ANTIBIOTICSGROUP_GLASSAMC_AWARE_O,,,,,,,,,,1.5,,,,,,1.5,,,EN,2024-09-18T04:00:00.000Z
GLASSAMC_AWARE,Pattern of antibiotic consumption at national level (relative use by AWaRe classification),numeric,EUR,Europe,Country,GEO,Georgia,Year,2020,false,AWARE Antibiotics group,Not classified (%) / not recommended (%),GLASSAMCAWARE_ANTIBIOTICSGROUP_GLASSAMC_AWARE_O,,,,,,,,,,1.65,,,,,,1.6,,For antibiotics: only J01 and P01AB reported,EN,2025-09-24T04:00:00.000Z
GLASSAMC_AWARE,Pattern of antibiotic consumption at national level (relative use by AWaRe classification),numeric,EMR,Eastern Mediterranean,Country,JOR,Jordan,Year,2020,false,AWARE Antibiotics group,Not classified (%) / not recommended (%),GLASSAMCAWARE_ANTIBIOTICSGROUP_GLASSAMC_AWARE_O,,,,,,,,,,1.94,,,,,,1.9,,,EN,2024-09-18T04:00:00.000Z
GLASSAMC_AWARE,Pattern of antibiotic consumption at national level (relative use by AWaRe classification),numeric,EUR,Europe,Country,RUS,Russian Federation,Year,2020,false,AWARE Antibiotics group,Not classified (%) / not recommended (%),GLASSAMCAWARE_ANTIBIOTICSGROUP_GLASSAMC_AWARE_O,,,,,,,,,,1.92,,,,,,1.9,,,EN,2025-09-24T04:00:00.000Z
GLASSAMC_AWARE,Pattern of antibiotic consumption at national level (relative use by AWaRe classification),numeric,AFR,Africa,Country,KEN,Kenya,Year,2020,false,AWARE Antibiotics group,Not classified (%) / not recommended (%),GLASSAMCAWARE_ANTIBIOTICSGROUP_GLASSAMC_AWARE_O,,,,,,,,,,11.18,,,,,,11.2,,Data incomplete since not collected from all sources of data,EN,2025-09-24T04:00:00.000Z
GLASSAMC_AWARE,Pattern of antibiotic consumption at national level (relative use by AWaRe classification),numeric,SEAR,South-East Asia,Country,BTN,Bhutan,Year,2020,false,AWARE Antibiotics group,Watch (%),GLASSAMCAWARE_ANTIBIOTICSGROUP_GLASSAMC_AWARE_W,,,,,,,,,,12.2,,,,,,12.2,,For antibiotics: only J01 and P01AB reported,EN,2025-09-24T04:00:00.000Z
GLASSAMC_AWARE,Pattern of antibiotic consumption at national level (relative use by AWaRe classification),numeric,EUR,Europe,Country,ISL,Iceland,Year,2020,false,AWARE Antibiotics group,Watch (%),GLASSAMCAWARE_ANTIBIOTICSGROUP_GLASSAMC_AWARE_W,,,,,,,,,,13.87,,,,,,13.9,,,EN,2025-09-24T04:00:00.000Z
GLASSAMC_AWARE,Pattern of antibiotic consumption at national level (relative use by AWaRe classification),numeric,AFR,Africa,Country,ZAF,South Africa,Year,2020,false,AWARE Antibiotics group,Watch (%),GLASSAMCAWARE_ANTIBIOTICSGROUP_GLASSAMC_AWARE_W,,,,,,,,,,16.51,,,,,,16.5,,Only use in the public sector reported,EN,2025-09-24T04:00:00.000Z
GLASSAMC_AWARE,Pattern of antibiotic consumption at national level (relative use by AWaRe classification),numeric,AFR,Africa,Country,TZA,United Republic of Tanzania,Year,2020,false,AWARE Antibiotics group,Not classified (%) / not recommended (%),GLASSAMCAWARE_ANTIBIOTICSGROUP_GLASSAMC_AWARE_O,,,,,,,,,,16.6,,,,,,16.6,,,EN,2024-09-18T04:00:00.000Z
GLASSAMC_AWARE,Pattern of antibiotic consumption at national level (relative use by AWaRe classification),numeric,SEAR,South-East Asia,Country,NPL,Nepal,Year,2020,false,AWARE Antibiotics group,Not classified (%) / not recommended (%),GLASSAMCAWARE_ANTIBIOTICSGROUP_GLASSAMC_AWARE_O,,,,,,,,,,17.47,,,,,,17.5,,,EN,2025-09-24T04:00:00.000Z
GLASSAMC_AWARE,Pattern of antibiotic consumption at national level (relative use by AWaRe classification),numeric,EUR,Europe,Country,DNK,Denmark,Year,2020,false,AWARE Antibiotics group,Watch (%),GLASSAMCAWARE_ANTIBIOTICSGROUP_GLASSAMC_AWARE_W,,,,,,,,,,18.28,,,,,,18.3,,,EN,2025-09-24T04:00:00.000Z
GLASSAMC_AWARE,Pattern of antibiotic consumption at national level (relative use by AWaRe classification),numeric,EUR,Europe,Country,UKR,Ukraine,Year,2020,false,AWARE Antibiotics group,Access (%),GLASSAMCAWARE_ANTIBIOTICSGROUP_GLASSAMC_AWARE_A,,,,,,,,,,18.67,,,,,,18.7,,,EN,2024-09-18T04:00:00.000Z
GLASSAMC_AWARE,Pattern of antibiotic consumption at national level (relative use by AWaRe classification),numeric,AFR,Africa,Country,GAB,Gabon,Year,2020,false,AWARE Antibiotics group,Watch (%),GLASSAMCAWARE_ANTIBIOTICSGROUP_GLASSAMC_AWARE_W,,,,,,,,,,18.81,,,,,,18.8,,For antibiotics: only J01 and P01AB reported,EN,2025-09-24T04:00:00.000Z
GLASSAMC_AWARE,Pattern of antibiotic consumption at national level (relative use by AWaRe classification),numeric,EUR,Europe,Country,UKR,Ukraine,Year,2020,false,AWARE Antibiotics group,Not classified (%) / not recommended (%),GLASSAMCAWARE_ANTIBIOTICSGROUP_GLASSAMC_AWARE_O,,,,,,,,,,2.06,,,,,,2.1,,,EN,2024-09-18T04:00:00.000Z
GLASSAMC_AWARE,Pattern of antibiotic consumption at national level (relative use by AWaRe classification),numeric,EUR,Europe,Country,FRA,France,Year,2020,false,AWARE Antibiotics group,Not classified (%) / not recommended (%),GLASSAMCAWARE_ANTIBIOTICSGROUP_GLASSAMC_AWARE_O,,,,,,,,,,2.6,,,,,,2.6,,For antibiotics: only J01 and P01AB reported,EN,2025-09-24T04:00:00.000Z
GLASSAMC_AWARE,Pattern of antibiotic consumption at national level (relative use by AWaRe classification),numeric,WPR,Western Pacific,Country,LAO,Lao People's Democratic Republic,Year,2020,false,AWARE Antibiotics group,Watch (%),GLASSAMCAWARE_ANTIBIOTICSGROUP_GLASSAMC_AWARE_W,,,,,,,,,,20.42,,,,,,20.4,,For antibiotics: only J01 and P01AB reported,EN,2025-09-24T04:00:00.000Z
GLASSAMC_AWARE,Pattern of antibiotic consumption at national level (relative use by AWaRe classification),numeric,EUR,Europe,Country,NOR,Norway,Year,2020,false,AWARE Antibiotics group,Watch (%),GLASSAMCAWARE_ANTIBIOTICSGROUP_GLASSAMC_AWARE_W,,,,,,,,,,20.53,,,,,,20.5,,,EN,2024-09-18T04:00:00.000Z
GLASSAMC_AWARE,Pattern of antibiotic consumption at national level (relative use by AWaRe classification),numeric,AFR,Africa,Country,BFA,Burkina Faso,Year,2020,false,AWARE Antibiotics group,Watch (%),GLASSAMCAWARE_ANTIBIOTICSGROUP_GLASSAMC_AWARE_W,,,,,,,,,,23.18,,,,,,23.2,,For antibiotics: only J01 and P01AB reported,EN,2025-09-24T04:00:00.000Z
GLASSAMC_AWARE,Pattern of antibiotic consumption at national level (relative use by AWaRe classification),numeric,EUR,Europe,Country,FIN,Finland,Year,2020,false,AWARE Antibiotics group,Watch (%),GLASSAMCAWARE_ANTIBIOTICSGROUP_GLASSAMC_AWARE_W,,,,,,,,,,23.23,,,,,,23.2,,,EN,2024-09-18T04:00:00.000Z
GLASSAMC_AWARE,Pattern of antibiotic consumption at national level (relative use by AWaRe classification),numeric,AFR,Africa,Country,BEN,Benin,Year,2020,false,AWARE Antibiotics group,Watch (%),GLASSAMCAWARE_ANTIBIOTICSGROUP_GLASSAMC_AWARE_W,,,,,,,,,,23.82,,,,,,23.8,,,EN,2024-09-18T04:00:00.000Z
GLASSAMC_AWARE,Pattern of antibiotic consumption at national level (relative use by AWaRe classification),numeric,AFR,Africa,Country,TZA,United Republic of Tanzania,Year,2020,false,AWARE Antibiotics group,Watch (%),GLASSAMCAWARE_ANTIBIOTICSGROUP_GLASSAMC_AWARE_W,,,,,,,,,,24.16,,,,,,24.2,,,EN,2024-09-18T04:00:00.000Z
GLASSAMC_AWARE,Pattern of antibiotic consumption at national level (relative use by AWaRe classification),numeric,EMR,Eastern Mediterranean,Country,TUN,Tunisia,Year,2020,false,AWARE Antibiotics group,Watch (%),GLASSAMCAWARE_ANTIBIOTICSGROUP_GLASSAMC_AWARE_W,,,,,,,,,,25.03,,,,,,25,,For antibiotics: only J01 and P01AB reported,EN,2025-09-24T04:00:00.000Z
GLASSAMC_AWARE,Pattern of antibiotic consumption at national level (relative use by AWaRe classification),numeric,EUR,Europe,Country,SWE,Sweden,Year,2020,false,AWARE Antibiotics group,Watch (%),GLASSAMCAWARE_ANTIBIOTICSGROUP_GLASSAMC_AWARE_W,,,,,,,,,,25.39,,,,,,25.4,,,EN,2025-09-24T04:00:00.000Z
GLASSAMC_AWARE,Pattern of antibiotic consumption at national level (relative use by AWaRe classification),numeric,EUR,Europe,Country,FRA,France,Year,2020,false,AWARE Antibiotics group,Watch (%),GLASSAMCAWARE_ANTIBIOTICSGROUP_GLASSAMC_AWARE_W,,,,,,,,,,26.06,,,,,,26.1,,For antibiotics: only J01 and P01AB reported,EN,2025-09-24T04:00:00.000Z
GLASSAMC_AWARE,Pattern of antibiotic consumption at national level (relative use by AWaRe classification),numeric,AFR,Africa,Country,MLI,Mali,Year,2020,false,AWARE Antibiotics group,Watch (%),GLASSAMCAWARE_ANTIBIOTICSGROUP_GLASSAMC_AWARE_W,,,,,,,,,,27.74,,,,,,27.7,,For antibiotics: only J01 and P01AB reported,EN,2025-09-24T04:00:00.000Z
GLASSAMC_AWARE,Pattern of antibiotic consumption at national level (relative use by AWaRe classification),numeric,AMR,Americas,Country,HND,Honduras,Year,2020,false,AWARE Antibiotics group,Watch (%),GLASSAMCAWARE_ANTIBIOTICSGROUP_GLASSAMC_AWARE_W,,,,,,,,,,27.87,,,,,,27.9,,Only use in the public sector reported,EN,2025-09-24T04:00:00.000Z
GLASSAMC_AWARE,Pattern of antibiotic consumption at national level (relative use by AWaRe classification),numeric,EUR,Europe,Country,IRL,Ireland,Year,2020,false,AWARE Antibiotics group,Watch (%),GLASSAMCAWARE_ANTIBIOTICSGROUP_GLASSAMC_AWARE_W,,,,,,,,,,28.59,,,,,,28.6,,,EN,2024-09-18T04:00:00.000Z
GLASSAMC_AWARE,Pattern of antibiotic consumption at national level (relative use by AWaRe classification),numeric,EUR,Europe,Country,SVN,Slovenia,Year,2020,false,AWARE Antibiotics group,Watch (%),GLASSAMCAWARE_ANTIBIOTICSGROUP_GLASSAMC_AWARE_W,,,,,,,,,,29.1,,,,,,29.1,,,EN,2024-09-18T04:00:00.000Z
GLASSAMC_AWARE,Pattern of antibiotic consumption at national level (relative use by AWaRe classification),numeric,EUR,Europe,Country,LVA,Latvia,Year,2020,false,AWARE Antibiotics group,Watch (%),GLASSAMCAWARE_ANTIBIOTICSGROUP_GLASSAMC_AWARE_W,,,,,,,,,,29.7,,,,,,29.7,,,EN,2025-09-24T04:00:00.000Z
GLASSAMC_AWARE,Pattern of antibiotic consumption at national level (relative use by AWaRe classification),numeric,EMR,Eastern Mediterranean,Country,TUN,Tunisia,Year,2020,false,AWARE Antibiotics group,Not classified (%) / not recommended (%),GLASSAMCAWARE_ANTIBIOTICSGROUP_GLASSAMC_AWARE_O,,,,,,,,,,3.6,,,,,,3.6,,For antibiotics: only J01 and P01AB reported,EN,2025-09-24T04:00:00.000Z
GLASSAMC_AWARE,Pattern of antibiotic consumption at national level (relative use by AWaRe classification),numeric,EUR,Europe,Country,GBR,United Kingdom of Great Britain and Northern Ireland,Year,2020,false,AWARE Antibiotics group,Watch (%),GLASSAMCAWARE_ANTIBIOTICSGROUP_GLASSAMC_AWARE_W,,,,,,,,,,31.38,,,,,,31.4,,Only use in the public sector reported,EN,2025-09-24T04:00:00.000Z
GLASSAMC_AWARE,Pattern of antibiotic consumption at national level (relative use by AWaRe classification),numeric,AMR,Americas,Country,COL,Colombia,Year,2020,false,AWARE Antibiotics group,Watch (%),GLASSAMCAWARE_ANTIBIOTICSGROUP_GLASSAMC_AWARE_W,,,,,,,,,,31.65,,,,,,31.6,,,EN,2024-09-18T04:00:00.000Z
GLASSAMC_AWARE,Pattern of antibiotic consumption at national level (relative use by AWaRe classification),numeric,EUR,Europe,Country,LTU,Lithuania,Year,2020,false,AWARE Antibiotics group,Watch (%),GLASSAMCAWARE_ANTIBIOTICSGROUP_GLASSAMC_AWARE_W,,,,,,,,,,31.61,,,,,,31.6,,,EN,2024-09-18T04:00:00.000Z
GLASSAMC_AWARE,Pattern of antibiotic consumption at national level (relative use by AWaRe classification),numeric,EUR,Europe,Country,BEL,Belgium,Year,2020,false,AWARE Antibiotics group,Watch (%),GLASSAMCAWARE_ANTIBIOTICSGROUP_GLASSAMC_AWARE_W,,,,,,,,,,32.36,,,,,,32.4,,,EN,2025-09-24T04:00:00.000Z
GLASSAMC_AWARE,Pattern of antibiotic consumption at national level (relative use by AWaRe classification),numeric,AFR,Africa,Country,ETH,Ethiopia,Year,2020,false,AWARE Antibiotics group,Watch (%),GLASSAMCAWARE_ANTIBIOTICSGROUP_GLASSAMC_AWARE_W,,,,,,,,,,33.82,,,,,,33.8,,For antibiotics: only J01 and P01AB reported,EN,2025-09-24T04:00:00.000Z
GLASSAMC_AWARE,Pattern of antibiotic consumption at national level (relative use by AWaRe classification),numeric,SEAR,South-East Asia,Country,NPL,Nepal,Year,2020,false,AWARE Antibiotics group,Access (%),GLASSAMCAWARE_ANTIBIOTICSGROUP_GLASSAMC_AWARE_A,,,,,,,,,,34.77,,,,,,34.8,,,EN,2024-09-18T04:00:00.000Z
GLASSAMC_AWARE,Pattern of antibiotic consumption at national level (relative use by AWaRe classification),numeric,EUR,Europe,Country,DEU,Germany,Year,2020,false,AWARE Antibiotics group,Watch (%),GLASSAMCAWARE_ANTIBIOTICSGROUP_GLASSAMC_AWARE_W,,,,,,,,,,35.02,,,,,,35,,Only use in the community reported,EN,2025-09-24T04:00:00.000Z
GLASSAMC_AWARE,Pattern of antibiotic consumption at national level (relative use by AWaRe classification),numeric,EUR,Europe,Country,CHE,Switzerland,Year,2020,false,AWARE Antibiotics group,Watch (%),GLASSAMCAWARE_ANTIBIOTICSGROUP_GLASSAMC_AWARE_W,,,,,,,,,,35.73,,,,,,35.7,,,EN,2024-09-18T04:00:00.000Z
GLASSAMC_AWARE,Pattern of antibiotic consumption at national level (relative use by AWaRe classification),numeric,EUR,Europe,Country,ESP,Spain,Year,2020,false,AWARE Antibiotics group,Watch (%),GLASSAMCAWARE_ANTIBIOTICSGROUP_GLASSAMC_AWARE_W,,,,,,,,,,36.23,,,,,,36.2,,,EN,2025-09-24T04:00:00.000Z
GLASSAMC_AWARE,Pattern of antibiotic consumption at national level (relative use by AWaRe classification),numeric,EUR,Europe,Country,POL,Poland,Year,2020,false,AWARE Antibiotics group,Watch (%),GLASSAMCAWARE_ANTIBIOTICSGROUP_GLASSAMC_AWARE_W,,,,,,,,,,36.82,,,,,,36.8,,,EN,2024-09-18T04:00:00.000Z
GLASSAMC_AWARE,Pattern of antibiotic consumption at national level (relative use by AWaRe classification),numeric,EUR,Europe,Country,CZE,Czechia,Year,2020,false,AWARE Antibiotics group,Watch (%),GLASSAMCAWARE_ANTIBIOTICSGROUP_GLASSAMC_AWARE_W,,,,,,,,,,36.96,,,,,,37,,,EN,2024-09-18T04:00:00.000Z
GLASSAMC_AWARE,Pattern of antibiotic consumption at national level (relative use by AWaRe classification),numeric,AFR,Africa,Country,KEN,Kenya,Year,2020,false,AWARE Antibiotics group,Watch (%),GLASSAMCAWARE_ANTIBIOTICSGROUP_GLASSAMC_AWARE_W,,,,,,,,,,37.26,,,,,,37.3,,Data incomplete since not collected from all sources of data,EN,2025-09-24T04:00:00.000Z
GLASSAMC_AWARE,Pattern of antibiotic consumption at national level (relative use by AWaRe classification),numeric,EUR,Europe,Country,PRT,Portugal,Year,2020,false,AWARE Antibiotics group,Watch (%),GLASSAMCAWARE_ANTIBIOTICSGROUP_GLASSAMC_AWARE_W,,,,,,,,,,37.25,,,,,,37.3,,,EN,2024-09-18T04:00:00.000Z
GLASSAMC_AWARE,Pattern of antibiotic consumption at national level (relative use by AWaRe classification),numeric,EUR,Europe,Country,AUT,Austria,Year,2020,false,AWARE Antibiotics group,Watch (%),GLASSAMCAWARE_ANTIBIOTICSGROUP_GLASSAMC_AWARE_W,,,,,,,,,,37.41,,,,,,37.4,,,EN,2025-09-24T04:00:00.000Z
GLASSAMC_AWARE,Pattern of antibiotic consumption at national level (relative use by AWaRe classification),numeric,EUR,Europe,Country,HRV,Croatia,Year,2020,false,AWARE Antibiotics group,Watch (%),GLASSAMCAWARE_ANTIBIOTICSGROUP_GLASSAMC_AWARE_W,,,,,,,,,,37.81,,,,,,37.8,,,EN,2025-09-24T04:00:00.000Z
GLASSAMC_AWARE,Pattern of antibiotic consumption at national level (relative use by AWaRe classification),numeric,EUR,Europe,Country,EST,Estonia,Year,2020,false,AWARE Antibiotics group,Watch (%),GLASSAMCAWARE_ANTIBIOTICSGROUP_GLASSAMC_AWARE_W,,,,,,,,,,38.48,,,,,,38.5,,,EN,2024-09-18T04:00:00.000Z
GLASSAMC_AWARE,Pattern of antibiotic consumption at national level (relative use by AWaRe classification),numeric,SEAR,South-East Asia,Country,MDV,Maldives,Year,2020,false,AWARE Antibiotics group,Access (%),GLASSAMCAWARE_ANTIBIOTICSGROUP_GLASSAMC_AWARE_A,,,,,,,,,,39.23,,,,,,39.2,,,EN,2025-09-24T04:00:00.000Z
GLASSAMC_AWARE,Pattern of antibiotic consumption at national level (relative use by AWaRe classification),numeric,EUR,Europe,Country,TJK,Tajikistan,Year,2020,false,AWARE Antibiotics group,Access (%),GLASSAMCAWARE_ANTIBIOTICSGROUP_GLASSAMC_AWARE_A,,,,,,,,,,40.5,,,,,,40.5,,,EN,2024-09-18T04:00:00.000Z
GLASSAMC_AWARE,Pattern of antibiotic consumption at national level (relative use by AWaRe classification),numeric,SEAR,South-East Asia,Country,BGD,Bangladesh,Year,2020,false,AWARE Antibiotics group,Access (%),GLASSAMCAWARE_ANTIBIOTICSGROUP_GLASSAMC_AWARE_A,,,,,,,,,,40.74,,,,,,40.7,,,EN,2024-09-18T04:00:00.000Z
GLASSAMC_AWARE,Pattern of antibiotic consumption at national level (relative use by AWaRe classification),numeric,EUR,Europe,Country,RUS,Russian Federation,Year,2020,false,AWARE Antibiotics group,Access (%),GLASSAMCAWARE_ANTIBIOTICSGROUP_GLASSAMC_AWARE_A,,,,,,,,,,41.18,,,,,,41.2,,,EN,2025-09-24T04:00:00.000Z
GLASSAMC_AWARE,Pattern of antibiotic consumption at national level (relative use by AWaRe classification),numeric,AMR,Americas,Country,PER,Peru,Year,2020,false,AWARE Antibiotics group,Watch (%),GLASSAMCAWARE_ANTIBIOTICSGROUP_GLASSAMC_AWARE_W,,,,,,,,,,41.59,,,,,,41.6,,,EN,2025-09-24T04:00:00.000Z
GLASSAMC_AWARE,Pattern of antibiotic consumption at national level (relative use by AWaRe classification),numeric,EMR,Eastern Mediterranean,Country,EGY,Egypt,Year,2020,false,AWARE Antibiotics group,Watch (%),GLASSAMCAWARE_ANTIBIOTICSGROUP_GLASSAMC_AWARE_W,,,,,,,,,,42.07,,,,,,42.1,,,EN,2025-09-24T04:00:00.000Z
GLASSAMC_AWARE,Pattern of antibiotic consumption at national level (relative use by AWaRe classification),numeric,EUR,Europe,Country,MLT,Malta,Year,2020,false,AWARE Antibiotics group,Watch (%),GLASSAMCAWARE_ANTIBIOTICSGROUP_GLASSAMC_AWARE_W,,,,,,,,,,44.04,,,,,,44,,,EN,2025-09-24T04:00:00.000Z
GLASSAMC_AWARE,Pattern of antibiotic consumption at national level (relative use by AWaRe classification),numeric,EUR,Europe,Country,CYP,Cyprus,Year,2020,false,AWARE Antibiotics group,Access (%),GLASSAMCAWARE_ANTIBIOTICSGROUP_GLASSAMC_AWARE_A,,,,,,,,,,44.33,,,,,,44.3,,,EN,2024-09-18T04:00:00.000Z
GLASSAMC_AWARE,Pattern of antibiotic consumption at national level (relative use by AWaRe classification),numeric,EUR,Europe,Country,GEO,Georgia,Year,2020,false,AWARE Antibiotics group,Watch (%),GLASSAMCAWARE_ANTIBIOTICSGROUP_GLASSAMC_AWARE_W,,,,,,,,,,45.5,,,,,,45.5,,For antibiotics: only J01 and P01AB reported,EN,2025-09-24T04:00:00.000Z
GLASSAMC_AWARE,Pattern of antibiotic consumption at national level (relative use by AWaRe classification),numeric,EMR,Eastern Mediterranean,Country,JOR,Jordan,Year,2020,false,AWARE Antibiotics group,Watch (%),GLASSAMCAWARE_ANTIBIOTICSGROUP_GLASSAMC_AWARE_W,,,,,,,,,,46.72,,,,,,46.7,,,EN,2024-09-18T04:00:00.000Z
GLASSAMC_AWARE,Pattern of antibiotic consumption at national level (relative use by AWaRe classification),numeric,EUR,Europe,Country,BLR,Belarus,Year,2020,false,AWARE Antibiotics group,Access (%),GLASSAMCAWARE_ANTIBIOTICSGROUP_GLASSAMC_AWARE_A,,,,,,,,,,46.96,,,,,,47,,,EN,2024-09-18T04:00:00.000Z
GLASSAMC_AWARE,Pattern of antibiotic consumption at national level (relative use by AWaRe classification),numeric,EUR,Europe,Country,ITA,Italy,Year,2020,false,AWARE Antibiotics group,Access (%),GLASSAMCAWARE_ANTIBIOTICSGROUP_GLASSAMC_AWARE_A,,,,,,,,,,47.17,,,,,,47.2,,,EN,2024-09-18T04:00:00.000Z
GLASSAMC_AWARE,Pattern of antibiotic consumption at national level (relative use by AWaRe classification),numeric,EUR,Europe,Country,ARM,Armenia,Year,2020,false,AWARE Antibiotics group,Access (%),GLASSAMCAWARE_ANTIBIOTICSGROUP_GLASSAMC_AWARE_A,,,,,,,,,,47.37,,,,,,47.4,,,EN,2025-09-24T04:00:00.000Z
GLASSAMC_AWARE,Pattern of antibiotic consumption at national level (relative use by AWaRe classification),numeric,SEAR,South-East Asia,Country,NPL,Nepal,Year,2020,false,AWARE Antibiotics group,Watch (%),GLASSAMCAWARE_ANTIBIOTICSGROUP_GLASSAMC_AWARE_W,,,,,,,,,,47.73,,,,,,47.7,,,EN,2025-09-24T04:00:00.000Z
GLASSAMC_AWARE,Pattern of antibiotic consumption at national level (relative use by AWaRe classification),numeric,EUR,Europe,Country,HUN,Hungary,Year,2020,false,AWARE Antibiotics group,Watch (%),GLASSAMCAWARE_ANTIBIOTICSGROUP_GLASSAMC_AWARE_W,,,,,,,,,,48.65,,,,,,48.6,,,EN,2024-09-18T04:00:00.000Z
GLASSAMC_AWARE,Pattern of antibiotic consumption at national level (relative use by AWaRe classification),numeric,EUR,Europe,Country,MNE,Montenegro,Year,2020,false,AWARE Antibiotics group,Access (%),GLASSAMCAWARE_ANTIBIOTICSGROUP_GLASSAMC_AWARE_A,,,,,,,,,,49.06,,,,,,49.1,,,EN,2025-09-24T04:00:00.000Z
GLASSAMC_AWARE,Pattern of antibiotic consumption at national level (relative use by AWaRe classification),numeric,EMR,Eastern Mediterranean,Country,IRN,Iran (Islamic Republic of),Year,2020,false,AWARE Antibiotics group,Watch (%),GLASSAMCAWARE_ANTIBIOTICSGROUP_GLASSAMC_AWARE_W,,,,,,,,,,49.51,,,,,,49.5,,,EN,2025-09-24T04:00:00.000Z
GLASSAMC_AWARE,Pattern of antibiotic consumption at national level (relative use by AWaRe classification),numeric,EUR,Europe,Country,ROU,Romania,Year,2020,false,AWARE Antibiotics group,Watch (%),GLASSAMCAWARE_ANTIBIOTICSGROUP_GLASSAMC_AWARE_W,,,,,,,,,,49.65,,,,,,49.7,,,EN,2024-09-18T04:00:00.000Z
GLASSAMC_AWARE,Pattern of antibiotic consumption at national level (relative use by AWaRe classification),numeric,EUR,Europe,Country,ROU,Romania,Year,2020,false,AWARE Antibiotics group,Access (%),GLASSAMCAWARE_ANTIBIOTICSGROUP_GLASSAMC_AWARE_A,,,,,,,,,,50.14,,,,,,50.1,,,EN,2024-09-18T04:00:00.000Z
GLASSAMC_AWARE,Pattern of antibiotic consumption at national level (relative use by AWaRe classification),numeric,EMR,Eastern Mediterranean,Country,IRN,Iran (Islamic Republic of),Year,2020,false,AWARE Antibiotics group,Access (%),GLASSAMCAWARE_ANTIBIOTICSGROUP_GLASSAMC_AWARE_A,,,,,,,,,,50.41,,,,,,50.4,,,EN,2024-09-18T04:00:00.000Z
GLASSAMC_AWARE,Pattern of antibiotic consumption at national level (relative use by AWaRe classification),numeric,EUR,Europe,Country,MNE,Montenegro,Year,2020,false,AWARE Antibiotics group,Watch (%),GLASSAMCAWARE_ANTIBIOTICSGROUP_GLASSAMC_AWARE_W,,,,,,,,,,50.73,,,,,,50.7,,,EN,2024-09-18T04:00:00.000Z
GLASSAMC_AWARE,Pattern of antibiotic consumption at national level (relative use by AWaRe classification),numeric,EUR,Europe,Country,HUN,Hungary,Year,2020,false,AWARE Antibiotics group,Access (%),GLASSAMCAWARE_ANTIBIOTICSGROUP_GLASSAMC_AWARE_A,,,,,,,,,,51.25,,,,,,51.2,,,EN,2024-09-18T04:00:00.000Z
GLASSAMC_AWARE,Pattern of antibiotic consumption at national level (relative use by AWaRe classification),numeric,EMR,Eastern Mediterranean,Country,JOR,Jordan,Year,2020,false,AWARE Antibiotics group,Access (%),GLASSAMCAWARE_ANTIBIOTICSGROUP_GLASSAMC_AWARE_A,,,,,,,,,,51.32,,,,,,51.3,,,EN,2024-09-18T04:00:00.000Z
GLASSAMC_AWARE,Pattern of antibiotic consumption at national level (relative use by AWaRe classification),numeric,AFR,Africa,Country,KEN,Kenya,Year,2020,false,AWARE Antibiotics group,Access (%),GLASSAMCAWARE_ANTIBIOTICSGROUP_GLASSAMC_AWARE_A,,,,,,,,,,51.52,,,,,,51.5,,Data incomplete since not collected from all sources of data,EN,2024-09-18T04:00:00.000Z
GLASSAMC_AWARE,Pattern of antibiotic consumption at national level (relative use by AWaRe classification),numeric,EUR,Europe,Country,BLR,Belarus,Year,2020,false,AWARE Antibiotics group,Watch (%),GLASSAMCAWARE_ANTIBIOTICSGROUP_GLASSAMC_AWARE_W,,,,,,,,,,52.05,,,,,,52.1,,,EN,2024-09-18T04:00:00.000Z
GLASSAMC_AWARE,Pattern of antibiotic consumption at national level (relative use by AWaRe classification),numeric,EUR,Europe,Country,ARM,Armenia,Year,2020,false,AWARE Antibiotics group,Watch (%),GLASSAMCAWARE_ANTIBIOTICSGROUP_GLASSAMC_AWARE_W,,,,,,,,,,52.27,,,,,,52.3,,,EN,2025-09-24T04:00:00.000Z
GLASSAMC_AWARE,Pattern of antibiotic consumption at national level (relative use by AWaRe classification),numeric,EUR,Europe,Country,ITA,Italy,Year,2020,false,AWARE Antibiotics group,Watch (%),GLASSAMCAWARE_ANTIBIOTICSGROUP_GLASSAMC_AWARE_W,,,,,,,,,,52.39,,,,,,52.4,,,EN,2025-09-24T04:00:00.000Z
GLASSAMC_AWARE,Pattern of antibiotic consumption at national level (relative use by AWaRe classification),numeric,EUR,Europe,Country,GEO,Georgia,Year,2020,false,AWARE Antibiotics group,Access (%),GLASSAMCAWARE_ANTIBIOTICSGROUP_GLASSAMC_AWARE_A,,,,,,,,,,52.63,,,,,,52.6,,For antibiotics: only J01 and P01AB reported,EN,2025-09-24T04:00:00.000Z
GLASSAMC_AWARE,Pattern of antibiotic consumption at national level (relative use by AWaRe classification),numeric,EUR,Europe,Country,MLT,Malta,Year,2020,false,AWARE Antibiotics group,Access (%),GLASSAMCAWARE_ANTIBIOTICSGROUP_GLASSAMC_AWARE_A,,,,,,,,,,54.83,,,,,,54.8,,,EN,2024-09-18T04:00:00.000Z
GLASSAMC_AWARE,Pattern of antibiotic consumption at national level (relative use by AWaRe classification),numeric,EUR,Europe,Country,CYP,Cyprus,Year,2020,false,AWARE Antibiotics group,Watch (%),GLASSAMCAWARE_ANTIBIOTICSGROUP_GLASSAMC_AWARE_W,,,,,,,,,,55.52,,,,,,55.5,,,EN,2025-09-24T04:00:00.000Z
GLASSAMC_AWARE,Pattern of antibiotic consumption at national level (relative use by AWaRe classification),numeric,EMR,Eastern Mediterranean,Country,EGY,Egypt,Year,2020,false,AWARE Antibiotics group,Access (%),GLASSAMCAWARE_ANTIBIOTICSGROUP_GLASSAMC_AWARE_A,,,,,,,,,,55.79,,,,,,55.8,,,EN,2025-09-24T04:00:00.000Z
GLASSAMC_AWARE,Pattern of antibiotic consumption at national level (relative use by AWaRe classification),numeric,EUR,Europe,Country,RUS,Russian Federation,Year,2020,false,AWARE Antibiotics group,Watch (%),GLASSAMCAWARE_ANTIBIOTICSGROUP_GLASSAMC_AWARE_W,,,,,,,,,,56.7,,,,,,56.7,,,EN,2024-09-18T04:00:00.000Z
GLASSAMC_AWARE,Pattern of antibiotic consumption at national level (relative use by AWaRe classification),numeric,EUR,Europe,Country,TJK,Tajikistan,Year,2020,false,AWARE Antibiotics group,Watch (%),GLASSAMCAWARE_ANTIBIOTICSGROUP_GLASSAMC_AWARE_W,,,,,,,,,,57.88,,,,,,57.9,,,EN,2024-09-18T04:00:00.000Z
GLASSAMC_AWARE,Pattern of antibiotic consumption at national level (relative use by AWaRe classification),numeric,AMR,Americas,Country,PER,Peru,Year,2020,false,AWARE Antibiotics group,Access (%),GLASSAMCAWARE_ANTIBIOTICSGROUP_GLASSAMC_AWARE_A,,,,,,,,,,58.27,,,,,,58.3,,,EN,2025-09-24T04:00:00.000Z
GLASSAMC_AWARE,Pattern of antibiotic consumption at national level (relative use by AWaRe classification),numeric,SEAR,South-East Asia,Country,BGD,Bangladesh,Year,2020,false,AWARE Antibiotics group,Watch (%),GLASSAMCAWARE_ANTIBIOTICSGROUP_GLASSAMC_AWARE_W,,,,,,,,,,59,,,,,,59,,,EN,2025-09-24T04:00:00.000Z
GLASSAMC_AWARE,Pattern of antibiotic consumption at national level (relative use by AWaRe classification),numeric,AFR,Africa,Country,TZA,United Republic of Tanzania,Year,2020,false,AWARE Antibiotics group,Access (%),GLASSAMCAWARE_ANTIBIOTICSGROUP_GLASSAMC_AWARE_A,,,,,,,,,,59.24,,,,,,59.2,,,EN,2024-09-18T04:00:00.000Z
GLASSAMC_AWARE,Pattern of antibiotic consumption at national level (relative use by AWaRe classification),numeric,SEAR,South-East Asia,Country,MDV,Maldives,Year,2020,false,AWARE Antibiotics group,Watch (%),GLASSAMCAWARE_ANTIBIOTICSGROUP_GLASSAMC_AWARE_W,,,,,,,,,,60.06,,,,,,60.1,,,EN,2025-09-24T04:00:00.000Z
GLASSAMC_AWARE,Pattern of antibiotic consumption at national level (relative use by AWaRe classification),numeric,EUR,Europe,Country,EST,Estonia,Year,2020,false,AWARE Antibiotics group,Access (%),GLASSAMCAWARE_ANTIBIOTICSGROUP_GLASSAMC_AWARE_A,,,,,,,,,,61.34,,,,,,61.3,,,EN,2024-09-18T04:00:00.000Z
GLASSAMC_AWARE,Pattern of antibiotic consumption at national level (relative use by AWaRe classification),numeric,EUR,Europe,Country,AUT,Austria,Year,2020,false,AWARE Antibiotics group,Access (%),GLASSAMCAWARE_ANTIBIOTICSGROUP_GLASSAMC_AWARE_A,,,,,,,,,,61.39,,,,,,61.4,,,EN,2025-09-24T04:00:00.000Z
GLASSAMC_AWARE,Pattern of antibiotic consumption at national level (relative use by AWaRe classification),numeric,EUR,Europe,Country,HRV,Croatia,Year,2020,false,AWARE Antibiotics group,Access (%),GLASSAMCAWARE_ANTIBIOTICSGROUP_GLASSAMC_AWARE_A,,,,,,,,,,61.94,,,,,,61.9,,,EN,2025-09-24T04:00:00.000Z
GLASSAMC_AWARE,Pattern of antibiotic consumption at national level (relative use by AWaRe classification),numeric,EUR,Europe,Country,ESP,Spain,Year,2020,false,AWARE Antibiotics group,Access (%),GLASSAMCAWARE_ANTIBIOTICSGROUP_GLASSAMC_AWARE_A,,,,,,,,,,62.14,,,,,,62.1,,,EN,2025-09-24T04:00:00.000Z
GLASSAMC_AWARE,Pattern of antibiotic consumption at national level (relative use by AWaRe classification),numeric,EUR,Europe,Country,PRT,Portugal,Year,2020,false,AWARE Antibiotics group,Access (%),GLASSAMCAWARE_ANTIBIOTICSGROUP_GLASSAMC_AWARE_A,,,,,,,,,,62.38,,,,,,62.4,,,EN,2024-09-18T04:00:00.000Z
GLASSAMC_AWARE,Pattern of antibiotic consumption at national level (relative use by AWaRe classification),numeric,EUR,Europe,Country,CZE,Czechia,Year,2020,false,AWARE Antibiotics group,Access (%),GLASSAMCAWARE_ANTIBIOTICSGROUP_GLASSAMC_AWARE_A,,,,,,,,,,62.8,,,,,,62.8,,,EN,2025-09-24T04:00:00.000Z
GLASSAMC_AWARE,Pattern of antibiotic consumption at national level (relative use by AWaRe classification),numeric,EUR,Europe,Country,POL,Poland,Year,2020,false,AWARE Antibiotics group,Access (%),GLASSAMCAWARE_ANTIBIOTICSGROUP_GLASSAMC_AWARE_A,,,,,,,,,,62.98,,,,,,63,,,EN,2024-09-18T04:00:00.000Z
GLASSAMC_AWARE,Pattern of antibiotic consumption at national level (relative use by AWaRe classification),numeric,EUR,Europe,Country,CHE,Switzerland,Year,2020,false,AWARE Antibiotics group,Access (%),GLASSAMCAWARE_ANTIBIOTICSGROUP_GLASSAMC_AWARE_A,,,,,,,,,,63.87,,,,,,63.9,,,EN,2024-09-18T04:00:00.000Z
GLASSAMC_AWARE,Pattern of antibiotic consumption at national level (relative use by AWaRe classification),numeric,EUR,Europe,Country,DEU,Germany,Year,2020,false,AWARE Antibiotics group,Access (%),GLASSAMCAWARE_ANTIBIOTICSGROUP_GLASSAMC_AWARE_A,,,,,,,,,,64.22,,,,,,64.2,,Only use in the community reported,EN,2025-09-24T04:00:00.000Z
GLASSAMC_AWARE,Pattern of antibiotic consumption at national level (relative use by AWaRe classification),numeric,AFR,Africa,Country,ETH,Ethiopia,Year,2020,false,AWARE Antibiotics group,Access (%),GLASSAMCAWARE_ANTIBIOTICSGROUP_GLASSAMC_AWARE_A,,,,,,,,,,66.17,,,,,,66.2,,For antibiotics: only J01 and P01AB reported,EN,2025-09-24T04:00:00.000Z
GLASSAMC_AWARE,Pattern of antibiotic consumption at national level (relative use by AWaRe classification),numeric,EUR,Europe,Country,BEL,Belgium,Year,2020,false,AWARE Antibiotics group,Access (%),GLASSAMCAWARE_ANTIBIOTICSGROUP_GLASSAMC_AWARE_A,,,,,,,,,,67.48,,,,,,67.5,,,EN,2024-09-18T04:00:00.000Z
GLASSAMC_AWARE,Pattern of antibiotic consumption at national level (relative use by AWaRe classification),numeric,EUR,Europe,Country,LTU,Lithuania,Year,2020,false,AWARE Antibiotics group,Access (%),GLASSAMCAWARE_ANTIBIOTICSGROUP_GLASSAMC_AWARE_A,,,,,,,,,,67.54,,,,,,67.5,,,EN,2024-09-18T04:00:00.000Z
GLASSAMC_AWARE,Pattern of antibiotic consumption at national level (relative use by AWaRe classification),numeric,AMR,Americas,Country,COL,Colombia,Year,2020,false,AWARE Antibiotics group,Access (%),GLASSAMCAWARE_ANTIBIOTICSGROUP_GLASSAMC_AWARE_A,,,,,,,,,,68.22,,,,,,68.2,,,EN,2024-09-18T04:00:00.000Z
GLASSAMC_AWARE,Pattern of antibiotic consumption at national level (relative use by AWaRe classification),numeric,EUR,Europe,Country,GBR,United Kingdom of Great Britain and Northern Ireland,Year,2020,false,AWARE Antibiotics group,Access (%),GLASSAMCAWARE_ANTIBIOTICSGROUP_GLASSAMC_AWARE_A,,,,,,,,,,68.16,,,,,,68.2,,Only use in the public sector reported,EN,2025-09-24T04:00:00.000Z
GLASSAMC_AWARE,Pattern of antibiotic consumption at national level (relative use by AWaRe classification),numeric,EUR,Europe,Country,LVA,Latvia,Year,2020,false,AWARE Antibiotics group,Access (%),GLASSAMCAWARE_ANTIBIOTICSGROUP_GLASSAMC_AWARE_A,,,,,,,,,,70.03,,,,,,70,,,EN,2025-09-24T04:00:00.000Z
GLASSAMC_AWARE,Pattern of antibiotic consumption at national level (relative use by AWaRe classification),numeric,EUR,Europe,Country,SVN,Slovenia,Year,2020,false,AWARE Antibiotics group,Access (%),GLASSAMCAWARE_ANTIBIOTICSGROUP_GLASSAMC_AWARE_A,,,,,,,,,,70.56,,,,,,70.6,,,EN,2025-09-24T04:00:00.000Z
GLASSAMC_AWARE,Pattern of antibiotic consumption at national level (relative use by AWaRe classification),numeric,EUR,Europe,Country,FRA,France,Year,2020,false,AWARE Antibiotics group,Access (%),GLASSAMCAWARE_ANTIBIOTICSGROUP_GLASSAMC_AWARE_A,,,,,,,,,,70.94,,,,,,70.9,,For antibiotics: only J01 and P01AB reported,EN,2025-09-24T04:00:00.000Z
GLASSAMC_AWARE,Pattern of antibiotic consumption at national level (relative use by AWaRe classification),numeric,EUR,Europe,Country,IRL,Ireland,Year,2020,false,AWARE Antibiotics group,Access (%),GLASSAMCAWARE_ANTIBIOTICSGROUP_GLASSAMC_AWARE_A,,,,,,,,,,70.89,,,,,,70.9,,,EN,2024-09-18T04:00:00.000Z
GLASSAMC_AWARE,Pattern of antibiotic consumption at national level (relative use by AWaRe classification),numeric,EMR,Eastern Mediterranean,Country,TUN,Tunisia,Year,2020,false,AWARE Antibiotics group,Access (%),GLASSAMCAWARE_ANTIBIOTICSGROUP_GLASSAMC_AWARE_A,,,,,,,,,,71.33,,,,,,71.3,,For antibiotics: only J01 and P01AB reported,EN,2025-09-24T04:00:00.000Z
GLASSAMC_AWARE,Pattern of antibiotic consumption at national level (relative use by AWaRe classification),numeric,AFR,Africa,Country,MLI,Mali,Year,2020,false,AWARE Antibiotics group,Access (%),GLASSAMCAWARE_ANTIBIOTICSGROUP_GLASSAMC_AWARE_A,,,,,,,,,,71.67,,,,,,71.7,,For antibiotics: only J01 and P01AB reported,EN,2025-09-24T04:00:00.000Z
GLASSAMC_AWARE,Pattern of antibiotic consumption at national level (relative use by AWaRe classification),numeric,AMR,Americas,Country,HND,Honduras,Year,2020,false,AWARE Antibiotics group,Access (%),GLASSAMCAWARE_ANTIBIOTICSGROUP_GLASSAMC_AWARE_A,,,,,,,,,,72.12,,,,,,72.1,,Only use in the public sector reported,EN,2025-09-24T04:00:00.000Z
GLASSAMC_AWARE,Pattern of antibiotic consumption at national level (relative use by AWaRe classification),numeric,EUR,Europe,Country,SWE,Sweden,Year,2020,false,AWARE Antibiotics group,Access (%),GLASSAMCAWARE_ANTIBIOTICSGROUP_GLASSAMC_AWARE_A,,,,,,,,,,74.36,,,,,,74.4,,,EN,2024-09-18T04:00:00.000Z
GLASSAMC_AWARE,Pattern of antibiotic consumption at national level (relative use by AWaRe classification),numeric,AFR,Africa,Country,BEN,Benin,Year,2020,false,AWARE Antibiotics group,Access (%),GLASSAMCAWARE_ANTIBIOTICSGROUP_GLASSAMC_AWARE_A,,,,,,,,,,75.33,,,,,,75.3,,,EN,2024-09-18T04:00:00.000Z
GLASSAMC_AWARE,Pattern of antibiotic consumption at national level (relative use by AWaRe classification),numeric,AFR,Africa,Country,BFA,Burkina Faso,Year,2020,false,AWARE Antibiotics group,Access (%),GLASSAMCAWARE_ANTIBIOTICSGROUP_GLASSAMC_AWARE_A,,,,,,,,,,76.28,,,,,,76.3,,For antibiotics: only J01 and P01AB reported,EN,2025-09-24T04:00:00.000Z
GLASSAMC_AWARE,Pattern of antibiotic consumption at national level (relative use by AWaRe classification),numeric,EUR,Europe,Country,FIN,Finland,Year,2020,false,AWARE Antibiotics group,Access (%),GLASSAMCAWARE_ANTIBIOTICSGROUP_GLASSAMC_AWARE_A,,,,,,,,,,76.61,,,,,,76.6,,,EN,2024-09-18T04:00:00.000Z
GLASSAMC_AWARE,Pattern of antibiotic consumption at national level (relative use by AWaRe classification),numeric,EUR,Europe,Country,UKR,Ukraine,Year,2020,false,AWARE Antibiotics group,Watch (%),GLASSAMCAWARE_ANTIBIOTICSGROUP_GLASSAMC_AWARE_W,,,,,,,,,,78.05,,,,,,78.1,,,EN,2024-09-18T04:00:00.000Z
GLASSAMC_AWARE,Pattern of antibiotic consumption at national level (relative use by AWaRe classification),numeric,EUR,Europe,Country,NOR,Norway,Year,2020,false,AWARE Antibiotics group,Access (%),GLASSAMCAWARE_ANTIBIOTICSGROUP_GLASSAMC_AWARE_A,,,,,,,,,,79.29,,,,,,79.3,,,EN,2024-09-18T04:00:00.000Z
GLASSAMC_AWARE,Pattern of antibiotic consumption at national level (relative use by AWaRe classification),numeric,WPR,Western Pacific,Country,LAO,Lao People's Democratic Republic,Year,2020,false,AWARE Antibiotics group,Access (%),GLASSAMCAWARE_ANTIBIOTICSGROUP_GLASSAMC_AWARE_A,,,,,,,,,,79.5,,,,,,79.5,,For antibiotics: only J01 and P01AB reported,EN,2025-09-24T04:00:00.000Z
GLASSAMC_AWARE,Pattern of antibiotic consumption at national level (relative use by AWaRe classification),numeric,AFR,Africa,Country,GAB,Gabon,Year,2020,false,AWARE Antibiotics group,Access (%),GLASSAMCAWARE_ANTIBIOTICSGROUP_GLASSAMC_AWARE_A,,,,,,,,,,80.97,,,,,,81,,For antibiotics: only J01 and P01AB reported,EN,2025-09-24T04:00:00.000Z
GLASSAMC_AWARE,Pattern of antibiotic consumption at national level (relative use by AWaRe classification),numeric,EUR,Europe,Country,DNK,Denmark,Year,2020,false,AWARE Antibiotics group,Access (%),GLASSAMCAWARE_ANTIBIOTICSGROUP_GLASSAMC_AWARE_A,,,,,,,,,,81.41,,,,,,81.4,,,EN,2024-09-18T04:00:00.000Z
GLASSAMC_AWARE,Pattern of antibiotic consumption at national level (relative use by AWaRe classification),numeric,AFR,Africa,Country,ZAF,South Africa,Year,2020,false,AWARE Antibiotics group,Access (%),GLASSAMCAWARE_ANTIBIOTICSGROUP_GLASSAMC_AWARE_A,,,,,,,,,,83.31,,,,,,83.3,,Only use in the public sector reported,EN,2025-09-24T04:00:00.000Z
GLASSAMC_AWARE,Pattern of antibiotic consumption at national level (relative use by AWaRe classification),numeric,EUR,Europe,Country,ISL,Iceland,Year,2020,false,AWARE Antibiotics group,Access (%),GLASSAMCAWARE_ANTIBIOTICSGROUP_GLASSAMC_AWARE_A,,,,,,,,,,86.05,,,,,,86,,,EN,2024-09-18T04:00:00.000Z
GLASSAMC_AWARE,Pattern of antibiotic consumption at national level (relative use by AWaRe classification),numeric,SEAR,South-East Asia,Country,BTN,Bhutan,Year,2020,false,AWARE Antibiotics group,Access (%),GLASSAMCAWARE_ANTIBIOTICSGROUP_GLASSAMC_AWARE_A,,,,,,,,,,87.8,,,,,,87.8,,For antibiotics: only J01 and P01AB reported,EN,2025-09-24T04:00:00.000Z
GLASSAMC_AWARE,Pattern of antibiotic consumption at national level (relative use by AWaRe classification),numeric,EUR,Europe,Country,AUT,Austria,Year,2019,false,AWARE Antibiotics group,Not classified (%) / not recommended (%),GLASSAMCAWARE_ANTIBIOTICSGROUP_GLASSAMC_AWARE_O,,,,,,,,,,0,,,,,,0,,,EN,2025-09-24T04:00:00.000Z
GLASSAMC_AWARE,Pattern of antibiotic consumption at national level (relative use by AWaRe classification),numeric,SEAR,South-East Asia,Country,BGD,Bangladesh,Year,2019,false,AWARE Antibiotics group,Not classified (%) / not recommended (%),GLASSAMCAWARE_ANTIBIOTICSGROUP_GLASSAMC_AWARE_O,,,,,,,,,,0.034,,,,,,0,,,EN,2025-09-24T04:00:00.000Z
GLASSAMC_AWARE,Pattern of antibiotic consumption at national level (relative use by AWaRe classification),numeric,EUR,Europe,Country,BEL,Belgium,Year,2019,false,AWARE Antibiotics group,Not classified (%) / not recommended (%),GLASSAMCAWARE_ANTIBIOTICSGROUP_GLASSAMC_AWARE_O,,,,,,,,,,0,,,,,,0,,,EN,2025-09-24T04:00:00.000Z
GLASSAMC_AWARE,Pattern of antibiotic consumption at national level (relative use by AWaRe classification),numeric,AFR,Africa,Country,BEN,Benin,Year,2019,false,AWARE Antibiotics group,Reserve (%),GLASSAMCAWARE_ANTIBIOTICSGROUP_GLASSAMC_AWARE_R,,,,,,,,,,0,,,,,,0,,,EN,2024-09-18T04:00:00.000Z
GLASSAMC_AWARE,Pattern of antibiotic consumption at national level (relative use by AWaRe classification),numeric,SEAR,South-East Asia,Country,BTN,Bhutan,Year,2019,false,AWARE Antibiotics group,Not classified (%) / not recommended (%),GLASSAMCAWARE_ANTIBIOTICSGROUP_GLASSAMC_AWARE_O,,,,,,,,,,0,,,,,,0,,For antibiotics: only J01 and P01AB reported,EN,2025-09-24T04:00:00.000Z
GLASSAMC_AWARE,Pattern of antibiotic consumption at national level (relative use by AWaRe classification),numeric,SEAR,South-East Asia,Country,BTN,Bhutan,Year,2019,false,AWARE Antibiotics group,Reserve (%),GLASSAMCAWARE_ANTIBIOTICSGROUP_GLASSAMC_AWARE_R,,,,,,,,,,0.006,,,,,,0,,For antibiotics: only J01 and P01AB reported,EN,2025-09-24T04:00:00.000Z
GLASSAMC_AWARE,Pattern of antibiotic consumption at national level (relative use by AWaRe classification),numeric,AFR,Africa,Country,BFA,Burkina Faso,Year,2019,false,AWARE Antibiotics group,Reserve (%),GLASSAMCAWARE_ANTIBIOTICSGROUP_GLASSAMC_AWARE_R,,,,,,,,,,0,,,,,,0,,For antibiotics: only J01 and P01AB reported,EN,2025-09-24T04:00:00.000Z
GLASSAMC_AWARE,Pattern of antibiotic consumption at national level (relative use by AWaRe classification),numeric,AMR,Americas,Country,COL,Colombia,Year,2019,false,AWARE Antibiotics group,Not classified (%) / not recommended (%),GLASSAMCAWARE_ANTIBIOTICSGROUP_GLASSAMC_AWARE_O,,,,,,,,,,0,,,,,,0,,,EN,2024-09-18T04:00:00.000Z
GLASSAMC_AWARE,Pattern of antibiotic consumption at national level (relative use by AWaRe classification),numeric,EUR,Europe,Country,HRV,Croatia,Year,2019,false,AWARE Antibiotics group,Not classified (%) / not recommended (%),GLASSAMCAWARE_ANTIBIOTICSGROUP_GLASSAMC_AWARE_O,,,,,,,,,,0.0003,,,,,,0,,,EN,2025-09-24T04:00:00.000Z
GLASSAMC_AWARE,Pattern of antibiotic consumption at national level (relative use by AWaRe classification),numeric,EUR,Europe,Country,CYP,Cyprus,Year,2019,false,AWARE Antibiotics group,Not classified (%) / not recommended (%),GLASSAMCAWARE_ANTIBIOTICSGROUP_GLASSAMC_AWARE_O,,,,,,,,,,0.01,,,,,,0,,,EN,2025-09-24T04:00:00.000Z
GLASSAMC_AWARE,Pattern of antibiotic consumption at national level (relative use by AWaRe classification),numeric,EUR,Europe,Country,CZE,Czechia,Year,2019,false,AWARE Antibiotics group,Not classified (%) / not recommended (%),GLASSAMCAWARE_ANTIBIOTICSGROUP_GLASSAMC_AWARE_O,,,,,,,,,,0.01,,,,,,0,,,EN,2025-09-24T04:00:00.000Z
GLASSAMC_AWARE,Pattern of antibiotic consumption at national level (relative use by AWaRe classification),numeric,EUR,Europe,Country,DNK,Denmark,Year,2019,false,AWARE Antibiotics group,Not classified (%) / not recommended (%),GLASSAMCAWARE_ANTIBIOTICSGROUP_GLASSAMC_AWARE_O,,,,,,,,,,0,,,,,,0,,,EN,2024-09-18T04:00:00.000Z
GLASSAMC_AWARE,Pattern of antibiotic consumption at national level (relative use by AWaRe classification),numeric,EUR,Europe,Country,EST,Estonia,Year,2019,false,AWARE Antibiotics group,Not classified (%) / not recommended (%),GLASSAMCAWARE_ANTIBIOTICSGROUP_GLASSAMC_AWARE_O,,,,,,,,,,0.0002,,,,,,0,,,EN,2024-09-18T04:00:00.000Z
GLASSAMC_AWARE,Pattern of antibiotic consumption at national level (relative use by AWaRe classification),numeric,EUR,Europe,Country,FIN,Finland,Year,2019,false,AWARE Antibiotics group,Not classified (%) / not recommended (%),GLASSAMCAWARE_ANTIBIOTICSGROUP_GLASSAMC_AWARE_O,,,,,,,,,,0,,,,,,0,,,EN,2024-09-18T04:00:00.000Z
GLASSAMC_AWARE,Pattern of antibiotic consumption at national level (relative use by AWaRe classification),numeric,EUR,Europe,Country,GEO,Georgia,Year,2019,false,AWARE Antibiotics group,Reserve (%),GLASSAMCAWARE_ANTIBIOTICSGROUP_GLASSAMC_AWARE_R,,,,,,,,,,0.049,,,,,,0,,For antibiotics: only J01 and P01AB reported,EN,2025-09-24T04:00:00.000Z
GLASSAMC_AWARE,Pattern of antibiotic consumption at national level (relative use by AWaRe classification),numeric,AMR,Americas,Country,HND,Honduras,Year,2019,false,AWARE Antibiotics group,Not classified (%) / not recommended (%),GLASSAMCAWARE_ANTIBIOTICSGROUP_GLASSAMC_AWARE_O,,,,,,,,,,0,,,,,,0,,Only use in the public sector reported,EN,2025-09-24T04:00:00.000Z
GLASSAMC_AWARE,Pattern of antibiotic consumption at national level (relative use by AWaRe classification),numeric,AMR,Americas,Country,HND,Honduras,Year,2019,false,AWARE Antibiotics group,Reserve (%),GLASSAMCAWARE_ANTIBIOTICSGROUP_GLASSAMC_AWARE_R,,,,,,,,,,0.002,,,,,,0,,Only use in the public sector reported,EN,2025-09-24T04:00:00.000Z
GLASSAMC_AWARE,Pattern of antibiotic consumption at national level (relative use by AWaRe classification),numeric,EUR,Europe,Country,HUN,Hungary,Year,2019,false,AWARE Antibiotics group,Not classified (%) / not recommended (%),GLASSAMCAWARE_ANTIBIOTICSGROUP_GLASSAMC_AWARE_O,,,,,,,,,,0,,,,,,0,,,EN,2024-09-18T04:00:00.000Z
GLASSAMC_AWARE,Pattern of antibiotic consumption at national level (relative use by AWaRe classification),numeric,EUR,Europe,Country,ISL,Iceland,Year,2019,false,AWARE Antibiotics group,Not classified (%) / not recommended (%),GLASSAMCAWARE_ANTIBIOTICSGROUP_GLASSAMC_AWARE_O,,,,,,,,,,0,,,,,,0,,,EN,2024-09-18T04:00:00.000Z
GLASSAMC_AWARE,Pattern of antibiotic consumption at national level (relative use by AWaRe classification),numeric,EUR,Europe,Country,IRL,Ireland,Year,2019,false,AWARE Antibiotics group,Not classified (%) / not recommended (%),GLASSAMCAWARE_ANTIBIOTICSGROUP_GLASSAMC_AWARE_O,,,,,,,,,,0,,,,,,0,,,EN,2024-09-18T04:00:00.000Z
GLASSAMC_AWARE,Pattern of antibiotic consumption at national level (relative use by AWaRe classification),numeric,EUR,Europe,Country,ITA,Italy,Year,2019,false,AWARE Antibiotics group,Not classified (%) / not recommended (%),GLASSAMCAWARE_ANTIBIOTICSGROUP_GLASSAMC_AWARE_O,,,,,,,,,,0,,,,,,0,,,EN,2025-09-24T04:00:00.000Z
GLASSAMC_AWARE,Pattern of antibiotic consumption at national level (relative use by AWaRe classification),numeric,EMR,Eastern Mediterranean,Country,JOR,Jordan,Year,2019,false,AWARE Antibiotics group,Reserve (%),GLASSAMCAWARE_ANTIBIOTICSGROUP_GLASSAMC_AWARE_R,,,,,,,,,,0.036,,,,,,0,,,EN,2024-09-18T04:00:00.000Z
GLASSAMC_AWARE,Pattern of antibiotic consumption at national level (relative use by AWaRe classification),numeric,AFR,Africa,Country,KEN,Kenya,Year,2019,false,AWARE Antibiotics group,Reserve (%),GLASSAMCAWARE_ANTIBIOTICSGROUP_GLASSAMC_AWARE_R,,,,,,,,,,0.009,,,,,,0,,Data incomplete since not collected from all sources of data,EN,2024-09-18T04:00:00.000Z
GLASSAMC_AWARE,Pattern of antibiotic consumption at national level (relative use by AWaRe classification),numeric,WPR,Western Pacific,Country,LAO,Lao People's Democratic Republic,Year,2019,false,AWARE Antibiotics group,Not classified (%) / not recommended (%),GLASSAMCAWARE_ANTIBIOTICSGROUP_GLASSAMC_AWARE_O,,,,,,,,,,0,,,,,,0,,For antibiotics: only J01 and P01AB reported,EN,2025-09-24T04:00:00.000Z
GLASSAMC_AWARE,Pattern of antibiotic consumption at national level (relative use by AWaRe classification),numeric,WPR,Western Pacific,Country,LAO,Lao People's Democratic Republic,Year,2019,false,AWARE Antibiotics group,Reserve (%),GLASSAMCAWARE_ANTIBIOTICSGROUP_GLASSAMC_AWARE_R,,,,,,,,,,0,,,,,,0,,For antibiotics: only J01 and P01AB reported,EN,2025-09-24T04:00:00.000Z
GLASSAMC_AWARE,Pattern of antibiotic consumption at national level (relative use by AWaRe classification),numeric,SEAR,South-East Asia,Country,MDV,Maldives,Year,2019,false,AWARE Antibiotics group,Reserve (%),GLASSAMCAWARE_ANTIBIOTICSGROUP_GLASSAMC_AWARE_R,,,,,,,,,,0.003,,,,,,0,,,EN,2025-09-24T04:00:00.000Z
GLASSAMC_AWARE,Pattern of antibiotic consumption at national level (relative use by AWaRe classification),numeric,AFR,Africa,Country,MLI,Mali,Year,2019,false,AWARE Antibiotics group,Reserve (%),GLASSAMCAWARE_ANTIBIOTICSGROUP_GLASSAMC_AWARE_R,,,,,,,,,,0.003,,,,,,0,,,EN,2024-09-18T04:00:00.000Z
GLASSAMC_AWARE,Pattern of antibiotic consumption at national level (relative use by AWaRe classification),numeric,EUR,Europe,Country,MNE,Montenegro,Year,2019,false,AWARE Antibiotics group,Reserve (%),GLASSAMCAWARE_ANTIBIOTICSGROUP_GLASSAMC_AWARE_R,,,,,,,,,,0.02,,,,,,0,,,EN,2024-09-18T04:00:00.000Z
GLASSAMC_AWARE,Pattern of antibiotic consumption at national level (relative use by AWaRe classification),numeric,EUR,Europe,Country,NOR,Norway,Year,2019,false,AWARE Antibiotics group,Not classified (%) / not recommended (%),GLASSAMCAWARE_ANTIBIOTICSGROUP_GLASSAMC_AWARE_O,,,,,,,,,,0,,,,,,0,,,EN,2024-09-18T04:00:00.000Z
GLASSAMC_AWARE,Pattern of antibiotic consumption at national level (relative use by AWaRe classification),numeric,AMR,Americas,Country,PER,Peru,Year,2019,false,AWARE Antibiotics group,Not classified (%) / not recommended (%),GLASSAMCAWARE_ANTIBIOTICSGROUP_GLASSAMC_AWARE_O,,,,,,,,,,0,,,,,,0,,,EN,2025-09-24T04:00:00.000Z
GLASSAMC_AWARE,Pattern of antibiotic consumption at national level (relative use by AWaRe classification),numeric,EUR,Europe,Country,PRT,Portugal,Year,2019,false,AWARE Antibiotics group,Not classified (%) / not recommended (%),GLASSAMCAWARE_ANTIBIOTICSGROUP_GLASSAMC_AWARE_O,,,,,,,,,,0.0007,,,,,,0,,,EN,2025-09-24T04:00:00.000Z
GLASSAMC_AWARE,Pattern of antibiotic consumption at national level (relative use by AWaRe classification),numeric,EUR,Europe,Country,SVN,Slovenia,Year,2019,false,AWARE Antibiotics group,Not classified (%) / not recommended (%),GLASSAMCAWARE_ANTIBIOTICSGROUP_GLASSAMC_AWARE_O,,,,,,,,,,0,,,,,,0,,,EN,2025-09-24T04:00:00.000Z
GLASSAMC_AWARE,Pattern of antibiotic consumption at national level (relative use by AWaRe classification),numeric,AFR,Africa,Country,ZAF,South Africa,Year,2019,false,AWARE Antibiotics group,Not classified (%) / not recommended (%),GLASSAMCAWARE_ANTIBIOTICSGROUP_GLASSAMC_AWARE_O,,,,,,,,,,0,,,,,,0,,Only use in the public sector reported,EN,2025-09-24T04:00:00.000Z
GLASSAMC_AWARE,Pattern of antibiotic consumption at national level (relative use by AWaRe classification),numeric,EUR,Europe,Country,SWE,Sweden,Year,2019,false,AWARE Antibiotics group,Not classified (%) / not recommended (%),GLASSAMCAWARE_ANTIBIOTICSGROUP_GLASSAMC_AWARE_O,,,,,,,,,,0,,,,,,0,,,EN,2024-09-18T04:00:00.000Z
GLASSAMC_AWARE,Pattern of antibiotic consumption at national level (relative use by AWaRe classification),numeric,EUR,Europe,Country,CHE,Switzerland,Year,2019,false,AWARE Antibiotics group,Not classified (%) / not recommended (%),GLASSAMCAWARE_ANTIBIOTICSGROUP_GLASSAMC_AWARE_O,,,,,,,,,,0,,,,,,0,,For antibiotics: only J01 and P01AB reported,EN,2025-09-24T04:00:00.000Z
GLASSAMC_AWARE,Pattern of antibiotic consumption at national level (relative use by AWaRe classification),numeric,SEAR,South-East Asia,Country,TLS,Timor-Leste,Year,2019,true,AWARE Antibiotics group,Not classified (%) / not recommended (%),GLASSAMCAWARE_ANTIBIOTICSGROUP_GLASSAMC_AWARE_O,,,,,,,,,,0,,,,,,0,,,EN,2024-09-18T04:00:00.000Z
GLASSAMC_AWARE,Pattern of antibiotic consumption at national level (relative use by AWaRe classification),numeric,SEAR,South-East Asia,Country,TLS,Timor-Leste,Year,2019,true,AWARE Antibiotics group,Reserve (%),GLASSAMCAWARE_ANTIBIOTICSGROUP_GLASSAMC_AWARE_R,,,,,,,,,,0,,,,,,0,,,EN,2024-09-18T04:00:00.000Z
GLASSAMC_AWARE,Pattern of antibiotic consumption at national level (relative use by AWaRe classification),numeric,EMR,Eastern Mediterranean,Country,TUN,Tunisia,Year,2019,false,AWARE Antibiotics group,Reserve (%),GLASSAMCAWARE_ANTIBIOTICSGROUP_GLASSAMC_AWARE_R,,,,,,,,,,0.037,,,,,,0,,For antibiotics: only J01 and P01AB reported,EN,2025-09-24T04:00:00.000Z
GLASSAMC_AWARE,Pattern of antibiotic consumption at national level (relative use by AWaRe classification),numeric,EUR,Europe,Country,GBR,United Kingdom of Great Britain and Northern Ireland,Year,2019,false,AWARE Antibiotics group,Not classified (%) / not recommended (%),GLASSAMCAWARE_ANTIBIOTICSGROUP_GLASSAMC_AWARE_O,,,,,,,,,,0.012,,,,,,0,,Only use in the public sector reported,EN,2025-09-24T04:00:00.000Z
GLASSAMC_AWARE,Pattern of antibiotic consumption at national level (relative use by AWaRe classification),numeric,AFR,Africa,Country,TZA,United Republic of Tanzania,Year,2019,false,AWARE Antibiotics group,Reserve (%),GLASSAMCAWARE_ANTIBIOTICSGROUP_GLASSAMC_AWARE_R,,,,,,,,,,0.0001,,,,,,0,,,EN,2025-09-24T04:00:00.000Z
GLASSAMC_AWARE,Pattern of antibiotic consumption at national level (relative use by AWaRe classification),numeric,EUR,Europe,Country,ARM,Armenia,Year,2019,false,AWARE Antibiotics group,Reserve (%),GLASSAMCAWARE_ANTIBIOTICSGROUP_GLASSAMC_AWARE_R,,,,,,,,,,0.12,,,,,,0.1,,,EN,2025-09-24T04:00:00.000Z
GLASSAMC_AWARE,Pattern of antibiotic consumption at national level (relative use by AWaRe classification),numeric,EUR,Europe,Country,BEL,Belgium,Year,2019,false,AWARE Antibiotics group,Reserve (%),GLASSAMCAWARE_ANTIBIOTICSGROUP_GLASSAMC_AWARE_R,,,,,,,,,,0.12,,,,,,0.1,,,EN,2024-09-18T04:00:00.000Z
GLASSAMC_AWARE,Pattern of antibiotic consumption at national level (relative use by AWaRe classification),numeric,AMR,Americas,Country,COL,Colombia,Year,2019,false,AWARE Antibiotics group,Reserve (%),GLASSAMCAWARE_ANTIBIOTICSGROUP_GLASSAMC_AWARE_R,,,,,,,,,,0.15,,,,,,0.1,,,EN,2024-09-18T04:00:00.000Z
GLASSAMC_AWARE,Pattern of antibiotic consumption at national level (relative use by AWaRe classification),numeric,EUR,Europe,Country,CYP,Cyprus,Year,2019,false,AWARE Antibiotics group,Reserve (%),GLASSAMCAWARE_ANTIBIOTICSGROUP_GLASSAMC_AWARE_R,,,,,,,,,,0.12,,,,,,0.1,,,EN,2024-09-18T04:00:00.000Z
GLASSAMC_AWARE,Pattern of antibiotic consumption at national level (relative use by AWaRe classification),numeric,EUR,Europe,Country,FIN,Finland,Year,2019,false,AWARE Antibiotics group,Reserve (%),GLASSAMCAWARE_ANTIBIOTICSGROUP_GLASSAMC_AWARE_R,,,,,,,,,,0.13,,,,,,0.1,,,EN,2024-09-18T04:00:00.000Z
GLASSAMC_AWARE,Pattern of antibiotic consumption at national level (relative use by AWaRe classification),numeric,EUR,Europe,Country,HUN,Hungary,Year,2019,false,AWARE Antibiotics group,Reserve (%),GLASSAMCAWARE_ANTIBIOTICSGROUP_GLASSAMC_AWARE_R,,,,,,,,,,0.067,,,,,,0.1,,,EN,2024-09-18T04:00:00.000Z
GLASSAMC_AWARE,Pattern of antibiotic consumption at national level (relative use by AWaRe classification),numeric,EUR,Europe,Country,ISL,Iceland,Year,2019,false,AWARE Antibiotics group,Reserve (%),GLASSAMCAWARE_ANTIBIOTICSGROUP_GLASSAMC_AWARE_R,,,,,,,,,,0.058,,,,,,0.1,,,EN,2024-09-18T04:00:00.000Z
GLASSAMC_AWARE,Pattern of antibiotic consumption at national level (relative use by AWaRe classification),numeric,EUR,Europe,Country,LVA,Latvia,Year,2019,false,AWARE Antibiotics group,Not classified (%) / not recommended (%),GLASSAMCAWARE_ANTIBIOTICSGROUP_GLASSAMC_AWARE_O,,,,,,,,,,0.13,,,,,,0.1,,,EN,2025-09-24T04:00:00.000Z
GLASSAMC_AWARE,Pattern of antibiotic consumption at national level (relative use by AWaRe classification),numeric,EUR,Europe,Country,LVA,Latvia,Year,2019,false,AWARE Antibiotics group,Reserve (%),GLASSAMCAWARE_ANTIBIOTICSGROUP_GLASSAMC_AWARE_R,,,,,,,,,,0.12,,,,,,0.1,,,EN,2024-09-18T04:00:00.000Z
GLASSAMC_AWARE,Pattern of antibiotic consumption at national level (relative use by AWaRe classification),numeric,EUR,Europe,Country,LTU,Lithuania,Year,2019,false,AWARE Antibiotics group,Not classified (%) / not recommended (%),GLASSAMCAWARE_ANTIBIOTICSGROUP_GLASSAMC_AWARE_O,,,,,,,,,,0.15,,,,,,0.1,,,EN,2024-09-18T04:00:00.000Z
GLASSAMC_AWARE,Pattern of antibiotic consumption at national level (relative use by AWaRe classification),numeric,AFR,Africa,Country,MLI,Mali,Year,2019,false,AWARE Antibiotics group,Not classified (%) / not recommended (%),GLASSAMCAWARE_ANTIBIOTICSGROUP_GLASSAMC_AWARE_O,,,,,,,,,,0.1,,,,,,0.1,,,EN,2024-09-18T04:00:00.000Z
GLASSAMC_AWARE,Pattern of antibiotic consumption at national level (relative use by AWaRe classification),numeric,EUR,Europe,Country,MLT,Malta,Year,2019,false,AWARE Antibiotics group,Reserve (%),GLASSAMCAWARE_ANTIBIOTICSGROUP_GLASSAMC_AWARE_R,,,,,,,,,,0.12,,,,,,0.1,,,EN,2024-09-18T04:00:00.000Z
GLASSAMC_AWARE,Pattern of antibiotic consumption at national level (relative use by AWaRe classification),numeric,SEAR,South-East Asia,Country,NPL,Nepal,Year,2019,false,AWARE Antibiotics group,Reserve (%),GLASSAMCAWARE_ANTIBIOTICSGROUP_GLASSAMC_AWARE_R,,,,,,,,,,0.072,,,,,,0.1,,,EN,2024-09-18T04:00:00.000Z
GLASSAMC_AWARE,Pattern of antibiotic consumption at national level (relative use by AWaRe classification),numeric,AMR,Americas,Country,PER,Peru,Year,2019,false,AWARE Antibiotics group,Reserve (%),GLASSAMCAWARE_ANTIBIOTICSGROUP_GLASSAMC_AWARE_R,,,,,,,,,,0.11,,,,,,0.1,,,EN,2025-09-24T04:00:00.000Z
GLASSAMC_AWARE,Pattern of antibiotic consumption at national level (relative use by AWaRe classification),numeric,EUR,Europe,Country,POL,Poland,Year,2019,false,AWARE Antibiotics group,Not classified (%) / not recommended (%),GLASSAMCAWARE_ANTIBIOTICSGROUP_GLASSAMC_AWARE_O,,,,,,,,,,0.071,,,,,,0.1,,,EN,2024-09-18T04:00:00.000Z
GLASSAMC_AWARE,Pattern of antibiotic consumption at national level (relative use by AWaRe classification),numeric,EUR,Europe,Country,POL,Poland,Year,2019,false,AWARE Antibiotics group,Reserve (%),GLASSAMCAWARE_ANTIBIOTICSGROUP_GLASSAMC_AWARE_R,,,,,,,,,,0.073,,,,,,0.1,,,EN,2024-09-18T04:00:00.000Z
GLASSAMC_AWARE,Pattern of antibiotic consumption at national level (relative use by AWaRe classification),numeric,EUR,Europe,Country,ROU,Romania,Year,2019,false,AWARE Antibiotics group,Not classified (%) / not recommended (%),GLASSAMCAWARE_ANTIBIOTICSGROUP_GLASSAMC_AWARE_O,,,,,,,,,,0.073,,,,,,0.1,,,EN,2025-09-24T04:00:00.000Z
GLASSAMC_AWARE,Pattern of antibiotic consumption at national level (relative use by AWaRe classification),numeric,EUR,Europe,Country,ROU,Romania,Year,2019,false,AWARE Antibiotics group,Reserve (%),GLASSAMCAWARE_ANTIBIOTICSGROUP_GLASSAMC_AWARE_R,,,,,,,,,,0.12,,,,,,0.1,,,EN,2024-09-18T04:00:00.000Z
GLASSAMC_AWARE,Pattern of antibiotic consumption at national level (relative use by AWaRe classification),numeric,EUR,Europe,Country,RUS,Russian Federation,Year,2019,false,AWARE Antibiotics group,Reserve (%),GLASSAMCAWARE_ANTIBIOTICSGROUP_GLASSAMC_AWARE_R,,,,,,,,,,0.13,,,,,,0.1,,,EN,2024-09-18T04:00:00.000Z
GLASSAMC_AWARE,Pattern of antibiotic consumption at national level (relative use by AWaRe classification),numeric,AFR,Africa,Country,ZAF,South Africa,Year,2019,false,AWARE Antibiotics group,Reserve (%),GLASSAMCAWARE_ANTIBIOTICSGROUP_GLASSAMC_AWARE_R,,,,,,,,,,0.1,,,,,,0.1,,Only use in the public sector reported,EN,2025-09-24T04:00:00.000Z
GLASSAMC_AWARE,Pattern of antibiotic consumption at national level (relative use by AWaRe classification),numeric,EUR,Europe,Country,TJK,Tajikistan,Year,2019,false,AWARE Antibiotics group,Reserve (%),GLASSAMCAWARE_ANTIBIOTICSGROUP_GLASSAMC_AWARE_R,,,,,,,,,,0.096,,,,,,0.1,,,EN,2024-09-18T04:00:00.000Z
GLASSAMC_AWARE,Pattern of antibiotic consumption at national level (relative use by AWaRe classification),numeric,SEAR,South-East Asia,Country,BGD,Bangladesh,Year,2019,false,AWARE Antibiotics group,Reserve (%),GLASSAMCAWARE_ANTIBIOTICSGROUP_GLASSAMC_AWARE_R,,,,,,,,,,0.22,,,,,,0.2,,,EN,2024-09-18T04:00:00.000Z
GLASSAMC_AWARE,Pattern of antibiotic consumption at national level (relative use by AWaRe classification),numeric,EUR,Europe,Country,HRV,Croatia,Year,2019,false,AWARE Antibiotics group,Reserve (%),GLASSAMCAWARE_ANTIBIOTICSGROUP_GLASSAMC_AWARE_R,,,,,,,,,,0.17,,,,,,0.2,,,EN,2025-09-24T04:00:00.000Z
GLASSAMC_AWARE,Pattern of antibiotic consumption at national level (relative use by AWaRe classification),numeric,EUR,Europe,Country,CZE,Czechia,Year,2019,false,AWARE Antibiotics group,Reserve (%),GLASSAMCAWARE_ANTIBIOTICSGROUP_GLASSAMC_AWARE_R,,,,,,,,,,0.17,,,,,,0.2,,,EN,2024-09-18T04:00:00.000Z
GLASSAMC_AWARE,Pattern of antibiotic consumption at national level (relative use by AWaRe classification),numeric,EUR,Europe,Country,EST,Estonia,Year,2019,false,AWARE Antibiotics group,Reserve (%),GLASSAMCAWARE_ANTIBIOTICSGROUP_GLASSAMC_AWARE_R,,,,,,,,,,0.18,,,,,,0.2,,,EN,2024-09-18T04:00:00.000Z
GLASSAMC_AWARE,Pattern of antibiotic consumption at national level (relative use by AWaRe classification),numeric,EUR,Europe,Country,DEU,Germany,Year,2019,false,AWARE Antibiotics group,Reserve (%),GLASSAMCAWARE_ANTIBIOTICSGROUP_GLASSAMC_AWARE_R,,,,,,,,,,0.16,,,,,,0.2,,Only use in the community reported,EN,2025-09-24T04:00:00.000Z
GLASSAMC_AWARE,Pattern of antibiotic consumption at national level (relative use by AWaRe classification),numeric,EUR,Europe,Country,NOR,Norway,Year,2019,false,AWARE Antibiotics group,Reserve (%),GLASSAMCAWARE_ANTIBIOTICSGROUP_GLASSAMC_AWARE_R,,,,,,,,,,0.15,,,,,,0.2,,,EN,2024-09-18T04:00:00.000Z
GLASSAMC_AWARE,Pattern of antibiotic consumption at national level (relative use by AWaRe classification),numeric,EUR,Europe,Country,SVN,Slovenia,Year,2019,false,AWARE Antibiotics group,Reserve (%),GLASSAMCAWARE_ANTIBIOTICSGROUP_GLASSAMC_AWARE_R,,,,,,,,,,0.17,,,,,,0.2,,,EN,2024-09-18T04:00:00.000Z
GLASSAMC_AWARE,Pattern of antibiotic consumption at national level (relative use by AWaRe classification),numeric,EUR,Europe,Country,SWE,Sweden,Year,2019,false,AWARE Antibiotics group,Reserve (%),GLASSAMCAWARE_ANTIBIOTICSGROUP_GLASSAMC_AWARE_R,,,,,,,,,,0.2,,,,,,0.2,,,EN,2024-09-18T04:00:00.000Z
GLASSAMC_AWARE,Pattern of antibiotic consumption at national level (relative use by AWaRe classification),numeric,EUR,Europe,Country,ARM,Armenia,Year,2019,false,AWARE Antibiotics group,Not classified (%) / not recommended (%),GLASSAMCAWARE_ANTIBIOTICSGROUP_GLASSAMC_AWARE_O,,,,,,,,,,0.32,,,,,,0.3,,,EN,2025-09-24T04:00:00.000Z
GLASSAMC_AWARE,Pattern of antibiotic consumption at national level (relative use by AWaRe classification),numeric,EUR,Europe,Country,BLR,Belarus,Year,2019,false,AWARE Antibiotics group,Reserve (%),GLASSAMCAWARE_ANTIBIOTICSGROUP_GLASSAMC_AWARE_R,,,,,,,,,,0.33,,,,,,0.3,,,EN,2024-09-18T04:00:00.000Z
GLASSAMC_AWARE,Pattern of antibiotic consumption at national level (relative use by AWaRe classification),numeric,EUR,Europe,Country,DNK,Denmark,Year,2019,false,AWARE Antibiotics group,Reserve (%),GLASSAMCAWARE_ANTIBIOTICSGROUP_GLASSAMC_AWARE_R,,,,,,,,,,0.27,,,,,,0.3,,,EN,2024-09-18T04:00:00.000Z
GLASSAMC_AWARE,Pattern of antibiotic consumption at national level (relative use by AWaRe classification),numeric,EUR,Europe,Country,FRA,France,Year,2019,false,AWARE Antibiotics group,Reserve (%),GLASSAMCAWARE_ANTIBIOTICSGROUP_GLASSAMC_AWARE_R,,,,,,,,,,0.28,,,,,,0.3,,For antibiotics: only J01 and P01AB reported,EN,2025-09-24T04:00:00.000Z
GLASSAMC_AWARE,Pattern of antibiotic consumption at national level (relative use by AWaRe classification),numeric,EUR,Europe,Country,ITA,Italy,Year,2019,false,AWARE Antibiotics group,Reserve (%),GLASSAMCAWARE_ANTIBIOTICSGROUP_GLASSAMC_AWARE_R,,,,,,,,,,0.34,,,,,,0.3,,,EN,2024-09-18T04:00:00.000Z
GLASSAMC_AWARE,Pattern of antibiotic consumption at national level (relative use by AWaRe classification),numeric,EUR,Europe,Country,PRT,Portugal,Year,2019,false,AWARE Antibiotics group,Reserve (%),GLASSAMCAWARE_ANTIBIOTICSGROUP_GLASSAMC_AWARE_R,,,,,,,,,,0.29,,,,,,0.3,,,EN,2024-09-18T04:00:00.000Z
GLASSAMC_AWARE,Pattern of antibiotic consumption at national level (relative use by AWaRe classification),numeric,EUR,Europe,Country,DEU,Germany,Year,2019,false,AWARE Antibiotics group,Not classified (%) / not recommended (%),GLASSAMCAWARE_ANTIBIOTICSGROUP_GLASSAMC_AWARE_O,,,,,,,,,,0.44,,,,,,0.4,,Only use in the community reported,EN,2025-09-24T04:00:00.000Z
GLASSAMC_AWARE,Pattern of antibiotic consumption at national level (relative use by AWaRe classification),numeric,EUR,Europe,Country,IRL,Ireland,Year,2019,false,AWARE Antibiotics group,Reserve (%),GLASSAMCAWARE_ANTIBIOTICSGROUP_GLASSAMC_AWARE_R,,,,,,,,,,0.41,,,,,,0.4,,,EN,2024-09-18T04:00:00.000Z
GLASSAMC_AWARE,Pattern of antibiotic consumption at national level (relative use by AWaRe classification),numeric,EUR,Europe,Country,LTU,Lithuania,Year,2019,false,AWARE Antibiotics group,Reserve (%),GLASSAMCAWARE_ANTIBIOTICSGROUP_GLASSAMC_AWARE_R,,,,,,,,,,0.44,,,,,,0.4,,,EN,2024-09-18T04:00:00.000Z
GLASSAMC_AWARE,Pattern of antibiotic consumption at national level (relative use by AWaRe classification),numeric,EUR,Europe,Country,MNE,Montenegro,Year,2019,false,AWARE Antibiotics group,Not classified (%) / not recommended (%),GLASSAMCAWARE_ANTIBIOTICSGROUP_GLASSAMC_AWARE_O,,,,,,,,,,0.4,,,,,,0.4,,,EN,2025-09-24T04:00:00.000Z
GLASSAMC_AWARE,Pattern of antibiotic consumption at national level (relative use by AWaRe classification),numeric,EUR,Europe,Country,CHE,Switzerland,Year,2019,false,AWARE Antibiotics group,Reserve (%),GLASSAMCAWARE_ANTIBIOTICSGROUP_GLASSAMC_AWARE_R,,,,,,,,,,0.37,,,,,,0.4,,For antibiotics: only J01 and P01AB reported,EN,2025-09-24T04:00:00.000Z
GLASSAMC_AWARE,Pattern of antibiotic consumption at national level (relative use by AWaRe classification),numeric,EUR,Europe,Country,GBR,United Kingdom of Great Britain and Northern Ireland,Year,2019,false,AWARE Antibiotics group,Reserve (%),GLASSAMCAWARE_ANTIBIOTICSGROUP_GLASSAMC_AWARE_R,,,,,,,,,,0.42,,,,,,0.4,,Only use in the public sector reported,EN,2025-09-24T04:00:00.000Z
GLASSAMC_AWARE,Pattern of antibiotic consumption at national level (relative use by AWaRe classification),numeric,EUR,Europe,Country,UKR,Ukraine,Year,2019,false,AWARE Antibiotics group,Reserve (%),GLASSAMCAWARE_ANTIBIOTICSGROUP_GLASSAMC_AWARE_R,,,,,,,,,,0.47,,,,,,0.5,,,EN,2024-09-18T04:00:00.000Z
GLASSAMC_AWARE,Pattern of antibiotic consumption at national level (relative use by AWaRe classification),numeric,AFR,Africa,Country,BFA,Burkina Faso,Year,2019,false,AWARE Antibiotics group,Not classified (%) / not recommended (%),GLASSAMCAWARE_ANTIBIOTICSGROUP_GLASSAMC_AWARE_O,,,,,,,,,,0.61,,,,,,0.6,,For antibiotics: only J01 and P01AB reported,EN,2025-09-24T04:00:00.000Z
GLASSAMC_AWARE,Pattern of antibiotic consumption at national level (relative use by AWaRe classification),numeric,EUR,Europe,Country,ESP,Spain,Year,2019,false,AWARE Antibiotics group,Reserve (%),GLASSAMCAWARE_ANTIBIOTICSGROUP_GLASSAMC_AWARE_R,,,,,,,,,,0.6,,,,,,0.6,,,EN,2024-09-18T04:00:00.000Z
GLASSAMC_AWARE,Pattern of antibiotic consumption at national level (relative use by AWaRe classification),numeric,EUR,Europe,Country,UKR,Ukraine,Year,2019,false,AWARE Antibiotics group,Not classified (%) / not recommended (%),GLASSAMCAWARE_ANTIBIOTICSGROUP_GLASSAMC_AWARE_O,,,,,,,,,,0.58,,,,,,0.6,,,EN,2025-09-24T04:00:00.000Z
GLASSAMC_AWARE,Pattern of antibiotic consumption at national level (relative use by AWaRe classification),numeric,AFR,Africa,Country,BEN,Benin,Year,2019,false,AWARE Antibiotics group,Not classified (%) / not recommended (%),GLASSAMCAWARE_ANTIBIOTICSGROUP_GLASSAMC_AWARE_O,,,,,,,,,,0.66,,,,,,0.7,,,EN,2024-09-18T04:00:00.000Z
GLASSAMC_AWARE,Pattern of antibiotic consumption at national level (relative use by AWaRe classification),numeric,EUR,Europe,Country,ESP,Spain,Year,2019,false,AWARE Antibiotics group,Not classified (%) / not recommended (%),GLASSAMCAWARE_ANTIBIOTICSGROUP_GLASSAMC_AWARE_O,,,,,,,,,,0.72,,,,,,0.7,,,EN,2025-09-24T04:00:00.000Z
GLASSAMC_AWARE,Pattern of antibiotic consumption at national level (relative use by AWaRe classification),numeric,EUR,Europe,Country,AUT,Austria,Year,2019,false,AWARE Antibiotics group,Reserve (%),GLASSAMCAWARE_ANTIBIOTICSGROUP_GLASSAMC_AWARE_R,,,,,,,,,,0.86,,,,,,0.9,,,EN,2024-09-18T04:00:00.000Z
GLASSAMC_AWARE,Pattern of antibiotic consumption at national level (relative use by AWaRe classification),numeric,SEAR,South-East Asia,Country,MDV,Maldives,Year,2019,false,AWARE Antibiotics group,Not classified (%) / not recommended (%),GLASSAMCAWARE_ANTIBIOTICSGROUP_GLASSAMC_AWARE_O,,,,,,,,,,0.88,,,,,,0.9,,,EN,2025-09-24T04:00:00.000Z
GLASSAMC_AWARE,Pattern of antibiotic consumption at national level (relative use by AWaRe classification),numeric,EUR,Europe,Country,TJK,Tajikistan,Year,2019,false,AWARE Antibiotics group,Not classified (%) / not recommended (%),GLASSAMCAWARE_ANTIBIOTICSGROUP_GLASSAMC_AWARE_O,,,,,,,,,,1.03,,,,,,1,,,EN,2024-09-18T04:00:00.000Z
GLASSAMC_AWARE,Pattern of antibiotic consumption at national level (relative use by AWaRe classification),numeric,EUR,Europe,Country,BLR,Belarus,Year,2019,false,AWARE Antibiotics group,Not classified (%) / not recommended (%),GLASSAMCAWARE_ANTIBIOTICSGROUP_GLASSAMC_AWARE_O,,,,,,,,,,1.08,,,,,,1.1,,,EN,2024-09-18T04:00:00.000Z
GLASSAMC_AWARE,Pattern of antibiotic consumption at national level (relative use by AWaRe classification),numeric,EUR,Europe,Country,MLT,Malta,Year,2019,false,AWARE Antibiotics group,Not classified (%) / not recommended (%),GLASSAMCAWARE_ANTIBIOTICSGROUP_GLASSAMC_AWARE_O,,,,,,,,,,1.16,,,,,,1.2,,,EN,2024-09-18T04:00:00.000Z
GLASSAMC_AWARE,Pattern of antibiotic consumption at national level (relative use by AWaRe classification),numeric,EMR,Eastern Mediterranean,Country,JOR,Jordan,Year,2019,false,AWARE Antibiotics group,Not classified (%) / not recommended (%),GLASSAMCAWARE_ANTIBIOTICSGROUP_GLASSAMC_AWARE_O,,,,,,,,,,1.39,,,,,,1.4,,,EN,2024-09-18T04:00:00.000Z
GLASSAMC_AWARE,Pattern of antibiotic consumption at national level (relative use by AWaRe classification),numeric,EUR,Europe,Country,GEO,Georgia,Year,2019,false,AWARE Antibiotics group,Not classified (%) / not recommended (%),GLASSAMCAWARE_ANTIBIOTICSGROUP_GLASSAMC_AWARE_O,,,,,,,,,,1.87,,,,,,1.9,,For antibiotics: only J01 and P01AB reported,EN,2025-09-24T04:00:00.000Z
GLASSAMC_AWARE,Pattern of antibiotic consumption at national level (relative use by AWaRe classification),numeric,SEAR,South-East Asia,Country,BTN,Bhutan,Year,2019,false,AWARE Antibiotics group,Watch (%),GLASSAMCAWARE_ANTIBIOTICSGROUP_GLASSAMC_AWARE_W,,,,,,,,,,12.14,,,,,,12.1,,For antibiotics: only J01 and P01AB reported,EN,2025-09-24T04:00:00.000Z
GLASSAMC_AWARE,Pattern of antibiotic consumption at national level (relative use by AWaRe classification),numeric,SEAR,South-East Asia,Country,TLS,Timor-Leste,Year,2019,true,AWARE Antibiotics group,Watch (%),GLASSAMCAWARE_ANTIBIOTICSGROUP_GLASSAMC_AWARE_W,,,,,,,,,,12.42,,,,,,12.4,,,EN,2024-09-18T04:00:00.000Z
GLASSAMC_AWARE,Pattern of antibiotic consumption at national level (relative use by AWaRe classification),numeric,EUR,Europe,Country,ISL,Iceland,Year,2019,false,AWARE Antibiotics group,Watch (%),GLASSAMCAWARE_ANTIBIOTICSGROUP_GLASSAMC_AWARE_W,,,,,,,,,,13.57,,,,,,13.6,,,EN,2024-09-18T04:00:00.000Z
GLASSAMC_AWARE,Pattern of antibiotic consumption at national level (relative use by AWaRe classification),numeric,AFR,Africa,Country,ZAF,South Africa,Year,2019,false,AWARE Antibiotics group,Watch (%),GLASSAMCAWARE_ANTIBIOTICSGROUP_GLASSAMC_AWARE_W,,,,,,,,,,14.16,,,,,,14.2,,Only use in the public sector reported,EN,2025-09-24T04:00:00.000Z
GLASSAMC_AWARE,Pattern of antibiotic consumption at national level (relative use by AWaRe classification),numeric,SEAR,South-East Asia,Country,NPL,Nepal,Year,2019,false,AWARE Antibiotics group,Not classified (%) / not recommended (%),GLASSAMCAWARE_ANTIBIOTICSGROUP_GLASSAMC_AWARE_O,,,,,,,,,,16.84,,,,,,16.8,,,EN,2025-09-24T04:00:00.000Z
GLASSAMC_AWARE,Pattern of antibiotic consumption at national level (relative use by AWaRe classification),numeric,WPR,Western Pacific,Country,LAO,Lao People's Democratic Republic,Year,2019,false,AWARE Antibiotics group,Watch (%),GLASSAMCAWARE_ANTIBIOTICSGROUP_GLASSAMC_AWARE_W,,,,,,,,,,17.56,,,,,,17.6,,For antibiotics: only J01 and P01AB reported,EN,2025-09-24T04:00:00.000Z
GLASSAMC_AWARE,Pattern of antibiotic consumption at national level (relative use by AWaRe classification),numeric,EUR,Europe,Country,DNK,Denmark,Year,2019,false,AWARE Antibiotics group,Watch (%),GLASSAMCAWARE_ANTIBIOTICSGROUP_GLASSAMC_AWARE_W,,,,,,,,,,19.1,,,,,,19.1,,,EN,2025-09-24T04:00:00.000Z
GLASSAMC_AWARE,Pattern of antibiotic consumption at national level (relative use by AWaRe classification),numeric,EUR,Europe,Country,NOR,Norway,Year,2019,false,AWARE Antibiotics group,Watch (%),GLASSAMCAWARE_ANTIBIOTICSGROUP_GLASSAMC_AWARE_W,,,,,,,,,,19.28,,,,,,19.3,,,EN,2024-09-18T04:00:00.000Z
GLASSAMC_AWARE,Pattern of antibiotic consumption at national level (relative use by AWaRe classification),numeric,EUR,Europe,Country,FRA,France,Year,2019,false,AWARE Antibiotics group,Not classified (%) / not recommended (%),GLASSAMCAWARE_ANTIBIOTICSGROUP_GLASSAMC_AWARE_O,,,,,,,,,,2.32,,,,,,2.3,,For antibiotics: only J01 and P01AB reported,EN,2025-09-24T04:00:00.000Z
GLASSAMC_AWARE,Pattern of antibiotic consumption at national level (relative use by AWaRe classification),numeric,EUR,Europe,Country,RUS,Russian Federation,Year,2019,false,AWARE Antibiotics group,Not classified (%) / not recommended (%),GLASSAMCAWARE_ANTIBIOTICSGROUP_GLASSAMC_AWARE_O,,,,,,,,,,2.5,,,,,,2.5,,,EN,2025-09-24T04:00:00.000Z
GLASSAMC_AWARE,Pattern of antibiotic consumption at national level (relative use by AWaRe classification),numeric,EMR,Eastern Mediterranean,Country,TUN,Tunisia,Year,2019,false,AWARE Antibiotics group,Not classified (%) / not recommended (%),GLASSAMCAWARE_ANTIBIOTICSGROUP_GLASSAMC_AWARE_O,,,,,,,,,,2.81,,,,,,2.8,,For antibiotics: only J01 and P01AB reported,EN,2025-09-24T04:00:00.000Z
GLASSAMC_AWARE,Pattern of antibiotic consumption at national level (relative use by AWaRe classification),numeric,EUR,Europe,Country,FIN,Finland,Year,2019,false,AWARE Antibiotics group,Watch (%),GLASSAMCAWARE_ANTIBIOTICSGROUP_GLASSAMC_AWARE_W,,,,,,,,,,20.62,,,,,,20.6,,,EN,2024-09-18T04:00:00.000Z
GLASSAMC_AWARE,Pattern of antibiotic consumption at national level (relative use by AWaRe classification),numeric,AFR,Africa,Country,BEN,Benin,Year,2019,false,AWARE Antibiotics group,Watch (%),GLASSAMCAWARE_ANTIBIOTICSGROUP_GLASSAMC_AWARE_W,,,,,,,,,,22.12,,,,,,22.1,,,EN,2024-09-18T04:00:00.000Z
GLASSAMC_AWARE,Pattern of antibiotic consumption at national level (relative use by AWaRe classification),numeric,EMR,Eastern Mediterranean,Country,TUN,Tunisia,Year,2019,false,AWARE Antibiotics group,Watch (%),GLASSAMCAWARE_ANTIBIOTICSGROUP_GLASSAMC_AWARE_W,,,,,,,,,,22.41,,,,,,22.4,,For antibiotics: only J01 and P01AB reported,EN,2025-09-24T04:00:00.000Z
GLASSAMC_AWARE,Pattern of antibiotic consumption at national level (relative use by AWaRe classification),numeric,EUR,Europe,Country,SWE,Sweden,Year,2019,false,AWARE Antibiotics group,Watch (%),GLASSAMCAWARE_ANTIBIOTICSGROUP_GLASSAMC_AWARE_W,,,,,,,,,,22.55,,,,,,22.6,,,EN,2024-09-18T04:00:00.000Z
GLASSAMC_AWARE,Pattern of antibiotic consumption at national level (relative use by AWaRe classification),numeric,AMR,Americas,Country,HND,Honduras,Year,2019,false,AWARE Antibiotics group,Watch (%),GLASSAMCAWARE_ANTIBIOTICSGROUP_GLASSAMC_AWARE_W,,,,,,,,,,22.82,,,,,,22.8,,Only use in the public sector reported,EN,2025-09-24T04:00:00.000Z
GLASSAMC_AWARE,Pattern of antibiotic consumption at national level (relative use by AWaRe classification),numeric,EUR,Europe,Country,FRA,France,Year,2019,false,AWARE Antibiotics group,Watch (%),GLASSAMCAWARE_ANTIBIOTICSGROUP_GLASSAMC_AWARE_W,,,,,,,,,,24.94,,,,,,24.9,,For antibiotics: only J01 and P01AB reported,EN,2025-09-24T04:00:00.000Z
GLASSAMC_AWARE,Pattern of antibiotic consumption at national level (relative use by AWaRe classification),numeric,AFR,Africa,Country,BFA,Burkina Faso,Year,2019,false,AWARE Antibiotics group,Watch (%),GLASSAMCAWARE_ANTIBIOTICSGROUP_GLASSAMC_AWARE_W,,,,,,,,,,24.98,,,,,,25,,For antibiotics: only J01 and P01AB reported,EN,2025-09-24T04:00:00.000Z
GLASSAMC_AWARE,Pattern of antibiotic consumption at national level (relative use by AWaRe classification),numeric,AMR,Americas,Country,COL,Colombia,Year,2019,false,AWARE Antibiotics group,Watch (%),GLASSAMCAWARE_ANTIBIOTICSGROUP_GLASSAMC_AWARE_W,,,,,,,,,,25.08,,,,,,25.1,,,EN,2024-09-18T04:00:00.000Z
GLASSAMC_AWARE,Pattern of antibiotic consumption at national level (relative use by AWaRe classification),numeric,EUR,Europe,Country,SVN,Slovenia,Year,2019,false,AWARE Antibiotics group,Watch (%),GLASSAMCAWARE_ANTIBIOTICSGROUP_GLASSAMC_AWARE_W,,,,,,,,,,26.53,,,,,,26.5,,,EN,2024-09-18T04:00:00.000Z
GLASSAMC_AWARE,Pattern of antibiotic consumption at national level (relative use by AWaRe classification),numeric,SEAR,South-East Asia,Country,NPL,Nepal,Year,2019,false,AWARE Antibiotics group,Access (%),GLASSAMCAWARE_ANTIBIOTICSGROUP_GLASSAMC_AWARE_A,,,,,,,,,,27.95,,,,,,27.9,,,EN,2024-09-18T04:00:00.000Z
GLASSAMC_AWARE,Pattern of antibiotic consumption at national level (relative use by AWaRe classification),numeric,EUR,Europe,Country,IRL,Ireland,Year,2019,false,AWARE Antibiotics group,Watch (%),GLASSAMCAWARE_ANTIBIOTICSGROUP_GLASSAMC_AWARE_W,,,,,,,,,,29.27,,,,,,29.3,,,EN,2024-09-18T04:00:00.000Z
GLASSAMC_AWARE,Pattern of antibiotic consumption at national level (relative use by AWaRe classification),numeric,EUR,Europe,Country,LVA,Latvia,Year,2019,false,AWARE Antibiotics group,Watch (%),GLASSAMCAWARE_ANTIBIOTICSGROUP_GLASSAMC_AWARE_W,,,,,,,,,,30.66,,,,,,30.7,,,EN,2025-09-24T04:00:00.000Z
GLASSAMC_AWARE,Pattern of antibiotic consumption at national level (relative use by AWaRe classification),numeric,EUR,Europe,Country,BLR,Belarus,Year,2019,false,AWARE Antibiotics group,Watch (%),GLASSAMCAWARE_ANTIBIOTICSGROUP_GLASSAMC_AWARE_W,,,,,,,,,,31.21,,,,,,31.2,,,EN,2024-09-18T04:00:00.000Z
GLASSAMC_AWARE,Pattern of antibiotic consumption at national level (relative use by AWaRe classification),numeric,EUR,Europe,Country,LTU,Lithuania,Year,2019,false,AWARE Antibiotics group,Watch (%),GLASSAMCAWARE_ANTIBIOTICSGROUP_GLASSAMC_AWARE_W,,,,,,,,,,31.47,,,,,,31.5,,,EN,2024-09-18T04:00:00.000Z
GLASSAMC_AWARE,Pattern of antibiotic consumption at national level (relative use by AWaRe classification),numeric,EUR,Europe,Country,GBR,United Kingdom of Great Britain and Northern Ireland,Year,2019,false,AWARE Antibiotics group,Watch (%),GLASSAMCAWARE_ANTIBIOTICSGROUP_GLASSAMC_AWARE_W,,,,,,,,,,31.55,,,,,,31.6,,Only use in the public sector reported,EN,2025-09-24T04:00:00.000Z
GLASSAMC_AWARE,Pattern of antibiotic consumption at national level (relative use by AWaRe classification),numeric,EUR,Europe,Country,BEL,Belgium,Year,2019,false,AWARE Antibiotics group,Watch (%),GLASSAMCAWARE_ANTIBIOTICSGROUP_GLASSAMC_AWARE_W,,,,,,,,,,31.82,,,,,,31.8,,,EN,2025-09-24T04:00:00.000Z
GLASSAMC_AWARE,Pattern of antibiotic consumption at national level (relative use by AWaRe classification),numeric,AMR,Americas,Country,PER,Peru,Year,2019,false,AWARE Antibiotics group,Watch (%),GLASSAMCAWARE_ANTIBIOTICSGROUP_GLASSAMC_AWARE_W,,,,,,,,,,33.17,,,,,,33.2,,,EN,2025-09-24T04:00:00.000Z
GLASSAMC_AWARE,Pattern of antibiotic consumption at national level (relative use by AWaRe classification),numeric,EUR,Europe,Country,UKR,Ukraine,Year,2019,false,AWARE Antibiotics group,Access (%),GLASSAMCAWARE_ANTIBIOTICSGROUP_GLASSAMC_AWARE_A,,,,,,,,,,34.55,,,,,,34.6,,,EN,2025-09-24T04:00:00.000Z
GLASSAMC_AWARE,Pattern of antibiotic consumption at national level (relative use by AWaRe classification),numeric,EUR,Europe,Country,ESP,Spain,Year,2019,false,AWARE Antibiotics group,Watch (%),GLASSAMCAWARE_ANTIBIOTICSGROUP_GLASSAMC_AWARE_W,,,,,,,,,,35.48,,,,,,35.5,,,EN,2025-09-24T04:00:00.000Z
GLASSAMC_AWARE,Pattern of antibiotic consumption at national level (relative use by AWaRe classification),numeric,EUR,Europe,Country,HRV,Croatia,Year,2019,false,AWARE Antibiotics group,Watch (%),GLASSAMCAWARE_ANTIBIOTICSGROUP_GLASSAMC_AWARE_W,,,,,,,,,,36.49,,,,,,36.5,,,EN,2025-09-24T04:00:00.000Z
GLASSAMC_AWARE,Pattern of antibiotic consumption at national level (relative use by AWaRe classification),numeric,EUR,Europe,Country,CHE,Switzerland,Year,2019,false,AWARE Antibiotics group,Watch (%),GLASSAMCAWARE_ANTIBIOTICSGROUP_GLASSAMC_AWARE_W,,,,,,,,,,36.93,,,,,,36.9,,For antibiotics: only J01 and P01AB reported,EN,2025-09-24T04:00:00.000Z
GLASSAMC_AWARE,Pattern of antibiotic consumption at national level (relative use by AWaRe classification),numeric,SEAR,South-East Asia,Country,BGD,Bangladesh,Year,2019,false,AWARE Antibiotics group,Access (%),GLASSAMCAWARE_ANTIBIOTICSGROUP_GLASSAMC_AWARE_A,,,,,,,,,,37.16,,,,,,37.2,,,EN,2024-09-18T04:00:00.000Z
GLASSAMC_AWARE,Pattern of antibiotic consumption at national level (relative use by AWaRe classification),numeric,EMR,Eastern Mediterranean,Country,JOR,Jordan,Year,2019,false,AWARE Antibiotics group,Watch (%),GLASSAMCAWARE_ANTIBIOTICSGROUP_GLASSAMC_AWARE_W,,,,,,,,,,37.34,,,,,,37.3,,,EN,2024-09-18T04:00:00.000Z
GLASSAMC_AWARE,Pattern of antibiotic consumption at national level (relative use by AWaRe classification),numeric,EUR,Europe,Country,MNE,Montenegro,Year,2019,false,AWARE Antibiotics group,Watch (%),GLASSAMCAWARE_ANTIBIOTICSGROUP_GLASSAMC_AWARE_W,,,,,,,,,,37.29,,,,,,37.3,,,EN,2024-09-18T04:00:00.000Z
GLASSAMC_AWARE,Pattern of antibiotic consumption at national level (relative use by AWaRe classification),numeric,EUR,Europe,Country,PRT,Portugal,Year,2019,false,AWARE Antibiotics group,Watch (%),GLASSAMCAWARE_ANTIBIOTICSGROUP_GLASSAMC_AWARE_W,,,,,,,,,,37.84,,,,,,37.8,,,EN,2025-09-24T04:00:00.000Z
GLASSAMC_AWARE,Pattern of antibiotic consumption at national level (relative use by AWaRe classification),numeric,EUR,Europe,Country,CZE,Czechia,Year,2019,false,AWARE Antibiotics group,Watch (%),GLASSAMCAWARE_ANTIBIOTICSGROUP_GLASSAMC_AWARE_W,,,,,,,,,,38.23,,,,,,38.2,,,EN,2024-09-18T04:00:00.000Z
GLASSAMC_AWARE,Pattern of antibiotic consumption at national level (relative use by AWaRe classification),numeric,AFR,Africa,Country,TZA,United Republic of Tanzania,Year,2019,false,AWARE Antibiotics group,Watch (%),GLASSAMCAWARE_ANTIBIOTICSGROUP_GLASSAMC_AWARE_W,,,,,,,,,,38.45,,,,,,38.4,,,EN,2025-09-24T04:00:00.000Z
GLASSAMC_AWARE,Pattern of antibiotic consumption at national level (relative use by AWaRe classification),numeric,EUR,Europe,Country,EST,Estonia,Year,2019,false,AWARE Antibiotics group,Watch (%),GLASSAMCAWARE_ANTIBIOTICSGROUP_GLASSAMC_AWARE_W,,,,,,,,,,38.45,,,,,,38.5,,,EN,2024-09-18T04:00:00.000Z
GLASSAMC_AWARE,Pattern of antibiotic consumption at national level (relative use by AWaRe classification),numeric,EUR,Europe,Country,DEU,Germany,Year,2019,false,AWARE Antibiotics group,Watch (%),GLASSAMCAWARE_ANTIBIOTICSGROUP_GLASSAMC_AWARE_W,,,,,,,,,,38.82,,,,,,38.8,,Only use in the community reported,EN,2025-09-24T04:00:00.000Z
GLASSAMC_AWARE,Pattern of antibiotic consumption at national level (relative use by AWaRe classification),numeric,EUR,Europe,Country,AUT,Austria,Year,2019,false,AWARE Antibiotics group,Watch (%),GLASSAMCAWARE_ANTIBIOTICSGROUP_GLASSAMC_AWARE_W,,,,,,,,,,39.35,,,,,,39.4,,,EN,2025-09-24T04:00:00.000Z
GLASSAMC_AWARE,Pattern of antibiotic consumption at national level (relative use by AWaRe classification),numeric,EUR,Europe,Country,POL,Poland,Year,2019,false,AWARE Antibiotics group,Watch (%),GLASSAMCAWARE_ANTIBIOTICSGROUP_GLASSAMC_AWARE_W,,,,,,,,,,39.4,,,,,,39.4,,,EN,2024-09-18T04:00:00.000Z
GLASSAMC_AWARE,Pattern of antibiotic consumption at national level (relative use by AWaRe classification),numeric,AFR,Africa,Country,KEN,Kenya,Year,2019,false,AWARE Antibiotics group,Not classified (%) / not recommended (%),GLASSAMCAWARE_ANTIBIOTICSGROUP_GLASSAMC_AWARE_O,,,,,,,,,,4.37,,,,,,4.4,,Data incomplete since not collected from all sources of data,EN,2025-09-24T04:00:00.000Z
GLASSAMC_AWARE,Pattern of antibiotic consumption at national level (relative use by AWaRe classification),numeric,AFR,Africa,Country,KEN,Kenya,Year,2019,false,AWARE Antibiotics group,Watch (%),GLASSAMCAWARE_ANTIBIOTICSGROUP_GLASSAMC_AWARE_W,,,,,,,,,,41.93,,,,,,41.9,,Data incomplete since not collected from all sources of data,EN,2025-09-24T04:00:00.000Z
GLASSAMC_AWARE,Pattern of antibiotic consumption at national level (relative use by AWaRe classification),numeric,EUR,Europe,Country,ARM,Armenia,Year,2019,false,AWARE Antibiotics group,Watch (%),GLASSAMCAWARE_ANTIBIOTICSGROUP_GLASSAMC_AWARE_W,,,,,,,,,,42.05,,,,,,42,,,EN,2025-09-24T04:00:00.000Z
GLASSAMC_AWARE,Pattern of antibiotic consumption at national level (relative use by AWaRe classification),numeric,SEAR,South-East Asia,Country,MDV,Maldives,Year,2019,false,AWARE Antibiotics group,Access (%),GLASSAMCAWARE_ANTIBIOTICSGROUP_GLASSAMC_AWARE_A,,,,,,,,,,44.13,,,,,,44.1,,,EN,2025-09-24T04:00:00.000Z
GLASSAMC_AWARE,Pattern of antibiotic consumption at national level (relative use by AWaRe classification),numeric,EUR,Europe,Country,TJK,Tajikistan,Year,2019,false,AWARE Antibiotics group,Watch (%),GLASSAMCAWARE_ANTIBIOTICSGROUP_GLASSAMC_AWARE_W,,,,,,,,,,44.14,,,,,,44.1,,,EN,2024-09-18T04:00:00.000Z
GLASSAMC_AWARE,Pattern of antibiotic consumption at national level (relative use by AWaRe classification),numeric,EUR,Europe,Country,GEO,Georgia,Year,2019,false,AWARE Antibiotics group,Watch (%),GLASSAMCAWARE_ANTIBIOTICSGROUP_GLASSAMC_AWARE_W,,,,,,,,,,44.23,,,,,,44.2,,For antibiotics: only J01 and P01AB reported,EN,2025-09-24T04:00:00.000Z
GLASSAMC_AWARE,Pattern of antibiotic consumption at national level (relative use by AWaRe classification),numeric,AFR,Africa,Country,MLI,Mali,Year,2019,false,AWARE Antibiotics group,Watch (%),GLASSAMCAWARE_ANTIBIOTICSGROUP_GLASSAMC_AWARE_W,,,,,,,,,,44.36,,,,,,44.4,,,EN,2024-09-18T04:00:00.000Z
GLASSAMC_AWARE,Pattern of antibiotic consumption at national level (relative use by AWaRe classification),numeric,EUR,Europe,Country,ROU,Romania,Year,2019,false,AWARE Antibiotics group,Watch (%),GLASSAMCAWARE_ANTIBIOTICSGROUP_GLASSAMC_AWARE_W,,,,,,,,,,46.68,,,,,,46.7,,,EN,2025-09-24T04:00:00.000Z
GLASSAMC_AWARE,Pattern of antibiotic consumption at national level (relative use by AWaRe classification),numeric,EUR,Europe,Country,RUS,Russian Federation,Year,2019,false,AWARE Antibiotics group,Watch (%),GLASSAMCAWARE_ANTIBIOTICSGROUP_GLASSAMC_AWARE_W,,,,,,,,,,47.04,,,,,,47,,,EN,2025-09-24T04:00:00.000Z
GLASSAMC_AWARE,Pattern of antibiotic consumption at national level (relative use by AWaRe classification),numeric,EUR,Europe,Country,MLT,Malta,Year,2019,false,AWARE Antibiotics group,Watch (%),GLASSAMCAWARE_ANTIBIOTICSGROUP_GLASSAMC_AWARE_W,,,,,,,,,,48.71,,,,,,48.7,,,EN,2024-09-18T04:00:00.000Z
GLASSAMC_AWARE,Pattern of antibiotic consumption at national level (relative use by AWaRe classification),numeric,EUR,Europe,Country,ITA,Italy,Year,2019,false,AWARE Antibiotics group,Access (%),GLASSAMCAWARE_ANTIBIOTICSGROUP_GLASSAMC_AWARE_A,,,,,,,,,,48.91,,,,,,48.9,,,EN,2024-09-18T04:00:00.000Z
GLASSAMC_AWARE,Pattern of antibiotic consumption at national level (relative use by AWaRe classification),numeric,EUR,Europe,Country,CYP,Cyprus,Year,2019,false,AWARE Antibiotics group,Access (%),GLASSAMCAWARE_ANTIBIOTICSGROUP_GLASSAMC_AWARE_A,,,,,,,,,,48.96,,,,,,49,,,EN,2024-09-18T04:00:00.000Z
GLASSAMC_AWARE,Pattern of antibiotic consumption at national level (relative use by AWaRe classification),numeric,EUR,Europe,Country,HUN,Hungary,Year,2019,false,AWARE Antibiotics group,Watch (%),GLASSAMCAWARE_ANTIBIOTICSGROUP_GLASSAMC_AWARE_W,,,,,,,,,,49.22,,,,,,49.2,,,EN,2024-09-18T04:00:00.000Z
GLASSAMC_AWARE,Pattern of antibiotic consumption at national level (relative use by AWaRe classification),numeric,AFR,Africa,Country,TZA,United Republic of Tanzania,Year,2019,false,AWARE Antibiotics group,Not classified (%) / not recommended (%),GLASSAMCAWARE_ANTIBIOTICSGROUP_GLASSAMC_AWARE_O,,,,,,,,,,5.94,,,,,,5.9,,,EN,2025-09-24T04:00:00.000Z
GLASSAMC_AWARE,Pattern of antibiotic consumption at national level (relative use by AWaRe classification),numeric,EUR,Europe,Country,MLT,Malta,Year,2019,false,AWARE Antibiotics group,Access (%),GLASSAMCAWARE_ANTIBIOTICSGROUP_GLASSAMC_AWARE_A,,,,,,,,,,50,,,,,,50,,,EN,2024-09-18T04:00:00.000Z
GLASSAMC_AWARE,Pattern of antibiotic consumption at national level (relative use by AWaRe classification),numeric,EUR,Europe,Country,RUS,Russian Federation,Year,2019,false,AWARE Antibiotics group,Access (%),GLASSAMCAWARE_ANTIBIOTICSGROUP_GLASSAMC_AWARE_A,,,,,,,,,,50.33,,,,,,50.3,,,EN,2025-09-24T04:00:00.000Z
GLASSAMC_AWARE,Pattern of antibiotic consumption at national level (relative use by AWaRe classification),numeric,EUR,Europe,Country,HUN,Hungary,Year,2019,false,AWARE Antibiotics group,Access (%),GLASSAMCAWARE_ANTIBIOTICSGROUP_GLASSAMC_AWARE_A,,,,,,,,,,50.72,,,,,,50.7,,,EN,2024-09-18T04:00:00.000Z
GLASSAMC_AWARE,Pattern of antibiotic consumption at national level (relative use by AWaRe classification),numeric,EUR,Europe,Country,ITA,Italy,Year,2019,false,AWARE Antibiotics group,Watch (%),GLASSAMCAWARE_ANTIBIOTICSGROUP_GLASSAMC_AWARE_W,,,,,,,,,,50.76,,,,,,50.8,,,EN,2025-09-24T04:00:00.000Z
GLASSAMC_AWARE,Pattern of antibiotic consumption at national level (relative use by AWaRe classification),numeric,EUR,Europe,Country,CYP,Cyprus,Year,2019,false,AWARE Antibiotics group,Watch (%),GLASSAMCAWARE_ANTIBIOTICSGROUP_GLASSAMC_AWARE_W,,,,,,,,,,50.91,,,,,,50.9,,,EN,2025-09-24T04:00:00.000Z
GLASSAMC_AWARE,Pattern of antibiotic consumption at national level (relative use by AWaRe classification),numeric,EUR,Europe,Country,ROU,Romania,Year,2019,false,AWARE Antibiotics group,Access (%),GLASSAMCAWARE_ANTIBIOTICSGROUP_GLASSAMC_AWARE_A,,,,,,,,,,53.13,,,,,,53.1,,,EN,2024-09-18T04:00:00.000Z
GLASSAMC_AWARE,Pattern of antibiotic consumption at national level (relative use by AWaRe classification),numeric,AFR,Africa,Country,KEN,Kenya,Year,2019,false,AWARE Antibiotics group,Access (%),GLASSAMCAWARE_ANTIBIOTICSGROUP_GLASSAMC_AWARE_A,,,,,,,,,,53.69,,,,,,53.7,,Data incomplete since not collected from all sources of data,EN,2024-09-18T04:00:00.000Z
GLASSAMC_AWARE,Pattern of antibiotic consumption at national level (relative use by AWaRe classification),numeric,EUR,Europe,Country,GEO,Georgia,Year,2019,false,AWARE Antibiotics group,Access (%),GLASSAMCAWARE_ANTIBIOTICSGROUP_GLASSAMC_AWARE_A,,,,,,,,,,53.85,,,,,,53.9,,For antibiotics: only J01 and P01AB reported,EN,2025-09-24T04:00:00.000Z
GLASSAMC_AWARE,Pattern of antibiotic consumption at national level (relative use by AWaRe classification),numeric,EUR,Europe,Country,TJK,Tajikistan,Year,2019,false,AWARE Antibiotics group,Access (%),GLASSAMCAWARE_ANTIBIOTICSGROUP_GLASSAMC_AWARE_A,,,,,,,,,,54.74,,,,,,54.7,,,EN,2024-09-18T04:00:00.000Z
GLASSAMC_AWARE,Pattern of antibiotic consumption at national level (relative use by AWaRe classification),numeric,SEAR,South-East Asia,Country,MDV,Maldives,Year,2019,false,AWARE Antibiotics group,Watch (%),GLASSAMCAWARE_ANTIBIOTICSGROUP_GLASSAMC_AWARE_W,,,,,,,,,,54.99,,,,,,55,,,EN,2025-09-24T04:00:00.000Z
GLASSAMC_AWARE,Pattern of antibiotic consumption at national level (relative use by AWaRe classification),numeric,SEAR,South-East Asia,Country,NPL,Nepal,Year,2019,false,AWARE Antibiotics group,Watch (%),GLASSAMCAWARE_ANTIBIOTICSGROUP_GLASSAMC_AWARE_W,,,,,,,,,,55.15,,,,,,55.1,,,EN,2025-09-24T04:00:00.000Z
GLASSAMC_AWARE,Pattern of antibiotic consumption at national level (relative use by AWaRe classification),numeric,AFR,Africa,Country,MLI,Mali,Year,2019,false,AWARE Antibiotics group,Access (%),GLASSAMCAWARE_ANTIBIOTICSGROUP_GLASSAMC_AWARE_A,,,,,,,,,,55.53,,,,,,55.5,,,EN,2024-09-18T04:00:00.000Z
GLASSAMC_AWARE,Pattern of antibiotic consumption at national level (relative use by AWaRe classification),numeric,AFR,Africa,Country,TZA,United Republic of Tanzania,Year,2019,false,AWARE Antibiotics group,Access (%),GLASSAMCAWARE_ANTIBIOTICSGROUP_GLASSAMC_AWARE_A,,,,,,,,,,55.61,,,,,,55.6,,,EN,2025-09-24T04:00:00.000Z
GLASSAMC_AWARE,Pattern of antibiotic consumption at national level (relative use by AWaRe classification),numeric,EUR,Europe,Country,ARM,Armenia,Year,2019,false,AWARE Antibiotics group,Access (%),GLASSAMCAWARE_ANTIBIOTICSGROUP_GLASSAMC_AWARE_A,,,,,,,,,,57.52,,,,,,57.5,,,EN,2025-09-24T04:00:00.000Z
GLASSAMC_AWARE,Pattern of antibiotic consumption at national level (relative use by AWaRe classification),numeric,EUR,Europe,Country,AUT,Austria,Year,2019,false,AWARE Antibiotics group,Access (%),GLASSAMCAWARE_ANTIBIOTICSGROUP_GLASSAMC_AWARE_A,,,,,,,,,,59.79,,,,,,59.8,,,EN,2025-09-24T04:00:00.000Z
GLASSAMC_AWARE,Pattern of antibiotic consumption at national level (relative use by AWaRe classification),numeric,EUR,Europe,Country,POL,Poland,Year,2019,false,AWARE Antibiotics group,Access (%),GLASSAMCAWARE_ANTIBIOTICSGROUP_GLASSAMC_AWARE_A,,,,,,,,,,60.46,,,,,,60.5,,,EN,2024-09-18T04:00:00.000Z
GLASSAMC_AWARE,Pattern of antibiotic consumption at national level (relative use by AWaRe classification),numeric,EUR,Europe,Country,DEU,Germany,Year,2019,false,AWARE Antibiotics group,Access (%),GLASSAMCAWARE_ANTIBIOTICSGROUP_GLASSAMC_AWARE_A,,,,,,,,,,60.58,,,,,,60.6,,Only use in the community reported,EN,2025-09-24T04:00:00.000Z
GLASSAMC_AWARE,Pattern of antibiotic consumption at national level (relative use by AWaRe classification),numeric,EMR,Eastern Mediterranean,Country,JOR,Jordan,Year,2019,false,AWARE Antibiotics group,Access (%),GLASSAMCAWARE_ANTIBIOTICSGROUP_GLASSAMC_AWARE_A,,,,,,,,,,61.24,,,,,,61.2,,,EN,2024-09-18T04:00:00.000Z
GLASSAMC_AWARE,Pattern of antibiotic consumption at national level (relative use by AWaRe classification),numeric,EUR,Europe,Country,EST,Estonia,Year,2019,false,AWARE Antibiotics group,Access (%),GLASSAMCAWARE_ANTIBIOTICSGROUP_GLASSAMC_AWARE_A,,,,,,,,,,61.37,,,,,,61.4,,,EN,2024-09-18T04:00:00.000Z
GLASSAMC_AWARE,Pattern of antibiotic consumption at national level (relative use by AWaRe classification),numeric,EUR,Europe,Country,CZE,Czechia,Year,2019,false,AWARE Antibiotics group,Access (%),GLASSAMCAWARE_ANTIBIOTICSGROUP_GLASSAMC_AWARE_A,,,,,,,,,,61.59,,,,,,61.6,,,EN,2025-09-24T04:00:00.000Z
GLASSAMC_AWARE,Pattern of antibiotic consumption at national level (relative use by AWaRe classification),numeric,EUR,Europe,Country,PRT,Portugal,Year,2019,false,AWARE Antibiotics group,Access (%),GLASSAMCAWARE_ANTIBIOTICSGROUP_GLASSAMC_AWARE_A,,,,,,,,,,61.88,,,,,,61.9,,,EN,2024-09-18T04:00:00.000Z
GLASSAMC_AWARE,Pattern of antibiotic consumption at national level (relative use by AWaRe classification),numeric,EUR,Europe,Country,MNE,Montenegro,Year,2019,false,AWARE Antibiotics group,Access (%),GLASSAMCAWARE_ANTIBIOTICSGROUP_GLASSAMC_AWARE_A,,,,,,,,,,62.29,,,,,,62.3,,,EN,2025-09-24T04:00:00.000Z
GLASSAMC_AWARE,Pattern of antibiotic consumption at national level (relative use by AWaRe classification),numeric,SEAR,South-East Asia,Country,BGD,Bangladesh,Year,2019,false,AWARE Antibiotics group,Watch (%),GLASSAMCAWARE_ANTIBIOTICSGROUP_GLASSAMC_AWARE_W,,,,,,,,,,62.58,,,,,,62.6,,,EN,2025-09-24T04:00:00.000Z
GLASSAMC_AWARE,Pattern of antibiotic consumption at national level (relative use by AWaRe classification),numeric,EUR,Europe,Country,CHE,Switzerland,Year,2019,false,AWARE Antibiotics group,Access (%),GLASSAMCAWARE_ANTIBIOTICSGROUP_GLASSAMC_AWARE_A,,,,,,,,,,62.7,,,,,,62.7,,For antibiotics: only J01 and P01AB reported,EN,2025-09-24T04:00:00.000Z
GLASSAMC_AWARE,Pattern of antibiotic consumption at national level (relative use by AWaRe classification),numeric,EUR,Europe,Country,ESP,Spain,Year,2019,false,AWARE Antibiotics group,Access (%),GLASSAMCAWARE_ANTIBIOTICSGROUP_GLASSAMC_AWARE_A,,,,,,,,,,63.2,,,,,,63.2,,,EN,2025-09-24T04:00:00.000Z
GLASSAMC_AWARE,Pattern of antibiotic consumption at national level (relative use by AWaRe classification),numeric,EUR,Europe,Country,HRV,Croatia,Year,2019,false,AWARE Antibiotics group,Access (%),GLASSAMCAWARE_ANTIBIOTICSGROUP_GLASSAMC_AWARE_A,,,,,,,,,,63.34,,,,,,63.3,,,EN,2025-09-24T04:00:00.000Z
GLASSAMC_AWARE,Pattern of antibiotic consumption at national level (relative use by AWaRe classification),numeric,EUR,Europe,Country,UKR,Ukraine,Year,2019,false,AWARE Antibiotics group,Watch (%),GLASSAMCAWARE_ANTIBIOTICSGROUP_GLASSAMC_AWARE_W,,,,,,,,,,64.4,,,,,,64.4,,,EN,2024-09-18T04:00:00.000Z
GLASSAMC_AWARE,Pattern of antibiotic consumption at national level (relative use by AWaRe classification),numeric,AMR,Americas,Country,PER,Peru,Year,2019,false,AWARE Antibiotics group,Access (%),GLASSAMCAWARE_ANTIBIOTICSGROUP_GLASSAMC_AWARE_A,,,,,,,,,,66.72,,,,,,66.7,,,EN,2025-09-24T04:00:00.000Z
GLASSAMC_AWARE,Pattern of antibiotic consumption at national level (relative use by AWaRe classification),numeric,EUR,Europe,Country,BLR,Belarus,Year,2019,false,AWARE Antibiotics group,Access (%),GLASSAMCAWARE_ANTIBIOTICSGROUP_GLASSAMC_AWARE_A,,,,,,,,,,67.38,,,,,,67.4,,,EN,2024-09-18T04:00:00.000Z
GLASSAMC_AWARE,Pattern of antibiotic consumption at national level (relative use by AWaRe classification),numeric,EUR,Europe,Country,LTU,Lithuania,Year,2019,false,AWARE Antibiotics group,Access (%),GLASSAMCAWARE_ANTIBIOTICSGROUP_GLASSAMC_AWARE_A,,,,,,,,,,67.94,,,,,,67.9,,,EN,2024-09-18T04:00:00.000Z
GLASSAMC_AWARE,Pattern of antibiotic consumption at national level (relative use by AWaRe classification),numeric,EUR,Europe,Country,GBR,United Kingdom of Great Britain and Northern Ireland,Year,2019,false,AWARE Antibiotics group,Access (%),GLASSAMCAWARE_ANTIBIOTICSGROUP_GLASSAMC_AWARE_A,,,,,,,,,,68.02,,,,,,68,,Only use in the public sector reported,EN,2025-09-24T04:00:00.000Z
GLASSAMC_AWARE,Pattern of antibiotic consumption at national level (relative use by AWaRe classification),numeric,EUR,Europe,Country,BEL,Belgium,Year,2019,false,AWARE Antibiotics group,Access (%),GLASSAMCAWARE_ANTIBIOTICSGROUP_GLASSAMC_AWARE_A,,,,,,,,,,68.05,,,,,,68.1,,,EN,2024-09-18T04:00:00.000Z
GLASSAMC_AWARE,Pattern of antibiotic consumption at national level (relative use by AWaRe classification),numeric,EUR,Europe,Country,LVA,Latvia,Year,2019,false,AWARE Antibiotics group,Access (%),GLASSAMCAWARE_ANTIBIOTICSGROUP_GLASSAMC_AWARE_A,,,,,,,,,,69.09,,,,,,69.1,,,EN,2025-09-24T04:00:00.000Z
GLASSAMC_AWARE,Pattern of antibiotic consumption at national level (relative use by AWaRe classification),numeric,EUR,Europe,Country,IRL,Ireland,Year,2019,false,AWARE Antibiotics group,Access (%),GLASSAMCAWARE_ANTIBIOTICSGROUP_GLASSAMC_AWARE_A,,,,,,,,,,70.32,,,,,,70.3,,,EN,2024-09-18T04:00:00.000Z
GLASSAMC_AWARE,Pattern of antibiotic consumption at national level (relative use by AWaRe classification),numeric,EUR,Europe,Country,FRA,France,Year,2019,false,AWARE Antibiotics group,Access (%),GLASSAMCAWARE_ANTIBIOTICSGROUP_GLASSAMC_AWARE_A,,,,,,,,,,72.46,,,,,,72.5,,For antibiotics: only J01 and P01AB reported,EN,2025-09-24T04:00:00.000Z
GLASSAMC_AWARE,Pattern of antibiotic consumption at national level (relative use by AWaRe classification),numeric,EUR,Europe,Country,SVN,Slovenia,Year,2019,false,AWARE Antibiotics group,Access (%),GLASSAMCAWARE_ANTIBIOTICSGROUP_GLASSAMC_AWARE_A,,,,,,,,,,73.3,,,,,,73.3,,,EN,2025-09-24T04:00:00.000Z
GLASSAMC_AWARE,Pattern of antibiotic consumption at national level (relative use by AWaRe classification),numeric,AFR,Africa,Country,BFA,Burkina Faso,Year,2019,false,AWARE Antibiotics group,Access (%),GLASSAMCAWARE_ANTIBIOTICSGROUP_GLASSAMC_AWARE_A,,,,,,,,,,74.4,,,,,,74.4,,For antibiotics: only J01 and P01AB reported,EN,2025-09-24T04:00:00.000Z
GLASSAMC_AWARE,Pattern of antibiotic consumption at national level (relative use by AWaRe classification),numeric,EMR,Eastern Mediterranean,Country,TUN,Tunisia,Year,2019,false,AWARE Antibiotics group,Access (%),GLASSAMCAWARE_ANTIBIOTICSGROUP_GLASSAMC_AWARE_A,,,,,,,,,,74.74,,,,,,74.7,,For antibiotics: only J01 and P01AB reported,EN,2025-09-24T04:00:00.000Z
GLASSAMC_AWARE,Pattern of antibiotic consumption at national level (relative use by AWaRe classification),numeric,AMR,Americas,Country,COL,Colombia,Year,2019,false,AWARE Antibiotics group,Access (%),GLASSAMCAWARE_ANTIBIOTICSGROUP_GLASSAMC_AWARE_A,,,,,,,,,,74.77,,,,,,74.8,,,EN,2024-09-18T04:00:00.000Z
GLASSAMC_AWARE,Pattern of antibiotic consumption at national level (relative use by AWaRe classification),numeric,AFR,Africa,Country,BEN,Benin,Year,2019,false,AWARE Antibiotics group,Access (%),GLASSAMCAWARE_ANTIBIOTICSGROUP_GLASSAMC_AWARE_A,,,,,,,,,,77.21,,,,,,77.2,,,EN,2024-09-18T04:00:00.000Z
GLASSAMC_AWARE,Pattern of antibiotic consumption at national level (relative use by AWaRe classification),numeric,AMR,Americas,Country,HND,Honduras,Year,2019,false,AWARE Antibiotics group,Access (%),GLASSAMCAWARE_ANTIBIOTICSGROUP_GLASSAMC_AWARE_A,,,,,,,,,,77.18,,,,,,77.2,,Only use in the public sector reported,EN,2025-09-24T04:00:00.000Z
GLASSAMC_AWARE,Pattern of antibiotic consumption at national level (relative use by AWaRe classification),numeric,EUR,Europe,Country,SWE,Sweden,Year,2019,false,AWARE Antibiotics group,Access (%),GLASSAMCAWARE_ANTIBIOTICSGROUP_GLASSAMC_AWARE_A,,,,,,,,,,77.25,,,,,,77.2,,,EN,2024-09-18T04:00:00.000Z
GLASSAMC_AWARE,Pattern of antibiotic consumption at national level (relative use by AWaRe classification),numeric,EUR,Europe,Country,FIN,Finland,Year,2019,false,AWARE Antibiotics group,Access (%),GLASSAMCAWARE_ANTIBIOTICSGROUP_GLASSAMC_AWARE_A,,,,,,,,,,79.25,,,,,,79.3,,,EN,2024-09-18T04:00:00.000Z
GLASSAMC_AWARE,Pattern of antibiotic consumption at national level (relative use by AWaRe classification),numeric,EUR,Europe,Country,DNK,Denmark,Year,2019,false,AWARE Antibiotics group,Access (%),GLASSAMCAWARE_ANTIBIOTICSGROUP_GLASSAMC_AWARE_A,,,,,,,,,,80.63,,,,,,80.6,,,EN,2025-09-24T04:00:00.000Z
GLASSAMC_AWARE,Pattern of antibiotic consumption at national level (relative use by AWaRe classification),numeric,EUR,Europe,Country,NOR,Norway,Year,2019,false,AWARE Antibiotics group,Access (%),GLASSAMCAWARE_ANTIBIOTICSGROUP_GLASSAMC_AWARE_A,,,,,,,,,,80.57,,,,,,80.6,,,EN,2024-09-18T04:00:00.000Z
GLASSAMC_AWARE,Pattern of antibiotic consumption at national level (relative use by AWaRe classification),numeric,WPR,Western Pacific,Country,LAO,Lao People's Democratic Republic,Year,2019,false,AWARE Antibiotics group,Access (%),GLASSAMCAWARE_ANTIBIOTICSGROUP_GLASSAMC_AWARE_A,,,,,,,,,,82.44,,,,,,82.4,,For antibiotics: only J01 and P01AB reported,EN,2025-09-24T04:00:00.000Z
GLASSAMC_AWARE,Pattern of antibiotic consumption at national level (relative use by AWaRe classification),numeric,AFR,Africa,Country,ZAF,South Africa,Year,2019,false,AWARE Antibiotics group,Access (%),GLASSAMCAWARE_ANTIBIOTICSGROUP_GLASSAMC_AWARE_A,,,,,,,,,,85.74,,,,,,85.7,,Only use in the public sector reported,EN,2025-09-24T04:00:00.000Z
GLASSAMC_AWARE,Pattern of antibiotic consumption at national level (relative use by AWaRe classification),numeric,EUR,Europe,Country,ISL,Iceland,Year,2019,false,AWARE Antibiotics group,Access (%),GLASSAMCAWARE_ANTIBIOTICSGROUP_GLASSAMC_AWARE_A,,,,,,,,,,86.37,,,,,,86.4,,,EN,2024-09-18T04:00:00.000Z
GLASSAMC_AWARE,Pattern of antibiotic consumption at national level (relative use by AWaRe classification),numeric,SEAR,South-East Asia,Country,TLS,Timor-Leste,Year,2019,true,AWARE Antibiotics group,Access (%),GLASSAMCAWARE_ANTIBIOTICSGROUP_GLASSAMC_AWARE_A,,,,,,,,,,87.58,,,,,,87.6,,,EN,2024-09-18T04:00:00.000Z
GLASSAMC_AWARE,Pattern of antibiotic consumption at national level (relative use by AWaRe classification),numeric,SEAR,South-East Asia,Country,BTN,Bhutan,Year,2019,false,AWARE Antibiotics group,Access (%),GLASSAMCAWARE_ANTIBIOTICSGROUP_GLASSAMC_AWARE_A,,,,,,,,,,87.85,,,,,,87.9,,For antibiotics: only J01 and P01AB reported,EN,2025-09-24T04:00:00.000Z
GLASSAMC_AWARE,Pattern of antibiotic consumption at national level (relative use by AWaRe classification),numeric,EUR,Europe,Country,AUT,Austria,Year,2018,false,AWARE Antibiotics group,Not classified (%) / not recommended (%),GLASSAMCAWARE_ANTIBIOTICSGROUP_GLASSAMC_AWARE_O,,,,,,,,,,0,,,,,,0,,Only use in the community reported,EN,2025-09-24T04:00:00.000Z
GLASSAMC_AWARE,Pattern of antibiotic consumption at national level (relative use by AWaRe classification),numeric,SEAR,South-East Asia,Country,BGD,Bangladesh,Year,2018,false,AWARE Antibiotics group,Not classified (%) / not recommended (%),GLASSAMCAWARE_ANTIBIOTICSGROUP_GLASSAMC_AWARE_O,,,,,,,,,,0.045,,,,,,0,,,EN,2025-09-24T04:00:00.000Z
GLASSAMC_AWARE,Pattern of antibiotic consumption at national level (relative use by AWaRe classification),numeric,EUR,Europe,Country,BEL,Belgium,Year,2018,false,AWARE Antibiotics group,Not classified (%) / not recommended (%),GLASSAMCAWARE_ANTIBIOTICSGROUP_GLASSAMC_AWARE_O,,,,,,,,,,0,,,,,,0,,,EN,2025-09-24T04:00:00.000Z
GLASSAMC_AWARE,Pattern of antibiotic consumption at national level (relative use by AWaRe classification),numeric,AFR,Africa,Country,BEN,Benin,Year,2018,false,AWARE Antibiotics group,Reserve (%),GLASSAMCAWARE_ANTIBIOTICSGROUP_GLASSAMC_AWARE_R,,,,,,,,,,0,,,,,,0,,,EN,2024-09-18T04:00:00.000Z
GLASSAMC_AWARE,Pattern of antibiotic consumption at national level (relative use by AWaRe classification),numeric,AFR,Africa,Country,BFA,Burkina Faso,Year,2018,false,AWARE Antibiotics group,Reserve (%),GLASSAMCAWARE_ANTIBIOTICSGROUP_GLASSAMC_AWARE_R,,,,,,,,,,0,,,,,,0,,For antibiotics: only J01 reported,EN,2025-09-24T04:00:00.000Z
GLASSAMC_AWARE,Pattern of antibiotic consumption at national level (relative use by AWaRe classification),numeric,AMR,Americas,Country,COL,Colombia,Year,2018,false,AWARE Antibiotics group,Not classified (%) / not recommended (%),GLASSAMCAWARE_ANTIBIOTICSGROUP_GLASSAMC_AWARE_O,,,,,,,,,,0.0002,,,,,,0,,,EN,2025-09-24T04:00:00.000Z
GLASSAMC_AWARE,Pattern of antibiotic consumption at national level (relative use by AWaRe classification),numeric,EUR,Europe,Country,CYP,Cyprus,Year,2018,false,AWARE Antibiotics group,Not classified (%) / not recommended (%),GLASSAMCAWARE_ANTIBIOTICSGROUP_GLASSAMC_AWARE_O,,,,,,,,,,0.007,,,,,,0,,,EN,2024-09-18T04:00:00.000Z
GLASSAMC_AWARE,Pattern of antibiotic consumption at national level (relative use by AWaRe classification),numeric,EUR,Europe,Country,DNK,Denmark,Year,2018,false,AWARE Antibiotics group,Not classified (%) / not recommended (%),GLASSAMCAWARE_ANTIBIOTICSGROUP_GLASSAMC_AWARE_O,,,,,,,,,,0,,,,,,0,,,EN,2024-09-18T04:00:00.000Z
GLASSAMC_AWARE,Pattern of antibiotic consumption at national level (relative use by AWaRe classification),numeric,EUR,Europe,Country,EST,Estonia,Year,2018,false,AWARE Antibiotics group,Not classified (%) / not recommended (%),GLASSAMCAWARE_ANTIBIOTICSGROUP_GLASSAMC_AWARE_O,,,,,,,,,,0.002,,,,,,0,,,EN,2024-09-18T04:00:00.000Z
GLASSAMC_AWARE,Pattern of antibiotic consumption at national level (relative use by AWaRe classification),numeric,EUR,Europe,Country,FIN,Finland,Year,2018,false,AWARE Antibiotics group,Not classified (%) / not recommended (%),GLASSAMCAWARE_ANTIBIOTICSGROUP_GLASSAMC_AWARE_O,,,,,,,,,,0,,,,,,0,,,EN,2024-09-18T04:00:00.000Z
GLASSAMC_AWARE,Pattern of antibiotic consumption at national level (relative use by AWaRe classification),numeric,EUR,Europe,Country,GEO,Georgia,Year,2018,false,AWARE Antibiotics group,Reserve (%),GLASSAMCAWARE_ANTIBIOTICSGROUP_GLASSAMC_AWARE_R,,,,,,,,,,0.029,,,,,,0,,For antibiotics: only J01 and P01AB reported,EN,2025-09-24T04:00:00.000Z
GLASSAMC_AWARE,Pattern of antibiotic consumption at national level (relative use by AWaRe classification),numeric,EUR,Europe,Country,HUN,Hungary,Year,2018,false,AWARE Antibiotics group,Not classified (%) / not recommended (%),GLASSAMCAWARE_ANTIBIOTICSGROUP_GLASSAMC_AWARE_O,,,,,,,,,,0,,,,,,0,,,EN,2024-09-18T04:00:00.000Z
GLASSAMC_AWARE,Pattern of antibiotic consumption at national level (relative use by AWaRe classification),numeric,EUR,Europe,Country,ISL,Iceland,Year,2018,false,AWARE Antibiotics group,Not classified (%) / not recommended (%),GLASSAMCAWARE_ANTIBIOTICSGROUP_GLASSAMC_AWARE_O,,,,,,,,,,0,,,,,,0,,,EN,2024-09-18T04:00:00.000Z
GLASSAMC_AWARE,Pattern of antibiotic consumption at national level (relative use by AWaRe classification),numeric,EUR,Europe,Country,IRL,Ireland,Year,2018,false,AWARE Antibiotics group,Not classified (%) / not recommended (%),GLASSAMCAWARE_ANTIBIOTICSGROUP_GLASSAMC_AWARE_O,,,,,,,,,,0,,,,,,0,,,EN,2024-09-18T04:00:00.000Z
GLASSAMC_AWARE,Pattern of antibiotic consumption at national level (relative use by AWaRe classification),numeric,EUR,Europe,Country,ITA,Italy,Year,2018,false,AWARE Antibiotics group,Not classified (%) / not recommended (%),GLASSAMCAWARE_ANTIBIOTICSGROUP_GLASSAMC_AWARE_O,,,,,,,,,,0,,,,,,0,,,EN,2025-09-24T04:00:00.000Z
GLASSAMC_AWARE,Pattern of antibiotic consumption at national level (relative use by AWaRe classification),numeric,EMR,Eastern Mediterranean,Country,JOR,Jordan,Year,2018,false,AWARE Antibiotics group,Reserve (%),GLASSAMCAWARE_ANTIBIOTICSGROUP_GLASSAMC_AWARE_R,,,,,,,,,,0.018,,,,,,0,,,EN,2025-09-24T04:00:00.000Z
GLASSAMC_AWARE,Pattern of antibiotic consumption at national level (relative use by AWaRe classification),numeric,AFR,Africa,Country,KEN,Kenya,Year,2018,false,AWARE Antibiotics group,Reserve (%),GLASSAMCAWARE_ANTIBIOTICSGROUP_GLASSAMC_AWARE_R,,,,,,,,,,0.006,,,,,,0,,Data incomplete since not collected from all sources of data,EN,2024-09-18T04:00:00.000Z
GLASSAMC_AWARE,Pattern of antibiotic consumption at national level (relative use by AWaRe classification),numeric,SEAR,South-East Asia,Country,MDV,Maldives,Year,2018,false,AWARE Antibiotics group,Reserve (%),GLASSAMCAWARE_ANTIBIOTICSGROUP_GLASSAMC_AWARE_R,,,,,,,,,,0,,,,,,0,,,EN,2025-09-24T04:00:00.000Z
GLASSAMC_AWARE,Pattern of antibiotic consumption at national level (relative use by AWaRe classification),numeric,AFR,Africa,Country,MLI,Mali,Year,2018,false,AWARE Antibiotics group,Reserve (%),GLASSAMCAWARE_ANTIBIOTICSGROUP_GLASSAMC_AWARE_R,,,,,,,,,,0.001,,,,,,0,,,EN,2024-09-18T04:00:00.000Z
GLASSAMC_AWARE,Pattern of antibiotic consumption at national level (relative use by AWaRe classification),numeric,EUR,Europe,Country,MNE,Montenegro,Year,2018,false,AWARE Antibiotics group,Reserve (%),GLASSAMCAWARE_ANTIBIOTICSGROUP_GLASSAMC_AWARE_R,,,,,,,,,,0.015,,,,,,0,,,EN,2024-09-18T04:00:00.000Z
GLASSAMC_AWARE,Pattern of antibiotic consumption at national level (relative use by AWaRe classification),numeric,SEAR,South-East Asia,Country,NPL,Nepal,Year,2018,false,AWARE Antibiotics group,Reserve (%),GLASSAMCAWARE_ANTIBIOTICSGROUP_GLASSAMC_AWARE_R,,,,,,,,,,0.007,,,,,,0,,,EN,2024-09-18T04:00:00.000Z
GLASSAMC_AWARE,Pattern of antibiotic consumption at national level (relative use by AWaRe classification),numeric,EUR,Europe,Country,NOR,Norway,Year,2018,false,AWARE Antibiotics group,Not classified (%) / not recommended (%),GLASSAMCAWARE_ANTIBIOTICSGROUP_GLASSAMC_AWARE_O,,,,,,,,,,0,,,,,,0,,,EN,2024-09-18T04:00:00.000Z
GLASSAMC_AWARE,Pattern of antibiotic consumption at national level (relative use by AWaRe classification),numeric,EUR,Europe,Country,PRT,Portugal,Year,2018,false,AWARE Antibiotics group,Not classified (%) / not recommended (%),GLASSAMCAWARE_ANTIBIOTICSGROUP_GLASSAMC_AWARE_O,,,,,,,,,,0.0008,,,,,,0,,,EN,2025-09-24T04:00:00.000Z
GLASSAMC_AWARE,Pattern of antibiotic consumption at national level (relative use by AWaRe classification),numeric,EUR,Europe,Country,SVN,Slovenia,Year,2018,false,AWARE Antibiotics group,Not classified (%) / not recommended (%),GLASSAMCAWARE_ANTIBIOTICSGROUP_GLASSAMC_AWARE_O,,,,,,,,,,0,,,,,,0,,,EN,2025-09-24T04:00:00.000Z
GLASSAMC_AWARE,Pattern of antibiotic consumption at national level (relative use by AWaRe classification),numeric,AFR,Africa,Country,ZAF,South Africa,Year,2018,false,AWARE Antibiotics group,Not classified (%) / not recommended (%),GLASSAMCAWARE_ANTIBIOTICSGROUP_GLASSAMC_AWARE_O,,,,,,,,,,0,,,,,,0,,Only consumption in the public sector reported,EN,2024-09-18T04:00:00.000Z
GLASSAMC_AWARE,Pattern of antibiotic consumption at national level (relative use by AWaRe classification),numeric,EUR,Europe,Country,SWE,Sweden,Year,2018,false,AWARE Antibiotics group,Not classified (%) / not recommended (%),GLASSAMCAWARE_ANTIBIOTICSGROUP_GLASSAMC_AWARE_O,,,,,,,,,,0,,,,,,0,,,EN,2024-09-18T04:00:00.000Z
GLASSAMC_AWARE,Pattern of antibiotic consumption at national level (relative use by AWaRe classification),numeric,EUR,Europe,Country,CHE,Switzerland,Year,2018,false,AWARE Antibiotics group,Not classified (%) / not recommended (%),GLASSAMCAWARE_ANTIBIOTICSGROUP_GLASSAMC_AWARE_O,,,,,,,,,,0,,,,,,0,,For antibiotics: only J01 and P01AB reported,EN,2025-09-24T04:00:00.000Z
GLASSAMC_AWARE,Pattern of antibiotic consumption at national level (relative use by AWaRe classification),numeric,SEAR,South-East Asia,Country,TLS,Timor-Leste,Year,2018,false,AWARE Antibiotics group,Not classified (%) / not recommended (%),GLASSAMCAWARE_ANTIBIOTICSGROUP_GLASSAMC_AWARE_O,,,,,,,,,,0,,,,,,0,,,EN,2024-09-18T04:00:00.000Z
GLASSAMC_AWARE,Pattern of antibiotic consumption at national level (relative use by AWaRe classification),numeric,SEAR,South-East Asia,Country,TLS,Timor-Leste,Year,2018,false,AWARE Antibiotics group,Reserve (%),GLASSAMCAWARE_ANTIBIOTICSGROUP_GLASSAMC_AWARE_R,,,,,,,,,,0,,,,,,0,,,EN,2024-09-18T04:00:00.000Z
GLASSAMC_AWARE,Pattern of antibiotic consumption at national level (relative use by AWaRe classification),numeric,EMR,Eastern Mediterranean,Country,TUN,Tunisia,Year,2018,false,AWARE Antibiotics group,Reserve (%),GLASSAMCAWARE_ANTIBIOTICSGROUP_GLASSAMC_AWARE_R,,,,,,,,,,0.025,,,,,,0,,For antibiotics: only J01 and P01AB reported,EN,2025-09-24T04:00:00.000Z
GLASSAMC_AWARE,Pattern of antibiotic consumption at national level (relative use by AWaRe classification),numeric,EUR,Europe,Country,GBR,United Kingdom of Great Britain and Northern Ireland,Year,2018,false,AWARE Antibiotics group,Not classified (%) / not recommended (%),GLASSAMCAWARE_ANTIBIOTICSGROUP_GLASSAMC_AWARE_O,,,,,,,,,,0.02,,,,,,0,,Only use in the public sector reported,EN,2025-09-24T04:00:00.000Z
GLASSAMC_AWARE,Pattern of antibiotic consumption at national level (relative use by AWaRe classification),numeric,AFR,Africa,Country,TZA,United Republic of Tanzania,Year,2018,false,AWARE Antibiotics group,Reserve (%),GLASSAMCAWARE_ANTIBIOTICSGROUP_GLASSAMC_AWARE_R,,,,,,,,,,0,,,,,,0,,,EN,2025-09-24T04:00:00.000Z
GLASSAMC_AWARE,Pattern of antibiotic consumption at national level (relative use by AWaRe classification),numeric,EUR,Europe,Country,ARM,Armenia,Year,2018,false,AWARE Antibiotics group,Reserve (%),GLASSAMCAWARE_ANTIBIOTICSGROUP_GLASSAMC_AWARE_R,,,,,,,,,,0.075,,,,,,0.1,,,EN,2025-09-24T04:00:00.000Z
GLASSAMC_AWARE,Pattern of antibiotic consumption at national level (relative use by AWaRe classification),numeric,SEAR,South-East Asia,Country,BGD,Bangladesh,Year,2018,false,AWARE Antibiotics group,Reserve (%),GLASSAMCAWARE_ANTIBIOTICSGROUP_GLASSAMC_AWARE_R,,,,,,,,,,0.072,,,,,,0.1,,,EN,2024-09-18T04:00:00.000Z
GLASSAMC_AWARE,Pattern of antibiotic consumption at national level (relative use by AWaRe classification),numeric,EUR,Europe,Country,BEL,Belgium,Year,2018,false,AWARE Antibiotics group,Reserve (%),GLASSAMCAWARE_ANTIBIOTICSGROUP_GLASSAMC_AWARE_R,,,,,,,,,,0.12,,,,,,0.1,,,EN,2024-09-18T04:00:00.000Z
GLASSAMC_AWARE,Pattern of antibiotic consumption at national level (relative use by AWaRe classification),numeric,AMR,Americas,Country,COL,Colombia,Year,2018,false,AWARE Antibiotics group,Reserve (%),GLASSAMCAWARE_ANTIBIOTICSGROUP_GLASSAMC_AWARE_R,,,,,,,,,,0.1,,,,,,0.1,,,EN,2024-09-18T04:00:00.000Z
GLASSAMC_AWARE,Pattern of antibiotic consumption at national level (relative use by AWaRe classification),numeric,EUR,Europe,Country,HRV,Croatia,Year,2018,false,AWARE Antibiotics group,Not classified (%) / not recommended (%),GLASSAMCAWARE_ANTIBIOTICSGROUP_GLASSAMC_AWARE_O,,,,,,,,,,0.095,,,,,,0.1,,,EN,2025-09-24T04:00:00.000Z
GLASSAMC_AWARE,Pattern of antibiotic consumption at national level (relative use by AWaRe classification),numeric,EUR,Europe,Country,HRV,Croatia,Year,2018,false,AWARE Antibiotics group,Reserve (%),GLASSAMCAWARE_ANTIBIOTICSGROUP_GLASSAMC_AWARE_R,,,,,,,,,,0.14,,,,,,0.1,,,EN,2024-09-18T04:00:00.000Z
GLASSAMC_AWARE,Pattern of antibiotic consumption at national level (relative use by AWaRe classification),numeric,EUR,Europe,Country,CYP,Cyprus,Year,2018,false,AWARE Antibiotics group,Reserve (%),GLASSAMCAWARE_ANTIBIOTICSGROUP_GLASSAMC_AWARE_R,,,,,,,,,,0.09,,,,,,0.1,,,EN,2024-09-18T04:00:00.000Z
GLASSAMC_AWARE,Pattern of antibiotic consumption at national level (relative use by AWaRe classification),numeric,EUR,Europe,Country,EST,Estonia,Year,2018,false,AWARE Antibiotics group,Reserve (%),GLASSAMCAWARE_ANTIBIOTICSGROUP_GLASSAMC_AWARE_R,,,,,,,,,,0.14,,,,,,0.1,,,EN,2024-09-18T04:00:00.000Z
GLASSAMC_AWARE,Pattern of antibiotic consumption at national level (relative use by AWaRe classification),numeric,EUR,Europe,Country,FIN,Finland,Year,2018,false,AWARE Antibiotics group,Reserve (%),GLASSAMCAWARE_ANTIBIOTICSGROUP_GLASSAMC_AWARE_R,,,,,,,,,,0.13,,,,,,0.1,,,EN,2024-09-18T04:00:00.000Z
GLASSAMC_AWARE,Pattern of antibiotic consumption at national level (relative use by AWaRe classification),numeric,EUR,Europe,Country,HUN,Hungary,Year,2018,false,AWARE Antibiotics group,Reserve (%),GLASSAMCAWARE_ANTIBIOTICSGROUP_GLASSAMC_AWARE_R,,,,,,,,,,0.062,,,,,,0.1,,,EN,2024-09-18T04:00:00.000Z
GLASSAMC_AWARE,Pattern of antibiotic consumption at national level (relative use by AWaRe classification),numeric,EUR,Europe,Country,ISL,Iceland,Year,2018,false,AWARE Antibiotics group,Reserve (%),GLASSAMCAWARE_ANTIBIOTICSGROUP_GLASSAMC_AWARE_R,,,,,,,,,,0.083,,,,,,0.1,,,EN,2024-09-18T04:00:00.000Z
GLASSAMC_AWARE,Pattern of antibiotic consumption at national level (relative use by AWaRe classification),numeric,EUR,Europe,Country,LVA,Latvia,Year,2018,false,AWARE Antibiotics group,Not classified (%) / not recommended (%),GLASSAMCAWARE_ANTIBIOTICSGROUP_GLASSAMC_AWARE_O,,,,,,,,,,0.15,,,,,,0.1,,,EN,2025-09-24T04:00:00.000Z
GLASSAMC_AWARE,Pattern of antibiotic consumption at national level (relative use by AWaRe classification),numeric,EUR,Europe,Country,LVA,Latvia,Year,2018,false,AWARE Antibiotics group,Reserve (%),GLASSAMCAWARE_ANTIBIOTICSGROUP_GLASSAMC_AWARE_R,,,,,,,,,,0.13,,,,,,0.1,,,EN,2024-09-18T04:00:00.000Z
GLASSAMC_AWARE,Pattern of antibiotic consumption at national level (relative use by AWaRe classification),numeric,AFR,Africa,Country,MLI,Mali,Year,2018,false,AWARE Antibiotics group,Not classified (%) / not recommended (%),GLASSAMCAWARE_ANTIBIOTICSGROUP_GLASSAMC_AWARE_O,,,,,,,,,,0.11,,,,,,0.1,,,EN,2024-09-18T04:00:00.000Z
GLASSAMC_AWARE,Pattern of antibiotic consumption at national level (relative use by AWaRe classification),numeric,SEAR,South-East Asia,Country,NPL,Nepal,Year,2018,false,AWARE Antibiotics group,Not classified (%) / not recommended (%),GLASSAMCAWARE_ANTIBIOTICSGROUP_GLASSAMC_AWARE_O,,,,,,,,,,0.11,,,,,,0.1,,,EN,2024-09-18T04:00:00.000Z
GLASSAMC_AWARE,Pattern of antibiotic consumption at national level (relative use by AWaRe classification),numeric,EUR,Europe,Country,POL,Poland,Year,2018,false,AWARE Antibiotics group,Not classified (%) / not recommended (%),GLASSAMCAWARE_ANTIBIOTICSGROUP_GLASSAMC_AWARE_O,,,,,,,,,,0.058,,,,,,0.1,,,EN,2024-09-18T04:00:00.000Z
GLASSAMC_AWARE,Pattern of antibiotic consumption at national level (relative use by AWaRe classification),numeric,EUR,Europe,Country,POL,Poland,Year,2018,false,AWARE Antibiotics group,Reserve (%),GLASSAMCAWARE_ANTIBIOTICSGROUP_GLASSAMC_AWARE_R,,,,,,,,,,0.098,,,,,,0.1,,,EN,2024-09-18T04:00:00.000Z
GLASSAMC_AWARE,Pattern of antibiotic consumption at national level (relative use by AWaRe classification),numeric,EUR,Europe,Country,ROU,Romania,Year,2018,false,AWARE Antibiotics group,Not classified (%) / not recommended (%),GLASSAMCAWARE_ANTIBIOTICSGROUP_GLASSAMC_AWARE_O,,,,,,,,,,0.083,,,,,,0.1,,,EN,2025-09-24T04:00:00.000Z
GLASSAMC_AWARE,Pattern of antibiotic consumption at national level (relative use by AWaRe classification),numeric,EUR,Europe,Country,RUS,Russian Federation,Year,2018,false,AWARE Antibiotics group,Reserve (%),GLASSAMCAWARE_ANTIBIOTICSGROUP_GLASSAMC_AWARE_R,,,,,,,,,,0.12,,,,,,0.1,,,EN,2024-09-18T04:00:00.000Z
GLASSAMC_AWARE,Pattern of antibiotic consumption at national level (relative use by AWaRe classification),numeric,AFR,Africa,Country,ZAF,South Africa,Year,2018,false,AWARE Antibiotics group,Reserve (%),GLASSAMCAWARE_ANTIBIOTICSGROUP_GLASSAMC_AWARE_R,,,,,,,,,,0.077,,,,,,0.1,,Only consumption in the public sector reported,EN,2024-09-18T04:00:00.000Z
GLASSAMC_AWARE,Pattern of antibiotic consumption at national level (relative use by AWaRe classification),numeric,EUR,Europe,Country,TJK,Tajikistan,Year,2018,false,AWARE Antibiotics group,Reserve (%),GLASSAMCAWARE_ANTIBIOTICSGROUP_GLASSAMC_AWARE_R,,,,,,,,,,0.14,,,,,,0.1,,,EN,2024-09-18T04:00:00.000Z
GLASSAMC_AWARE,Pattern of antibiotic consumption at national level (relative use by AWaRe classification),numeric,EUR,Europe,Country,AUT,Austria,Year,2018,false,AWARE Antibiotics group,Reserve (%),GLASSAMCAWARE_ANTIBIOTICSGROUP_GLASSAMC_AWARE_R,,,,,,,,,,0.19,,,,,,0.2,,Only use in the community reported,EN,2025-09-24T04:00:00.000Z
GLASSAMC_AWARE,Pattern of antibiotic consumption at national level (relative use by AWaRe classification),numeric,EUR,Europe,Country,FRA,France,Year,2018,false,AWARE Antibiotics group,Reserve (%),GLASSAMCAWARE_ANTIBIOTICSGROUP_GLASSAMC_AWARE_R,,,,,,,,,,0.23,,,,,,0.2,,For antibiotics: only J01 and P01AB reported,EN,2025-09-24T04:00:00.000Z
GLASSAMC_AWARE,Pattern of antibiotic consumption at national level (relative use by AWaRe classification),numeric,EUR,Europe,Country,DEU,Germany,Year,2018,false,AWARE Antibiotics group,Reserve (%),GLASSAMCAWARE_ANTIBIOTICSGROUP_GLASSAMC_AWARE_R,,,,,,,,,,0.16,,,,,,0.2,,Only use in the community reported,EN,2025-09-24T04:00:00.000Z
GLASSAMC_AWARE,Pattern of antibiotic consumption at national level (relative use by AWaRe classification),numeric,EUR,Europe,Country,LTU,Lithuania,Year,2018,false,AWARE Antibiotics group,Not classified (%) / not recommended (%),GLASSAMCAWARE_ANTIBIOTICSGROUP_GLASSAMC_AWARE_O,,,,,,,,,,0.16,,,,,,0.2,,,EN,2024-09-18T04:00:00.000Z
GLASSAMC_AWARE,Pattern of antibiotic consumption at national level (relative use by AWaRe classification),numeric,EUR,Europe,Country,NOR,Norway,Year,2018,false,AWARE Antibiotics group,Reserve (%),GLASSAMCAWARE_ANTIBIOTICSGROUP_GLASSAMC_AWARE_R,,,,,,,,,,0.15,,,,,,0.2,,,EN,2024-09-18T04:00:00.000Z
GLASSAMC_AWARE,Pattern of antibiotic consumption at national level (relative use by AWaRe classification),numeric,EUR,Europe,Country,ROU,Romania,Year,2018,false,AWARE Antibiotics group,Reserve (%),GLASSAMCAWARE_ANTIBIOTICSGROUP_GLASSAMC_AWARE_R,,,,,,,,,,0.19,,,,,,0.2,,,EN,2024-09-18T04:00:00.000Z
GLASSAMC_AWARE,Pattern of antibiotic consumption at national level (relative use by AWaRe classification),numeric,EUR,Europe,Country,SVN,Slovenia,Year,2018,false,AWARE Antibiotics group,Reserve (%),GLASSAMCAWARE_ANTIBIOTICSGROUP_GLASSAMC_AWARE_R,,,,,,,,,,0.16,,,,,,0.2,,,EN,2024-09-18T04:00:00.000Z
GLASSAMC_AWARE,Pattern of antibiotic consumption at national level (relative use by AWaRe classification),numeric,EUR,Europe,Country,SWE,Sweden,Year,2018,false,AWARE Antibiotics group,Reserve (%),GLASSAMCAWARE_ANTIBIOTICSGROUP_GLASSAMC_AWARE_R,,,,,,,,,,0.16,,,,,,0.2,,,EN,2024-09-18T04:00:00.000Z
GLASSAMC_AWARE,Pattern of antibiotic consumption at national level (relative use by AWaRe classification),numeric,EUR,Europe,Country,ARM,Armenia,Year,2018,false,AWARE Antibiotics group,Not classified (%) / not recommended (%),GLASSAMCAWARE_ANTIBIOTICSGROUP_GLASSAMC_AWARE_O,,,,,,,,,,0.28,,,,,,0.3,,,EN,2025-09-24T04:00:00.000Z
GLASSAMC_AWARE,Pattern of antibiotic consumption at national level (relative use by AWaRe classification),numeric,AFR,Africa,Country,BEN,Benin,Year,2018,false,AWARE Antibiotics group,Not classified (%) / not recommended (%),GLASSAMCAWARE_ANTIBIOTICSGROUP_GLASSAMC_AWARE_O,,,,,,,,,,0.31,,,,,,0.3,,,EN,2024-09-18T04:00:00.000Z
GLASSAMC_AWARE,Pattern of antibiotic consumption at national level (relative use by AWaRe classification),numeric,EUR,Europe,Country,DNK,Denmark,Year,2018,false,AWARE Antibiotics group,Reserve (%),GLASSAMCAWARE_ANTIBIOTICSGROUP_GLASSAMC_AWARE_R,,,,,,,,,,0.28,,,,,,0.3,,,EN,2024-09-18T04:00:00.000Z
GLASSAMC_AWARE,Pattern of antibiotic consumption at national level (relative use by AWaRe classification),numeric,EUR,Europe,Country,IRL,Ireland,Year,2018,false,AWARE Antibiotics group,Reserve (%),GLASSAMCAWARE_ANTIBIOTICSGROUP_GLASSAMC_AWARE_R,,,,,,,,,,0.34,,,,,,0.3,,,EN,2024-09-18T04:00:00.000Z
GLASSAMC_AWARE,Pattern of antibiotic consumption at national level (relative use by AWaRe classification),numeric,EUR,Europe,Country,ITA,Italy,Year,2018,false,AWARE Antibiotics group,Reserve (%),GLASSAMCAWARE_ANTIBIOTICSGROUP_GLASSAMC_AWARE_R,,,,,,,,,,0.31,,,,,,0.3,,,EN,2024-09-18T04:00:00.000Z
GLASSAMC_AWARE,Pattern of antibiotic consumption at national level (relative use by AWaRe classification),numeric,EUR,Europe,Country,MNE,Montenegro,Year,2018,false,AWARE Antibiotics group,Not classified (%) / not recommended (%),GLASSAMCAWARE_ANTIBIOTICSGROUP_GLASSAMC_AWARE_O,,,,,,,,,,0.28,,,,,,0.3,,,EN,2025-09-24T04:00:00.000Z
GLASSAMC_AWARE,Pattern of antibiotic consumption at national level (relative use by AWaRe classification),numeric,EUR,Europe,Country,PRT,Portugal,Year,2018,false,AWARE Antibiotics group,Reserve (%),GLASSAMCAWARE_ANTIBIOTICSGROUP_GLASSAMC_AWARE_R,,,,,,,,,,0.25,,,,,,0.3,,,EN,2024-09-18T04:00:00.000Z
GLASSAMC_AWARE,Pattern of antibiotic consumption at national level (relative use by AWaRe classification),numeric,EUR,Europe,Country,UKR,Ukraine,Year,2018,false,AWARE Antibiotics group,Reserve (%),GLASSAMCAWARE_ANTIBIOTICSGROUP_GLASSAMC_AWARE_R,,,,,,,,,,0.27,,,,,,0.3,,,EN,2024-09-18T04:00:00.000Z
GLASSAMC_AWARE,Pattern of antibiotic consumption at national level (relative use by AWaRe classification),numeric,EUR,Europe,Country,DEU,Germany,Year,2018,false,AWARE Antibiotics group,Not classified (%) / not recommended (%),GLASSAMCAWARE_ANTIBIOTICSGROUP_GLASSAMC_AWARE_O,,,,,,,,,,0.44,,,,,,0.4,,Only use in the community reported,EN,2025-09-24T04:00:00.000Z
GLASSAMC_AWARE,Pattern of antibiotic consumption at national level (relative use by AWaRe classification),numeric,EUR,Europe,Country,LTU,Lithuania,Year,2018,false,AWARE Antibiotics group,Reserve (%),GLASSAMCAWARE_ANTIBIOTICSGROUP_GLASSAMC_AWARE_R,,,,,,,,,,0.37,,,,,,0.4,,,EN,2024-09-18T04:00:00.000Z
GLASSAMC_AWARE,Pattern of antibiotic consumption at national level (relative use by AWaRe classification),numeric,EUR,Europe,Country,MLT,Malta,Year,2018,false,AWARE Antibiotics group,Reserve (%),GLASSAMCAWARE_ANTIBIOTICSGROUP_GLASSAMC_AWARE_R,,,,,,,,,,0.4,,,,,,0.4,,,EN,2024-09-18T04:00:00.000Z
GLASSAMC_AWARE,Pattern of antibiotic consumption at national level (relative use by AWaRe classification),numeric,EUR,Europe,Country,CHE,Switzerland,Year,2018,false,AWARE Antibiotics group,Reserve (%),GLASSAMCAWARE_ANTIBIOTICSGROUP_GLASSAMC_AWARE_R,,,,,,,,,,0.4,,,,,,0.4,,For antibiotics: only J01 and P01AB reported,EN,2025-09-24T04:00:00.000Z
GLASSAMC_AWARE,Pattern of antibiotic consumption at national level (relative use by AWaRe classification),numeric,EUR,Europe,Country,GBR,United Kingdom of Great Britain and Northern Ireland,Year,2018,false,AWARE Antibiotics group,Reserve (%),GLASSAMCAWARE_ANTIBIOTICSGROUP_GLASSAMC_AWARE_R,,,,,,,,,,0.4,,,,,,0.4,,Only use in the public sector reported,EN,2025-09-24T04:00:00.000Z
GLASSAMC_AWARE,Pattern of antibiotic consumption at national level (relative use by AWaRe classification),numeric,EUR,Europe,Country,ESP,Spain,Year,2018,false,AWARE Antibiotics group,Reserve (%),GLASSAMCAWARE_ANTIBIOTICSGROUP_GLASSAMC_AWARE_R,,,,,,,,,,0.51,,,,,,0.5,,,EN,2024-09-18T04:00:00.000Z
GLASSAMC_AWARE,Pattern of antibiotic consumption at national level (relative use by AWaRe classification),numeric,AFR,Africa,Country,BFA,Burkina Faso,Year,2018,false,AWARE Antibiotics group,Not classified (%) / not recommended (%),GLASSAMCAWARE_ANTIBIOTICSGROUP_GLASSAMC_AWARE_O,,,,,,,,,,0.57,,,,,,0.6,,For antibiotics: only J01 reported,EN,2025-09-24T04:00:00.000Z
GLASSAMC_AWARE,Pattern of antibiotic consumption at national level (relative use by AWaRe classification),numeric,EUR,Europe,Country,BLR,Belarus,Year,2018,false,AWARE Antibiotics group,Reserve (%),GLASSAMCAWARE_ANTIBIOTICSGROUP_GLASSAMC_AWARE_R,,,,,,,,,,0.66,,,,,,0.7,,,EN,2024-09-18T04:00:00.000Z
GLASSAMC_AWARE,Pattern of antibiotic consumption at national level (relative use by AWaRe classification),numeric,EUR,Europe,Country,ESP,Spain,Year,2018,false,AWARE Antibiotics group,Not classified (%) / not recommended (%),GLASSAMCAWARE_ANTIBIOTICSGROUP_GLASSAMC_AWARE_O,,,,,,,,,,0.78,,,,,,0.8,,,EN,2025-09-24T04:00:00.000Z
GLASSAMC_AWARE,Pattern of antibiotic consumption at national level (relative use by AWaRe classification),numeric,SEAR,South-East Asia,Country,MDV,Maldives,Year,2018,false,AWARE Antibiotics group,Not classified (%) / not recommended (%),GLASSAMCAWARE_ANTIBIOTICSGROUP_GLASSAMC_AWARE_O,,,,,,,,,,1.04,,,,,,1,,,EN,2025-09-24T04:00:00.000Z
GLASSAMC_AWARE,Pattern of antibiotic consumption at national level (relative use by AWaRe classification),numeric,EUR,Europe,Country,MLT,Malta,Year,2018,false,AWARE Antibiotics group,Not classified (%) / not recommended (%),GLASSAMCAWARE_ANTIBIOTICSGROUP_GLASSAMC_AWARE_O,,,,,,,,,,1.36,,,,,,1.4,,,EN,2024-09-18T04:00:00.000Z
GLASSAMC_AWARE,Pattern of antibiotic consumption at national level (relative use by AWaRe classification),numeric,EUR,Europe,Country,TJK,Tajikistan,Year,2018,false,AWARE Antibiotics group,Not classified (%) / not recommended (%),GLASSAMCAWARE_ANTIBIOTICSGROUP_GLASSAMC_AWARE_O,,,,,,,,,,1.63,,,,,,1.6,,,EN,2024-09-18T04:00:00.000Z
GLASSAMC_AWARE,Pattern of antibiotic consumption at national level (relative use by AWaRe classification),numeric,EUR,Europe,Country,BLR,Belarus,Year,2018,false,AWARE Antibiotics group,Not classified (%) / not recommended (%),GLASSAMCAWARE_ANTIBIOTICSGROUP_GLASSAMC_AWARE_O,,,,,,,,,,1.66,,,,,,1.7,,,EN,2024-09-18T04:00:00.000Z
GLASSAMC_AWARE,Pattern of antibiotic consumption at national level (relative use by AWaRe classification),numeric,AFR,Africa,Country,ZAF,South Africa,Year,2018,false,AWARE Antibiotics group,Watch (%),GLASSAMCAWARE_ANTIBIOTICSGROUP_GLASSAMC_AWARE_W,,,,,,,,,,12.42,,,,,,12.4,,Only consumption in the public sector reported,EN,2024-09-18T04:00:00.000Z
GLASSAMC_AWARE,Pattern of antibiotic consumption at national level (relative use by AWaRe classification),numeric,SEAR,South-East Asia,Country,TLS,Timor-Leste,Year,2018,false,AWARE Antibiotics group,Watch (%),GLASSAMCAWARE_ANTIBIOTICSGROUP_GLASSAMC_AWARE_W,,,,,,,,,,14.75,,,,,,14.8,,,EN,2024-09-18T04:00:00.000Z
GLASSAMC_AWARE,Pattern of antibiotic consumption at national level (relative use by AWaRe classification),numeric,EUR,Europe,Country,ISL,Iceland,Year,2018,false,AWARE Antibiotics group,Watch (%),GLASSAMCAWARE_ANTIBIOTICSGROUP_GLASSAMC_AWARE_W,,,,,,,,,,15.79,,,,,,15.8,,,EN,2024-09-18T04:00:00.000Z
GLASSAMC_AWARE,Pattern of antibiotic consumption at national level (relative use by AWaRe classification),numeric,AFR,Africa,Country,BFA,Burkina Faso,Year,2018,false,AWARE Antibiotics group,Watch (%),GLASSAMCAWARE_ANTIBIOTICSGROUP_GLASSAMC_AWARE_W,,,,,,,,,,15.86,,,,,,15.9,,For antibiotics: only J01 reported,EN,2025-09-24T04:00:00.000Z
GLASSAMC_AWARE,Pattern of antibiotic consumption at national level (relative use by AWaRe classification),numeric,AFR,Africa,Country,KEN,Kenya,Year,2018,false,AWARE Antibiotics group,Watch (%),GLASSAMCAWARE_ANTIBIOTICSGROUP_GLASSAMC_AWARE_W,,,,,,,,,,15.93,,,,,,15.9,,Data incomplete since not collected from all sources of data,EN,2025-09-24T04:00:00.000Z
GLASSAMC_AWARE,Pattern of antibiotic consumption at national level (relative use by AWaRe classification),numeric,EUR,Europe,Country,DNK,Denmark,Year,2018,false,AWARE Antibiotics group,Watch (%),GLASSAMCAWARE_ANTIBIOTICSGROUP_GLASSAMC_AWARE_W,,,,,,,,,,19.47,,,,,,19.5,,,EN,2025-09-24T04:00:00.000Z
GLASSAMC_AWARE,Pattern of antibiotic consumption at national level (relative use by AWaRe classification),numeric,EUR,Europe,Country,NOR,Norway,Year,2018,false,AWARE Antibiotics group,Watch (%),GLASSAMCAWARE_ANTIBIOTICSGROUP_GLASSAMC_AWARE_W,,,,,,,,,,19.88,,,,,,19.9,,,EN,2024-09-18T04:00:00.000Z
GLASSAMC_AWARE,Pattern of antibiotic consumption at national level (relative use by AWaRe classification),numeric,EMR,Eastern Mediterranean,Country,JOR,Jordan,Year,2018,false,AWARE Antibiotics group,Not classified (%) / not recommended (%),GLASSAMCAWARE_ANTIBIOTICSGROUP_GLASSAMC_AWARE_O,,,,,,,,,,2.14,,,,,,2.1,,,EN,2024-09-18T04:00:00.000Z
GLASSAMC_AWARE,Pattern of antibiotic consumption at national level (relative use by AWaRe classification),numeric,EUR,Europe,Country,RUS,Russian Federation,Year,2018,false,AWARE Antibiotics group,Not classified (%) / not recommended (%),GLASSAMCAWARE_ANTIBIOTICSGROUP_GLASSAMC_AWARE_O,,,,,,,,,,2.11,,,,,,2.1,,,EN,2025-09-24T04:00:00.000Z
GLASSAMC_AWARE,Pattern of antibiotic consumption at national level (relative use by AWaRe classification),numeric,EUR,Europe,Country,GEO,Georgia,Year,2018,false,AWARE Antibiotics group,Not classified (%) / not recommended (%),GLASSAMCAWARE_ANTIBIOTICSGROUP_GLASSAMC_AWARE_O,,,,,,,,,,2.2,,,,,,2.2,,For antibiotics: only J01 and P01AB reported,EN,2025-09-24T04:00:00.000Z
GLASSAMC_AWARE,Pattern of antibiotic consumption at national level (relative use by AWaRe classification),numeric,EMR,Eastern Mediterranean,Country,TUN,Tunisia,Year,2018,false,AWARE Antibiotics group,Not classified (%) / not recommended (%),GLASSAMCAWARE_ANTIBIOTICSGROUP_GLASSAMC_AWARE_O,,,,,,,,,,2.34,,,,,,2.3,,For antibiotics: only J01 and P01AB reported,EN,2025-09-24T04:00:00.000Z
GLASSAMC_AWARE,Pattern of antibiotic consumption at national level (relative use by AWaRe classification),numeric,EUR,Europe,Country,FRA,France,Year,2018,false,AWARE Antibiotics group,Not classified (%) / not recommended (%),GLASSAMCAWARE_ANTIBIOTICSGROUP_GLASSAMC_AWARE_O,,,,,,,,,,2.46,,,,,,2.5,,For antibiotics: only J01 and P01AB reported,EN,2025-09-24T04:00:00.000Z
GLASSAMC_AWARE,Pattern of antibiotic consumption at national level (relative use by AWaRe classification),numeric,AFR,Africa,Country,BEN,Benin,Year,2018,false,AWARE Antibiotics group,Watch (%),GLASSAMCAWARE_ANTIBIOTICSGROUP_GLASSAMC_AWARE_W,,,,,,,,,,21.22,,,,,,21.2,,,EN,2024-09-18T04:00:00.000Z
GLASSAMC_AWARE,Pattern of antibiotic consumption at national level (relative use by AWaRe classification),numeric,EUR,Europe,Country,SWE,Sweden,Year,2018,false,AWARE Antibiotics group,Watch (%),GLASSAMCAWARE_ANTIBIOTICSGROUP_GLASSAMC_AWARE_W,,,,,,,,,,21.56,,,,,,21.6,,,EN,2024-09-18T04:00:00.000Z
GLASSAMC_AWARE,Pattern of antibiotic consumption at national level (relative use by AWaRe classification),numeric,EUR,Europe,Country,FIN,Finland,Year,2018,false,AWARE Antibiotics group,Watch (%),GLASSAMCAWARE_ANTIBIOTICSGROUP_GLASSAMC_AWARE_W,,,,,,,,,,22,,,,,,22,,,EN,2024-09-18T04:00:00.000Z
GLASSAMC_AWARE,Pattern of antibiotic consumption at national level (relative use by AWaRe classification),numeric,EMR,Eastern Mediterranean,Country,TUN,Tunisia,Year,2018,false,AWARE Antibiotics group,Watch (%),GLASSAMCAWARE_ANTIBIOTICSGROUP_GLASSAMC_AWARE_W,,,,,,,,,,23.6,,,,,,23.6,,For antibiotics: only J01 and P01AB reported,EN,2025-09-24T04:00:00.000Z
GLASSAMC_AWARE,Pattern of antibiotic consumption at national level (relative use by AWaRe classification),numeric,SEAR,South-East Asia,Country,NPL,Nepal,Year,2018,false,AWARE Antibiotics group,Access (%),GLASSAMCAWARE_ANTIBIOTICSGROUP_GLASSAMC_AWARE_A,,,,,,,,,,25.76,,,,,,25.8,,,EN,2024-09-18T04:00:00.000Z
GLASSAMC_AWARE,Pattern of antibiotic consumption at national level (relative use by AWaRe classification),numeric,EUR,Europe,Country,FRA,France,Year,2018,false,AWARE Antibiotics group,Watch (%),GLASSAMCAWARE_ANTIBIOTICSGROUP_GLASSAMC_AWARE_W,,,,,,,,,,26.2,,,,,,26.2,,For antibiotics: only J01 and P01AB reported,EN,2025-09-24T04:00:00.000Z
GLASSAMC_AWARE,Pattern of antibiotic consumption at national level (relative use by AWaRe classification),numeric,EUR,Europe,Country,SVN,Slovenia,Year,2018,false,AWARE Antibiotics group,Watch (%),GLASSAMCAWARE_ANTIBIOTICSGROUP_GLASSAMC_AWARE_W,,,,,,,,,,26.88,,,,,,26.9,,,EN,2024-09-18T04:00:00.000Z
GLASSAMC_AWARE,Pattern of antibiotic consumption at national level (relative use by AWaRe classification),numeric,AFR,Africa,Country,TZA,United Republic of Tanzania,Year,2018,false,AWARE Antibiotics group,Watch (%),GLASSAMCAWARE_ANTIBIOTICSGROUP_GLASSAMC_AWARE_W,,,,,,,,,,28.55,,,,,,28.5,,,EN,2025-09-24T04:00:00.000Z
GLASSAMC_AWARE,Pattern of antibiotic consumption at national level (relative use by AWaRe classification),numeric,EUR,Europe,Country,UKR,Ukraine,Year,2018,false,AWARE Antibiotics group,Not classified (%) / not recommended (%),GLASSAMCAWARE_ANTIBIOTICSGROUP_GLASSAMC_AWARE_O,,,,,,,,,,3.3,,,,,,3.3,,,EN,2025-09-24T04:00:00.000Z
GLASSAMC_AWARE,Pattern of antibiotic consumption at national level (relative use by AWaRe classification),numeric,EUR,Europe,Country,LTU,Lithuania,Year,2018,false,AWARE Antibiotics group,Watch (%),GLASSAMCAWARE_ANTIBIOTICSGROUP_GLASSAMC_AWARE_W,,,,,,,,,,30.46,,,,,,30.5,,,EN,2024-09-18T04:00:00.000Z
GLASSAMC_AWARE,Pattern of antibiotic consumption at national level (relative use by AWaRe classification),numeric,AFR,Africa,Country,MLI,Mali,Year,2018,false,AWARE Antibiotics group,Watch (%),GLASSAMCAWARE_ANTIBIOTICSGROUP_GLASSAMC_AWARE_W,,,,,,,,,,31.23,,,,,,31.2,,,EN,2024-09-18T04:00:00.000Z
GLASSAMC_AWARE,Pattern of antibiotic consumption at national level (relative use by AWaRe classification),numeric,EUR,Europe,Country,IRL,Ireland,Year,2018,false,AWARE Antibiotics group,Watch (%),GLASSAMCAWARE_ANTIBIOTICSGROUP_GLASSAMC_AWARE_W,,,,,,,,,,31.43,,,,,,31.4,,,EN,2024-09-18T04:00:00.000Z
GLASSAMC_AWARE,Pattern of antibiotic consumption at national level (relative use by AWaRe classification),numeric,EUR,Europe,Country,LVA,Latvia,Year,2018,false,AWARE Antibiotics group,Watch (%),GLASSAMCAWARE_ANTIBIOTICSGROUP_GLASSAMC_AWARE_W,,,,,,,,,,31.38,,,,,,31.4,,,EN,2025-09-24T04:00:00.000Z
GLASSAMC_AWARE,Pattern of antibiotic consumption at national level (relative use by AWaRe classification),numeric,AMR,Americas,Country,COL,Colombia,Year,2018,false,AWARE Antibiotics group,Watch (%),GLASSAMCAWARE_ANTIBIOTICSGROUP_GLASSAMC_AWARE_W,,,,,,,,,,31.8,,,,,,31.8,,,EN,2025-09-24T04:00:00.000Z
GLASSAMC_AWARE,Pattern of antibiotic consumption at national level (relative use by AWaRe classification),numeric,EUR,Europe,Country,GBR,United Kingdom of Great Britain and Northern Ireland,Year,2018,false,AWARE Antibiotics group,Watch (%),GLASSAMCAWARE_ANTIBIOTICSGROUP_GLASSAMC_AWARE_W,,,,,,,,,,32.46,,,,,,32.5,,Only use in the public sector reported,EN,2025-09-24T04:00:00.000Z
GLASSAMC_AWARE,Pattern of antibiotic consumption at national level (relative use by AWaRe classification),numeric,EUR,Europe,Country,BEL,Belgium,Year,2018,false,AWARE Antibiotics group,Watch (%),GLASSAMCAWARE_ANTIBIOTICSGROUP_GLASSAMC_AWARE_W,,,,,,,,,,33.52,,,,,,33.5,,,EN,2025-09-24T04:00:00.000Z
GLASSAMC_AWARE,Pattern of antibiotic consumption at national level (relative use by AWaRe classification),numeric,SEAR,South-East Asia,Country,MDV,Maldives,Year,2018,false,AWARE Antibiotics group,Access (%),GLASSAMCAWARE_ANTIBIOTICSGROUP_GLASSAMC_AWARE_A,,,,,,,,,,35.72,,,,,,35.7,,,EN,2025-09-24T04:00:00.000Z
GLASSAMC_AWARE,Pattern of antibiotic consumption at national level (relative use by AWaRe classification),numeric,EUR,Europe,Country,ESP,Spain,Year,2018,false,AWARE Antibiotics group,Watch (%),GLASSAMCAWARE_ANTIBIOTICSGROUP_GLASSAMC_AWARE_W,,,,,,,,,,35.92,,,,,,35.9,,,EN,2025-09-24T04:00:00.000Z
GLASSAMC_AWARE,Pattern of antibiotic consumption at national level (relative use by AWaRe classification),numeric,EUR,Europe,Country,ARM,Armenia,Year,2018,false,AWARE Antibiotics group,Watch (%),GLASSAMCAWARE_ANTIBIOTICSGROUP_GLASSAMC_AWARE_W,,,,,,,,,,36.05,,,,,,36.1,,,EN,2025-09-24T04:00:00.000Z
GLASSAMC_AWARE,Pattern of antibiotic consumption at national level (relative use by AWaRe classification),numeric,EUR,Europe,Country,BLR,Belarus,Year,2018,false,AWARE Antibiotics group,Watch (%),GLASSAMCAWARE_ANTIBIOTICSGROUP_GLASSAMC_AWARE_W,,,,,,,,,,36.13,,,,,,36.1,,,EN,2024-09-18T04:00:00.000Z
GLASSAMC_AWARE,Pattern of antibiotic consumption at national level (relative use by AWaRe classification),numeric,EUR,Europe,Country,PRT,Portugal,Year,2018,false,AWARE Antibiotics group,Watch (%),GLASSAMCAWARE_ANTIBIOTICSGROUP_GLASSAMC_AWARE_W,,,,,,,,,,36.31,,,,,,36.3,,,EN,2025-09-24T04:00:00.000Z
GLASSAMC_AWARE,Pattern of antibiotic consumption at national level (relative use by AWaRe classification),numeric,EUR,Europe,Country,HRV,Croatia,Year,2018,false,AWARE Antibiotics group,Watch (%),GLASSAMCAWARE_ANTIBIOTICSGROUP_GLASSAMC_AWARE_W,,,,,,,,,,36.82,,,,,,36.8,,,EN,2025-09-24T04:00:00.000Z
GLASSAMC_AWARE,Pattern of antibiotic consumption at national level (relative use by AWaRe classification),numeric,EUR,Europe,Country,CHE,Switzerland,Year,2018,false,AWARE Antibiotics group,Watch (%),GLASSAMCAWARE_ANTIBIOTICSGROUP_GLASSAMC_AWARE_W,,,,,,,,,,38.23,,,,,,38.2,,For antibiotics: only J01 and P01AB reported,EN,2025-09-24T04:00:00.000Z
GLASSAMC_AWARE,Pattern of antibiotic consumption at national level (relative use by AWaRe classification),numeric,EUR,Europe,Country,EST,Estonia,Year,2018,false,AWARE Antibiotics group,Watch (%),GLASSAMCAWARE_ANTIBIOTICSGROUP_GLASSAMC_AWARE_W,,,,,,,,,,39.17,,,,,,39.2,,,EN,2024-09-18T04:00:00.000Z
GLASSAMC_AWARE,Pattern of antibiotic consumption at national level (relative use by AWaRe classification),numeric,EUR,Europe,Country,MNE,Montenegro,Year,2018,false,AWARE Antibiotics group,Watch (%),GLASSAMCAWARE_ANTIBIOTICSGROUP_GLASSAMC_AWARE_W,,,,,,,,,,39.51,,,,,,39.5,,,EN,2024-09-18T04:00:00.000Z
GLASSAMC_AWARE,Pattern of antibiotic consumption at national level (relative use by AWaRe classification),numeric,EUR,Europe,Country,AUT,Austria,Year,2018,false,AWARE Antibiotics group,Watch (%),GLASSAMCAWARE_ANTIBIOTICSGROUP_GLASSAMC_AWARE_W,,,,,,,,,,40.03,,,,,,40,,Only use in the community reported,EN,2025-09-24T04:00:00.000Z
GLASSAMC_AWARE,Pattern of antibiotic consumption at national level (relative use by AWaRe classification),numeric,EUR,Europe,Country,UKR,Ukraine,Year,2018,false,AWARE Antibiotics group,Access (%),GLASSAMCAWARE_ANTIBIOTICSGROUP_GLASSAMC_AWARE_A,,,,,,,,,,40.78,,,,,,40.8,,,EN,2025-09-24T04:00:00.000Z
GLASSAMC_AWARE,Pattern of antibiotic consumption at national level (relative use by AWaRe classification),numeric,EMR,Eastern Mediterranean,Country,JOR,Jordan,Year,2018,false,AWARE Antibiotics group,Watch (%),GLASSAMCAWARE_ANTIBIOTICSGROUP_GLASSAMC_AWARE_W,,,,,,,,,,41.49,,,,,,41.5,,,EN,2024-09-18T04:00:00.000Z
GLASSAMC_AWARE,Pattern of antibiotic consumption at national level (relative use by AWaRe classification),numeric,SEAR,South-East Asia,Country,BGD,Bangladesh,Year,2018,false,AWARE Antibiotics group,Access (%),GLASSAMCAWARE_ANTIBIOTICSGROUP_GLASSAMC_AWARE_A,,,,,,,,,,41.59,,,,,,41.6,,,EN,2024-09-18T04:00:00.000Z
GLASSAMC_AWARE,Pattern of antibiotic consumption at national level (relative use by AWaRe classification),numeric,EUR,Europe,Country,DEU,Germany,Year,2018,false,AWARE Antibiotics group,Watch (%),GLASSAMCAWARE_ANTIBIOTICSGROUP_GLASSAMC_AWARE_W,,,,,,,,,,42.59,,,,,,42.6,,Only use in the community reported,EN,2025-09-24T04:00:00.000Z
GLASSAMC_AWARE,Pattern of antibiotic consumption at national level (relative use by AWaRe classification),numeric,EUR,Europe,Country,TJK,Tajikistan,Year,2018,false,AWARE Antibiotics group,Access (%),GLASSAMCAWARE_ANTIBIOTICSGROUP_GLASSAMC_AWARE_A,,,,,,,,,,42.74,,,,,,42.7,,,EN,2024-09-18T04:00:00.000Z
GLASSAMC_AWARE,Pattern of antibiotic consumption at national level (relative use by AWaRe classification),numeric,EUR,Europe,Country,GEO,Georgia,Year,2018,false,AWARE Antibiotics group,Access (%),GLASSAMCAWARE_ANTIBIOTICSGROUP_GLASSAMC_AWARE_A,,,,,,,,,,43.37,,,,,,43.4,,For antibiotics: only J01 and P01AB reported,EN,2025-09-24T04:00:00.000Z
GLASSAMC_AWARE,Pattern of antibiotic consumption at national level (relative use by AWaRe classification),numeric,EUR,Europe,Country,POL,Poland,Year,2018,false,AWARE Antibiotics group,Watch (%),GLASSAMCAWARE_ANTIBIOTICSGROUP_GLASSAMC_AWARE_W,,,,,,,,,,44.17,,,,,,44.2,,,EN,2024-09-18T04:00:00.000Z
GLASSAMC_AWARE,Pattern of antibiotic consumption at national level (relative use by AWaRe classification),numeric,EUR,Europe,Country,ROU,Romania,Year,2018,false,AWARE Antibiotics group,Watch (%),GLASSAMCAWARE_ANTIBIOTICSGROUP_GLASSAMC_AWARE_W,,,,,,,,,,46.25,,,,,,46.2,,,EN,2025-09-24T04:00:00.000Z
GLASSAMC_AWARE,Pattern of antibiotic consumption at national level (relative use by AWaRe classification),numeric,EUR,Europe,Country,MLT,Malta,Year,2018,false,AWARE Antibiotics group,Access (%),GLASSAMCAWARE_ANTIBIOTICSGROUP_GLASSAMC_AWARE_A,,,,,,,,,,46.42,,,,,,46.4,,,EN,2024-09-18T04:00:00.000Z
GLASSAMC_AWARE,Pattern of antibiotic consumption at national level (relative use by AWaRe classification),numeric,EUR,Europe,Country,RUS,Russian Federation,Year,2018,false,AWARE Antibiotics group,Watch (%),GLASSAMCAWARE_ANTIBIOTICSGROUP_GLASSAMC_AWARE_W,,,,,,,,,,47.35,,,,,,47.4,,,EN,2025-09-24T04:00:00.000Z
GLASSAMC_AWARE,Pattern of antibiotic consumption at national level (relative use by AWaRe classification),numeric,EUR,Europe,Country,ITA,Italy,Year,2018,false,AWARE Antibiotics group,Access (%),GLASSAMCAWARE_ANTIBIOTICSGROUP_GLASSAMC_AWARE_A,,,,,,,,,,47.47,,,,,,47.5,,,EN,2024-09-18T04:00:00.000Z
GLASSAMC_AWARE,Pattern of antibiotic consumption at national level (relative use by AWaRe classification),numeric,EUR,Europe,Country,CYP,Cyprus,Year,2018,false,AWARE Antibiotics group,Access (%),GLASSAMCAWARE_ANTIBIOTICSGROUP_GLASSAMC_AWARE_A,,,,,,,,,,48.66,,,,,,48.7,,,EN,2024-09-18T04:00:00.000Z
GLASSAMC_AWARE,Pattern of antibiotic consumption at national level (relative use by AWaRe classification),numeric,EUR,Europe,Country,HUN,Hungary,Year,2018,false,AWARE Antibiotics group,Access (%),GLASSAMCAWARE_ANTIBIOTICSGROUP_GLASSAMC_AWARE_A,,,,,,,,,,48.66,,,,,,48.7,,,EN,2024-09-18T04:00:00.000Z
GLASSAMC_AWARE,Pattern of antibiotic consumption at national level (relative use by AWaRe classification),numeric,AFR,Africa,Country,TZA,United Republic of Tanzania,Year,2018,false,AWARE Antibiotics group,Not classified (%) / not recommended (%),GLASSAMCAWARE_ANTIBIOTICSGROUP_GLASSAMC_AWARE_O,,,,,,,,,,5.54,,,,,,5.5,,,EN,2025-09-24T04:00:00.000Z
GLASSAMC_AWARE,Pattern of antibiotic consumption at national level (relative use by AWaRe classification),numeric,EUR,Europe,Country,RUS,Russian Federation,Year,2018,false,AWARE Antibiotics group,Access (%),GLASSAMCAWARE_ANTIBIOTICSGROUP_GLASSAMC_AWARE_A,,,,,,,,,,50.42,,,,,,50.4,,,EN,2025-09-24T04:00:00.000Z
GLASSAMC_AWARE,Pattern of antibiotic consumption at national level (relative use by AWaRe classification),numeric,EUR,Europe,Country,CYP,Cyprus,Year,2018,false,AWARE Antibiotics group,Watch (%),GLASSAMCAWARE_ANTIBIOTICSGROUP_GLASSAMC_AWARE_W,,,,,,,,,,51.25,,,,,,51.2,,,EN,2024-09-18T04:00:00.000Z
GLASSAMC_AWARE,Pattern of antibiotic consumption at national level (relative use by AWaRe classification),numeric,EUR,Europe,Country,HUN,Hungary,Year,2018,false,AWARE Antibiotics group,Watch (%),GLASSAMCAWARE_ANTIBIOTICSGROUP_GLASSAMC_AWARE_W,,,,,,,,,,51.28,,,,,,51.3,,,EN,2024-09-18T04:00:00.000Z
GLASSAMC_AWARE,Pattern of antibiotic consumption at national level (relative use by AWaRe classification),numeric,EUR,Europe,Country,MLT,Malta,Year,2018,false,AWARE Antibiotics group,Watch (%),GLASSAMCAWARE_ANTIBIOTICSGROUP_GLASSAMC_AWARE_W,,,,,,,,,,51.82,,,,,,51.8,,,EN,2024-09-18T04:00:00.000Z
GLASSAMC_AWARE,Pattern of antibiotic consumption at national level (relative use by AWaRe classification),numeric,EUR,Europe,Country,ITA,Italy,Year,2018,false,AWARE Antibiotics group,Watch (%),GLASSAMCAWARE_ANTIBIOTICSGROUP_GLASSAMC_AWARE_W,,,,,,,,,,52.22,,,,,,52.2,,,EN,2025-09-24T04:00:00.000Z
GLASSAMC_AWARE,Pattern of antibiotic consumption at national level (relative use by AWaRe classification),numeric,EUR,Europe,Country,ROU,Romania,Year,2018,false,AWARE Antibiotics group,Access (%),GLASSAMCAWARE_ANTIBIOTICSGROUP_GLASSAMC_AWARE_A,,,,,,,,,,53.48,,,,,,53.5,,,EN,2024-09-18T04:00:00.000Z
GLASSAMC_AWARE,Pattern of antibiotic consumption at national level (relative use by AWaRe classification),numeric,EUR,Europe,Country,GEO,Georgia,Year,2018,false,AWARE Antibiotics group,Watch (%),GLASSAMCAWARE_ANTIBIOTICSGROUP_GLASSAMC_AWARE_W,,,,,,,,,,54.4,,,,,,54.4,,For antibiotics: only J01 and P01AB reported,EN,2025-09-24T04:00:00.000Z
GLASSAMC_AWARE,Pattern of antibiotic consumption at national level (relative use by AWaRe classification),numeric,EUR,Europe,Country,TJK,Tajikistan,Year,2018,false,AWARE Antibiotics group,Watch (%),GLASSAMCAWARE_ANTIBIOTICSGROUP_GLASSAMC_AWARE_W,,,,,,,,,,55.48,,,,,,55.5,,,EN,2024-09-18T04:00:00.000Z
GLASSAMC_AWARE,Pattern of antibiotic consumption at national level (relative use by AWaRe classification),numeric,EUR,Europe,Country,POL,Poland,Year,2018,false,AWARE Antibiotics group,Access (%),GLASSAMCAWARE_ANTIBIOTICSGROUP_GLASSAMC_AWARE_A,,,,,,,,,,55.68,,,,,,55.7,,,EN,2024-09-18T04:00:00.000Z
GLASSAMC_AWARE,Pattern of antibiotic consumption at national level (relative use by AWaRe classification),numeric,EUR,Europe,Country,UKR,Ukraine,Year,2018,false,AWARE Antibiotics group,Watch (%),GLASSAMCAWARE_ANTIBIOTICSGROUP_GLASSAMC_AWARE_W,,,,,,,,,,55.65,,,,,,55.7,,,EN,2024-09-18T04:00:00.000Z
GLASSAMC_AWARE,Pattern of antibiotic consumption at national level (relative use by AWaRe classification),numeric,EMR,Eastern Mediterranean,Country,JOR,Jordan,Year,2018,false,AWARE Antibiotics group,Access (%),GLASSAMCAWARE_ANTIBIOTICSGROUP_GLASSAMC_AWARE_A,,,,,,,,,,56.35,,,,,,56.4,,,EN,2024-09-18T04:00:00.000Z
GLASSAMC_AWARE,Pattern of antibiotic consumption at national level (relative use by AWaRe classification),numeric,EUR,Europe,Country,DEU,Germany,Year,2018,false,AWARE Antibiotics group,Access (%),GLASSAMCAWARE_ANTIBIOTICSGROUP_GLASSAMC_AWARE_A,,,,,,,,,,56.82,,,,,,56.8,,Only use in the community reported,EN,2025-09-24T04:00:00.000Z
GLASSAMC_AWARE,Pattern of antibiotic consumption at national level (relative use by AWaRe classification),numeric,SEAR,South-East Asia,Country,BGD,Bangladesh,Year,2018,false,AWARE Antibiotics group,Watch (%),GLASSAMCAWARE_ANTIBIOTICSGROUP_GLASSAMC_AWARE_W,,,,,,,,,,58.3,,,,,,58.3,,,EN,2025-09-24T04:00:00.000Z
GLASSAMC_AWARE,Pattern of antibiotic consumption at national level (relative use by AWaRe classification),numeric,EUR,Europe,Country,AUT,Austria,Year,2018,false,AWARE Antibiotics group,Access (%),GLASSAMCAWARE_ANTIBIOTICSGROUP_GLASSAMC_AWARE_A,,,,,,,,,,59.78,,,,,,59.8,,Only use in the community reported,EN,2025-09-24T04:00:00.000Z
GLASSAMC_AWARE,Pattern of antibiotic consumption at national level (relative use by AWaRe classification),numeric,EUR,Europe,Country,MNE,Montenegro,Year,2018,false,AWARE Antibiotics group,Access (%),GLASSAMCAWARE_ANTIBIOTICSGROUP_GLASSAMC_AWARE_A,,,,,,,,,,60.2,,,,,,60.2,,,EN,2025-09-24T04:00:00.000Z
GLASSAMC_AWARE,Pattern of antibiotic consumption at national level (relative use by AWaRe classification),numeric,EUR,Europe,Country,EST,Estonia,Year,2018,false,AWARE Antibiotics group,Access (%),GLASSAMCAWARE_ANTIBIOTICSGROUP_GLASSAMC_AWARE_A,,,,,,,,,,60.69,,,,,,60.7,,,EN,2024-09-18T04:00:00.000Z
GLASSAMC_AWARE,Pattern of antibiotic consumption at national level (relative use by AWaRe classification),numeric,EUR,Europe,Country,CHE,Switzerland,Year,2018,false,AWARE Antibiotics group,Access (%),GLASSAMCAWARE_ANTIBIOTICSGROUP_GLASSAMC_AWARE_A,,,,,,,,,,61.37,,,,,,61.4,,For antibiotics: only J01 and P01AB reported,EN,2025-09-24T04:00:00.000Z
GLASSAMC_AWARE,Pattern of antibiotic consumption at national level (relative use by AWaRe classification),numeric,EUR,Europe,Country,BLR,Belarus,Year,2018,false,AWARE Antibiotics group,Access (%),GLASSAMCAWARE_ANTIBIOTICSGROUP_GLASSAMC_AWARE_A,,,,,,,,,,61.56,,,,,,61.6,,,EN,2024-09-18T04:00:00.000Z
GLASSAMC_AWARE,Pattern of antibiotic consumption at national level (relative use by AWaRe classification),numeric,EUR,Europe,Country,ESP,Spain,Year,2018,false,AWARE Antibiotics group,Access (%),GLASSAMCAWARE_ANTIBIOTICSGROUP_GLASSAMC_AWARE_A,,,,,,,,,,62.79,,,,,,62.8,,,EN,2025-09-24T04:00:00.000Z
GLASSAMC_AWARE,Pattern of antibiotic consumption at national level (relative use by AWaRe classification),numeric,EUR,Europe,Country,HRV,Croatia,Year,2018,false,AWARE Antibiotics group,Access (%),GLASSAMCAWARE_ANTIBIOTICSGROUP_GLASSAMC_AWARE_A,,,,,,,,,,62.95,,,,,,62.9,,,EN,2025-09-24T04:00:00.000Z
GLASSAMC_AWARE,Pattern of antibiotic consumption at national level (relative use by AWaRe classification),numeric,SEAR,South-East Asia,Country,MDV,Maldives,Year,2018,false,AWARE Antibiotics group,Watch (%),GLASSAMCAWARE_ANTIBIOTICSGROUP_GLASSAMC_AWARE_W,,,,,,,,,,63.25,,,,,,63.2,,,EN,2025-09-24T04:00:00.000Z
GLASSAMC_AWARE,Pattern of antibiotic consumption at national level (relative use by AWaRe classification),numeric,EUR,Europe,Country,PRT,Portugal,Year,2018,false,AWARE Antibiotics group,Access (%),GLASSAMCAWARE_ANTIBIOTICSGROUP_GLASSAMC_AWARE_A,,,,,,,,,,63.44,,,,,,63.4,,,EN,2024-09-18T04:00:00.000Z
GLASSAMC_AWARE,Pattern of antibiotic consumption at national level (relative use by AWaRe classification),numeric,EUR,Europe,Country,ARM,Armenia,Year,2018,false,AWARE Antibiotics group,Access (%),GLASSAMCAWARE_ANTIBIOTICSGROUP_GLASSAMC_AWARE_A,,,,,,,,,,63.59,,,,,,63.6,,,EN,2025-09-24T04:00:00.000Z
GLASSAMC_AWARE,Pattern of antibiotic consumption at national level (relative use by AWaRe classification),numeric,AFR,Africa,Country,TZA,United Republic of Tanzania,Year,2018,false,AWARE Antibiotics group,Access (%),GLASSAMCAWARE_ANTIBIOTICSGROUP_GLASSAMC_AWARE_A,,,,,,,,,,65.91,,,,,,65.9,,,EN,2025-09-24T04:00:00.000Z
GLASSAMC_AWARE,Pattern of antibiotic consumption at national level (relative use by AWaRe classification),numeric,EUR,Europe,Country,BEL,Belgium,Year,2018,false,AWARE Antibiotics group,Access (%),GLASSAMCAWARE_ANTIBIOTICSGROUP_GLASSAMC_AWARE_A,,,,,,,,,,66.36,,,,,,66.4,,,EN,2024-09-18T04:00:00.000Z
GLASSAMC_AWARE,Pattern of antibiotic consumption at national level (relative use by AWaRe classification),numeric,EUR,Europe,Country,GBR,United Kingdom of Great Britain and Northern Ireland,Year,2018,false,AWARE Antibiotics group,Access (%),GLASSAMCAWARE_ANTIBIOTICSGROUP_GLASSAMC_AWARE_A,,,,,,,,,,67.12,,,,,,67.1,,Only use in the public sector reported,EN,2025-09-24T04:00:00.000Z
GLASSAMC_AWARE,Pattern of antibiotic consumption at national level (relative use by AWaRe classification),numeric,AMR,Americas,Country,COL,Colombia,Year,2018,false,AWARE Antibiotics group,Access (%),GLASSAMCAWARE_ANTIBIOTICSGROUP_GLASSAMC_AWARE_A,,,,,,,,,,68.09,,,,,,68.1,,,EN,2024-09-18T04:00:00.000Z
GLASSAMC_AWARE,Pattern of antibiotic consumption at national level (relative use by AWaRe classification),numeric,EUR,Europe,Country,IRL,Ireland,Year,2018,false,AWARE Antibiotics group,Access (%),GLASSAMCAWARE_ANTIBIOTICSGROUP_GLASSAMC_AWARE_A,,,,,,,,,,68.23,,,,,,68.2,,,EN,2024-09-18T04:00:00.000Z
GLASSAMC_AWARE,Pattern of antibiotic consumption at national level (relative use by AWaRe classification),numeric,EUR,Europe,Country,LVA,Latvia,Year,2018,false,AWARE Antibiotics group,Access (%),GLASSAMCAWARE_ANTIBIOTICSGROUP_GLASSAMC_AWARE_A,,,,,,,,,,68.35,,,,,,68.3,,,EN,2025-09-24T04:00:00.000Z
GLASSAMC_AWARE,Pattern of antibiotic consumption at national level (relative use by AWaRe classification),numeric,AFR,Africa,Country,MLI,Mali,Year,2018,false,AWARE Antibiotics group,Access (%),GLASSAMCAWARE_ANTIBIOTICSGROUP_GLASSAMC_AWARE_A,,,,,,,,,,68.66,,,,,,68.7,,,EN,2024-09-18T04:00:00.000Z
GLASSAMC_AWARE,Pattern of antibiotic consumption at national level (relative use by AWaRe classification),numeric,EUR,Europe,Country,LTU,Lithuania,Year,2018,false,AWARE Antibiotics group,Access (%),GLASSAMCAWARE_ANTIBIOTICSGROUP_GLASSAMC_AWARE_A,,,,,,,,,,69.01,,,,,,69,,,EN,2024-09-18T04:00:00.000Z
GLASSAMC_AWARE,Pattern of antibiotic consumption at national level (relative use by AWaRe classification),numeric,EUR,Europe,Country,FRA,France,Year,2018,false,AWARE Antibiotics group,Access (%),GLASSAMCAWARE_ANTIBIOTICSGROUP_GLASSAMC_AWARE_A,,,,,,,,,,71.11,,,,,,71.1,,For antibiotics: only J01 and P01AB reported,EN,2025-09-24T04:00:00.000Z
GLASSAMC_AWARE,Pattern of antibiotic consumption at national level (relative use by AWaRe classification),numeric,EUR,Europe,Country,SVN,Slovenia,Year,2018,false,AWARE Antibiotics group,Access (%),GLASSAMCAWARE_ANTIBIOTICSGROUP_GLASSAMC_AWARE_A,,,,,,,,,,72.96,,,,,,73,,,EN,2025-09-24T04:00:00.000Z
GLASSAMC_AWARE,Pattern of antibiotic consumption at national level (relative use by AWaRe classification),numeric,EMR,Eastern Mediterranean,Country,TUN,Tunisia,Year,2018,false,AWARE Antibiotics group,Access (%),GLASSAMCAWARE_ANTIBIOTICSGROUP_GLASSAMC_AWARE_A,,,,,,,,,,74.03,,,,,,74,,For antibiotics: only J01 and P01AB reported,EN,2025-09-24T04:00:00.000Z
GLASSAMC_AWARE,Pattern of antibiotic consumption at national level (relative use by AWaRe classification),numeric,SEAR,South-East Asia,Country,NPL,Nepal,Year,2018,false,AWARE Antibiotics group,Watch (%),GLASSAMCAWARE_ANTIBIOTICSGROUP_GLASSAMC_AWARE_W,,,,,,,,,,74.12,,,,,,74.1,,,EN,2024-09-18T04:00:00.000Z
GLASSAMC_AWARE,Pattern of antibiotic consumption at national level (relative use by AWaRe classification),numeric,AFR,Africa,Country,KEN,Kenya,Year,2018,false,AWARE Antibiotics group,Access (%),GLASSAMCAWARE_ANTIBIOTICSGROUP_GLASSAMC_AWARE_A,,,,,,,,,,75.57,,,,,,75.6,,Data incomplete since not collected from all sources of data,EN,2024-09-18T04:00:00.000Z
GLASSAMC_AWARE,Pattern of antibiotic consumption at national level (relative use by AWaRe classification),numeric,EUR,Europe,Country,FIN,Finland,Year,2018,false,AWARE Antibiotics group,Access (%),GLASSAMCAWARE_ANTIBIOTICSGROUP_GLASSAMC_AWARE_A,,,,,,,,,,77.87,,,,,,77.9,,,EN,2024-09-18T04:00:00.000Z
GLASSAMC_AWARE,Pattern of antibiotic consumption at national level (relative use by AWaRe classification),numeric,EUR,Europe,Country,SWE,Sweden,Year,2018,false,AWARE Antibiotics group,Access (%),GLASSAMCAWARE_ANTIBIOTICSGROUP_GLASSAMC_AWARE_A,,,,,,,,,,78.28,,,,,,78.3,,,EN,2024-09-18T04:00:00.000Z
GLASSAMC_AWARE,Pattern of antibiotic consumption at national level (relative use by AWaRe classification),numeric,AFR,Africa,Country,BEN,Benin,Year,2018,false,AWARE Antibiotics group,Access (%),GLASSAMCAWARE_ANTIBIOTICSGROUP_GLASSAMC_AWARE_A,,,,,,,,,,78.47,,,,,,78.5,,,EN,2024-09-18T04:00:00.000Z
GLASSAMC_AWARE,Pattern of antibiotic consumption at national level (relative use by AWaRe classification),numeric,AFR,Africa,Country,KEN,Kenya,Year,2018,false,AWARE Antibiotics group,Not classified (%) / not recommended (%),GLASSAMCAWARE_ANTIBIOTICSGROUP_GLASSAMC_AWARE_O,,,,,,,,,,8.5,,,,,,8.5,,Data incomplete since not collected from all sources of data,EN,2025-09-24T04:00:00.000Z
GLASSAMC_AWARE,Pattern of antibiotic consumption at national level (relative use by AWaRe classification),numeric,EUR,Europe,Country,NOR,Norway,Year,2018,false,AWARE Antibiotics group,Access (%),GLASSAMCAWARE_ANTIBIOTICSGROUP_GLASSAMC_AWARE_A,,,,,,,,,,79.97,,,,,,80,,,EN,2024-09-18T04:00:00.000Z
GLASSAMC_AWARE,Pattern of antibiotic consumption at national level (relative use by AWaRe classification),numeric,EUR,Europe,Country,DNK,Denmark,Year,2018,false,AWARE Antibiotics group,Access (%),GLASSAMCAWARE_ANTIBIOTICSGROUP_GLASSAMC_AWARE_A,,,,,,,,,,80.24,,,,,,80.2,,,EN,2025-09-24T04:00:00.000Z
GLASSAMC_AWARE,Pattern of antibiotic consumption at national level (relative use by AWaRe classification),numeric,AFR,Africa,Country,BFA,Burkina Faso,Year,2018,false,AWARE Antibiotics group,Access (%),GLASSAMCAWARE_ANTIBIOTICSGROUP_GLASSAMC_AWARE_A,,,,,,,,,,83.57,,,,,,83.6,,For antibiotics: only J01 reported,EN,2025-09-24T04:00:00.000Z
GLASSAMC_AWARE,Pattern of antibiotic consumption at national level (relative use by AWaRe classification),numeric,EUR,Europe,Country,ISL,Iceland,Year,2018,false,AWARE Antibiotics group,Access (%),GLASSAMCAWARE_ANTIBIOTICSGROUP_GLASSAMC_AWARE_A,,,,,,,,,,84.12,,,,,,84.1,,,EN,2024-09-18T04:00:00.000Z
GLASSAMC_AWARE,Pattern of antibiotic consumption at national level (relative use by AWaRe classification),numeric,SEAR,South-East Asia,Country,TLS,Timor-Leste,Year,2018,false,AWARE Antibiotics group,Access (%),GLASSAMCAWARE_ANTIBIOTICSGROUP_GLASSAMC_AWARE_A,,,,,,,,,,85.25,,,,,,85.2,,,EN,2024-09-18T04:00:00.000Z
GLASSAMC_AWARE,Pattern of antibiotic consumption at national level (relative use by AWaRe classification),numeric,AFR,Africa,Country,ZAF,South Africa,Year,2018,false,AWARE Antibiotics group,Access (%),GLASSAMCAWARE_ANTIBIOTICSGROUP_GLASSAMC_AWARE_A,,,,,,,,,,87.5,,,,,,87.5,,Only consumption in the public sector reported,EN,2024-09-18T04:00:00.000Z
GLASSAMC_AWARE,Pattern of antibiotic consumption at national level (relative use by AWaRe classification),numeric,EUR,Europe,Country,AUT,Austria,Year,2017,false,AWARE Antibiotics group,Not classified (%) / not recommended (%),GLASSAMCAWARE_ANTIBIOTICSGROUP_GLASSAMC_AWARE_O,,,,,,,,,,0,,,,,,0,,Only use in the community reported,EN,2025-09-24T04:00:00.000Z
GLASSAMC_AWARE,Pattern of antibiotic consumption at national level (relative use by AWaRe classification),numeric,SEAR,South-East Asia,Country,BGD,Bangladesh,Year,2017,false,AWARE Antibiotics group,Not classified (%) / not recommended (%),GLASSAMCAWARE_ANTIBIOTICSGROUP_GLASSAMC_AWARE_O,,,,,,,,,,0.044,,,,,,0,,,EN,2025-09-24T04:00:00.000Z
GLASSAMC_AWARE,Pattern of antibiotic consumption at national level (relative use by AWaRe classification),numeric,SEAR,South-East Asia,Country,BGD,Bangladesh,Year,2017,false,AWARE Antibiotics group,Reserve (%),GLASSAMCAWARE_ANTIBIOTICSGROUP_GLASSAMC_AWARE_R,,,,,,,,,,0.047,,,,,,0,,,EN,2024-09-18T04:00:00.000Z
GLASSAMC_AWARE,Pattern of antibiotic consumption at national level (relative use by AWaRe classification),numeric,EUR,Europe,Country,BEL,Belgium,Year,2017,false,AWARE Antibiotics group,Not classified (%) / not recommended (%),GLASSAMCAWARE_ANTIBIOTICSGROUP_GLASSAMC_AWARE_O,,,,,,,,,,0,,,,,,0,,,EN,2025-09-24T04:00:00.000Z
GLASSAMC_AWARE,Pattern of antibiotic consumption at national level (relative use by AWaRe classification),numeric,AFR,Africa,Country,BEN,Benin,Year,2017,false,AWARE Antibiotics group,Reserve (%),GLASSAMCAWARE_ANTIBIOTICSGROUP_GLASSAMC_AWARE_R,,,,,,,,,,0,,,,,,0,,,EN,2024-09-18T04:00:00.000Z
GLASSAMC_AWARE,Pattern of antibiotic consumption at national level (relative use by AWaRe classification),numeric,AFR,Africa,Country,BFA,Burkina Faso,Year,2017,false,AWARE Antibiotics group,Reserve (%),GLASSAMCAWARE_ANTIBIOTICSGROUP_GLASSAMC_AWARE_R,,,,,,,,,,0,,,,,,0,,For antibiotics: only J01 reported,EN,2025-09-24T04:00:00.000Z
GLASSAMC_AWARE,Pattern of antibiotic consumption at national level (relative use by AWaRe classification),numeric,EUR,Europe,Country,HRV,Croatia,Year,2017,false,AWARE Antibiotics group,Not classified (%) / not recommended (%),GLASSAMCAWARE_ANTIBIOTICSGROUP_GLASSAMC_AWARE_O,,,,,,,,,,0.012,,,,,,0,,,EN,2025-09-24T04:00:00.000Z
GLASSAMC_AWARE,Pattern of antibiotic consumption at national level (relative use by AWaRe classification),numeric,EUR,Europe,Country,CYP,Cyprus,Year,2017,false,AWARE Antibiotics group,Not classified (%) / not recommended (%),GLASSAMCAWARE_ANTIBIOTICSGROUP_GLASSAMC_AWARE_O,,,,,,,,,,0.009,,,,,,0,,,EN,2024-09-18T04:00:00.000Z
GLASSAMC_AWARE,Pattern of antibiotic consumption at national level (relative use by AWaRe classification),numeric,EUR,Europe,Country,DNK,Denmark,Year,2017,false,AWARE Antibiotics group,Not classified (%) / not recommended (%),GLASSAMCAWARE_ANTIBIOTICSGROUP_GLASSAMC_AWARE_O,,,,,,,,,,0,,,,,,0,,,EN,2024-09-18T04:00:00.000Z
GLASSAMC_AWARE,Pattern of antibiotic consumption at national level (relative use by AWaRe classification),numeric,EUR,Europe,Country,EST,Estonia,Year,2017,false,AWARE Antibiotics group,Not classified (%) / not recommended (%),GLASSAMCAWARE_ANTIBIOTICSGROUP_GLASSAMC_AWARE_O,,,,,,,,,,0.002,,,,,,0,,,EN,2025-09-24T04:00:00.000Z
GLASSAMC_AWARE,Pattern of antibiotic consumption at national level (relative use by AWaRe classification),numeric,EUR,Europe,Country,FIN,Finland,Year,2017,false,AWARE Antibiotics group,Not classified (%) / not recommended (%),GLASSAMCAWARE_ANTIBIOTICSGROUP_GLASSAMC_AWARE_O,,,,,,,,,,0,,,,,,0,,,EN,2024-09-18T04:00:00.000Z
GLASSAMC_AWARE,Pattern of antibiotic consumption at national level (relative use by AWaRe classification),numeric,EUR,Europe,Country,FRA,France,Year,2017,false,AWARE Antibiotics group,Not classified (%) / not recommended (%),GLASSAMCAWARE_ANTIBIOTICSGROUP_GLASSAMC_AWARE_O,,,,,,,,,,0,,,,,,0,,For antibiotics: only J01 and P01AB reported,EN,2025-09-24T04:00:00.000Z
GLASSAMC_AWARE,Pattern of antibiotic consumption at national level (relative use by AWaRe classification),numeric,EUR,Europe,Country,HUN,Hungary,Year,2017,false,AWARE Antibiotics group,Not classified (%) / not recommended (%),GLASSAMCAWARE_ANTIBIOTICSGROUP_GLASSAMC_AWARE_O,,,,,,,,,,0,,,,,,0,,,EN,2024-09-18T04:00:00.000Z
GLASSAMC_AWARE,Pattern of antibiotic consumption at national level (relative use by AWaRe classification),numeric,EUR,Europe,Country,ISL,Iceland,Year,2017,false,AWARE Antibiotics group,Not classified (%) / not recommended (%),GLASSAMCAWARE_ANTIBIOTICSGROUP_GLASSAMC_AWARE_O,,,,,,,,,,0,,,,,,0,,,EN,2025-09-24T04:00:00.000Z
GLASSAMC_AWARE,Pattern of antibiotic consumption at national level (relative use by AWaRe classification),numeric,EUR,Europe,Country,IRL,Ireland,Year,2017,false,AWARE Antibiotics group,Not classified (%) / not recommended (%),GLASSAMCAWARE_ANTIBIOTICSGROUP_GLASSAMC_AWARE_O,,,,,,,,,,0,,,,,,0,,,EN,2024-09-18T04:00:00.000Z
GLASSAMC_AWARE,Pattern of antibiotic consumption at national level (relative use by AWaRe classification),numeric,EUR,Europe,Country,ITA,Italy,Year,2017,false,AWARE Antibiotics group,Not classified (%) / not recommended (%),GLASSAMCAWARE_ANTIBIOTICSGROUP_GLASSAMC_AWARE_O,,,,,,,,,,0,,,,,,0,,,EN,2025-09-24T04:00:00.000Z
GLASSAMC_AWARE,Pattern of antibiotic consumption at national level (relative use by AWaRe classification),numeric,EMR,Eastern Mediterranean,Country,JOR,Jordan,Year,2017,false,AWARE Antibiotics group,Reserve (%),GLASSAMCAWARE_ANTIBIOTICSGROUP_GLASSAMC_AWARE_R,,,,,,,,,,0.017,,,,,,0,,,EN,2024-09-18T04:00:00.000Z
GLASSAMC_AWARE,Pattern of antibiotic consumption at national level (relative use by AWaRe classification),numeric,SEAR,South-East Asia,Country,MDV,Maldives,Year,2017,false,AWARE Antibiotics group,Reserve (%),GLASSAMCAWARE_ANTIBIOTICSGROUP_GLASSAMC_AWARE_R,,,,,,,,,,0.0006,,,,,,0,,,EN,2025-09-24T04:00:00.000Z
GLASSAMC_AWARE,Pattern of antibiotic consumption at national level (relative use by AWaRe classification),numeric,AFR,Africa,Country,MLI,Mali,Year,2017,false,AWARE Antibiotics group,Reserve (%),GLASSAMCAWARE_ANTIBIOTICSGROUP_GLASSAMC_AWARE_R,,,,,,,,,,0,,,,,,0,,,EN,2024-09-18T04:00:00.000Z
GLASSAMC_AWARE,Pattern of antibiotic consumption at national level (relative use by AWaRe classification),numeric,EUR,Europe,Country,MNE,Montenegro,Year,2017,false,AWARE Antibiotics group,Reserve (%),GLASSAMCAWARE_ANTIBIOTICSGROUP_GLASSAMC_AWARE_R,,,,,,,,,,0.011,,,,,,0,,,EN,2024-09-18T04:00:00.000Z
GLASSAMC_AWARE,Pattern of antibiotic consumption at national level (relative use by AWaRe classification),numeric,SEAR,South-East Asia,Country,NPL,Nepal,Year,2017,false,AWARE Antibiotics group,Reserve (%),GLASSAMCAWARE_ANTIBIOTICSGROUP_GLASSAMC_AWARE_R,,,,,,,,,,0.002,,,,,,0,,,EN,2024-09-18T04:00:00.000Z
GLASSAMC_AWARE,Pattern of antibiotic consumption at national level (relative use by AWaRe classification),numeric,EUR,Europe,Country,NOR,Norway,Year,2017,false,AWARE Antibiotics group,Not classified (%) / not recommended (%),GLASSAMCAWARE_ANTIBIOTICSGROUP_GLASSAMC_AWARE_O,,,,,,,,,,0,,,,,,0,,,EN,2024-09-18T04:00:00.000Z
GLASSAMC_AWARE,Pattern of antibiotic consumption at national level (relative use by AWaRe classification),numeric,EUR,Europe,Country,PRT,Portugal,Year,2017,false,AWARE Antibiotics group,Not classified (%) / not recommended (%),GLASSAMCAWARE_ANTIBIOTICSGROUP_GLASSAMC_AWARE_O,,,,,,,,,,0.025,,,,,,0,,,EN,2025-09-24T04:00:00.000Z
GLASSAMC_AWARE,Pattern of antibiotic consumption at national level (relative use by AWaRe classification),numeric,EUR,Europe,Country,SVN,Slovenia,Year,2017,false,AWARE Antibiotics group,Not classified (%) / not recommended (%),GLASSAMCAWARE_ANTIBIOTICSGROUP_GLASSAMC_AWARE_O,,,,,,,,,,0.0001,,,,,,0,,,EN,2025-09-24T04:00:00.000Z
GLASSAMC_AWARE,Pattern of antibiotic consumption at national level (relative use by AWaRe classification),numeric,EUR,Europe,Country,SWE,Sweden,Year,2017,false,AWARE Antibiotics group,Not classified (%) / not recommended (%),GLASSAMCAWARE_ANTIBIOTICSGROUP_GLASSAMC_AWARE_O,,,,,,,,,,0,,,,,,0,,,EN,2025-09-24T04:00:00.000Z
GLASSAMC_AWARE,Pattern of antibiotic consumption at national level (relative use by AWaRe classification),numeric,EUR,Europe,Country,CHE,Switzerland,Year,2017,false,AWARE Antibiotics group,Not classified (%) / not recommended (%),GLASSAMCAWARE_ANTIBIOTICSGROUP_GLASSAMC_AWARE_O,,,,,,,,,,0,,,,,,0,,For antibiotics: only J01 and P01AB reported,EN,2025-09-24T04:00:00.000Z
GLASSAMC_AWARE,Pattern of antibiotic consumption at national level (relative use by AWaRe classification),numeric,EUR,Europe,Country,TJK,Tajikistan,Year,2017,false,AWARE Antibiotics group,Reserve (%),GLASSAMCAWARE_ANTIBIOTICSGROUP_GLASSAMC_AWARE_R,,,,,,,,,,0.012,,,,,,0,,,EN,2024-09-18T04:00:00.000Z
GLASSAMC_AWARE,Pattern of antibiotic consumption at national level (relative use by AWaRe classification),numeric,SEAR,South-East Asia,Country,TLS,Timor-Leste,Year,2017,false,AWARE Antibiotics group,Not classified (%) / not recommended (%),GLASSAMCAWARE_ANTIBIOTICSGROUP_GLASSAMC_AWARE_O,,,,,,,,,,0,,,,,,0,,,EN,2024-09-18T04:00:00.000Z
GLASSAMC_AWARE,Pattern of antibiotic consumption at national level (relative use by AWaRe classification),numeric,SEAR,South-East Asia,Country,TLS,Timor-Leste,Year,2017,false,AWARE Antibiotics group,Reserve (%),GLASSAMCAWARE_ANTIBIOTICSGROUP_GLASSAMC_AWARE_R,,,,,,,,,,0,,,,,,0,,,EN,2024-09-18T04:00:00.000Z
GLASSAMC_AWARE,Pattern of antibiotic consumption at national level (relative use by AWaRe classification),numeric,EMR,Eastern Mediterranean,Country,TUN,Tunisia,Year,2017,false,AWARE Antibiotics group,Not classified (%) / not recommended (%),GLASSAMCAWARE_ANTIBIOTICSGROUP_GLASSAMC_AWARE_O,,,,,,,,,,0,,,,,,0,,For antibiotics: only J01 and P01AB reported,EN,2025-09-24T04:00:00.000Z
GLASSAMC_AWARE,Pattern of antibiotic consumption at national level (relative use by AWaRe classification),numeric,EMR,Eastern Mediterranean,Country,TUN,Tunisia,Year,2017,false,AWARE Antibiotics group,Reserve (%),GLASSAMCAWARE_ANTIBIOTICSGROUP_GLASSAMC_AWARE_R,,,,,,,,,,0.023,,,,,,0,,For antibiotics: only J01 and P01AB reported,EN,2025-09-24T04:00:00.000Z
GLASSAMC_AWARE,Pattern of antibiotic consumption at national level (relative use by AWaRe classification),numeric,EUR,Europe,Country,GBR,United Kingdom of Great Britain and Northern Ireland,Year,2017,false,AWARE Antibiotics group,Not classified (%) / not recommended (%),GLASSAMCAWARE_ANTIBIOTICSGROUP_GLASSAMC_AWARE_O,,,,,,,,,,0.025,,,,,,0,,Only use in the public sector reported,EN,2025-09-24T04:00:00.000Z
GLASSAMC_AWARE,Pattern of antibiotic consumption at national level (relative use by AWaRe classification),numeric,AFR,Africa,Country,TZA,United Republic of Tanzania,Year,2017,false,AWARE Antibiotics group,Reserve (%),GLASSAMCAWARE_ANTIBIOTICSGROUP_GLASSAMC_AWARE_R,,,,,,,,,,0,,,,,,0,,,EN,2025-09-24T04:00:00.000Z
GLASSAMC_AWARE,Pattern of antibiotic consumption at national level (relative use by AWaRe classification),numeric,EUR,Europe,Country,ARM,Armenia,Year,2017,false,AWARE Antibiotics group,Reserve (%),GLASSAMCAWARE_ANTIBIOTICSGROUP_GLASSAMC_AWARE_R,,,,,,,,,,0.13,,,,,,0.1,,,EN,2025-09-24T04:00:00.000Z
GLASSAMC_AWARE,Pattern of antibiotic consumption at national level (relative use by AWaRe classification),numeric,EUR,Europe,Country,BEL,Belgium,Year,2017,false,AWARE Antibiotics group,Reserve (%),GLASSAMCAWARE_ANTIBIOTICSGROUP_GLASSAMC_AWARE_R,,,,,,,,,,0.12,,,,,,0.1,,,EN,2024-09-18T04:00:00.000Z
GLASSAMC_AWARE,Pattern of antibiotic consumption at national level (relative use by AWaRe classification),numeric,EUR,Europe,Country,HRV,Croatia,Year,2017,false,AWARE Antibiotics group,Reserve (%),GLASSAMCAWARE_ANTIBIOTICSGROUP_GLASSAMC_AWARE_R,,,,,,,,,,0.13,,,,,,0.1,,,EN,2024-09-18T04:00:00.000Z
GLASSAMC_AWARE,Pattern of antibiotic consumption at national level (relative use by AWaRe classification),numeric,EUR,Europe,Country,CYP,Cyprus,Year,2017,false,AWARE Antibiotics group,Reserve (%),GLASSAMCAWARE_ANTIBIOTICSGROUP_GLASSAMC_AWARE_R,,,,,,,,,,0.063,,,,,,0.1,,,EN,2024-09-18T04:00:00.000Z
GLASSAMC_AWARE,Pattern of antibiotic consumption at national level (relative use by AWaRe classification),numeric,EUR,Europe,Country,EST,Estonia,Year,2017,false,AWARE Antibiotics group,Reserve (%),GLASSAMCAWARE_ANTIBIOTICSGROUP_GLASSAMC_AWARE_R,,,,,,,,,,0.13,,,,,,0.1,,,EN,2024-09-18T04:00:00.000Z
GLASSAMC_AWARE,Pattern of antibiotic consumption at national level (relative use by AWaRe classification),numeric,EUR,Europe,Country,FIN,Finland,Year,2017,false,AWARE Antibiotics group,Reserve (%),GLASSAMCAWARE_ANTIBIOTICSGROUP_GLASSAMC_AWARE_R,,,,,,,,,,0.1,,,,,,0.1,,,EN,2024-09-18T04:00:00.000Z
GLASSAMC_AWARE,Pattern of antibiotic consumption at national level (relative use by AWaRe classification),numeric,EUR,Europe,Country,DEU,Germany,Year,2017,false,AWARE Antibiotics group,Reserve (%),GLASSAMCAWARE_ANTIBIOTICSGROUP_GLASSAMC_AWARE_R,,,,,,,,,,0.15,,,,,,0.1,,Only use in the community reported,EN,2025-09-24T04:00:00.000Z
GLASSAMC_AWARE,Pattern of antibiotic consumption at national level (relative use by AWaRe classification),numeric,EUR,Europe,Country,HUN,Hungary,Year,2017,false,AWARE Antibiotics group,Reserve (%),GLASSAMCAWARE_ANTIBIOTICSGROUP_GLASSAMC_AWARE_R,,,,,,,,,,0.061,,,,,,0.1,,,EN,2024-09-18T04:00:00.000Z
GLASSAMC_AWARE,Pattern of antibiotic consumption at national level (relative use by AWaRe classification),numeric,EUR,Europe,Country,ISL,Iceland,Year,2017,false,AWARE Antibiotics group,Reserve (%),GLASSAMCAWARE_ANTIBIOTICSGROUP_GLASSAMC_AWARE_R,,,,,,,,,,0.11,,,,,,0.1,,,EN,2024-09-18T04:00:00.000Z
GLASSAMC_AWARE,Pattern of antibiotic consumption at national level (relative use by AWaRe classification),numeric,EUR,Europe,Country,LVA,Latvia,Year,2017,false,AWARE Antibiotics group,Reserve (%),GLASSAMCAWARE_ANTIBIOTICSGROUP_GLASSAMC_AWARE_R,,,,,,,,,,0.12,,,,,,0.1,,,EN,2024-09-18T04:00:00.000Z
GLASSAMC_AWARE,Pattern of antibiotic consumption at national level (relative use by AWaRe classification),numeric,EUR,Europe,Country,MLT,Malta,Year,2017,false,AWARE Antibiotics group,Reserve (%),GLASSAMCAWARE_ANTIBIOTICSGROUP_GLASSAMC_AWARE_R,,,,,,,,,,0.13,,,,,,0.1,,,EN,2024-09-18T04:00:00.000Z
GLASSAMC_AWARE,Pattern of antibiotic consumption at national level (relative use by AWaRe classification),numeric,SEAR,South-East Asia,Country,NPL,Nepal,Year,2017,false,AWARE Antibiotics group,Not classified (%) / not recommended (%),GLASSAMCAWARE_ANTIBIOTICSGROUP_GLASSAMC_AWARE_O,,,,,,,,,,0.1,,,,,,0.1,,,EN,2024-09-18T04:00:00.000Z
GLASSAMC_AWARE,Pattern of antibiotic consumption at national level (relative use by AWaRe classification),numeric,EUR,Europe,Country,NOR,Norway,Year,2017,false,AWARE Antibiotics group,Reserve (%),GLASSAMCAWARE_ANTIBIOTICSGROUP_GLASSAMC_AWARE_R,,,,,,,,,,0.15,,,,,,0.1,,,EN,2024-09-18T04:00:00.000Z
GLASSAMC_AWARE,Pattern of antibiotic consumption at national level (relative use by AWaRe classification),numeric,EUR,Europe,Country,POL,Poland,Year,2017,false,AWARE Antibiotics group,Not classified (%) / not recommended (%),GLASSAMCAWARE_ANTIBIOTICSGROUP_GLASSAMC_AWARE_O,,,,,,,,,,0.054,,,,,,0.1,,,EN,2025-09-24T04:00:00.000Z
GLASSAMC_AWARE,Pattern of antibiotic consumption at national level (relative use by AWaRe classification),numeric,EUR,Europe,Country,POL,Poland,Year,2017,false,AWARE Antibiotics group,Reserve (%),GLASSAMCAWARE_ANTIBIOTICSGROUP_GLASSAMC_AWARE_R,,,,,,,,,,0.058,,,,,,0.1,,,EN,2024-09-18T04:00:00.000Z
GLASSAMC_AWARE,Pattern of antibiotic consumption at national level (relative use by AWaRe classification),numeric,EUR,Europe,Country,ROU,Romania,Year,2017,false,AWARE Antibiotics group,Not classified (%) / not recommended (%),GLASSAMCAWARE_ANTIBIOTICSGROUP_GLASSAMC_AWARE_O,,,,,,,,,,0.084,,,,,,0.1,,,EN,2025-09-24T04:00:00.000Z
GLASSAMC_AWARE,Pattern of antibiotic consumption at national level (relative use by AWaRe classification),numeric,EUR,Europe,Country,ROU,Romania,Year,2017,false,AWARE Antibiotics group,Reserve (%),GLASSAMCAWARE_ANTIBIOTICSGROUP_GLASSAMC_AWARE_R,,,,,,,,,,0.085,,,,,,0.1,,,EN,2024-09-18T04:00:00.000Z
GLASSAMC_AWARE,Pattern of antibiotic consumption at national level (relative use by AWaRe classification),numeric,EUR,Europe,Country,RUS,Russian Federation,Year,2017,false,AWARE Antibiotics group,Reserve (%),GLASSAMCAWARE_ANTIBIOTICSGROUP_GLASSAMC_AWARE_R,,,,,,,,,,0.066,,,,,,0.1,,,EN,2024-09-18T04:00:00.000Z
GLASSAMC_AWARE,Pattern of antibiotic consumption at national level (relative use by AWaRe classification),numeric,EUR,Europe,Country,UKR,Ukraine,Year,2017,false,AWARE Antibiotics group,Reserve (%),GLASSAMCAWARE_ANTIBIOTICSGROUP_GLASSAMC_AWARE_R,,,,,,,,,,0.11,,,,,,0.1,,,EN,2024-09-18T04:00:00.000Z
GLASSAMC_AWARE,Pattern of antibiotic consumption at national level (relative use by AWaRe classification),numeric,EUR,Europe,Country,AUT,Austria,Year,2017,false,AWARE Antibiotics group,Reserve (%),GLASSAMCAWARE_ANTIBIOTICSGROUP_GLASSAMC_AWARE_R,,,,,,,,,,0.18,,,,,,0.2,,Only use in the community reported,EN,2025-09-24T04:00:00.000Z
GLASSAMC_AWARE,Pattern of antibiotic consumption at national level (relative use by AWaRe classification),numeric,EUR,Europe,Country,DNK,Denmark,Year,2017,false,AWARE Antibiotics group,Reserve (%),GLASSAMCAWARE_ANTIBIOTICSGROUP_GLASSAMC_AWARE_R,,,,,,,,,,0.24,,,,,,0.2,,,EN,2024-09-18T04:00:00.000Z
GLASSAMC_AWARE,Pattern of antibiotic consumption at national level (relative use by AWaRe classification),numeric,EUR,Europe,Country,FRA,France,Year,2017,false,AWARE Antibiotics group,Reserve (%),GLASSAMCAWARE_ANTIBIOTICSGROUP_GLASSAMC_AWARE_R,,,,,,,,,,0.17,,,,,,0.2,,For antibiotics: only J01 and P01AB reported,EN,2025-09-24T04:00:00.000Z
GLASSAMC_AWARE,Pattern of antibiotic consumption at national level (relative use by AWaRe classification),numeric,EUR,Europe,Country,GEO,Georgia,Year,2017,false,AWARE Antibiotics group,Reserve (%),GLASSAMCAWARE_ANTIBIOTICSGROUP_GLASSAMC_AWARE_R,,,,,,,,,,0.18,,,,,,0.2,,,EN,2024-09-18T04:00:00.000Z
GLASSAMC_AWARE,Pattern of antibiotic consumption at national level (relative use by AWaRe classification),numeric,EUR,Europe,Country,LVA,Latvia,Year,2017,false,AWARE Antibiotics group,Not classified (%) / not recommended (%),GLASSAMCAWARE_ANTIBIOTICSGROUP_GLASSAMC_AWARE_O,,,,,,,,,,0.19,,,,,,0.2,,,EN,2025-09-24T04:00:00.000Z
GLASSAMC_AWARE,Pattern of antibiotic consumption at national level (relative use by AWaRe classification),numeric,EUR,Europe,Country,LTU,Lithuania,Year,2017,false,AWARE Antibiotics group,Not classified (%) / not recommended (%),GLASSAMCAWARE_ANTIBIOTICSGROUP_GLASSAMC_AWARE_O,,,,,,,,,,0.17,,,,,,0.2,,,EN,2024-09-18T04:00:00.000Z
GLASSAMC_AWARE,Pattern of antibiotic consumption at national level (relative use by AWaRe classification),numeric,AFR,Africa,Country,MLI,Mali,Year,2017,false,AWARE Antibiotics group,Not classified (%) / not recommended (%),GLASSAMCAWARE_ANTIBIOTICSGROUP_GLASSAMC_AWARE_O,,,,,,,,,,0.16,,,,,,0.2,,,EN,2024-09-18T04:00:00.000Z
GLASSAMC_AWARE,Pattern of antibiotic consumption at national level (relative use by AWaRe classification),numeric,EUR,Europe,Country,PRT,Portugal,Year,2017,false,AWARE Antibiotics group,Reserve (%),GLASSAMCAWARE_ANTIBIOTICSGROUP_GLASSAMC_AWARE_R,,,,,,,,,,0.25,,,,,,0.2,,,EN,2024-09-18T04:00:00.000Z
GLASSAMC_AWARE,Pattern of antibiotic consumption at national level (relative use by AWaRe classification),numeric,EUR,Europe,Country,SVN,Slovenia,Year,2017,false,AWARE Antibiotics group,Reserve (%),GLASSAMCAWARE_ANTIBIOTICSGROUP_GLASSAMC_AWARE_R,,,,,,,,,,0.16,,,,,,0.2,,,EN,2024-09-18T04:00:00.000Z
GLASSAMC_AWARE,Pattern of antibiotic consumption at national level (relative use by AWaRe classification),numeric,EUR,Europe,Country,SWE,Sweden,Year,2017,false,AWARE Antibiotics group,Reserve (%),GLASSAMCAWARE_ANTIBIOTICSGROUP_GLASSAMC_AWARE_R,,,,,,,,,,0.15,,,,,,0.2,,,EN,2024-09-18T04:00:00.000Z
GLASSAMC_AWARE,Pattern of antibiotic consumption at national level (relative use by AWaRe classification),numeric,EUR,Europe,Country,BLR,Belarus,Year,2017,false,AWARE Antibiotics group,Reserve (%),GLASSAMCAWARE_ANTIBIOTICSGROUP_GLASSAMC_AWARE_R,,,,,,,,,,0.34,,,,,,0.3,,,EN,2024-09-18T04:00:00.000Z
GLASSAMC_AWARE,Pattern of antibiotic consumption at national level (relative use by AWaRe classification),numeric,AFR,Africa,Country,BEN,Benin,Year,2017,false,AWARE Antibiotics group,Not classified (%) / not recommended (%),GLASSAMCAWARE_ANTIBIOTICSGROUP_GLASSAMC_AWARE_O,,,,,,,,,,0.35,,,,,,0.3,,,EN,2024-09-18T04:00:00.000Z
GLASSAMC_AWARE,Pattern of antibiotic consumption at national level (relative use by AWaRe classification),numeric,EUR,Europe,Country,IRL,Ireland,Year,2017,false,AWARE Antibiotics group,Reserve (%),GLASSAMCAWARE_ANTIBIOTICSGROUP_GLASSAMC_AWARE_R,,,,,,,,,,0.31,,,,,,0.3,,,EN,2024-09-18T04:00:00.000Z
GLASSAMC_AWARE,Pattern of antibiotic consumption at national level (relative use by AWaRe classification),numeric,EUR,Europe,Country,ITA,Italy,Year,2017,false,AWARE Antibiotics group,Reserve (%),GLASSAMCAWARE_ANTIBIOTICSGROUP_GLASSAMC_AWARE_R,,,,,,,,,,0.31,,,,,,0.3,,,EN,2024-09-18T04:00:00.000Z
GLASSAMC_AWARE,Pattern of antibiotic consumption at national level (relative use by AWaRe classification),numeric,EUR,Europe,Country,LTU,Lithuania,Year,2017,false,AWARE Antibiotics group,Reserve (%),GLASSAMCAWARE_ANTIBIOTICSGROUP_GLASSAMC_AWARE_R,,,,,,,,,,0.25,,,,,,0.3,,,EN,2024-09-18T04:00:00.000Z
GLASSAMC_AWARE,Pattern of antibiotic consumption at national level (relative use by AWaRe classification),numeric,EUR,Europe,Country,ARM,Armenia,Year,2017,false,AWARE Antibiotics group,Not classified (%) / not recommended (%),GLASSAMCAWARE_ANTIBIOTICSGROUP_GLASSAMC_AWARE_O,,,,,,,,,,0.36,,,,,,0.4,,,EN,2025-09-24T04:00:00.000Z
GLASSAMC_AWARE,Pattern of antibiotic consumption at national level (relative use by AWaRe classification),numeric,AFR,Africa,Country,BFA,Burkina Faso,Year,2017,false,AWARE Antibiotics group,Not classified (%) / not recommended (%),GLASSAMCAWARE_ANTIBIOTICSGROUP_GLASSAMC_AWARE_O,,,,,,,,,,0.39,,,,,,0.4,,For antibiotics: only J01 reported,EN,2025-09-24T04:00:00.000Z
GLASSAMC_AWARE,Pattern of antibiotic consumption at national level (relative use by AWaRe classification),numeric,EUR,Europe,Country,DEU,Germany,Year,2017,false,AWARE Antibiotics group,Not classified (%) / not recommended (%),GLASSAMCAWARE_ANTIBIOTICSGROUP_GLASSAMC_AWARE_O,,,,,,,,,,0.37,,,,,,0.4,,Only use in the community reported,EN,2025-09-24T04:00:00.000Z
GLASSAMC_AWARE,Pattern of antibiotic consumption at national level (relative use by AWaRe classification),numeric,EUR,Europe,Country,CHE,Switzerland,Year,2017,false,AWARE Antibiotics group,Reserve (%),GLASSAMCAWARE_ANTIBIOTICSGROUP_GLASSAMC_AWARE_R,,,,,,,,,,0.38,,,,,,0.4,,For antibiotics: only J01 and P01AB reported,EN,2025-09-24T04:00:00.000Z
GLASSAMC_AWARE,Pattern of antibiotic consumption at national level (relative use by AWaRe classification),numeric,EUR,Europe,Country,GBR,United Kingdom of Great Britain and Northern Ireland,Year,2017,false,AWARE Antibiotics group,Reserve (%),GLASSAMCAWARE_ANTIBIOTICSGROUP_GLASSAMC_AWARE_R,,,,,,,,,,0.37,,,,,,0.4,,Only use in the public sector reported,EN,2025-09-24T04:00:00.000Z
GLASSAMC_AWARE,Pattern of antibiotic consumption at national level (relative use by AWaRe classification),numeric,EUR,Europe,Country,MNE,Montenegro,Year,2017,false,AWARE Antibiotics group,Not classified (%) / not recommended (%),GLASSAMCAWARE_ANTIBIOTICSGROUP_GLASSAMC_AWARE_O,,,,,,,,,,0.5,,,,,,0.5,,,EN,2025-09-24T04:00:00.000Z
GLASSAMC_AWARE,Pattern of antibiotic consumption at national level (relative use by AWaRe classification),numeric,EUR,Europe,Country,ESP,Spain,Year,2017,false,AWARE Antibiotics group,Reserve (%),GLASSAMCAWARE_ANTIBIOTICSGROUP_GLASSAMC_AWARE_R,,,,,,,,,,0.48,,,,,,0.5,,,EN,2024-09-18T04:00:00.000Z
GLASSAMC_AWARE,Pattern of antibiotic consumption at national level (relative use by AWaRe classification),numeric,EUR,Europe,Country,BLR,Belarus,Year,2017,false,AWARE Antibiotics group,Not classified (%) / not recommended (%),GLASSAMCAWARE_ANTIBIOTICSGROUP_GLASSAMC_AWARE_O,,,,,,,,,,0.72,,,,,,0.7,,,EN,2024-09-18T04:00:00.000Z
GLASSAMC_AWARE,Pattern of antibiotic consumption at national level (relative use by AWaRe classification),numeric,EUR,Europe,Country,ESP,Spain,Year,2017,false,AWARE Antibiotics group,Not classified (%) / not recommended (%),GLASSAMCAWARE_ANTIBIOTICSGROUP_GLASSAMC_AWARE_O,,,,,,,,,,0.84,,,,,,0.8,,,EN,2025-09-24T04:00:00.000Z
GLASSAMC_AWARE,Pattern of antibiotic consumption at national level (relative use by AWaRe classification),numeric,EMR,Eastern Mediterranean,Country,JOR,Jordan,Year,2017,false,AWARE Antibiotics group,Not classified (%) / not recommended (%),GLASSAMCAWARE_ANTIBIOTICSGROUP_GLASSAMC_AWARE_O,,,,,,,,,,1.14,,,,,,1.1,,,EN,2024-09-18T04:00:00.000Z
GLASSAMC_AWARE,Pattern of antibiotic consumption at national level (relative use by AWaRe classification),numeric,SEAR,South-East Asia,Country,MDV,Maldives,Year,2017,false,AWARE Antibiotics group,Not classified (%) / not recommended (%),GLASSAMCAWARE_ANTIBIOTICSGROUP_GLASSAMC_AWARE_O,,,,,,,,,,1.07,,,,,,1.1,,,EN,2025-09-24T04:00:00.000Z
GLASSAMC_AWARE,Pattern of antibiotic consumption at national level (relative use by AWaRe classification),numeric,EUR,Europe,Country,MLT,Malta,Year,2017,false,AWARE Antibiotics group,Not classified (%) / not recommended (%),GLASSAMCAWARE_ANTIBIOTICSGROUP_GLASSAMC_AWARE_O,,,,,,,,,,1.27,,,,,,1.3,,,EN,2024-09-18T04:00:00.000Z
GLASSAMC_AWARE,Pattern of antibiotic consumption at national level (relative use by AWaRe classification),numeric,AFR,Africa,Country,BFA,Burkina Faso,Year,2017,false,AWARE Antibiotics group,Watch (%),GLASSAMCAWARE_ANTIBIOTICSGROUP_GLASSAMC_AWARE_W,,,,,,,,,,12.32,,,,,,12.3,,For antibiotics: only J01 reported,EN,2025-09-24T04:00:00.000Z
GLASSAMC_AWARE,Pattern of antibiotic consumption at national level (relative use by AWaRe classification),numeric,SEAR,South-East Asia,Country,TLS,Timor-Leste,Year,2017,false,AWARE Antibiotics group,Watch (%),GLASSAMCAWARE_ANTIBIOTICSGROUP_GLASSAMC_AWARE_W,,,,,,,,,,12.42,,,,,,12.4,,,EN,2024-09-18T04:00:00.000Z
GLASSAMC_AWARE,Pattern of antibiotic consumption at national level (relative use by AWaRe classification),numeric,EUR,Europe,Country,ISL,Iceland,Year,2017,false,AWARE Antibiotics group,Watch (%),GLASSAMCAWARE_ANTIBIOTICSGROUP_GLASSAMC_AWARE_W,,,,,,,,,,15.17,,,,,,15.2,,,EN,2025-09-24T04:00:00.000Z
GLASSAMC_AWARE,Pattern of antibiotic consumption at national level (relative use by AWaRe classification),numeric,EUR,Europe,Country,RUS,Russian Federation,Year,2017,false,AWARE Antibiotics group,Not classified (%) / not recommended (%),GLASSAMCAWARE_ANTIBIOTICSGROUP_GLASSAMC_AWARE_O,,,,,,,,,,2.17,,,,,,2.2,,,EN,2025-09-24T04:00:00.000Z
GLASSAMC_AWARE,Pattern of antibiotic consumption at national level (relative use by AWaRe classification),numeric,EUR,Europe,Country,GEO,Georgia,Year,2017,false,AWARE Antibiotics group,Not classified (%) / not recommended (%),GLASSAMCAWARE_ANTIBIOTICSGROUP_GLASSAMC_AWARE_O,,,,,,,,,,2.67,,,,,,2.7,,,EN,2024-09-18T04:00:00.000Z
GLASSAMC_AWARE,Pattern of antibiotic consumption at national level (relative use by AWaRe classification),numeric,AFR,Africa,Country,TZA,United Republic of Tanzania,Year,2017,false,AWARE Antibiotics group,Not classified (%) / not recommended (%),GLASSAMCAWARE_ANTIBIOTICSGROUP_GLASSAMC_AWARE_O,,,,,,,,,,2.75,,,,,,2.8,,,EN,2025-09-24T04:00:00.000Z
GLASSAMC_AWARE,Pattern of antibiotic consumption at national level (relative use by AWaRe classification),numeric,EUR,Europe,Country,DNK,Denmark,Year,2017,false,AWARE Antibiotics group,Watch (%),GLASSAMCAWARE_ANTIBIOTICSGROUP_GLASSAMC_AWARE_W,,,,,,,,,,20,,,,,,20,,,EN,2025-09-24T04:00:00.000Z
GLASSAMC_AWARE,Pattern of antibiotic consumption at national level (relative use by AWaRe classification),numeric,EUR,Europe,Country,NOR,Norway,Year,2017,false,AWARE Antibiotics group,Watch (%),GLASSAMCAWARE_ANTIBIOTICSGROUP_GLASSAMC_AWARE_W,,,,,,,,,,20.33,,,,,,20.3,,,EN,2024-09-18T04:00:00.000Z
GLASSAMC_AWARE,Pattern of antibiotic consumption at national level (relative use by AWaRe classification),numeric,EUR,Europe,Country,FIN,Finland,Year,2017,false,AWARE Antibiotics group,Watch (%),GLASSAMCAWARE_ANTIBIOTICSGROUP_GLASSAMC_AWARE_W,,,,,,,,,,21.56,,,,,,21.6,,,EN,2024-09-18T04:00:00.000Z
GLASSAMC_AWARE,Pattern of antibiotic consumption at national level (relative use by AWaRe classification),numeric,EUR,Europe,Country,SWE,Sweden,Year,2017,false,AWARE Antibiotics group,Watch (%),GLASSAMCAWARE_ANTIBIOTICSGROUP_GLASSAMC_AWARE_W,,,,,,,,,,21.77,,,,,,21.8,,,EN,2025-09-24T04:00:00.000Z
GLASSAMC_AWARE,Pattern of antibiotic consumption at national level (relative use by AWaRe classification),numeric,SEAR,South-East Asia,Country,MDV,Maldives,Year,2017,false,AWARE Antibiotics group,Access (%),GLASSAMCAWARE_ANTIBIOTICSGROUP_GLASSAMC_AWARE_A,,,,,,,,,,23.34,,,,,,23.3,,,EN,2025-09-24T04:00:00.000Z
GLASSAMC_AWARE,Pattern of antibiotic consumption at national level (relative use by AWaRe classification),numeric,EMR,Eastern Mediterranean,Country,TUN,Tunisia,Year,2017,false,AWARE Antibiotics group,Watch (%),GLASSAMCAWARE_ANTIBIOTICSGROUP_GLASSAMC_AWARE_W,,,,,,,,,,24.93,,,,,,24.9,,For antibiotics: only J01 and P01AB reported,EN,2025-09-24T04:00:00.000Z
GLASSAMC_AWARE,Pattern of antibiotic consumption at national level (relative use by AWaRe classification),numeric,EUR,Europe,Country,SVN,Slovenia,Year,2017,false,AWARE Antibiotics group,Watch (%),GLASSAMCAWARE_ANTIBIOTICSGROUP_GLASSAMC_AWARE_W,,,,,,,,,,26.78,,,,,,26.8,,,EN,2024-09-18T04:00:00.000Z
GLASSAMC_AWARE,Pattern of antibiotic consumption at national level (relative use by AWaRe classification),numeric,EUR,Europe,Country,FRA,France,Year,2017,false,AWARE Antibiotics group,Watch (%),GLASSAMCAWARE_ANTIBIOTICSGROUP_GLASSAMC_AWARE_W,,,,,,,,,,28.7,,,,,,28.7,,For antibiotics: only J01 and P01AB reported,EN,2025-09-24T04:00:00.000Z
GLASSAMC_AWARE,Pattern of antibiotic consumption at national level (relative use by AWaRe classification),numeric,EUR,Europe,Country,LTU,Lithuania,Year,2017,false,AWARE Antibiotics group,Watch (%),GLASSAMCAWARE_ANTIBIOTICSGROUP_GLASSAMC_AWARE_W,,,,,,,,,,29.2,,,,,,29.2,,,EN,2024-09-18T04:00:00.000Z
GLASSAMC_AWARE,Pattern of antibiotic consumption at national level (relative use by AWaRe classification),numeric,EUR,Europe,Country,TJK,Tajikistan,Year,2017,false,AWARE Antibiotics group,Not classified (%) / not recommended (%),GLASSAMCAWARE_ANTIBIOTICSGROUP_GLASSAMC_AWARE_O,,,,,,,,,,3.51,,,,,,3.5,,,EN,2025-09-24T04:00:00.000Z
GLASSAMC_AWARE,Pattern of antibiotic consumption at national level (relative use by AWaRe classification),numeric,EUR,Europe,Country,LVA,Latvia,Year,2017,false,AWARE Antibiotics group,Watch (%),GLASSAMCAWARE_ANTIBIOTICSGROUP_GLASSAMC_AWARE_W,,,,,,,,,,30.38,,,,,,30.4,,,EN,2024-09-18T04:00:00.000Z
GLASSAMC_AWARE,Pattern of antibiotic consumption at national level (relative use by AWaRe classification),numeric,SEAR,South-East Asia,Country,NPL,Nepal,Year,2017,false,AWARE Antibiotics group,Access (%),GLASSAMCAWARE_ANTIBIOTICSGROUP_GLASSAMC_AWARE_A,,,,,,,,,,31.95,,,,,,31.9,,,EN,2024-09-18T04:00:00.000Z
GLASSAMC_AWARE,Pattern of antibiotic consumption at national level (relative use by AWaRe classification),numeric,AFR,Africa,Country,BEN,Benin,Year,2017,false,AWARE Antibiotics group,Watch (%),GLASSAMCAWARE_ANTIBIOTICSGROUP_GLASSAMC_AWARE_W,,,,,,,,,,32.28,,,,,,32.3,,,EN,2024-09-18T04:00:00.000Z
GLASSAMC_AWARE,Pattern of antibiotic consumption at national level (relative use by AWaRe classification),numeric,EUR,Europe,Country,ARM,Armenia,Year,2017,false,AWARE Antibiotics group,Watch (%),GLASSAMCAWARE_ANTIBIOTICSGROUP_GLASSAMC_AWARE_W,,,,,,,,,,32.52,,,,,,32.5,,,EN,2025-09-24T04:00:00.000Z
GLASSAMC_AWARE,Pattern of antibiotic consumption at national level (relative use by AWaRe classification),numeric,EUR,Europe,Country,GBR,United Kingdom of Great Britain and Northern Ireland,Year,2017,false,AWARE Antibiotics group,Watch (%),GLASSAMCAWARE_ANTIBIOTICSGROUP_GLASSAMC_AWARE_W,,,,,,,,,,33.06,,,,,,33.1,,Only use in the public sector reported,EN,2025-09-24T04:00:00.000Z
GLASSAMC_AWARE,Pattern of antibiotic consumption at national level (relative use by AWaRe classification),numeric,EUR,Europe,Country,GEO,Georgia,Year,2017,false,AWARE Antibiotics group,Watch (%),GLASSAMCAWARE_ANTIBIOTICSGROUP_GLASSAMC_AWARE_W,,,,,,,,,,33.28,,,,,,33.3,,,EN,2024-09-18T04:00:00.000Z
GLASSAMC_AWARE,Pattern of antibiotic consumption at national level (relative use by AWaRe classification),numeric,EMR,Eastern Mediterranean,Country,JOR,Jordan,Year,2017,false,AWARE Antibiotics group,Watch (%),GLASSAMCAWARE_ANTIBIOTICSGROUP_GLASSAMC_AWARE_W,,,,,,,,,,33.62,,,,,,33.6,,,EN,2024-09-18T04:00:00.000Z
GLASSAMC_AWARE,Pattern of antibiotic consumption at national level (relative use by AWaRe classification),numeric,EUR,Europe,Country,IRL,Ireland,Year,2017,false,AWARE Antibiotics group,Watch (%),GLASSAMCAWARE_ANTIBIOTICSGROUP_GLASSAMC_AWARE_W,,,,,,,,,,35.52,,,,,,35.5,,,EN,2024-09-18T04:00:00.000Z
GLASSAMC_AWARE,Pattern of antibiotic consumption at national level (relative use by AWaRe classification),numeric,EUR,Europe,Country,ESP,Spain,Year,2017,false,AWARE Antibiotics group,Watch (%),GLASSAMCAWARE_ANTIBIOTICSGROUP_GLASSAMC_AWARE_W,,,,,,,,,,35.53,,,,,,35.5,,,EN,2025-09-24T04:00:00.000Z
GLASSAMC_AWARE,Pattern of antibiotic consumption at national level (relative use by AWaRe classification),numeric,EUR,Europe,Country,HRV,Croatia,Year,2017,false,AWARE Antibiotics group,Watch (%),GLASSAMCAWARE_ANTIBIOTICSGROUP_GLASSAMC_AWARE_W,,,,,,,,,,36.03,,,,,,36,,,EN,2025-09-24T04:00:00.000Z
GLASSAMC_AWARE,Pattern of antibiotic consumption at national level (relative use by AWaRe classification),numeric,EUR,Europe,Country,BEL,Belgium,Year,2017,false,AWARE Antibiotics group,Watch (%),GLASSAMCAWARE_ANTIBIOTICSGROUP_GLASSAMC_AWARE_W,,,,,,,,,,36.64,,,,,,36.6,,,EN,2025-09-24T04:00:00.000Z
GLASSAMC_AWARE,Pattern of antibiotic consumption at national level (relative use by AWaRe classification),numeric,EUR,Europe,Country,PRT,Portugal,Year,2017,false,AWARE Antibiotics group,Watch (%),GLASSAMCAWARE_ANTIBIOTICSGROUP_GLASSAMC_AWARE_W,,,,,,,,,,36.63,,,,,,36.6,,,EN,2025-09-24T04:00:00.000Z
GLASSAMC_AWARE,Pattern of antibiotic consumption at national level (relative use by AWaRe classification),numeric,EUR,Europe,Country,BLR,Belarus,Year,2017,false,AWARE Antibiotics group,Watch (%),GLASSAMCAWARE_ANTIBIOTICSGROUP_GLASSAMC_AWARE_W,,,,,,,,,,36.65,,,,,,36.7,,,EN,2024-09-18T04:00:00.000Z
GLASSAMC_AWARE,Pattern of antibiotic consumption at national level (relative use by AWaRe classification),numeric,EUR,Europe,Country,MNE,Montenegro,Year,2017,false,AWARE Antibiotics group,Watch (%),GLASSAMCAWARE_ANTIBIOTICSGROUP_GLASSAMC_AWARE_W,,,,,,,,,,38.34,,,,,,38.3,,,EN,2024-09-18T04:00:00.000Z
GLASSAMC_AWARE,Pattern of antibiotic consumption at national level (relative use by AWaRe classification),numeric,EUR,Europe,Country,AUT,Austria,Year,2017,false,AWARE Antibiotics group,Watch (%),GLASSAMCAWARE_ANTIBIOTICSGROUP_GLASSAMC_AWARE_W,,,,,,,,,,39.74,,,,,,39.7,,Only use in the community reported,EN,2025-09-24T04:00:00.000Z
GLASSAMC_AWARE,Pattern of antibiotic consumption at national level (relative use by AWaRe classification),numeric,EUR,Europe,Country,UKR,Ukraine,Year,2017,false,AWARE Antibiotics group,Not classified (%) / not recommended (%),GLASSAMCAWARE_ANTIBIOTICSGROUP_GLASSAMC_AWARE_O,,,,,,,,,,4.14,,,,,,4.1,,,EN,2025-09-24T04:00:00.000Z
GLASSAMC_AWARE,Pattern of antibiotic consumption at national level (relative use by AWaRe classification),numeric,EUR,Europe,Country,CHE,Switzerland,Year,2017,false,AWARE Antibiotics group,Watch (%),GLASSAMCAWARE_ANTIBIOTICSGROUP_GLASSAMC_AWARE_W,,,,,,,,,,40.06,,,,,,40.1,,For antibiotics: only J01 and P01AB reported,EN,2025-09-24T04:00:00.000Z
GLASSAMC_AWARE,Pattern of antibiotic consumption at national level (relative use by AWaRe classification),numeric,EUR,Europe,Country,POL,Poland,Year,2017,false,AWARE Antibiotics group,Watch (%),GLASSAMCAWARE_ANTIBIOTICSGROUP_GLASSAMC_AWARE_W,,,,,,,,,,40.27,,,,,,40.3,,,EN,2025-09-24T04:00:00.000Z
GLASSAMC_AWARE,Pattern of antibiotic consumption at national level (relative use by AWaRe classification),numeric,EUR,Europe,Country,EST,Estonia,Year,2017,false,AWARE Antibiotics group,Watch (%),GLASSAMCAWARE_ANTIBIOTICSGROUP_GLASSAMC_AWARE_W,,,,,,,,,,40.45,,,,,,40.5,,,EN,2025-09-24T04:00:00.000Z
GLASSAMC_AWARE,Pattern of antibiotic consumption at national level (relative use by AWaRe classification),numeric,EUR,Europe,Country,UKR,Ukraine,Year,2017,false,AWARE Antibiotics group,Access (%),GLASSAMCAWARE_ANTIBIOTICSGROUP_GLASSAMC_AWARE_A,,,,,,,,,,41.72,,,,,,41.7,,,EN,2024-09-18T04:00:00.000Z
GLASSAMC_AWARE,Pattern of antibiotic consumption at national level (relative use by AWaRe classification),numeric,AFR,Africa,Country,MLI,Mali,Year,2017,false,AWARE Antibiotics group,Watch (%),GLASSAMCAWARE_ANTIBIOTICSGROUP_GLASSAMC_AWARE_W,,,,,,,,,,43.33,,,,,,43.3,,,EN,2024-09-18T04:00:00.000Z
GLASSAMC_AWARE,Pattern of antibiotic consumption at national level (relative use by AWaRe classification),numeric,EUR,Europe,Country,DEU,Germany,Year,2017,false,AWARE Antibiotics group,Watch (%),GLASSAMCAWARE_ANTIBIOTICSGROUP_GLASSAMC_AWARE_W,,,,,,,,,,44.37,,,,,,44.4,,Only use in the community reported,EN,2025-09-24T04:00:00.000Z
GLASSAMC_AWARE,Pattern of antibiotic consumption at national level (relative use by AWaRe classification),numeric,EUR,Europe,Country,ROU,Romania,Year,2017,false,AWARE Antibiotics group,Watch (%),GLASSAMCAWARE_ANTIBIOTICSGROUP_GLASSAMC_AWARE_W,,,,,,,,,,45.1,,,,,,45.1,,,EN,2025-09-24T04:00:00.000Z
GLASSAMC_AWARE,Pattern of antibiotic consumption at national level (relative use by AWaRe classification),numeric,EUR,Europe,Country,RUS,Russian Federation,Year,2017,false,AWARE Antibiotics group,Watch (%),GLASSAMCAWARE_ANTIBIOTICSGROUP_GLASSAMC_AWARE_W,,,,,,,,,,45.47,,,,,,45.5,,,EN,2025-09-24T04:00:00.000Z
GLASSAMC_AWARE,Pattern of antibiotic consumption at national level (relative use by AWaRe classification),numeric,EUR,Europe,Country,TJK,Tajikistan,Year,2017,false,AWARE Antibiotics group,Access (%),GLASSAMCAWARE_ANTIBIOTICSGROUP_GLASSAMC_AWARE_A,,,,,,,,,,46.19,,,,,,46.2,,,EN,2024-09-18T04:00:00.000Z
GLASSAMC_AWARE,Pattern of antibiotic consumption at national level (relative use by AWaRe classification),numeric,EUR,Europe,Country,ITA,Italy,Year,2017,false,AWARE Antibiotics group,Access (%),GLASSAMCAWARE_ANTIBIOTICSGROUP_GLASSAMC_AWARE_A,,,,,,,,,,47.56,,,,,,47.6,,,EN,2024-09-18T04:00:00.000Z
GLASSAMC_AWARE,Pattern of antibiotic consumption at national level (relative use by AWaRe classification),numeric,EUR,Europe,Country,HUN,Hungary,Year,2017,false,AWARE Antibiotics group,Access (%),GLASSAMCAWARE_ANTIBIOTICSGROUP_GLASSAMC_AWARE_A,,,,,,,,,,47.71,,,,,,47.7,,,EN,2024-09-18T04:00:00.000Z
GLASSAMC_AWARE,Pattern of antibiotic consumption at national level (relative use by AWaRe classification),numeric,SEAR,South-East Asia,Country,BGD,Bangladesh,Year,2017,false,AWARE Antibiotics group,Access (%),GLASSAMCAWARE_ANTIBIOTICSGROUP_GLASSAMC_AWARE_A,,,,,,,,,,48.13,,,,,,48.1,,,EN,2024-09-18T04:00:00.000Z
GLASSAMC_AWARE,Pattern of antibiotic consumption at national level (relative use by AWaRe classification),numeric,EUR,Europe,Country,MLT,Malta,Year,2017,false,AWARE Antibiotics group,Watch (%),GLASSAMCAWARE_ANTIBIOTICSGROUP_GLASSAMC_AWARE_W,,,,,,,,,,49.1,,,,,,49.1,,,EN,2024-09-18T04:00:00.000Z
GLASSAMC_AWARE,Pattern of antibiotic consumption at national level (relative use by AWaRe classification),numeric,EUR,Europe,Country,CYP,Cyprus,Year,2017,false,AWARE Antibiotics group,Access (%),GLASSAMCAWARE_ANTIBIOTICSGROUP_GLASSAMC_AWARE_A,,,,,,,,,,49.19,,,,,,49.2,,,EN,2024-09-18T04:00:00.000Z
GLASSAMC_AWARE,Pattern of antibiotic consumption at national level (relative use by AWaRe classification),numeric,EUR,Europe,Country,MLT,Malta,Year,2017,false,AWARE Antibiotics group,Access (%),GLASSAMCAWARE_ANTIBIOTICSGROUP_GLASSAMC_AWARE_A,,,,,,,,,,49.51,,,,,,49.5,,,EN,2024-09-18T04:00:00.000Z
GLASSAMC_AWARE,Pattern of antibiotic consumption at national level (relative use by AWaRe classification),numeric,AFR,Africa,Country,TZA,United Republic of Tanzania,Year,2017,false,AWARE Antibiotics group,Watch (%),GLASSAMCAWARE_ANTIBIOTICSGROUP_GLASSAMC_AWARE_W,,,,,,,,,,5.33,,,,,,5.3,,,EN,2025-09-24T04:00:00.000Z
GLASSAMC_AWARE,Pattern of antibiotic consumption at national level (relative use by AWaRe classification),numeric,EUR,Europe,Country,TJK,Tajikistan,Year,2017,false,AWARE Antibiotics group,Watch (%),GLASSAMCAWARE_ANTIBIOTICSGROUP_GLASSAMC_AWARE_W,,,,,,,,,,50.29,,,,,,50.3,,,EN,2025-09-24T04:00:00.000Z
GLASSAMC_AWARE,Pattern of antibiotic consumption at national level (relative use by AWaRe classification),numeric,EUR,Europe,Country,CYP,Cyprus,Year,2017,false,AWARE Antibiotics group,Watch (%),GLASSAMCAWARE_ANTIBIOTICSGROUP_GLASSAMC_AWARE_W,,,,,,,,,,50.74,,,,,,50.7,,,EN,2024-09-18T04:00:00.000Z
GLASSAMC_AWARE,Pattern of antibiotic consumption at national level (relative use by AWaRe classification),numeric,SEAR,South-East Asia,Country,BGD,Bangladesh,Year,2017,false,AWARE Antibiotics group,Watch (%),GLASSAMCAWARE_ANTIBIOTICSGROUP_GLASSAMC_AWARE_W,,,,,,,,,,51.78,,,,,,51.8,,,EN,2025-09-24T04:00:00.000Z
GLASSAMC_AWARE,Pattern of antibiotic consumption at national level (relative use by AWaRe classification),numeric,EUR,Europe,Country,ITA,Italy,Year,2017,false,AWARE Antibiotics group,Watch (%),GLASSAMCAWARE_ANTIBIOTICSGROUP_GLASSAMC_AWARE_W,,,,,,,,,,52.13,,,,,,52.1,,,EN,2025-09-24T04:00:00.000Z
GLASSAMC_AWARE,Pattern of antibiotic consumption at national level (relative use by AWaRe classification),numeric,EUR,Europe,Country,HUN,Hungary,Year,2017,false,AWARE Antibiotics group,Watch (%),GLASSAMCAWARE_ANTIBIOTICSGROUP_GLASSAMC_AWARE_W,,,,,,,,,,52.23,,,,,,52.2,,,EN,2024-09-18T04:00:00.000Z
GLASSAMC_AWARE,Pattern of antibiotic consumption at national level (relative use by AWaRe classification),numeric,EUR,Europe,Country,RUS,Russian Federation,Year,2017,false,AWARE Antibiotics group,Access (%),GLASSAMCAWARE_ANTIBIOTICSGROUP_GLASSAMC_AWARE_A,,,,,,,,,,52.29,,,,,,52.3,,,EN,2025-09-24T04:00:00.000Z
GLASSAMC_AWARE,Pattern of antibiotic consumption at national level (relative use by AWaRe classification),numeric,EUR,Europe,Country,UKR,Ukraine,Year,2017,false,AWARE Antibiotics group,Watch (%),GLASSAMCAWARE_ANTIBIOTICSGROUP_GLASSAMC_AWARE_W,,,,,,,,,,54.03,,,,,,54,,,EN,2025-09-24T04:00:00.000Z
GLASSAMC_AWARE,Pattern of antibiotic consumption at national level (relative use by AWaRe classification),numeric,EUR,Europe,Country,ROU,Romania,Year,2017,false,AWARE Antibiotics group,Access (%),GLASSAMCAWARE_ANTIBIOTICSGROUP_GLASSAMC_AWARE_A,,,,,,,,,,54.73,,,,,,54.7,,,EN,2024-09-18T04:00:00.000Z
GLASSAMC_AWARE,Pattern of antibiotic consumption at national level (relative use by AWaRe classification),numeric,EUR,Europe,Country,DEU,Germany,Year,2017,false,AWARE Antibiotics group,Access (%),GLASSAMCAWARE_ANTIBIOTICSGROUP_GLASSAMC_AWARE_A,,,,,,,,,,55.11,,,,,,55.1,,Only use in the community reported,EN,2025-09-24T04:00:00.000Z
GLASSAMC_AWARE,Pattern of antibiotic consumption at national level (relative use by AWaRe classification),numeric,AFR,Africa,Country,MLI,Mali,Year,2017,false,AWARE Antibiotics group,Access (%),GLASSAMCAWARE_ANTIBIOTICSGROUP_GLASSAMC_AWARE_A,,,,,,,,,,56.51,,,,,,56.5,,,EN,2024-09-18T04:00:00.000Z
GLASSAMC_AWARE,Pattern of antibiotic consumption at national level (relative use by AWaRe classification),numeric,EUR,Europe,Country,EST,Estonia,Year,2017,false,AWARE Antibiotics group,Access (%),GLASSAMCAWARE_ANTIBIOTICSGROUP_GLASSAMC_AWARE_A,,,,,,,,,,59.42,,,,,,59.4,,,EN,2024-09-18T04:00:00.000Z
GLASSAMC_AWARE,Pattern of antibiotic consumption at national level (relative use by AWaRe classification),numeric,EUR,Europe,Country,POL,Poland,Year,2017,false,AWARE Antibiotics group,Access (%),GLASSAMCAWARE_ANTIBIOTICSGROUP_GLASSAMC_AWARE_A,,,,,,,,,,59.62,,,,,,59.6,,,EN,2024-09-18T04:00:00.000Z
GLASSAMC_AWARE,Pattern of antibiotic consumption at national level (relative use by AWaRe classification),numeric,EUR,Europe,Country,CHE,Switzerland,Year,2017,false,AWARE Antibiotics group,Access (%),GLASSAMCAWARE_ANTIBIOTICSGROUP_GLASSAMC_AWARE_A,,,,,,,,,,59.56,,,,,,59.6,,For antibiotics: only J01 and P01AB reported,EN,2025-09-24T04:00:00.000Z
GLASSAMC_AWARE,Pattern of antibiotic consumption at national level (relative use by AWaRe classification),numeric,EUR,Europe,Country,AUT,Austria,Year,2017,false,AWARE Antibiotics group,Access (%),GLASSAMCAWARE_ANTIBIOTICSGROUP_GLASSAMC_AWARE_A,,,,,,,,,,60.08,,,,,,60.1,,Only use in the community reported,EN,2025-09-24T04:00:00.000Z
GLASSAMC_AWARE,Pattern of antibiotic consumption at national level (relative use by AWaRe classification),numeric,EUR,Europe,Country,MNE,Montenegro,Year,2017,false,AWARE Antibiotics group,Access (%),GLASSAMCAWARE_ANTIBIOTICSGROUP_GLASSAMC_AWARE_A,,,,,,,,,,61.15,,,,,,61.1,,,EN,2025-09-24T04:00:00.000Z
GLASSAMC_AWARE,Pattern of antibiotic consumption at national level (relative use by AWaRe classification),numeric,EUR,Europe,Country,BLR,Belarus,Year,2017,false,AWARE Antibiotics group,Access (%),GLASSAMCAWARE_ANTIBIOTICSGROUP_GLASSAMC_AWARE_A,,,,,,,,,,62.29,,,,,,62.3,,,EN,2024-09-18T04:00:00.000Z
GLASSAMC_AWARE,Pattern of antibiotic consumption at national level (relative use by AWaRe classification),numeric,EUR,Europe,Country,PRT,Portugal,Year,2017,false,AWARE Antibiotics group,Access (%),GLASSAMCAWARE_ANTIBIOTICSGROUP_GLASSAMC_AWARE_A,,,,,,,,,,63.1,,,,,,63.1,,,EN,2024-09-18T04:00:00.000Z
GLASSAMC_AWARE,Pattern of antibiotic consumption at national level (relative use by AWaRe classification),numeric,EUR,Europe,Country,BEL,Belgium,Year,2017,false,AWARE Antibiotics group,Access (%),GLASSAMCAWARE_ANTIBIOTICSGROUP_GLASSAMC_AWARE_A,,,,,,,,,,63.24,,,,,,63.2,,,EN,2024-09-18T04:00:00.000Z
GLASSAMC_AWARE,Pattern of antibiotic consumption at national level (relative use by AWaRe classification),numeric,EUR,Europe,Country,ESP,Spain,Year,2017,false,AWARE Antibiotics group,Access (%),GLASSAMCAWARE_ANTIBIOTICSGROUP_GLASSAMC_AWARE_A,,,,,,,,,,63.16,,,,,,63.2,,,EN,2025-09-24T04:00:00.000Z
GLASSAMC_AWARE,Pattern of antibiotic consumption at national level (relative use by AWaRe classification),numeric,EUR,Europe,Country,HRV,Croatia,Year,2017,false,AWARE Antibiotics group,Access (%),GLASSAMCAWARE_ANTIBIOTICSGROUP_GLASSAMC_AWARE_A,,,,,,,,,,63.83,,,,,,63.8,,,EN,2025-09-24T04:00:00.000Z
GLASSAMC_AWARE,Pattern of antibiotic consumption at national level (relative use by AWaRe classification),numeric,EUR,Europe,Country,GEO,Georgia,Year,2017,false,AWARE Antibiotics group,Access (%),GLASSAMCAWARE_ANTIBIOTICSGROUP_GLASSAMC_AWARE_A,,,,,,,,,,63.87,,,,,,63.9,,,EN,2024-09-18T04:00:00.000Z
GLASSAMC_AWARE,Pattern of antibiotic consumption at national level (relative use by AWaRe classification),numeric,EUR,Europe,Country,IRL,Ireland,Year,2017,false,AWARE Antibiotics group,Access (%),GLASSAMCAWARE_ANTIBIOTICSGROUP_GLASSAMC_AWARE_A,,,,,,,,,,64.17,,,,,,64.2,,,EN,2024-09-18T04:00:00.000Z
GLASSAMC_AWARE,Pattern of antibiotic consumption at national level (relative use by AWaRe classification),numeric,EMR,Eastern Mediterranean,Country,JOR,Jordan,Year,2017,false,AWARE Antibiotics group,Access (%),GLASSAMCAWARE_ANTIBIOTICSGROUP_GLASSAMC_AWARE_A,,,,,,,,,,65.23,,,,,,65.2,,,EN,2024-09-18T04:00:00.000Z
GLASSAMC_AWARE,Pattern of antibiotic consumption at national level (relative use by AWaRe classification),numeric,EUR,Europe,Country,GBR,United Kingdom of Great Britain and Northern Ireland,Year,2017,false,AWARE Antibiotics group,Access (%),GLASSAMCAWARE_ANTIBIOTICSGROUP_GLASSAMC_AWARE_A,,,,,,,,,,66.54,,,,,,66.5,,Only use in the public sector reported,EN,2025-09-24T04:00:00.000Z
GLASSAMC_AWARE,Pattern of antibiotic consumption at national level (relative use by AWaRe classification),numeric,EUR,Europe,Country,ARM,Armenia,Year,2017,false,AWARE Antibiotics group,Access (%),GLASSAMCAWARE_ANTIBIOTICSGROUP_GLASSAMC_AWARE_A,,,,,,,,,,66.99,,,,,,67,,,EN,2025-09-24T04:00:00.000Z
GLASSAMC_AWARE,Pattern of antibiotic consumption at national level (relative use by AWaRe classification),numeric,AFR,Africa,Country,BEN,Benin,Year,2017,false,AWARE Antibiotics group,Access (%),GLASSAMCAWARE_ANTIBIOTICSGROUP_GLASSAMC_AWARE_A,,,,,,,,,,67.38,,,,,,67.4,,,EN,2024-09-18T04:00:00.000Z
GLASSAMC_AWARE,Pattern of antibiotic consumption at national level (relative use by AWaRe classification),numeric,SEAR,South-East Asia,Country,NPL,Nepal,Year,2017,false,AWARE Antibiotics group,Watch (%),GLASSAMCAWARE_ANTIBIOTICSGROUP_GLASSAMC_AWARE_W,,,,,,,,,,67.95,,,,,,68,,,EN,2024-09-18T04:00:00.000Z
GLASSAMC_AWARE,Pattern of antibiotic consumption at national level (relative use by AWaRe classification),numeric,EUR,Europe,Country,LVA,Latvia,Year,2017,false,AWARE Antibiotics group,Access (%),GLASSAMCAWARE_ANTIBIOTICSGROUP_GLASSAMC_AWARE_A,,,,,,,,,,69.31,,,,,,69.3,,,EN,2024-09-18T04:00:00.000Z
GLASSAMC_AWARE,Pattern of antibiotic consumption at national level (relative use by AWaRe classification),numeric,EUR,Europe,Country,LTU,Lithuania,Year,2017,false,AWARE Antibiotics group,Access (%),GLASSAMCAWARE_ANTIBIOTICSGROUP_GLASSAMC_AWARE_A,,,,,,,,,,70.38,,,,,,70.4,,,EN,2024-09-18T04:00:00.000Z
GLASSAMC_AWARE,Pattern of antibiotic consumption at national level (relative use by AWaRe classification),numeric,EUR,Europe,Country,FRA,France,Year,2017,false,AWARE Antibiotics group,Access (%),GLASSAMCAWARE_ANTIBIOTICSGROUP_GLASSAMC_AWARE_A,,,,,,,,,,71.14,,,,,,71.1,,For antibiotics: only J01 and P01AB reported,EN,2025-09-24T04:00:00.000Z
GLASSAMC_AWARE,Pattern of antibiotic consumption at national level (relative use by AWaRe classification),numeric,EUR,Europe,Country,SVN,Slovenia,Year,2017,false,AWARE Antibiotics group,Access (%),GLASSAMCAWARE_ANTIBIOTICSGROUP_GLASSAMC_AWARE_A,,,,,,,,,,73.06,,,,,,73.1,,,EN,2025-09-24T04:00:00.000Z
GLASSAMC_AWARE,Pattern of antibiotic consumption at national level (relative use by AWaRe classification),numeric,EMR,Eastern Mediterranean,Country,TUN,Tunisia,Year,2017,false,AWARE Antibiotics group,Access (%),GLASSAMCAWARE_ANTIBIOTICSGROUP_GLASSAMC_AWARE_A,,,,,,,,,,75.05,,,,,,75,,For antibiotics: only J01 and P01AB reported,EN,2025-09-24T04:00:00.000Z
GLASSAMC_AWARE,Pattern of antibiotic consumption at national level (relative use by AWaRe classification),numeric,SEAR,South-East Asia,Country,MDV,Maldives,Year,2017,false,AWARE Antibiotics group,Watch (%),GLASSAMCAWARE_ANTIBIOTICSGROUP_GLASSAMC_AWARE_W,,,,,,,,,,75.59,,,,,,75.6,,,EN,2025-09-24T04:00:00.000Z
GLASSAMC_AWARE,Pattern of antibiotic consumption at national level (relative use by AWaRe classification),numeric,EUR,Europe,Country,SWE,Sweden,Year,2017,false,AWARE Antibiotics group,Access (%),GLASSAMCAWARE_ANTIBIOTICSGROUP_GLASSAMC_AWARE_A,,,,,,,,,,78.07,,,,,,78.1,,,EN,2024-09-18T04:00:00.000Z
GLASSAMC_AWARE,Pattern of antibiotic consumption at national level (relative use by AWaRe classification),numeric,EUR,Europe,Country,FIN,Finland,Year,2017,false,AWARE Antibiotics group,Access (%),GLASSAMCAWARE_ANTIBIOTICSGROUP_GLASSAMC_AWARE_A,,,,,,,,,,78.33,,,,,,78.3,,,EN,2024-09-18T04:00:00.000Z
GLASSAMC_AWARE,Pattern of antibiotic consumption at national level (relative use by AWaRe classification),numeric,EUR,Europe,Country,NOR,Norway,Year,2017,false,AWARE Antibiotics group,Access (%),GLASSAMCAWARE_ANTIBIOTICSGROUP_GLASSAMC_AWARE_A,,,,,,,,,,79.53,,,,,,79.5,,,EN,2024-09-18T04:00:00.000Z
GLASSAMC_AWARE,Pattern of antibiotic consumption at national level (relative use by AWaRe classification),numeric,EUR,Europe,Country,DNK,Denmark,Year,2017,false,AWARE Antibiotics group,Access (%),GLASSAMCAWARE_ANTIBIOTICSGROUP_GLASSAMC_AWARE_A,,,,,,,,,,79.77,,,,,,79.8,,,EN,2025-09-24T04:00:00.000Z
GLASSAMC_AWARE,Pattern of antibiotic consumption at national level (relative use by AWaRe classification),numeric,EUR,Europe,Country,ISL,Iceland,Year,2017,false,AWARE Antibiotics group,Access (%),GLASSAMCAWARE_ANTIBIOTICSGROUP_GLASSAMC_AWARE_A,,,,,,,,,,84.72,,,,,,84.7,,,EN,2024-09-18T04:00:00.000Z
GLASSAMC_AWARE,Pattern of antibiotic consumption at national level (relative use by AWaRe classification),numeric,AFR,Africa,Country,BFA,Burkina Faso,Year,2017,false,AWARE Antibiotics group,Access (%),GLASSAMCAWARE_ANTIBIOTICSGROUP_GLASSAMC_AWARE_A,,,,,,,,,,87.29,,,,,,87.3,,For antibiotics: only J01 reported,EN,2025-09-24T04:00:00.000Z
GLASSAMC_AWARE,Pattern of antibiotic consumption at national level (relative use by AWaRe classification),numeric,SEAR,South-East Asia,Country,TLS,Timor-Leste,Year,2017,false,AWARE Antibiotics group,Access (%),GLASSAMCAWARE_ANTIBIOTICSGROUP_GLASSAMC_AWARE_A,,,,,,,,,,87.58,,,,,,87.6,,,EN,2024-09-18T04:00:00.000Z
GLASSAMC_AWARE,Pattern of antibiotic consumption at national level (relative use by AWaRe classification),numeric,AFR,Africa,Country,TZA,United Republic of Tanzania,Year,2017,false,AWARE Antibiotics group,Access (%),GLASSAMCAWARE_ANTIBIOTICSGROUP_GLASSAMC_AWARE_A,,,,,,,,,,91.91,,,,,,91.9,,,EN,2025-09-24T04:00:00.000Z
GLASSAMC_AWARE,Pattern of antibiotic consumption at national level (relative use by AWaRe classification),numeric,EUR,Europe,Country,AUT,Austria,Year,2016,false,AWARE Antibiotics group,Not classified (%) / not recommended (%),GLASSAMCAWARE_ANTIBIOTICSGROUP_GLASSAMC_AWARE_O,,,,,,,,,,0,,,,,,0,,Only use in the community reported,EN,2025-09-24T04:00:00.000Z
GLASSAMC_AWARE,Pattern of antibiotic consumption at national level (relative use by AWaRe classification),numeric,SEAR,South-East Asia,Country,BGD,Bangladesh,Year,2016,false,AWARE Antibiotics group,Not classified (%) / not recommended (%),GLASSAMCAWARE_ANTIBIOTICSGROUP_GLASSAMC_AWARE_O,,,,,,,,,,0.041,,,,,,0,,,EN,2025-09-24T04:00:00.000Z
GLASSAMC_AWARE,Pattern of antibiotic consumption at national level (relative use by AWaRe classification),numeric,SEAR,South-East Asia,Country,BGD,Bangladesh,Year,2016,false,AWARE Antibiotics group,Reserve (%),GLASSAMCAWARE_ANTIBIOTICSGROUP_GLASSAMC_AWARE_R,,,,,,,,,,0.02,,,,,,0,,,EN,2024-09-18T04:00:00.000Z
GLASSAMC_AWARE,Pattern of antibiotic consumption at national level (relative use by AWaRe classification),numeric,EUR,Europe,Country,BEL,Belgium,Year,2016,false,AWARE Antibiotics group,Not classified (%) / not recommended (%),GLASSAMCAWARE_ANTIBIOTICSGROUP_GLASSAMC_AWARE_O,,,,,,,,,,0,,,,,,0,,,EN,2025-09-24T04:00:00.000Z
GLASSAMC_AWARE,Pattern of antibiotic consumption at national level (relative use by AWaRe classification),numeric,AFR,Africa,Country,BEN,Benin,Year,2016,false,AWARE Antibiotics group,Reserve (%),GLASSAMCAWARE_ANTIBIOTICSGROUP_GLASSAMC_AWARE_R,,,,,,,,,,0,,,,,,0,,,EN,2024-09-18T04:00:00.000Z
GLASSAMC_AWARE,Pattern of antibiotic consumption at national level (relative use by AWaRe classification),numeric,EUR,Europe,Country,HRV,Croatia,Year,2016,false,AWARE Antibiotics group,Not classified (%) / not recommended (%),GLASSAMCAWARE_ANTIBIOTICSGROUP_GLASSAMC_AWARE_O,,,,,,,,,,0,,,,,,0,,,EN,2025-09-24T04:00:00.000Z
GLASSAMC_AWARE,Pattern of antibiotic consumption at national level (relative use by AWaRe classification),numeric,EUR,Europe,Country,CYP,Cyprus,Year,2016,false,AWARE Antibiotics group,Not classified (%) / not recommended (%),GLASSAMCAWARE_ANTIBIOTICSGROUP_GLASSAMC_AWARE_O,,,,,,,,,,0.003,,,,,,0,,,EN,2024-09-18T04:00:00.000Z
GLASSAMC_AWARE,Pattern of antibiotic consumption at national level (relative use by AWaRe classification),numeric,EUR,Europe,Country,CYP,Cyprus,Year,2016,false,AWARE Antibiotics group,Reserve (%),GLASSAMCAWARE_ANTIBIOTICSGROUP_GLASSAMC_AWARE_R,,,,,,,,,,0.043,,,,,,0,,,EN,2024-09-18T04:00:00.000Z
GLASSAMC_AWARE,Pattern of antibiotic consumption at national level (relative use by AWaRe classification),numeric,EUR,Europe,Country,DNK,Denmark,Year,2016,false,AWARE Antibiotics group,Not classified (%) / not recommended (%),GLASSAMCAWARE_ANTIBIOTICSGROUP_GLASSAMC_AWARE_O,,,,,,,,,,0,,,,,,0,,,EN,2024-09-18T04:00:00.000Z
GLASSAMC_AWARE,Pattern of antibiotic consumption at national level (relative use by AWaRe classification),numeric,EUR,Europe,Country,EST,Estonia,Year,2016,false,AWARE Antibiotics group,Not classified (%) / not recommended (%),GLASSAMCAWARE_ANTIBIOTICSGROUP_GLASSAMC_AWARE_O,,,,,,,,,,0.0007,,,,,,0,,,EN,2024-09-18T04:00:00.000Z
GLASSAMC_AWARE,Pattern of antibiotic consumption at national level (relative use by AWaRe classification),numeric,EUR,Europe,Country,FIN,Finland,Year,2016,false,AWARE Antibiotics group,Not classified (%) / not recommended (%),GLASSAMCAWARE_ANTIBIOTICSGROUP_GLASSAMC_AWARE_O,,,,,,,,,,0,,,,,,0,,,EN,2024-09-18T04:00:00.000Z
GLASSAMC_AWARE,Pattern of antibiotic consumption at national level (relative use by AWaRe classification),numeric,EUR,Europe,Country,FRA,France,Year,2016,false,AWARE Antibiotics group,Not classified (%) / not recommended (%),GLASSAMCAWARE_ANTIBIOTICSGROUP_GLASSAMC_AWARE_O,,,,,,,,,,0,,,,,,0,,For antibiotics: only J01 and P01AB reported,EN,2025-09-24T04:00:00.000Z
GLASSAMC_AWARE,Pattern of antibiotic consumption at national level (relative use by AWaRe classification),numeric,EUR,Europe,Country,HUN,Hungary,Year,2016,false,AWARE Antibiotics group,Not classified (%) / not recommended (%),GLASSAMCAWARE_ANTIBIOTICSGROUP_GLASSAMC_AWARE_O,,,,,,,,,,0,,,,,,0,,,EN,2025-09-24T04:00:00.000Z
GLASSAMC_AWARE,Pattern of antibiotic consumption at national level (relative use by AWaRe classification),numeric,EUR,Europe,Country,ISL,Iceland,Year,2016,false,AWARE Antibiotics group,Not classified (%) / not recommended (%),GLASSAMCAWARE_ANTIBIOTICSGROUP_GLASSAMC_AWARE_O,,,,,,,,,,0,,,,,,0,,Only use in the community reported,EN,2025-09-24T04:00:00.000Z
GLASSAMC_AWARE,Pattern of antibiotic consumption at national level (relative use by AWaRe classification),numeric,EUR,Europe,Country,ISL,Iceland,Year,2016,false,AWARE Antibiotics group,Reserve (%),GLASSAMCAWARE_ANTIBIOTICSGROUP_GLASSAMC_AWARE_R,,,,,,,,,,0.028,,,,,,0,,Only use in the community reported,EN,2025-09-24T04:00:00.000Z
GLASSAMC_AWARE,Pattern of antibiotic consumption at national level (relative use by AWaRe classification),numeric,EUR,Europe,Country,IRL,Ireland,Year,2016,false,AWARE Antibiotics group,Not classified (%) / not recommended (%),GLASSAMCAWARE_ANTIBIOTICSGROUP_GLASSAMC_AWARE_O,,,,,,,,,,0,,,,,,0,,,EN,2024-09-18T04:00:00.000Z
GLASSAMC_AWARE,Pattern of antibiotic consumption at national level (relative use by AWaRe classification),numeric,EUR,Europe,Country,ITA,Italy,Year,2016,false,AWARE Antibiotics group,Not classified (%) / not recommended (%),GLASSAMCAWARE_ANTIBIOTICSGROUP_GLASSAMC_AWARE_O,,,,,,,,,,0,,,,,,0,,,EN,2025-09-24T04:00:00.000Z
GLASSAMC_AWARE,Pattern of antibiotic consumption at national level (relative use by AWaRe classification),numeric,EUR,Europe,Country,MNE,Montenegro,Year,2016,false,AWARE Antibiotics group,Reserve (%),GLASSAMCAWARE_ANTIBIOTICSGROUP_GLASSAMC_AWARE_R,,,,,,,,,,0.015,,,,,,0,,,EN,2024-09-18T04:00:00.000Z
GLASSAMC_AWARE,Pattern of antibiotic consumption at national level (relative use by AWaRe classification),numeric,SEAR,South-East Asia,Country,NPL,Nepal,Year,2016,false,AWARE Antibiotics group,Reserve (%),GLASSAMCAWARE_ANTIBIOTICSGROUP_GLASSAMC_AWARE_R,,,,,,,,,,0.016,,,,,,0,,,EN,2024-09-18T04:00:00.000Z
GLASSAMC_AWARE,Pattern of antibiotic consumption at national level (relative use by AWaRe classification),numeric,EUR,Europe,Country,NOR,Norway,Year,2016,false,AWARE Antibiotics group,Not classified (%) / not recommended (%),GLASSAMCAWARE_ANTIBIOTICSGROUP_GLASSAMC_AWARE_O,,,,,,,,,,0,,,,,,0,,,EN,2024-09-18T04:00:00.000Z
GLASSAMC_AWARE,Pattern of antibiotic consumption at national level (relative use by AWaRe classification),numeric,EUR,Europe,Country,POL,Poland,Year,2016,false,AWARE Antibiotics group,Not classified (%) / not recommended (%),GLASSAMCAWARE_ANTIBIOTICSGROUP_GLASSAMC_AWARE_O,,,,,,,,,,0,,,,,,0,,,EN,2024-09-18T04:00:00.000Z
GLASSAMC_AWARE,Pattern of antibiotic consumption at national level (relative use by AWaRe classification),numeric,EUR,Europe,Country,PRT,Portugal,Year,2016,false,AWARE Antibiotics group,Not classified (%) / not recommended (%),GLASSAMCAWARE_ANTIBIOTICSGROUP_GLASSAMC_AWARE_O,,,,,,,,,,0.026,,,,,,0,,,EN,2025-09-24T04:00:00.000Z
GLASSAMC_AWARE,Pattern of antibiotic consumption at national level (relative use by AWaRe classification),numeric,EUR,Europe,Country,RUS,Russian Federation,Year,2016,false,AWARE Antibiotics group,Reserve (%),GLASSAMCAWARE_ANTIBIOTICSGROUP_GLASSAMC_AWARE_R,,,,,,,,,,0.045,,,,,,0,,,EN,2024-09-18T04:00:00.000Z
GLASSAMC_AWARE,Pattern of antibiotic consumption at national level (relative use by AWaRe classification),numeric,EUR,Europe,Country,SVN,Slovenia,Year,2016,false,AWARE Antibiotics group,Not classified (%) / not recommended (%),GLASSAMCAWARE_ANTIBIOTICSGROUP_GLASSAMC_AWARE_O,,,,,,,,,,0,,,,,,0,,,EN,2025-09-24T04:00:00.000Z
GLASSAMC_AWARE,Pattern of antibiotic consumption at national level (relative use by AWaRe classification),numeric,EUR,Europe,Country,SWE,Sweden,Year,2016,false,AWARE Antibiotics group,Not classified (%) / not recommended (%),GLASSAMCAWARE_ANTIBIOTICSGROUP_GLASSAMC_AWARE_O,,,,,,,,,,0,,,,,,0,,,EN,2025-09-24T04:00:00.000Z
GLASSAMC_AWARE,Pattern of antibiotic consumption at national level (relative use by AWaRe classification),numeric,EUR,Europe,Country,CHE,Switzerland,Year,2016,false,AWARE Antibiotics group,Not classified (%) / not recommended (%),GLASSAMCAWARE_ANTIBIOTICSGROUP_GLASSAMC_AWARE_O,,,,,,,,,,0,,,,,,0,,For antibiotics: only J01 and P01AB reported,EN,2025-09-24T04:00:00.000Z
GLASSAMC_AWARE,Pattern of antibiotic consumption at national level (relative use by AWaRe classification),numeric,EUR,Europe,Country,TJK,Tajikistan,Year,2016,false,AWARE Antibiotics group,Reserve (%),GLASSAMCAWARE_ANTIBIOTICSGROUP_GLASSAMC_AWARE_R,,,,,,,,,,0.038,,,,,,0,,,EN,2024-09-18T04:00:00.000Z
GLASSAMC_AWARE,Pattern of antibiotic consumption at national level (relative use by AWaRe classification),numeric,SEAR,South-East Asia,Country,TLS,Timor-Leste,Year,2016,false,AWARE Antibiotics group,Not classified (%) / not recommended (%),GLASSAMCAWARE_ANTIBIOTICSGROUP_GLASSAMC_AWARE_O,,,,,,,,,,0,,,,,,0,,,EN,2024-09-18T04:00:00.000Z
GLASSAMC_AWARE,Pattern of antibiotic consumption at national level (relative use by AWaRe classification),numeric,SEAR,South-East Asia,Country,TLS,Timor-Leste,Year,2016,false,AWARE Antibiotics group,Reserve (%),GLASSAMCAWARE_ANTIBIOTICSGROUP_GLASSAMC_AWARE_R,,,,,,,,,,0,,,,,,0,,,EN,2024-09-18T04:00:00.000Z
GLASSAMC_AWARE,Pattern of antibiotic consumption at national level (relative use by AWaRe classification),numeric,EMR,Eastern Mediterranean,Country,TUN,Tunisia,Year,2016,false,AWARE Antibiotics group,Not classified (%) / not recommended (%),GLASSAMCAWARE_ANTIBIOTICSGROUP_GLASSAMC_AWARE_O,,,,,,,,,,0,,,,,,0,,For antibiotics: only J01 and P01AB reported,EN,2025-09-24T04:00:00.000Z
GLASSAMC_AWARE,Pattern of antibiotic consumption at national level (relative use by AWaRe classification),numeric,EUR,Europe,Country,ARM,Armenia,Year,2016,false,AWARE Antibiotics group,Reserve (%),GLASSAMCAWARE_ANTIBIOTICSGROUP_GLASSAMC_AWARE_R,,,,,,,,,,0.088,,,,,,0.1,,,EN,2025-09-24T04:00:00.000Z
GLASSAMC_AWARE,Pattern of antibiotic consumption at national level (relative use by AWaRe classification),numeric,EUR,Europe,Country,BEL,Belgium,Year,2016,false,AWARE Antibiotics group,Reserve (%),GLASSAMCAWARE_ANTIBIOTICSGROUP_GLASSAMC_AWARE_R,,,,,,,,,,0.11,,,,,,0.1,,,EN,2024-09-18T04:00:00.000Z
GLASSAMC_AWARE,Pattern of antibiotic consumption at national level (relative use by AWaRe classification),numeric,EUR,Europe,Country,HRV,Croatia,Year,2016,false,AWARE Antibiotics group,Reserve (%),GLASSAMCAWARE_ANTIBIOTICSGROUP_GLASSAMC_AWARE_R,,,,,,,,,,0.086,,,,,,0.1,,,EN,2024-09-18T04:00:00.000Z
GLASSAMC_AWARE,Pattern of antibiotic consumption at national level (relative use by AWaRe classification),numeric,EUR,Europe,Country,EST,Estonia,Year,2016,false,AWARE Antibiotics group,Reserve (%),GLASSAMCAWARE_ANTIBIOTICSGROUP_GLASSAMC_AWARE_R,,,,,,,,,,0.082,,,,,,0.1,,,EN,2024-09-18T04:00:00.000Z
GLASSAMC_AWARE,Pattern of antibiotic consumption at national level (relative use by AWaRe classification),numeric,EUR,Europe,Country,FIN,Finland,Year,2016,false,AWARE Antibiotics group,Reserve (%),GLASSAMCAWARE_ANTIBIOTICSGROUP_GLASSAMC_AWARE_R,,,,,,,,,,0.1,,,,,,0.1,,,EN,2024-09-18T04:00:00.000Z
GLASSAMC_AWARE,Pattern of antibiotic consumption at national level (relative use by AWaRe classification),numeric,EUR,Europe,Country,DEU,Germany,Year,2016,false,AWARE Antibiotics group,Reserve (%),GLASSAMCAWARE_ANTIBIOTICSGROUP_GLASSAMC_AWARE_R,,,,,,,,,,0.15,,,,,,0.1,,Only use in the community reported,EN,2025-09-24T04:00:00.000Z
GLASSAMC_AWARE,Pattern of antibiotic consumption at national level (relative use by AWaRe classification),numeric,EUR,Europe,Country,HUN,Hungary,Year,2016,false,AWARE Antibiotics group,Reserve (%),GLASSAMCAWARE_ANTIBIOTICSGROUP_GLASSAMC_AWARE_R,,,,,,,,,,0.057,,,,,,0.1,,,EN,2024-09-18T04:00:00.000Z
GLASSAMC_AWARE,Pattern of antibiotic consumption at national level (relative use by AWaRe classification),numeric,EUR,Europe,Country,LVA,Latvia,Year,2016,false,AWARE Antibiotics group,Reserve (%),GLASSAMCAWARE_ANTIBIOTICSGROUP_GLASSAMC_AWARE_R,,,,,,,,,,0.1,,,,,,0.1,,,EN,2024-09-18T04:00:00.000Z
GLASSAMC_AWARE,Pattern of antibiotic consumption at national level (relative use by AWaRe classification),numeric,EUR,Europe,Country,MLT,Malta,Year,2016,false,AWARE Antibiotics group,Reserve (%),GLASSAMCAWARE_ANTIBIOTICSGROUP_GLASSAMC_AWARE_R,,,,,,,,,,0.11,,,,,,0.1,,,EN,2024-09-18T04:00:00.000Z
GLASSAMC_AWARE,Pattern of antibiotic consumption at national level (relative use by AWaRe classification),numeric,SEAR,South-East Asia,Country,NPL,Nepal,Year,2016,false,AWARE Antibiotics group,Not classified (%) / not recommended (%),GLASSAMCAWARE_ANTIBIOTICSGROUP_GLASSAMC_AWARE_O,,,,,,,,,,0.11,,,,,,0.1,,,EN,2024-09-18T04:00:00.000Z
GLASSAMC_AWARE,Pattern of antibiotic consumption at national level (relative use by AWaRe classification),numeric,EUR,Europe,Country,NOR,Norway,Year,2016,false,AWARE Antibiotics group,Reserve (%),GLASSAMCAWARE_ANTIBIOTICSGROUP_GLASSAMC_AWARE_R,,,,,,,,,,0.13,,,,,,0.1,,,EN,2024-09-18T04:00:00.000Z
GLASSAMC_AWARE,Pattern of antibiotic consumption at national level (relative use by AWaRe classification),numeric,EUR,Europe,Country,POL,Poland,Year,2016,false,AWARE Antibiotics group,Reserve (%),GLASSAMCAWARE_ANTIBIOTICSGROUP_GLASSAMC_AWARE_R,,,,,,,,,,0.067,,,,,,0.1,,,EN,2024-09-18T04:00:00.000Z
GLASSAMC_AWARE,Pattern of antibiotic consumption at national level (relative use by AWaRe classification),numeric,EUR,Europe,Country,ROU,Romania,Year,2016,false,AWARE Antibiotics group,Not classified (%) / not recommended (%),GLASSAMCAWARE_ANTIBIOTICSGROUP_GLASSAMC_AWARE_O,,,,,,,,,,0.074,,,,,,0.1,,,EN,2025-09-24T04:00:00.000Z
GLASSAMC_AWARE,Pattern of antibiotic consumption at national level (relative use by AWaRe classification),numeric,EUR,Europe,Country,ROU,Romania,Year,2016,false,AWARE Antibiotics group,Reserve (%),GLASSAMCAWARE_ANTIBIOTICSGROUP_GLASSAMC_AWARE_R,,,,,,,,,,0.083,,,,,,0.1,,,EN,2024-09-18T04:00:00.000Z
GLASSAMC_AWARE,Pattern of antibiotic consumption at national level (relative use by AWaRe classification),numeric,EUR,Europe,Country,SVN,Slovenia,Year,2016,false,AWARE Antibiotics group,Reserve (%),GLASSAMCAWARE_ANTIBIOTICSGROUP_GLASSAMC_AWARE_R,,,,,,,,,,0.14,,,,,,0.1,,,EN,2024-09-18T04:00:00.000Z
GLASSAMC_AWARE,Pattern of antibiotic consumption at national level (relative use by AWaRe classification),numeric,EMR,Eastern Mediterranean,Country,TUN,Tunisia,Year,2016,false,AWARE Antibiotics group,Reserve (%),GLASSAMCAWARE_ANTIBIOTICSGROUP_GLASSAMC_AWARE_R,,,,,,,,,,0.061,,,,,,0.1,,For antibiotics: only J01 and P01AB reported,EN,2025-09-24T04:00:00.000Z
GLASSAMC_AWARE,Pattern of antibiotic consumption at national level (relative use by AWaRe classification),numeric,EUR,Europe,Country,UKR,Ukraine,Year,2016,false,AWARE Antibiotics group,Reserve (%),GLASSAMCAWARE_ANTIBIOTICSGROUP_GLASSAMC_AWARE_R,,,,,,,,,,0.14,,,,,,0.1,,,EN,2024-09-18T04:00:00.000Z
GLASSAMC_AWARE,Pattern of antibiotic consumption at national level (relative use by AWaRe classification),numeric,EUR,Europe,Country,AUT,Austria,Year,2016,false,AWARE Antibiotics group,Reserve (%),GLASSAMCAWARE_ANTIBIOTICSGROUP_GLASSAMC_AWARE_R,,,,,,,,,,0.17,,,,,,0.2,,Only use in the community reported,EN,2025-09-24T04:00:00.000Z
GLASSAMC_AWARE,Pattern of antibiotic consumption at national level (relative use by AWaRe classification),numeric,EUR,Europe,Country,BLR,Belarus,Year,2016,false,AWARE Antibiotics group,Reserve (%),GLASSAMCAWARE_ANTIBIOTICSGROUP_GLASSAMC_AWARE_R,,,,,,,,,,0.16,,,,,,0.2,,,EN,2024-09-18T04:00:00.000Z
GLASSAMC_AWARE,Pattern of antibiotic consumption at national level (relative use by AWaRe classification),numeric,EUR,Europe,Country,DNK,Denmark,Year,2016,false,AWARE Antibiotics group,Reserve (%),GLASSAMCAWARE_ANTIBIOTICSGROUP_GLASSAMC_AWARE_R,,,,,,,,,,0.23,,,,,,0.2,,,EN,2024-09-18T04:00:00.000Z
GLASSAMC_AWARE,Pattern of antibiotic consumption at national level (relative use by AWaRe classification),numeric,EUR,Europe,Country,FRA,France,Year,2016,false,AWARE Antibiotics group,Reserve (%),GLASSAMCAWARE_ANTIBIOTICSGROUP_GLASSAMC_AWARE_R,,,,,,,,,,0.17,,,,,,0.2,,For antibiotics: only J01 and P01AB reported,EN,2025-09-24T04:00:00.000Z
GLASSAMC_AWARE,Pattern of antibiotic consumption at national level (relative use by AWaRe classification),numeric,EUR,Europe,Country,ITA,Italy,Year,2016,false,AWARE Antibiotics group,Reserve (%),GLASSAMCAWARE_ANTIBIOTICSGROUP_GLASSAMC_AWARE_R,,,,,,,,,,0.24,,,,,,0.2,,,EN,2024-09-18T04:00:00.000Z
GLASSAMC_AWARE,Pattern of antibiotic consumption at national level (relative use by AWaRe classification),numeric,EUR,Europe,Country,LVA,Latvia,Year,2016,false,AWARE Antibiotics group,Not classified (%) / not recommended (%),GLASSAMCAWARE_ANTIBIOTICSGROUP_GLASSAMC_AWARE_O,,,,,,,,,,0.22,,,,,,0.2,,,EN,2024-09-18T04:00:00.000Z
GLASSAMC_AWARE,Pattern of antibiotic consumption at national level (relative use by AWaRe classification),numeric,EUR,Europe,Country,LTU,Lithuania,Year,2016,false,AWARE Antibiotics group,Not classified (%) / not recommended (%),GLASSAMCAWARE_ANTIBIOTICSGROUP_GLASSAMC_AWARE_O,,,,,,,,,,0.15,,,,,,0.2,,,EN,2024-09-18T04:00:00.000Z
GLASSAMC_AWARE,Pattern of antibiotic consumption at national level (relative use by AWaRe classification),numeric,EUR,Europe,Country,LTU,Lithuania,Year,2016,false,AWARE Antibiotics group,Reserve (%),GLASSAMCAWARE_ANTIBIOTICSGROUP_GLASSAMC_AWARE_R,,,,,,,,,,0.24,,,,,,0.2,,,EN,2024-09-18T04:00:00.000Z
GLASSAMC_AWARE,Pattern of antibiotic consumption at national level (relative use by AWaRe classification),numeric,EUR,Europe,Country,PRT,Portugal,Year,2016,false,AWARE Antibiotics group,Reserve (%),GLASSAMCAWARE_ANTIBIOTICSGROUP_GLASSAMC_AWARE_R,,,,,,,,,,0.23,,,,,,0.2,,,EN,2024-09-18T04:00:00.000Z
GLASSAMC_AWARE,Pattern of antibiotic consumption at national level (relative use by AWaRe classification),numeric,EUR,Europe,Country,SWE,Sweden,Year,2016,false,AWARE Antibiotics group,Reserve (%),GLASSAMCAWARE_ANTIBIOTICSGROUP_GLASSAMC_AWARE_R,,,,,,,,,,0.15,,,,,,0.2,,,EN,2024-09-18T04:00:00.000Z
GLASSAMC_AWARE,Pattern of antibiotic consumption at national level (relative use by AWaRe classification),numeric,AFR,Africa,Country,BEN,Benin,Year,2016,false,AWARE Antibiotics group,Not classified (%) / not recommended (%),GLASSAMCAWARE_ANTIBIOTICSGROUP_GLASSAMC_AWARE_O,,,,,,,,,,0.29,,,,,,0.3,,,EN,2024-09-18T04:00:00.000Z
GLASSAMC_AWARE,Pattern of antibiotic consumption at national level (relative use by AWaRe classification),numeric,EUR,Europe,Country,DEU,Germany,Year,2016,false,AWARE Antibiotics group,Not classified (%) / not recommended (%),GLASSAMCAWARE_ANTIBIOTICSGROUP_GLASSAMC_AWARE_O,,,,,,,,,,0.34,,,,,,0.3,,Only use in the community reported,EN,2025-09-24T04:00:00.000Z
GLASSAMC_AWARE,Pattern of antibiotic consumption at national level (relative use by AWaRe classification),numeric,EUR,Europe,Country,IRL,Ireland,Year,2016,false,AWARE Antibiotics group,Reserve (%),GLASSAMCAWARE_ANTIBIOTICSGROUP_GLASSAMC_AWARE_R,,,,,,,,,,0.29,,,,,,0.3,,,EN,2024-09-18T04:00:00.000Z
GLASSAMC_AWARE,Pattern of antibiotic consumption at national level (relative use by AWaRe classification),numeric,EUR,Europe,Country,ARM,Armenia,Year,2016,false,AWARE Antibiotics group,Not classified (%) / not recommended (%),GLASSAMCAWARE_ANTIBIOTICSGROUP_GLASSAMC_AWARE_O,,,,,,,,,,0.44,,,,,,0.4,,,EN,2025-09-24T04:00:00.000Z
GLASSAMC_AWARE,Pattern of antibiotic consumption at national level (relative use by AWaRe classification),numeric,EUR,Europe,Country,ESP,Spain,Year,2016,false,AWARE Antibiotics group,Reserve (%),GLASSAMCAWARE_ANTIBIOTICSGROUP_GLASSAMC_AWARE_R,,,,,,,,,,0.45,,,,,,0.4,,,EN,2024-09-18T04:00:00.000Z
GLASSAMC_AWARE,Pattern of antibiotic consumption at national level (relative use by AWaRe classification),numeric,EUR,Europe,Country,CHE,Switzerland,Year,2016,false,AWARE Antibiotics group,Reserve (%),GLASSAMCAWARE_ANTIBIOTICSGROUP_GLASSAMC_AWARE_R,,,,,,,,,,0.35,,,,,,0.4,,For antibiotics: only J01 and P01AB reported,EN,2025-09-24T04:00:00.000Z
GLASSAMC_AWARE,Pattern of antibiotic consumption at national level (relative use by AWaRe classification),numeric,EUR,Europe,Country,MNE,Montenegro,Year,2016,false,AWARE Antibiotics group,Not classified (%) / not recommended (%),GLASSAMCAWARE_ANTIBIOTICSGROUP_GLASSAMC_AWARE_O,,,,,,,,,,0.59,,,,,,0.6,,,EN,2025-09-24T04:00:00.000Z
GLASSAMC_AWARE,Pattern of antibiotic consumption at national level (relative use by AWaRe classification),numeric,EUR,Europe,Country,ESP,Spain,Year,2016,false,AWARE Antibiotics group,Not classified (%) / not recommended (%),GLASSAMCAWARE_ANTIBIOTICSGROUP_GLASSAMC_AWARE_O,,,,,,,,,,0.92,,,,,,0.9,,,EN,2025-09-24T04:00:00.000Z
GLASSAMC_AWARE,Pattern of antibiotic consumption at national level (relative use by AWaRe classification),numeric,EUR,Europe,Country,BLR,Belarus,Year,2016,false,AWARE Antibiotics group,Not classified (%) / not recommended (%),GLASSAMCAWARE_ANTIBIOTICSGROUP_GLASSAMC_AWARE_O,,,,,,,,,,0.96,,,,,,1,,,EN,2024-09-18T04:00:00.000Z
GLASSAMC_AWARE,Pattern of antibiotic consumption at national level (relative use by AWaRe classification),numeric,EUR,Europe,Country,GEO,Georgia,Year,2016,false,AWARE Antibiotics group,Not classified (%) / not recommended (%),GLASSAMCAWARE_ANTIBIOTICSGROUP_GLASSAMC_AWARE_O,,,,,,,,,,1.09,,,,,,1.1,,,EN,2024-09-18T04:00:00.000Z
GLASSAMC_AWARE,Pattern of antibiotic consumption at national level (relative use by AWaRe classification),numeric,EUR,Europe,Country,MLT,Malta,Year,2016,false,AWARE Antibiotics group,Not classified (%) / not recommended (%),GLASSAMCAWARE_ANTIBIOTICSGROUP_GLASSAMC_AWARE_O,,,,,,,,,,1.28,,,,,,1.3,,,EN,2024-09-18T04:00:00.000Z
GLASSAMC_AWARE,Pattern of antibiotic consumption at national level (relative use by AWaRe classification),numeric,EUR,Europe,Country,RUS,Russian Federation,Year,2016,false,AWARE Antibiotics group,Not classified (%) / not recommended (%),GLASSAMCAWARE_ANTIBIOTICSGROUP_GLASSAMC_AWARE_O,,,,,,,,,,1.59,,,,,,1.6,,,EN,2025-09-24T04:00:00.000Z
GLASSAMC_AWARE,Pattern of antibiotic consumption at national level (relative use by AWaRe classification),numeric,SEAR,South-East Asia,Country,TLS,Timor-Leste,Year,2016,false,AWARE Antibiotics group,Watch (%),GLASSAMCAWARE_ANTIBIOTICSGROUP_GLASSAMC_AWARE_W,,,,,,,,,,14.75,,,,,,14.8,,,EN,2024-09-18T04:00:00.000Z
GLASSAMC_AWARE,Pattern of antibiotic consumption at national level (relative use by AWaRe classification),numeric,EUR,Europe,Country,ISL,Iceland,Year,2016,false,AWARE Antibiotics group,Watch (%),GLASSAMCAWARE_ANTIBIOTICSGROUP_GLASSAMC_AWARE_W,,,,,,,,,,15.29,,,,,,15.3,,Only use in the community reported,EN,2025-09-24T04:00:00.000Z
GLASSAMC_AWARE,Pattern of antibiotic consumption at national level (relative use by AWaRe classification),numeric,EUR,Europe,Country,DNK,Denmark,Year,2016,false,AWARE Antibiotics group,Watch (%),GLASSAMCAWARE_ANTIBIOTICSGROUP_GLASSAMC_AWARE_W,,,,,,,,,,19.92,,,,,,19.9,,,EN,2024-09-18T04:00:00.000Z
GLASSAMC_AWARE,Pattern of antibiotic consumption at national level (relative use by AWaRe classification),numeric,EUR,Europe,Country,TJK,Tajikistan,Year,2016,false,AWARE Antibiotics group,Not classified (%) / not recommended (%),GLASSAMCAWARE_ANTIBIOTICSGROUP_GLASSAMC_AWARE_O,,,,,,,,,,2.5,,,,,,2.5,,,EN,2025-09-24T04:00:00.000Z
GLASSAMC_AWARE,Pattern of antibiotic consumption at national level (relative use by AWaRe classification),numeric,EUR,Europe,Country,NOR,Norway,Year,2016,false,AWARE Antibiotics group,Watch (%),GLASSAMCAWARE_ANTIBIOTICSGROUP_GLASSAMC_AWARE_W,,,,,,,,,,20.78,,,,,,20.8,,,EN,2024-09-18T04:00:00.000Z
GLASSAMC_AWARE,Pattern of antibiotic consumption at national level (relative use by AWaRe classification),numeric,AFR,Africa,Country,BEN,Benin,Year,2016,false,AWARE Antibiotics group,Watch (%),GLASSAMCAWARE_ANTIBIOTICSGROUP_GLASSAMC_AWARE_W,,,,,,,,,,20.97,,,,,,21,,,EN,2024-09-18T04:00:00.000Z
GLASSAMC_AWARE,Pattern of antibiotic consumption at national level (relative use by AWaRe classification),numeric,EUR,Europe,Country,FIN,Finland,Year,2016,false,AWARE Antibiotics group,Watch (%),GLASSAMCAWARE_ANTIBIOTICSGROUP_GLASSAMC_AWARE_W,,,,,,,,,,21.85,,,,,,21.9,,,EN,2024-09-18T04:00:00.000Z
GLASSAMC_AWARE,Pattern of antibiotic consumption at national level (relative use by AWaRe classification),numeric,EUR,Europe,Country,SWE,Sweden,Year,2016,false,AWARE Antibiotics group,Watch (%),GLASSAMCAWARE_ANTIBIOTICSGROUP_GLASSAMC_AWARE_W,,,,,,,,,,21.88,,,,,,21.9,,,EN,2025-09-24T04:00:00.000Z
GLASSAMC_AWARE,Pattern of antibiotic consumption at national level (relative use by AWaRe classification),numeric,EMR,Eastern Mediterranean,Country,TUN,Tunisia,Year,2016,false,AWARE Antibiotics group,Watch (%),GLASSAMCAWARE_ANTIBIOTICSGROUP_GLASSAMC_AWARE_W,,,,,,,,,,23.62,,,,,,23.6,,For antibiotics: only J01 and P01AB reported,EN,2025-09-24T04:00:00.000Z
GLASSAMC_AWARE,Pattern of antibiotic consumption at national level (relative use by AWaRe classification),numeric,EUR,Europe,Country,SVN,Slovenia,Year,2016,false,AWARE Antibiotics group,Watch (%),GLASSAMCAWARE_ANTIBIOTICSGROUP_GLASSAMC_AWARE_W,,,,,,,,,,26.32,,,,,,26.3,,,EN,2024-09-18T04:00:00.000Z
GLASSAMC_AWARE,Pattern of antibiotic consumption at national level (relative use by AWaRe classification),numeric,EUR,Europe,Country,LTU,Lithuania,Year,2016,false,AWARE Antibiotics group,Watch (%),GLASSAMCAWARE_ANTIBIOTICSGROUP_GLASSAMC_AWARE_W,,,,,,,,,,28.58,,,,,,28.6,,,EN,2024-09-18T04:00:00.000Z
GLASSAMC_AWARE,Pattern of antibiotic consumption at national level (relative use by AWaRe classification),numeric,EUR,Europe,Country,FRA,France,Year,2016,false,AWARE Antibiotics group,Watch (%),GLASSAMCAWARE_ANTIBIOTICSGROUP_GLASSAMC_AWARE_W,,,,,,,,,,29.25,,,,,,29.3,,For antibiotics: only J01 and P01AB reported,EN,2025-09-24T04:00:00.000Z
GLASSAMC_AWARE,Pattern of antibiotic consumption at national level (relative use by AWaRe classification),numeric,EUR,Europe,Country,LVA,Latvia,Year,2016,false,AWARE Antibiotics group,Watch (%),GLASSAMCAWARE_ANTIBIOTICSGROUP_GLASSAMC_AWARE_W,,,,,,,,,,29.85,,,,,,29.9,,,EN,2024-09-18T04:00:00.000Z
GLASSAMC_AWARE,Pattern of antibiotic consumption at national level (relative use by AWaRe classification),numeric,EUR,Europe,Country,UKR,Ukraine,Year,2016,false,AWARE Antibiotics group,Not classified (%) / not recommended (%),GLASSAMCAWARE_ANTIBIOTICSGROUP_GLASSAMC_AWARE_O,,,,,,,,,,2.97,,,,,,3,,,EN,2025-09-24T04:00:00.000Z
GLASSAMC_AWARE,Pattern of antibiotic consumption at national level (relative use by AWaRe classification),numeric,SEAR,South-East Asia,Country,NPL,Nepal,Year,2016,false,AWARE Antibiotics group,Access (%),GLASSAMCAWARE_ANTIBIOTICSGROUP_GLASSAMC_AWARE_A,,,,,,,,,,32.19,,,,,,32.2,,,EN,2024-09-18T04:00:00.000Z
GLASSAMC_AWARE,Pattern of antibiotic consumption at national level (relative use by AWaRe classification),numeric,EUR,Europe,Country,GEO,Georgia,Year,2016,false,AWARE Antibiotics group,Watch (%),GLASSAMCAWARE_ANTIBIOTICSGROUP_GLASSAMC_AWARE_W,,,,,,,,,,33.88,,,,,,33.9,,,EN,2024-09-18T04:00:00.000Z
GLASSAMC_AWARE,Pattern of antibiotic consumption at national level (relative use by AWaRe classification),numeric,EUR,Europe,Country,HRV,Croatia,Year,2016,false,AWARE Antibiotics group,Watch (%),GLASSAMCAWARE_ANTIBIOTICSGROUP_GLASSAMC_AWARE_W,,,,,,,,,,34.46,,,,,,34.5,,,EN,2025-09-24T04:00:00.000Z
GLASSAMC_AWARE,Pattern of antibiotic consumption at national level (relative use by AWaRe classification),numeric,EUR,Europe,Country,IRL,Ireland,Year,2016,false,AWARE Antibiotics group,Watch (%),GLASSAMCAWARE_ANTIBIOTICSGROUP_GLASSAMC_AWARE_W,,,,,,,,,,35.09,,,,,,35.1,,,EN,2024-09-18T04:00:00.000Z
GLASSAMC_AWARE,Pattern of antibiotic consumption at national level (relative use by AWaRe classification),numeric,EUR,Europe,Country,ESP,Spain,Year,2016,false,AWARE Antibiotics group,Watch (%),GLASSAMCAWARE_ANTIBIOTICSGROUP_GLASSAMC_AWARE_W,,,,,,,,,,35.25,,,,,,35.2,,,EN,2025-09-24T04:00:00.000Z
GLASSAMC_AWARE,Pattern of antibiotic consumption at national level (relative use by AWaRe classification),numeric,SEAR,South-East Asia,Country,BGD,Bangladesh,Year,2016,false,AWARE Antibiotics group,Access (%),GLASSAMCAWARE_ANTIBIOTICSGROUP_GLASSAMC_AWARE_A,,,,,,,,,,35.64,,,,,,35.6,,,EN,2024-09-18T04:00:00.000Z
GLASSAMC_AWARE,Pattern of antibiotic consumption at national level (relative use by AWaRe classification),numeric,EUR,Europe,Country,TJK,Tajikistan,Year,2016,false,AWARE Antibiotics group,Watch (%),GLASSAMCAWARE_ANTIBIOTICSGROUP_GLASSAMC_AWARE_W,,,,,,,,,,35.76,,,,,,35.8,,,EN,2025-09-24T04:00:00.000Z
GLASSAMC_AWARE,Pattern of antibiotic consumption at national level (relative use by AWaRe classification),numeric,EUR,Europe,Country,BEL,Belgium,Year,2016,false,AWARE Antibiotics group,Watch (%),GLASSAMCAWARE_ANTIBIOTICSGROUP_GLASSAMC_AWARE_W,,,,,,,,,,36.98,,,,,,37,,,EN,2025-09-24T04:00:00.000Z
GLASSAMC_AWARE,Pattern of antibiotic consumption at national level (relative use by AWaRe classification),numeric,EUR,Europe,Country,POL,Poland,Year,2016,false,AWARE Antibiotics group,Watch (%),GLASSAMCAWARE_ANTIBIOTICSGROUP_GLASSAMC_AWARE_W,,,,,,,,,,38.37,,,,,,38.4,,,EN,2024-09-18T04:00:00.000Z
GLASSAMC_AWARE,Pattern of antibiotic consumption at national level (relative use by AWaRe classification),numeric,EUR,Europe,Country,MNE,Montenegro,Year,2016,false,AWARE Antibiotics group,Watch (%),GLASSAMCAWARE_ANTIBIOTICSGROUP_GLASSAMC_AWARE_W,,,,,,,,,,38.93,,,,,,38.9,,,EN,2024-09-18T04:00:00.000Z
GLASSAMC_AWARE,Pattern of antibiotic consumption at national level (relative use by AWaRe classification),numeric,EUR,Europe,Country,PRT,Portugal,Year,2016,false,AWARE Antibiotics group,Watch (%),GLASSAMCAWARE_ANTIBIOTICSGROUP_GLASSAMC_AWARE_W,,,,,,,,,,39.44,,,,,,39.4,,,EN,2025-09-24T04:00:00.000Z
GLASSAMC_AWARE,Pattern of antibiotic consumption at national level (relative use by AWaRe classification),numeric,EUR,Europe,Country,AUT,Austria,Year,2016,false,AWARE Antibiotics group,Watch (%),GLASSAMCAWARE_ANTIBIOTICSGROUP_GLASSAMC_AWARE_W,,,,,,,,,,39.82,,,,,,39.8,,Only use in the community reported,EN,2025-09-24T04:00:00.000Z
GLASSAMC_AWARE,Pattern of antibiotic consumption at national level (relative use by AWaRe classification),numeric,EUR,Europe,Country,EST,Estonia,Year,2016,false,AWARE Antibiotics group,Watch (%),GLASSAMCAWARE_ANTIBIOTICSGROUP_GLASSAMC_AWARE_W,,,,,,,,,,40.42,,,,,,40.4,,,EN,2024-09-18T04:00:00.000Z
GLASSAMC_AWARE,Pattern of antibiotic consumption at national level (relative use by AWaRe classification),numeric,EUR,Europe,Country,CHE,Switzerland,Year,2016,false,AWARE Antibiotics group,Watch (%),GLASSAMCAWARE_ANTIBIOTICSGROUP_GLASSAMC_AWARE_W,,,,,,,,,,40.86,,,,,,40.9,,For antibiotics: only J01 and P01AB reported,EN,2025-09-24T04:00:00.000Z
GLASSAMC_AWARE,Pattern of antibiotic consumption at national level (relative use by AWaRe classification),numeric,EUR,Europe,Country,ARM,Armenia,Year,2016,false,AWARE Antibiotics group,Watch (%),GLASSAMCAWARE_ANTIBIOTICSGROUP_GLASSAMC_AWARE_W,,,,,,,,,,41.55,,,,,,41.6,,,EN,2025-09-24T04:00:00.000Z
GLASSAMC_AWARE,Pattern of antibiotic consumption at national level (relative use by AWaRe classification),numeric,EUR,Europe,Country,BLR,Belarus,Year,2016,false,AWARE Antibiotics group,Watch (%),GLASSAMCAWARE_ANTIBIOTICSGROUP_GLASSAMC_AWARE_W,,,,,,,,,,42.01,,,,,,42,,,EN,2024-09-18T04:00:00.000Z
GLASSAMC_AWARE,Pattern of antibiotic consumption at national level (relative use by AWaRe classification),numeric,EUR,Europe,Country,UKR,Ukraine,Year,2016,false,AWARE Antibiotics group,Watch (%),GLASSAMCAWARE_ANTIBIOTICSGROUP_GLASSAMC_AWARE_W,,,,,,,,,,43.01,,,,,,43,,,EN,2024-09-18T04:00:00.000Z
GLASSAMC_AWARE,Pattern of antibiotic consumption at national level (relative use by AWaRe classification),numeric,EUR,Europe,Country,ROU,Romania,Year,2016,false,AWARE Antibiotics group,Watch (%),GLASSAMCAWARE_ANTIBIOTICSGROUP_GLASSAMC_AWARE_W,,,,,,,,,,43.25,,,,,,43.2,,,EN,2025-09-24T04:00:00.000Z
GLASSAMC_AWARE,Pattern of antibiotic consumption at national level (relative use by AWaRe classification),numeric,EUR,Europe,Country,MLT,Malta,Year,2016,false,AWARE Antibiotics group,Access (%),GLASSAMCAWARE_ANTIBIOTICSGROUP_GLASSAMC_AWARE_A,,,,,,,,,,46.46,,,,,,46.5,,,EN,2024-09-18T04:00:00.000Z
GLASSAMC_AWARE,Pattern of antibiotic consumption at national level (relative use by AWaRe classification),numeric,EUR,Europe,Country,RUS,Russian Federation,Year,2016,false,AWARE Antibiotics group,Watch (%),GLASSAMCAWARE_ANTIBIOTICSGROUP_GLASSAMC_AWARE_W,,,,,,,,,,46.55,,,,,,46.5,,,EN,2025-09-24T04:00:00.000Z
GLASSAMC_AWARE,Pattern of antibiotic consumption at national level (relative use by AWaRe classification),numeric,EUR,Europe,Country,DEU,Germany,Year,2016,false,AWARE Antibiotics group,Watch (%),GLASSAMCAWARE_ANTIBIOTICSGROUP_GLASSAMC_AWARE_W,,,,,,,,,,47.02,,,,,,47,,Only use in the community reported,EN,2025-09-24T04:00:00.000Z
GLASSAMC_AWARE,Pattern of antibiotic consumption at national level (relative use by AWaRe classification),numeric,EUR,Europe,Country,CYP,Cyprus,Year,2016,false,AWARE Antibiotics group,Access (%),GLASSAMCAWARE_ANTIBIOTICSGROUP_GLASSAMC_AWARE_A,,,,,,,,,,47.76,,,,,,47.8,,,EN,2024-09-18T04:00:00.000Z
GLASSAMC_AWARE,Pattern of antibiotic consumption at national level (relative use by AWaRe classification),numeric,EUR,Europe,Country,HUN,Hungary,Year,2016,false,AWARE Antibiotics group,Access (%),GLASSAMCAWARE_ANTIBIOTICSGROUP_GLASSAMC_AWARE_A,,,,,,,,,,48.13,,,,,,48.1,,,EN,2024-09-18T04:00:00.000Z
GLASSAMC_AWARE,Pattern of antibiotic consumption at national level (relative use by AWaRe classification),numeric,EUR,Europe,Country,ITA,Italy,Year,2016,false,AWARE Antibiotics group,Access (%),GLASSAMCAWARE_ANTIBIOTICSGROUP_GLASSAMC_AWARE_A,,,,,,,,,,48.19,,,,,,48.2,,,EN,2024-09-18T04:00:00.000Z
GLASSAMC_AWARE,Pattern of antibiotic consumption at national level (relative use by AWaRe classification),numeric,EUR,Europe,Country,GEO,Georgia,Year,2016,false,AWARE Antibiotics group,Reserve (%),GLASSAMCAWARE_ANTIBIOTICSGROUP_GLASSAMC_AWARE_R,,,,,,,,,,5.01,,,,,,5,,,EN,2024-09-18T04:00:00.000Z
GLASSAMC_AWARE,Pattern of antibiotic consumption at national level (relative use by AWaRe classification),numeric,EUR,Europe,Country,ITA,Italy,Year,2016,false,AWARE Antibiotics group,Watch (%),GLASSAMCAWARE_ANTIBIOTICSGROUP_GLASSAMC_AWARE_W,,,,,,,,,,51.57,,,,,,51.6,,,EN,2025-09-24T04:00:00.000Z
GLASSAMC_AWARE,Pattern of antibiotic consumption at national level (relative use by AWaRe classification),numeric,EUR,Europe,Country,HUN,Hungary,Year,2016,false,AWARE Antibiotics group,Watch (%),GLASSAMCAWARE_ANTIBIOTICSGROUP_GLASSAMC_AWARE_W,,,,,,,,,,51.81,,,,,,51.8,,,EN,2025-09-24T04:00:00.000Z
GLASSAMC_AWARE,Pattern of antibiotic consumption at national level (relative use by AWaRe classification),numeric,EUR,Europe,Country,RUS,Russian Federation,Year,2016,false,AWARE Antibiotics group,Access (%),GLASSAMCAWARE_ANTIBIOTICSGROUP_GLASSAMC_AWARE_A,,,,,,,,,,51.82,,,,,,51.8,,,EN,2025-09-24T04:00:00.000Z
GLASSAMC_AWARE,Pattern of antibiotic consumption at national level (relative use by AWaRe classification),numeric,EUR,Europe,Country,MLT,Malta,Year,2016,false,AWARE Antibiotics group,Watch (%),GLASSAMCAWARE_ANTIBIOTICSGROUP_GLASSAMC_AWARE_W,,,,,,,,,,52.15,,,,,,52.1,,,EN,2024-09-18T04:00:00.000Z
GLASSAMC_AWARE,Pattern of antibiotic consumption at national level (relative use by AWaRe classification),numeric,EUR,Europe,Country,CYP,Cyprus,Year,2016,false,AWARE Antibiotics group,Watch (%),GLASSAMCAWARE_ANTIBIOTICSGROUP_GLASSAMC_AWARE_W,,,,,,,,,,52.19,,,,,,52.2,,,EN,2024-09-18T04:00:00.000Z
GLASSAMC_AWARE,Pattern of antibiotic consumption at national level (relative use by AWaRe classification),numeric,EUR,Europe,Country,DEU,Germany,Year,2016,false,AWARE Antibiotics group,Access (%),GLASSAMCAWARE_ANTIBIOTICSGROUP_GLASSAMC_AWARE_A,,,,,,,,,,52.5,,,,,,52.5,,Only use in the community reported,EN,2025-09-24T04:00:00.000Z
GLASSAMC_AWARE,Pattern of antibiotic consumption at national level (relative use by AWaRe classification),numeric,EUR,Europe,Country,UKR,Ukraine,Year,2016,false,AWARE Antibiotics group,Access (%),GLASSAMCAWARE_ANTIBIOTICSGROUP_GLASSAMC_AWARE_A,,,,,,,,,,53.88,,,,,,53.9,,,EN,2025-09-24T04:00:00.000Z
GLASSAMC_AWARE,Pattern of antibiotic consumption at national level (relative use by AWaRe classification),numeric,EUR,Europe,Country,ROU,Romania,Year,2016,false,AWARE Antibiotics group,Access (%),GLASSAMCAWARE_ANTIBIOTICSGROUP_GLASSAMC_AWARE_A,,,,,,,,,,56.59,,,,,,56.6,,,EN,2024-09-18T04:00:00.000Z
GLASSAMC_AWARE,Pattern of antibiotic consumption at national level (relative use by AWaRe classification),numeric,EUR,Europe,Country,BLR,Belarus,Year,2016,false,AWARE Antibiotics group,Access (%),GLASSAMCAWARE_ANTIBIOTICSGROUP_GLASSAMC_AWARE_A,,,,,,,,,,56.88,,,,,,56.9,,,EN,2024-09-18T04:00:00.000Z
GLASSAMC_AWARE,Pattern of antibiotic consumption at national level (relative use by AWaRe classification),numeric,EUR,Europe,Country,ARM,Armenia,Year,2016,false,AWARE Antibiotics group,Access (%),GLASSAMCAWARE_ANTIBIOTICSGROUP_GLASSAMC_AWARE_A,,,,,,,,,,57.92,,,,,,57.9,,,EN,2025-09-24T04:00:00.000Z
GLASSAMC_AWARE,Pattern of antibiotic consumption at national level (relative use by AWaRe classification),numeric,EUR,Europe,Country,CHE,Switzerland,Year,2016,false,AWARE Antibiotics group,Access (%),GLASSAMCAWARE_ANTIBIOTICSGROUP_GLASSAMC_AWARE_A,,,,,,,,,,58.79,,,,,,58.8,,For antibiotics: only J01 and P01AB reported,EN,2025-09-24T04:00:00.000Z
GLASSAMC_AWARE,Pattern of antibiotic consumption at national level (relative use by AWaRe classification),numeric,EUR,Europe,Country,EST,Estonia,Year,2016,false,AWARE Antibiotics group,Access (%),GLASSAMCAWARE_ANTIBIOTICSGROUP_GLASSAMC_AWARE_A,,,,,,,,,,59.5,,,,,,59.5,,,EN,2024-09-18T04:00:00.000Z
GLASSAMC_AWARE,Pattern of antibiotic consumption at national level (relative use by AWaRe classification),numeric,EUR,Europe,Country,AUT,Austria,Year,2016,false,AWARE Antibiotics group,Access (%),GLASSAMCAWARE_ANTIBIOTICSGROUP_GLASSAMC_AWARE_A,,,,,,,,,,60,,,,,,60,,Only use in the community reported,EN,2025-09-24T04:00:00.000Z
GLASSAMC_AWARE,Pattern of antibiotic consumption at national level (relative use by AWaRe classification),numeric,EUR,Europe,Country,GEO,Georgia,Year,2016,false,AWARE Antibiotics group,Access (%),GLASSAMCAWARE_ANTIBIOTICSGROUP_GLASSAMC_AWARE_A,,,,,,,,,,60.01,,,,,,60,,,EN,2024-09-18T04:00:00.000Z
GLASSAMC_AWARE,Pattern of antibiotic consumption at national level (relative use by AWaRe classification),numeric,EUR,Europe,Country,PRT,Portugal,Year,2016,false,AWARE Antibiotics group,Access (%),GLASSAMCAWARE_ANTIBIOTICSGROUP_GLASSAMC_AWARE_A,,,,,,,,,,60.3,,,,,,60.3,,,EN,2024-09-18T04:00:00.000Z
GLASSAMC_AWARE,Pattern of antibiotic consumption at national level (relative use by AWaRe classification),numeric,EUR,Europe,Country,MNE,Montenegro,Year,2016,false,AWARE Antibiotics group,Access (%),GLASSAMCAWARE_ANTIBIOTICSGROUP_GLASSAMC_AWARE_A,,,,,,,,,,60.46,,,,,,60.5,,,EN,2025-09-24T04:00:00.000Z
GLASSAMC_AWARE,Pattern of antibiotic consumption at national level (relative use by AWaRe classification),numeric,EUR,Europe,Country,POL,Poland,Year,2016,false,AWARE Antibiotics group,Access (%),GLASSAMCAWARE_ANTIBIOTICSGROUP_GLASSAMC_AWARE_A,,,,,,,,,,61.56,,,,,,61.6,,,EN,2024-09-18T04:00:00.000Z
GLASSAMC_AWARE,Pattern of antibiotic consumption at national level (relative use by AWaRe classification),numeric,EUR,Europe,Country,TJK,Tajikistan,Year,2016,false,AWARE Antibiotics group,Access (%),GLASSAMCAWARE_ANTIBIOTICSGROUP_GLASSAMC_AWARE_A,,,,,,,,,,61.71,,,,,,61.7,,,EN,2024-09-18T04:00:00.000Z
GLASSAMC_AWARE,Pattern of antibiotic consumption at national level (relative use by AWaRe classification),numeric,EUR,Europe,Country,BEL,Belgium,Year,2016,false,AWARE Antibiotics group,Access (%),GLASSAMCAWARE_ANTIBIOTICSGROUP_GLASSAMC_AWARE_A,,,,,,,,,,62.91,,,,,,62.9,,,EN,2024-09-18T04:00:00.000Z
GLASSAMC_AWARE,Pattern of antibiotic consumption at national level (relative use by AWaRe classification),numeric,EUR,Europe,Country,ESP,Spain,Year,2016,false,AWARE Antibiotics group,Access (%),GLASSAMCAWARE_ANTIBIOTICSGROUP_GLASSAMC_AWARE_A,,,,,,,,,,63.39,,,,,,63.4,,,EN,2025-09-24T04:00:00.000Z
GLASSAMC_AWARE,Pattern of antibiotic consumption at national level (relative use by AWaRe classification),numeric,SEAR,South-East Asia,Country,BGD,Bangladesh,Year,2016,false,AWARE Antibiotics group,Watch (%),GLASSAMCAWARE_ANTIBIOTICSGROUP_GLASSAMC_AWARE_W,,,,,,,,,,64.3,,,,,,64.3,,,EN,2025-09-24T04:00:00.000Z
GLASSAMC_AWARE,Pattern of antibiotic consumption at national level (relative use by AWaRe classification),numeric,EUR,Europe,Country,IRL,Ireland,Year,2016,false,AWARE Antibiotics group,Access (%),GLASSAMCAWARE_ANTIBIOTICSGROUP_GLASSAMC_AWARE_A,,,,,,,,,,64.62,,,,,,64.6,,,EN,2024-09-18T04:00:00.000Z
GLASSAMC_AWARE,Pattern of antibiotic consumption at national level (relative use by AWaRe classification),numeric,EUR,Europe,Country,HRV,Croatia,Year,2016,false,AWARE Antibiotics group,Access (%),GLASSAMCAWARE_ANTIBIOTICSGROUP_GLASSAMC_AWARE_A,,,,,,,,,,65.46,,,,,,65.5,,,EN,2025-09-24T04:00:00.000Z
GLASSAMC_AWARE,Pattern of antibiotic consumption at national level (relative use by AWaRe classification),numeric,SEAR,South-East Asia,Country,NPL,Nepal,Year,2016,false,AWARE Antibiotics group,Watch (%),GLASSAMCAWARE_ANTIBIOTICSGROUP_GLASSAMC_AWARE_W,,,,,,,,,,67.68,,,,,,67.7,,,EN,2024-09-18T04:00:00.000Z
GLASSAMC_AWARE,Pattern of antibiotic consumption at national level (relative use by AWaRe classification),numeric,EUR,Europe,Country,LVA,Latvia,Year,2016,false,AWARE Antibiotics group,Access (%),GLASSAMCAWARE_ANTIBIOTICSGROUP_GLASSAMC_AWARE_A,,,,,,,,,,69.82,,,,,,69.8,,,EN,2025-09-24T04:00:00.000Z
GLASSAMC_AWARE,Pattern of antibiotic consumption at national level (relative use by AWaRe classification),numeric,EUR,Europe,Country,FRA,France,Year,2016,false,AWARE Antibiotics group,Access (%),GLASSAMCAWARE_ANTIBIOTICSGROUP_GLASSAMC_AWARE_A,,,,,,,,,,70.58,,,,,,70.6,,For antibiotics: only J01 and P01AB reported,EN,2025-09-24T04:00:00.000Z
GLASSAMC_AWARE,Pattern of antibiotic consumption at national level (relative use by AWaRe classification),numeric,EUR,Europe,Country,LTU,Lithuania,Year,2016,false,AWARE Antibiotics group,Access (%),GLASSAMCAWARE_ANTIBIOTICSGROUP_GLASSAMC_AWARE_A,,,,,,,,,,71.03,,,,,,71,,,EN,2024-09-18T04:00:00.000Z
GLASSAMC_AWARE,Pattern of antibiotic consumption at national level (relative use by AWaRe classification),numeric,EUR,Europe,Country,SVN,Slovenia,Year,2016,false,AWARE Antibiotics group,Access (%),GLASSAMCAWARE_ANTIBIOTICSGROUP_GLASSAMC_AWARE_A,,,,,,,,,,73.54,,,,,,73.5,,,EN,2025-09-24T04:00:00.000Z
GLASSAMC_AWARE,Pattern of antibiotic consumption at national level (relative use by AWaRe classification),numeric,EMR,Eastern Mediterranean,Country,TUN,Tunisia,Year,2016,false,AWARE Antibiotics group,Access (%),GLASSAMCAWARE_ANTIBIOTICSGROUP_GLASSAMC_AWARE_A,,,,,,,,,,76.32,,,,,,76.3,,For antibiotics: only J01 and P01AB reported,EN,2025-09-24T04:00:00.000Z
GLASSAMC_AWARE,Pattern of antibiotic consumption at national level (relative use by AWaRe classification),numeric,EUR,Europe,Country,FIN,Finland,Year,2016,false,AWARE Antibiotics group,Access (%),GLASSAMCAWARE_ANTIBIOTICSGROUP_GLASSAMC_AWARE_A,,,,,,,,,,78.05,,,,,,78,,,EN,2024-09-18T04:00:00.000Z
GLASSAMC_AWARE,Pattern of antibiotic consumption at national level (relative use by AWaRe classification),numeric,EUR,Europe,Country,SWE,Sweden,Year,2016,false,AWARE Antibiotics group,Access (%),GLASSAMCAWARE_ANTIBIOTICSGROUP_GLASSAMC_AWARE_A,,,,,,,,,,77.96,,,,,,78,,,EN,2024-09-18T04:00:00.000Z
GLASSAMC_AWARE,Pattern of antibiotic consumption at national level (relative use by AWaRe classification),numeric,AFR,Africa,Country,BEN,Benin,Year,2016,false,AWARE Antibiotics group,Access (%),GLASSAMCAWARE_ANTIBIOTICSGROUP_GLASSAMC_AWARE_A,,,,,,,,,,78.74,,,,,,78.7,,,EN,2024-09-18T04:00:00.000Z
GLASSAMC_AWARE,Pattern of antibiotic consumption at national level (relative use by AWaRe classification),numeric,EUR,Europe,Country,NOR,Norway,Year,2016,false,AWARE Antibiotics group,Access (%),GLASSAMCAWARE_ANTIBIOTICSGROUP_GLASSAMC_AWARE_A,,,,,,,,,,79.09,,,,,,79.1,,,EN,2024-09-18T04:00:00.000Z
GLASSAMC_AWARE,Pattern of antibiotic consumption at national level (relative use by AWaRe classification),numeric,EUR,Europe,Country,DNK,Denmark,Year,2016,false,AWARE Antibiotics group,Access (%),GLASSAMCAWARE_ANTIBIOTICSGROUP_GLASSAMC_AWARE_A,,,,,,,,,,79.84,,,,,,79.8,,,EN,2024-09-18T04:00:00.000Z
GLASSAMC_AWARE,Pattern of antibiotic consumption at national level (relative use by AWaRe classification),numeric,EUR,Europe,Country,ISL,Iceland,Year,2016,false,AWARE Antibiotics group,Access (%),GLASSAMCAWARE_ANTIBIOTICSGROUP_GLASSAMC_AWARE_A,,,,,,,,,,84.68,,,,,,84.7,,Only use in the community reported,EN,2025-09-24T04:00:00.000Z
GLASSAMC_AWARE,Pattern of antibiotic consumption at national level (relative use by AWaRe classification),numeric,SEAR,South-East Asia,Country,TLS,Timor-Leste,Year,2016,false,AWARE Antibiotics group,Access (%),GLASSAMCAWARE_ANTIBIOTICSGROUP_GLASSAMC_AWARE_A,,,,,,,,,,85.25,,,,,,85.2,,,EN,2024-09-18T04:00:00.000Z
